time_s,Z,N,E,H
0.00,392.946867,-921.123333,-1143.838867,-7137.918533
0.01,390.946867,-908.123333,-1128.838867,-7245.918533
0.02,386.946867,-911.123333,-1121.838867,-7358.918533
0.03,388.946867,-901.123333,-1121.838867,-7466.918533
0.04,385.946867,-895.123333,-1111.838867,-7579.918533
0.05,387.946867,-889.123333,-1107.838867,-7699.918533
0.06,383.946867,-872.123333,-1094.838867,-7824.918533
0.07,379.946867,-879.123333,-1085.838867,-7954.918533
0.08,372.946867,-872.123333,-1078.838867,-8074.918533
0.09,371.946867,-870.123333,-1060.838867,-8195.918533
0.10,370.946867,-861.123333,-1060.838867,-8312.918533
0.11,356.946867,-851.123333,-1047.838867,-8432.918533
0.12,358.946867,-848.123333,-1045.838867,-8557.918533
0.13,352.946867,-841.123333,-1039.838867,-8680.918533
0.14,353.946867,-836.123333,-1035.838867,-8802.918533
0.15,342.946867,-825.123333,-1028.838867,-8930.918533
0.16,337.946867,-820.123333,-1013.838867,-9061.918533
0.17,331.946867,-819.123333,-1011.838867,-9192.918533
0.18,326.946867,-811.123333,-1002.838867,-9337.918533
0.19,326.946867,-807.123333,-1000.838867,-9472.918533
0.20,313.946867,-798.123333,-988.838867,-9603.918533
0.21,315.946867,-797.123333,-987.838867,-9731.918533
0.22,306.946867,-791.123333,-987.838867,-9868.918533
0.23,297.946867,-785.123333,-979.838867,-10003.918533
0.24,291.946867,-771.123333,-986.838867,-10149.918533
0.25,287.946867,-769.123333,-976.838867,-10306.918533
0.26,290.946867,-763.123333,-975.838867,-10462.918533
0.27,271.946867,-756.123333,-969.838867,-10619.918533
0.28,269.946867,-752.123333,-961.838867,-10766.918533
0.29,264.946867,-738.123333,-958.838867,-10907.918533
0.30,256.946867,-725.123333,-953.838867,-11045.918533
0.31,244.946867,-720.123333,-945.838867,-11187.918533
0.32,240.946867,-712.123333,-937.838867,-11329.918533
0.33,226.946867,-709.123333,-944.838867,-11463.918533
0.34,224.946867,-704.123333,-935.838867,-11594.918533
0.35,219.946867,-706.123333,-930.838867,-11704.918533
0.36,210.946867,-698.123333,-935.838867,-11809.918533
0.37,198.946867,-687.123333,-929.838867,-11896.918533
0.38,193.946867,-674.123333,-923.838867,-11980.918533
0.39,182.946867,-664.123333,-921.838867,-12062.918533
0.40,177.946867,-658.123333,-923.838867,-12133.918533
0.41,165.946867,-657.123333,-931.838867,-12201.918533
0.42,160.946867,-645.123333,-928.838867,-12249.918533
0.43,148.946867,-637.123333,-935.838867,-12289.918533
0.44,148.946867,-634.123333,-935.838867,-12309.918533
0.45,133.946867,-627.123333,-941.838867,-12310.918533
0.46,126.946867,-621.123333,-951.838867,-12299.918533
0.47,118.946867,-627.123333,-945.838867,-12269.918533
0.48,106.946867,-618.123333,-957.838867,-12228.918533
0.49,102.946867,-611.123333,-975.838867,-12178.918533
0.50,85.946867,-607.123333,-984.838867,-12113.918533
0.51,77.946867,-607.123333,-997.838867,-12032.918533
0.52,69.946867,-604.123333,-1010.838867,-11940.918533
0.53,61.946867,-601.123333,-1022.838867,-11825.918533
0.54,56.946867,-597.123333,-1029.838867,-11692.918533
0.55,46.946867,-597.123333,-1035.838867,-11551.918533
0.56,37.946867,-593.123333,-1041.838867,-11406.918533
0.57,29.946867,-596.123333,-1055.838867,-11250.918533
0.58,19.946867,-596.123333,-1067.838867,-11085.918533
0.59,9.946867,-591.123333,-1083.838867,-10916.918533
0.60,3.946867,-590.123333,-1098.838867,-10732.918533
0.61,-1.053133,-582.123333,-1103.838867,-10536.918533
0.62,-14.053133,-588.123333,-1120.838867,-10337.918533
0.63,-26.053133,-580.123333,-1138.838867,-10135.918533
0.64,-36.053133,-585.123333,-1150.838867,-9924.918533
0.65,-46.053133,-580.123333,-1171.838867,-9714.918533
0.66,-52.053133,-586.123333,-1182.838867,-9504.918533
0.67,-66.053133,-581.123333,-1199.838867,-9297.918533
0.68,-72.053133,-589.123333,-1226.838867,-9095.918533
0.69,-78.053133,-587.123333,-1242.838867,-8894.918533
0.70,-89.053133,-594.123333,-1257.838867,-8687.918533
0.71,-97.053133,-597.123333,-1274.838867,-8476.918533
0.72,-112.053133,-600.123333,-1292.838867,-8254.918533
0.73,-116.053133,-606.123333,-1303.838867,-8036.918533
0.74,-130.053133,-616.123333,-1328.838867,-7817.918533
0.75,-138.053133,-611.123333,-1345.838867,-7602.918533
0.76,-150.053133,-611.123333,-1358.838867,-7389.918533
0.77,-162.053133,-614.123333,-1384.838867,-7177.918533
0.78,-163.053133,-610.123333,-1404.838867,-6962.918533
0.79,-177.053133,-617.123333,-1420.838867,-6742.918533
0.80,-185.053133,-623.123333,-1445.838867,-6514.918533
0.81,-197.053133,-618.123333,-1450.838867,-6289.918533
0.82,-206.053133,-631.123333,-1466.838867,-6060.918533
0.83,-213.053133,-631.123333,-1475.838867,-5834.918533
0.84,-219.053133,-628.123333,-1486.838867,-5618.918533
0.85,-235.053133,-627.123333,-1506.838867,-5414.918533
0.86,-236.053133,-629.123333,-1524.838867,-5212.918533
0.87,-244.053133,-629.123333,-1536.838867,-5002.918533
0.88,-251.053133,-627.123333,-1546.838867,-4784.918533
0.89,-257.053133,-639.123333,-1563.838867,-4570.918533
0.90,-263.053133,-638.123333,-1570.838867,-4351.918533
0.91,-269.053133,-635.123333,-1587.838867,-4141.918533
0.92,-275.053133,-640.123333,-1593.838867,-3932.918533
0.93,-282.053133,-634.123333,-1609.838867,-3725.918533
0.94,-280.053133,-639.123333,-1617.838867,-3526.918533
0.95,-288.053133,-642.123333,-1631.838867,-3320.918533
0.96,-291.053133,-644.123333,-1640.838867,-3114.918533
0.97,-290.053133,-648.123333,-1652.838867,-2918.918533
0.98,-287.053133,-655.123333,-1658.838867,-2720.918533
0.99,-299.053133,-657.123333,-1671.838867,-2527.918533
1.00,-295.053133,-666.123333,-1677.838867,-2335.918533
1.01,-297.053133,-663.123333,-1694.838867,-2150.918533
1.02,-298.053133,-666.123333,-1687.838867,-1966.918533
1.03,-300.053133,-672.123333,-1708.838867,-1790.918533
1.04,-296.053133,-677.123333,-1700.838867,-1611.918533
1.05,-297.053133,-674.123333,-1713.838867,-1441.918533
1.06,-293.053133,-685.123333,-1723.838867,-1272.918533
1.07,-297.053133,-679.123333,-1730.838867,-1113.918533
1.08,-296.053133,-685.123333,-1738.838867,-961.918533
1.09,-297.053133,-686.123333,-1738.838867,-815.918533
1.10,-292.053133,-689.123333,-1751.838867,-679.918533
1.11,-290.053133,-691.123333,-1747.838867,-551.918533
1.12,-289.053133,-692.123333,-1749.838867,-428.918533
1.13,-293.053133,-694.123333,-1757.838867,-322.918533
1.14,-289.053133,-700.123333,-1761.838867,-234.918533
1.15,-283.053133,-697.123333,-1762.838867,-149.918533
1.16,-284.053133,-704.123333,-1768.838867,-72.918533
1.17,-282.053133,-711.123333,-1771.838867,-0.918533
1.18,-282.053133,-716.123333,-1773.838867,61.081467
1.19,-277.053133,-719.123333,-1782.838867,122.081467
1.20,-271.053133,-719.123333,-1785.838867,174.081467
1.21,-270.053133,-724.123333,-1787.838867,217.081467
1.22,-276.053133,-725.123333,-1790.838867,257.081467
1.23,-274.053133,-727.123333,-1789.838867,287.081467
1.24,-267.053133,-735.123333,-1788.838867,310.081467
1.25,-266.053133,-740.123333,-1790.838867,328.081467
1.26,-263.053133,-747.123333,-1786.838867,337.081467
1.27,-261.053133,-755.123333,-1790.838867,341.081467
1.28,-257.053133,-756.123333,-1794.838867,335.081467
1.29,-258.053133,-758.123333,-1784.838867,327.081467
1.30,-256.053133,-762.123333,-1783.838867,313.081467
1.31,-253.053133,-765.123333,-1782.838867,288.081467
1.32,-246.053133,-766.123333,-1774.838867,253.081467
1.33,-243.053133,-775.123333,-1771.838867,205.081467
1.34,-242.053133,-784.123333,-1764.838867,150.081467
1.35,-235.053133,-784.123333,-1749.838867,95.081467
1.36,-236.053133,-790.123333,-1741.838867,31.081467
1.37,-231.053133,-793.123333,-1731.838867,-44.918533
1.38,-224.053133,-805.123333,-1729.838867,-124.918533
1.39,-223.053133,-814.123333,-1717.838867,-204.918533
1.40,-218.053133,-811.123333,-1704.838867,-283.918533
1.41,-215.053133,-816.123333,-1703.838867,-372.918533
1.42,-206.053133,-827.123333,-1696.838867,-463.918533
1.43,-206.053133,-823.123333,-1690.838867,-556.918533
1.44,-200.053133,-826.123333,-1681.838867,-652.918533
1.45,-193.053133,-825.123333,-1664.838867,-767.918533
1.46,-186.053133,-826.123333,-1658.838867,-883.918533
1.47,-183.053133,-823.123333,-1647.838867,-1003.918533
1.48,-177.053133,-821.123333,-1634.838867,-1125.918533
1.49,-175.053133,-824.123333,-1626.838867,-1251.918533
1.50,-169.053133,-826.123333,-1603.838867,-1366.918533
1.51,-162.053133,-821.123333,-1600.838867,-1490.918533
1.52,-157.053133,-821.123333,-1585.838867,-1617.918533
1.53,-148.053133,-817.123333,-1572.838867,-1748.918533
1.54,-142.053133,-820.123333,-1552.838867,-1874.918533
1.55,-138.053133,-807.123333,-1528.838867,-1995.918533
1.56,-135.053133,-806.123333,-1508.838867,-2117.918533
1.57,-128.053133,-798.123333,-1499.838867,-2243.918533
1.58,-118.053133,-799.123333,-1478.838867,-2370.918533
1.59,-108.053133,-798.123333,-1468.838867,-2493.918533
1.60,-103.053133,-792.123333,-1449.838867,-2618.918533
1.61,-95.053133,-787.123333,-1435.838867,-2737.918533
1.62,-89.053133,-789.123333,-1415.838867,-2859.918533
1.63,-81.053133,-786.123333,-1398.838867,-2973.918533
1.64,-75.053133,-777.123333,-1377.838867,-3081.918533
1.65,-70.053133,-770.123333,-1363.838867,-3192.918533
1.66,-62.053133,-768.123333,-1349.838867,-3297.918533
1.67,-54.053133,-763.123333,-1330.838867,-3392.918533
1.68,-40.053133,-761.123333,-1312.838867,-3476.918533
1.69,-35.053133,-752.123333,-1291.838867,-3559.918533
1.70,-27.053133,-756.123333,-1280.838867,-3626.918533
1.71,-22.053133,-758.123333,-1263.838867,-3685.918533
1.72,-15.053133,-757.123333,-1249.838867,-3739.918533
1.73,-13.053133,-758.123333,-1237.838867,-3788.918533
1.74,-1.053133,-754.123333,-1221.838867,-3829.918533
1.75,4.946867,-759.123333,-1206.838867,-3862.918533
1.76,6.946867,-757.123333,-1179.838867,-3893.918533
1.77,18.946867,-755.123333,-1170.838867,-3917.918533
1.78,22.946867,-755.123333,-1152.838867,-3941.918533
1.79,26.946867,-765.123333,-1138.838867,-3961.918533
1.80,29.946867,-758.123333,-1122.838867,-3975.918533
1.81,39.946867,-755.123333,-1102.838867,-3992.918533
1.82,44.946867,-750.123333,-1094.838867,-4007.918533
1.83,48.946867,-749.123333,-1072.838867,-4022.918533
1.84,54.946867,-749.123333,-1057.838867,-4033.918533
1.85,57.946867,-745.123333,-1038.838867,-4044.918533
1.86,64.946867,-738.123333,-1016.838867,-4063.918533
1.87,67.946867,-740.123333,-1006.838867,-4087.918533
1.88,72.946867,-735.123333,-986.838867,-4112.918533
1.89,82.946867,-743.123333,-974.838867,-4131.918533
1.90,79.946867,-741.123333,-961.838867,-4149.918533
1.91,88.946867,-740.123333,-946.838867,-4171.918533
1.92,86.946867,-740.123333,-931.838867,-4199.918533
1.93,94.946867,-746.123333,-924.838867,-4237.918533
1.94,100.946867,-745.123333,-902.838867,-4277.918533
1.95,106.946867,-744.123333,-886.838867,-4322.918533
1.96,107.946867,-739.123333,-880.838867,-4376.918533
1.97,108.946867,-738.123333,-864.838867,-4431.918533
1.98,113.946867,-736.123333,-851.838867,-4493.918533
1.99,118.946867,-740.123333,-835.838867,-4562.918533
2.00,118.946867,-744.123333,-820.838867,-4628.918533
2.01,119.946867,-740.123333,-816.838867,-4704.918533
2.02,123.946867,-743.123333,-798.838867,-4794.918533
2.03,127.946867,-749.123333,-798.838867,-4893.918533
2.04,136.946867,-751.123333,-784.838867,-4993.918533
2.05,138.946867,-747.123333,-785.838867,-5102.918533
2.06,142.946867,-745.123333,-778.838867,-5218.918533
2.07,141.946867,-750.123333,-774.838867,-5337.918533
2.08,145.946867,-745.123333,-759.838867,-5463.918533
2.09,146.946867,-743.123333,-753.838867,-5599.918533
2.10,150.946867,-742.123333,-742.838867,-5735.918533
2.11,150.946867,-739.123333,-736.838867,-5867.918533
2.12,155.946867,-741.123333,-729.838867,-6000.918533
2.13,156.946867,-741.123333,-720.838867,-6131.918533
2.14,162.946867,-739.123333,-717.838867,-6274.918533
2.15,162.946867,-743.123333,-715.838867,-6417.918533
2.16,165.946867,-736.123333,-711.838867,-6560.918533
2.17,163.946867,-733.123333,-703.838867,-6700.918533
2.18,162.946867,-734.123333,-701.838867,-6835.918533
2.19,163.946867,-729.123333,-699.838867,-6966.918533
2.20,169.946867,-727.123333,-695.838867,-7082.918533
2.21,162.946867,-726.123333,-694.838867,-7192.918533
2.22,169.946867,-722.123333,-693.838867,-7287.918533
2.23,165.946867,-716.123333,-691.838867,-7380.918533
2.24,167.946867,-715.123333,-694.838867,-7466.918533
2.25,160.946867,-705.123333,-697.838867,-7540.918533
2.26,162.946867,-706.123333,-700.838867,-7602.918533
2.27,163.946867,-703.123333,-693.838867,-7642.918533
2.28,158.946867,-708.123333,-695.838867,-7670.918533
2.29,153.946867,-708.123333,-697.838867,-7689.918533
2.30,149.946867,-708.123333,-703.838867,-7692.918533
2.31,143.946867,-712.123333,-702.838867,-7678.918533
2.32,142.946867,-711.123333,-699.838867,-7644.918533
2.33,137.946867,-707.123333,-704.838867,-7605.918533
2.34,139.946867,-709.123333,-704.838867,-7559.918533
2.35,132.946867,-713.123333,-704.838867,-7508.918533
2.36,137.946867,-714.123333,-713.838867,-7452.918533
2.37,124.946867,-718.123333,-715.838867,-7389.918533
2.38,123.946867,-725.123333,-715.838867,-7321.918533
2.39,114.946867,-722.123333,-719.838867,-7243.918533
2.40,113.946867,-722.123333,-719.838867,-7172.918533
2.41,103.946867,-723.123333,-737.838867,-7095.918533
2.42,108.946867,-719.123333,-748.838867,-7014.918533
2.43,101.946867,-725.123333,-751.838867,-6924.918533
2.44,104.946867,-736.123333,-766.838867,-6826.918533
2.45,91.946867,-734.123333,-785.838867,-6727.918533
2.46,93.946867,-746.123333,-802.838867,-6622.918533
2.47,90.946867,-744.123333,-817.838867,-6513.918533
2.48,90.946867,-747.123333,-823.838867,-6398.918533
2.49,90.946867,-747.123333,-844.838867,-6287.918533
2.50,84.946867,-755.123333,-864.838867,-6175.918533
2.51,79.946867,-758.123333,-888.838867,-6057.918533
2.52,77.946867,-761.123333,-909.838867,-5950.918533
2.53,81.946867,-768.123333,-923.838867,-5849.918533
2.54,76.946867,-768.123333,-935.838867,-5749.918533
2.55,75.946867,-773.123333,-951.838867,-5654.918533
2.56,77.946867,-777.123333,-973.838867,-5561.918533
2.57,68.946867,-780.123333,-990.838867,-5468.918533
2.58,73.946867,-785.123333,-1007.838867,-5375.918533
2.59,71.946867,-790.123333,-1031.838867,-5277.918533
2.60,66.946867,-790.123333,-1044.838867,-5190.918533
2.61,69.946867,-800.123333,-1073.838867,-5107.918533
2.62,71.946867,-801.123333,-1081.838867,-5030.918533
2.63,68.946867,-813.123333,-1113.838867,-4954.918533
2.64,65.946867,-812.123333,-1124.838867,-4883.918533
2.65,69.946867,-818.123333,-1146.838867,-4811.918533
2.66,69.946867,-825.123333,-1166.838867,-4741.918533
2.67,72.946867,-828.123333,-1188.838867,-4669.918533
2.68,70.946867,-836.123333,-1200.838867,-4600.918533
2.69,78.946867,-838.123333,-1222.838867,-4534.918533
2.70,74.946867,-834.123333,-1233.838867,-4471.918533
2.71,73.946867,-841.123333,-1255.838867,-4407.918533
2.72,77.946867,-843.123333,-1267.838867,-4339.918533
2.73,73.946867,-838.123333,-1278.838867,-4273.918533
2.74,78.946867,-837.123333,-1303.838867,-4210.918533
2.75,73.946867,-836.123333,-1329.838867,-4153.918533
2.76,75.946867,-836.123333,-1341.838867,-4098.918533
2.77,77.946867,-832.123333,-1363.838867,-4047.918533
2.78,71.946867,-829.123333,-1382.838867,-4000.918533
2.79,69.946867,-828.123333,-1397.838867,-3954.918533
2.80,68.946867,-827.123333,-1426.838867,-3910.918533
2.81,69.946867,-823.123333,-1435.838867,-3867.918533
2.82,70.946867,-825.123333,-1461.838867,-3826.918533
2.83,67.946867,-817.123333,-1484.838867,-3788.918533
2.84,70.946867,-821.123333,-1501.838867,-3748.918533
2.85,69.946867,-811.123333,-1526.838867,-3712.918533
2.86,68.946867,-808.123333,-1547.838867,-3677.918533
2.87,65.946867,-803.123333,-1561.838867,-3639.918533
2.88,65.946867,-799.123333,-1576.838867,-3608.918533
2.89,59.946867,-790.123333,-1594.838867,-3572.918533
2.90,59.946867,-789.123333,-1618.838867,-3541.918533
2.91,58.946867,-787.123333,-1628.838867,-3504.918533
2.92,61.946867,-792.123333,-1655.838867,-3461.918533
2.93,60.946867,-799.123333,-1673.838867,-3420.918533
2.94,52.946867,-800.123333,-1684.838867,-3379.918533
2.95,56.946867,-801.123333,-1693.838867,-3339.918533
2.96,50.946867,-810.123333,-1710.838867,-3301.918533
2.97,46.946867,-816.123333,-1723.838867,-3263.918533
2.98,42.946867,-824.123333,-1735.838867,-3219.918533
2.99,41.946867,-823.123333,-1752.838867,-3178.918533
3.00,39.946867,-830.123333,-1770.838867,-3138.918533
3.01,35.946867,-828.123333,-1773.838867,-3101.918533
3.02,31.946867,-837.123333,-1786.838867,-3087.918533
3.03,38.946867,-841.123333,-1802.838867,-3082.918533
3.04,32.946867,-844.123333,-1805.838867,-3082.918533
3.05,32.946867,-841.123333,-1826.838867,-3083.918533
3.06,24.946867,-845.123333,-1836.838867,-3084.918533
3.07,26.946867,-846.123333,-1839.838867,-3085.918533
3.08,22.946867,-848.123333,-1848.838867,-3094.918533
3.09,16.946867,-853.123333,-1851.838867,-3110.918533
3.10,17.946867,-855.123333,-1857.838867,-3135.918533
3.11,16.946867,-853.123333,-1865.838867,-3175.918533
3.12,17.946867,-855.123333,-1871.838867,-3215.918533
3.13,15.946867,-866.123333,-1875.838867,-3251.918533
3.14,9.946867,-861.123333,-1885.838867,-3285.918533
3.15,7.946867,-861.123333,-1888.838867,-3319.918533
3.16,2.946867,-853.123333,-1886.838867,-3361.918533
3.17,2.946867,-845.123333,-1898.838867,-3417.918533
3.18,1.946867,-849.123333,-1902.838867,-3475.918533
3.19,5.946867,-841.123333,-1906.838867,-3526.918533
3.20,-1.053133,-839.123333,-1911.838867,-3577.918533
3.21,-2.053133,-830.123333,-1907.838867,-3628.918533
3.22,-0.053133,-828.123333,-1910.838867,-3684.918533
3.23,-1.053133,-815.123333,-1910.838867,-3748.918533
3.24,-4.053133,-816.123333,-1906.838867,-3820.918533
3.25,-3.053133,-805.123333,-1911.838867,-3892.918533
3.26,-1.053133,-797.123333,-1904.838867,-3966.918533
3.27,-4.053133,-799.123333,-1903.838867,-4043.918533
3.28,-4.053133,-795.123333,-1903.838867,-4119.918533
3.29,-2.053133,-788.123333,-1897.838867,-4204.918533
3.30,-3.053133,-779.123333,-1890.838867,-4295.918533
3.31,-8.053133,-779.123333,-1887.838867,-4399.918533
3.32,-2.053133,-773.123333,-1869.838867,-4509.918533
3.33,-3.053133,-764.123333,-1873.838867,-4631.918533
3.34,-2.053133,-761.123333,-1866.838867,-4762.918533
3.35,0.946867,-758.123333,-1856.838867,-4892.918533
3.36,-2.053133,-758.123333,-1839.838867,-5032.918533
3.37,-5.053133,-750.123333,-1835.838867,-5172.918533
3.38,2.946867,-750.123333,-1816.838867,-5314.918533
3.39,-2.053133,-748.123333,-1807.838867,-5459.918533
3.40,-2.053133,-741.123333,-1800.838867,-5613.918533
3.41,1.946867,-745.123333,-1785.838867,-5775.918533
3.42,2.946867,-746.123333,-1784.838867,-5939.918533
3.43,2.946867,-744.123333,-1770.838867,-6112.918533
3.44,5.946867,-748.123333,-1767.838867,-6292.918533
3.45,6.946867,-751.123333,-1751.838867,-6481.918533
3.46,2.946867,-757.123333,-1742.838867,-6676.918533
3.47,4.946867,-753.123333,-1731.838867,-6875.918533
3.48,9.946867,-757.123333,-1716.838867,-7086.918533
3.49,1.946867,-759.123333,-1727.838867,-7304.918533
3.50,6.946867,-763.123333,-1705.838867,-7527.918533
3.51,11.946867,-771.123333,-1696.838867,-7757.918533
3.52,9.946867,-768.123333,-1681.838867,-7986.918533
3.53,8.946867,-775.123333,-1666.838867,-8225.918533
3.54,9.946867,-774.123333,-1652.838867,-8465.918533
3.55,11.946867,-782.123333,-1642.838867,-8706.918533
3.56,10.946867,-785.123333,-1633.838867,-8942.918533
3.57,6.946867,-796.123333,-1619.838867,-9170.918533
3.58,10.946867,-788.123333,-1602.838867,-9386.918533
3.59,7.946867,-800.123333,-1589.838867,-9602.918533
3.60,0.946867,-803.123333,-1578.838867,-9808.918533
3.61,1.946867,-812.123333,-1562.838867,-10001.918533
3.62,8.946867,-816.123333,-1555.838867,-10190.918533
3.63,8.946867,-821.123333,-1541.838867,-10374.918533
3.64,6.946867,-832.123333,-1528.838867,-10546.918533
3.65,3.946867,-831.123333,-1503.838867,-10699.918533
3.66,-1.053133,-840.123333,-1486.838867,-10841.918533
3.67,2.946867,-843.123333,-1488.838867,-10970.918533
3.68,-0.053133,-849.123333,-1478.838867,-11080.918533
3.69,-4.053133,-845.123333,-1465.838867,-11183.918533
3.70,-3.053133,-851.123333,-1464.838867,-11279.918533
3.71,-0.053133,-850.123333,-1444.838867,-11368.918533
3.72,-6.053133,-844.123333,-1445.838867,-11450.918533
3.73,-4.053133,-853.123333,-1432.838867,-11521.918533
3.74,-11.053133,-847.123333,-1427.838867,-11579.918533
3.75,-11.053133,-851.123333,-1428.838867,-11623.918533
3.76,-14.053133,-857.123333,-1411.838867,-11645.918533
3.77,-21.053133,-852.123333,-1412.838867,-11655.918533
3.78,-21.053133,-850.123333,-1406.838867,-11661.918533
3.79,-23.053133,-852.123333,-1395.838867,-11655.918533
3.80,-25.053133,-850.123333,-1395.838867,-11650.918533
3.81,-32.053133,-845.123333,-1393.838867,-11643.918533
3.82,-33.053133,-844.123333,-1384.838867,-11638.918533
3.83,-40.053133,-836.123333,-1377.838867,-11624.918533
3.84,-39.053133,-829.123333,-1368.838867,-11615.918533
3.85,-47.053133,-820.123333,-1356.838867,-11601.918533
3.86,-48.053133,-822.123333,-1355.838867,-11587.918533
3.87,-51.053133,-819.123333,-1345.838867,-11562.918533
3.88,-58.053133,-807.123333,-1337.838867,-11527.918533
3.89,-56.053133,-808.123333,-1333.838867,-11499.918533
3.90,-59.053133,-801.123333,-1317.838867,-11473.918533
3.91,-62.053133,-798.123333,-1309.838867,-11453.918533
3.92,-62.053133,-799.123333,-1299.838867,-11424.918533
3.93,-64.053133,-786.123333,-1291.838867,-11387.918533
3.94,-71.053133,-790.123333,-1279.838867,-11346.918533
3.95,-76.053133,-781.123333,-1266.838867,-11299.918533
3.96,-76.053133,-770.123333,-1261.838867,-11259.918533
3.97,-77.053133,-766.123333,-1245.838867,-11209.918533
3.98,-80.053133,-767.123333,-1238.838867,-11147.918533
3.99,-84.053133,-760.123333,-1235.838867,-11069.918533
4.00,-86.053133,-752.123333,-1223.838867,-10975.918533
4.01,-90.053133,-754.123333,-1209.838867,-10871.918533
4.02,-87.053133,-745.123333,-1198.838867,-10761.918533
4.03,-90.053133,-749.123333,-1187.838867,-10640.918533
4.04,-91.053133,-749.123333,-1180.838867,-10511.918533
4.05,-95.053133,-749.123333,-1168.838867,-10366.918533
4.06,-97.053133,-745.123333,-1162.838867,-10206.918533
4.07,-96.053133,-741.123333,-1162.838867,-10032.918533
4.08,-96.053133,-742.123333,-1151.838867,-9849.918533
4.09,-100.053133,-738.123333,-1154.838867,-9664.918533
4.10,-102.053133,-740.123333,-1142.838867,-9472.918533
4.11,-103.053133,-742.123333,-1134.838867,-9264.918533
4.12,-103.053133,-752.123333,-1126.838867,-9042.918533
4.13,-102.053133,-749.123333,-1119.838867,-8807.918533
4.14,-110.053133,-751.123333,-1119.838867,-8562.918533
4.15,-106.053133,-757.123333,-1116.838867,-8311.918533
4.16,-113.053133,-758.123333,-1108.838867,-8051.918533
4.17,-109.053133,-759.123333,-1101.838867,-7791.918533
4.18,-115.053133,-761.123333,-1095.838867,-7532.918533
4.19,-119.053133,-767.123333,-1091.838867,-7275.918533
4.20,-116.053133,-767.123333,-1087.838867,-7012.918533
4.21,-117.053133,-771.123333,-1084.838867,-6745.918533
4.22,-120.053133,-778.123333,-1084.838867,-6470.918533
4.23,-121.053133,-781.123333,-1067.838867,-6182.918533
4.24,-117.053133,-786.123333,-1070.838867,-5888.918533
4.25,-129.053133,-788.123333,-1066.838867,-5582.918533
4.26,-125.053133,-789.123333,-1067.838867,-5273.918533
4.27,-118.053133,-791.123333,-1068.838867,-4961.918533
4.28,-122.053133,-797.123333,-1061.838867,-4639.918533
4.29,-124.053133,-799.123333,-1060.838867,-4315.918533
4.30,-121.053133,-808.123333,-1060.838867,-3990.918533
4.31,-121.053133,-809.123333,-1052.838867,-3661.918533
4.32,-122.053133,-817.123333,-1053.838867,-3345.918533
4.33,-124.053133,-819.123333,-1049.838867,-3028.918533
4.34,-125.053133,-825.123333,-1049.838867,-2713.918533
4.35,-121.053133,-823.123333,-1047.838867,-2401.918533
4.36,-116.053133,-831.123333,-1050.838867,-2086.918533
4.37,-120.053133,-835.123333,-1048.838867,-1772.918533
4.38,-122.053133,-845.123333,-1044.838867,-1460.918533
4.39,-124.053133,-844.123333,-1044.838867,-1153.918533
4.40,-115.053133,-856.123333,-1043.838867,-851.918533
4.41,-120.053133,-856.123333,-1048.838867,-552.918533
4.42,-123.053133,-861.123333,-1051.838867,-255.918533
4.43,-124.053133,-864.123333,-1054.838867,42.081467
4.44,-124.053133,-865.123333,-1049.838867,330.081467
4.45,-116.053133,-872.123333,-1053.838867,616.081467
4.46,-121.053133,-877.123333,-1056.838867,896.081467
4.47,-120.053133,-876.123333,-1048.838867,1163.081467
4.48,-119.053133,-878.123333,-1056.838867,1414.081467
4.49,-118.053133,-889.123333,-1055.838867,1659.081467
4.50,-120.053133,-891.123333,-1064.838867,1905.081467
4.51,-118.053133,-898.123333,-1064.838867,2148.081467
4.52,-126.053133,-901.123333,-1055.838867,2385.081467
4.53,-120.053133,-910.123333,-1062.838867,2601.081467
4.54,-121.053133,-912.123333,-1063.838867,2804.081467
4.55,-126.053133,-913.123333,-1057.838867,2994.081467
4.56,-123.053133,-921.123333,-1071.838867,3172.081467
4.57,-130.053133,-922.123333,-1080.838867,3338.081467
4.58,-125.053133,-931.123333,-1082.838867,3507.081467
4.59,-123.053133,-941.123333,-1093.838867,3672.081467
4.60,-126.053133,-939.123333,-1090.838867,3824.081467
4.61,-121.053133,-939.123333,-1104.838867,3954.081467
4.62,-123.053133,-948.123333,-1119.838867,4075.081467
4.63,-128.053133,-948.123333,-1118.838867,4197.081467
4.64,-128.053133,-947.123333,-1129.838867,4304.081467
4.65,-127.053133,-952.123333,-1149.838867,4401.081467
4.66,-123.053133,-958.123333,-1159.838867,4490.081467
4.67,-126.053133,-952.123333,-1166.838867,4568.081467
4.68,-124.053133,-959.123333,-1187.838867,4627.081467
4.69,-122.053133,-955.123333,-1193.838867,4679.081467
4.70,-127.053133,-960.123333,-1206.838867,4725.081467
4.71,-122.053133,-951.123333,-1221.838867,4761.081467
4.72,-122.053133,-954.123333,-1235.838867,4796.081467
4.73,-120.053133,-960.123333,-1242.838867,4827.081467
4.74,-119.053133,-951.123333,-1253.838867,4844.081467
4.75,-112.053133,-958.123333,-1268.838867,4848.081467
4.76,-116.053133,-962.123333,-1272.838867,4853.081467
4.77,-111.053133,-963.123333,-1284.838867,4855.081467
4.78,-113.053133,-970.123333,-1291.838867,4855.081467
4.79,-112.053133,-968.123333,-1309.838867,4854.081467
4.80,-105.053133,-975.123333,-1312.838867,4860.081467
4.81,-105.053133,-967.123333,-1313.838867,4863.081467
4.82,-103.053133,-968.123333,-1323.838867,4855.081467
4.83,-98.053133,-974.123333,-1336.838867,4839.081467
4.84,-99.053133,-971.123333,-1346.838867,4829.081467
4.85,-91.053133,-967.123333,-1355.838867,4815.081467
4.86,-99.053133,-961.123333,-1360.838867,4797.081467
4.87,-93.053133,-966.123333,-1365.838867,4770.081467
4.88,-93.053133,-966.123333,-1377.838867,4746.081467
4.89,-81.053133,-967.123333,-1381.838867,4726.081467
4.90,-82.053133,-965.123333,-1393.838867,4709.081467
4.91,-80.053133,-967.123333,-1400.838867,4685.081467
4.92,-76.053133,-960.123333,-1408.838867,4661.081467
4.93,-76.053133,-959.123333,-1411.838867,4641.081467
4.94,-74.053133,-962.123333,-1416.838867,4613.081467
4.95,-70.053133,-970.123333,-1414.838867,4584.081467
4.96,-67.053133,-970.123333,-1411.838867,4553.081467
4.97,-63.053133,-973.123333,-1421.838867,4515.081467
4.98,-62.053133,-979.123333,-1424.838867,4473.081467
4.99,-60.053133,-975.123333,-1426.838867,4425.081467
5.00,-55.053133,-978.123333,-1434.838867,4371.081467
5.01,-49.053133,-975.123333,-1440.838867,4311.081467
5.02,-45.053133,-974.123333,-1446.838867,4244.081467
5.03,-43.053133,-972.123333,-1460.838867,4169.081467
5.04,-43.053133,-980.123333,-1457.838867,4097.081467
5.05,-35.053133,-976.123333,-1458.838867,4018.081467
5.06,-37.053133,-983.123333,-1471.838867,3935.081467
5.07,-31.053133,-982.123333,-1474.838867,3857.081467
5.08,-27.053133,-980.123333,-1478.838867,3771.081467
5.09,-26.053133,-986.123333,-1478.838867,3679.081467
5.10,-22.053133,-987.123333,-1480.838867,3578.081467
5.11,-18.053133,-989.123333,-1489.838867,3465.081467
5.12,-12.053133,-1000.123333,-1500.838867,3342.081467
5.13,-13.053133,-998.123333,-1503.838867,3205.081467
5.14,-5.053133,-1003.123333,-1512.838867,3059.081467
5.15,-9.053133,-1005.123333,-1521.838867,2900.081467
5.16,-1.053133,-1005.123333,-1525.838867,2734.081467
5.17,1.946867,-1009.123333,-1535.838867,2554.081467
5.18,7.946867,-1012.123333,-1541.838867,2372.081467
5.19,11.946867,-1016.123333,-1545.838867,2182.081467
5.20,17.946867,-1016.123333,-1556.838867,1983.081467
5.21,24.946867,-1019.123333,-1561.838867,1781.081467
5.22,24.946867,-1023.123333,-1571.838867,1569.081467
5.23,29.946867,-1029.123333,-1575.838867,1365.081467
5.24,34.946867,-1022.123333,-1583.838867,1163.081467
5.25,41.946867,-1025.123333,-1596.838867,953.081467
5.26,38.946867,-1022.123333,-1601.838867,737.081467
5.27,46.946867,-1024.123333,-1604.838867,524.081467
5.28,50.946867,-1029.123333,-1606.838867,305.081467
5.29,54.946867,-1022.123333,-1612.838867,82.081467
5.30,55.946867,-1024.123333,-1611.838867,-139.918533
5.31,56.946867,-1030.123333,-1609.838867,-365.918533
5.32,61.946867,-1036.123333,-1612.838867,-597.918533
5.33,69.946867,-1043.123333,-1617.838867,-819.918533
5.34,70.946867,-1044.123333,-1616.838867,-1038.918533
5.35,78.946867,-1040.123333,-1627.838867,-1250.918533
5.36,78.946867,-1045.123333,-1630.838867,-1449.918533
5.37,81.946867,-1045.123333,-1638.838867,-1649.918533
5.38,78.946867,-1044.123333,-1639.838867,-1854.918533
5.39,86.946867,-1044.123333,-1637.838867,-2062.918533
5.40,88.946867,-1048.123333,-1633.838867,-2267.918533
5.41,94.946867,-1045.123333,-1639.838867,-2472.918533
5.42,96.946867,-1040.123333,-1644.838867,-2673.918533
5.43,96.946867,-1050.123333,-1631.838867,-2873.918533
5.44,94.946867,-1042.123333,-1642.838867,-3068.918533
5.45,96.946867,-1038.123333,-1640.838867,-3261.918533
5.46,100.946867,-1038.123333,-1630.838867,-3453.918533
5.47,100.946867,-1043.123333,-1630.838867,-3636.918533
5.48,105.946867,-1048.123333,-1632.838867,-3804.918533
5.49,106.946867,-1038.123333,-1626.838867,-3957.918533
5.50,105.946867,-1042.123333,-1621.838867,-4107.918533
5.51,111.946867,-1033.123333,-1611.838867,-4262.918533
5.52,110.946867,-1030.123333,-1616.838867,-4422.918533
5.53,111.946867,-1032.123333,-1609.838867,-4574.918533
5.54,119.946867,-1027.123333,-1599.838867,-4725.918533
5.55,121.946867,-1023.123333,-1589.838867,-4866.918533
5.56,119.946867,-1019.123333,-1581.838867,-4999.918533
5.57,120.946867,-1012.123333,-1574.838867,-5133.918533
5.58,116.946867,-1006.123333,-1565.838867,-5273.918533
5.59,125.946867,-997.123333,-1554.838867,-5411.918533
5.60,122.946867,-998.123333,-1540.838867,-5551.918533
5.61,125.946867,-993.123333,-1539.838867,-5687.918533
5.62,130.946867,-991.123333,-1524.838867,-5824.918533
5.63,130.946867,-981.123333,-1518.838867,-5964.918533
5.64,131.946867,-976.123333,-1510.838867,-6108.918533
5.65,130.946867,-971.123333,-1496.838867,-6255.918533
5.66,132.946867,-962.123333,-1481.838867,-6399.918533
5.67,132.946867,-962.123333,-1467.838867,-6545.918533
5.68,137.946867,-951.123333,-1451.838867,-6693.918533
5.69,132.946867,-951.123333,-1430.838867,-6850.918533
5.70,136.946867,-941.123333,-1418.838867,-7011.918533
5.71,140.946867,-935.123333,-1411.838867,-7177.918533
5.72,138.946867,-920.123333,-1386.838867,-7342.918533
5.73,138.946867,-913.123333,-1374.838867,-7515.918533
5.74,137.946867,-904.123333,-1367.838867,-7685.918533
5.75,136.946867,-888.123333,-1350.838867,-7859.918533
5.76,134.946867,-878.123333,-1337.838867,-8033.918533
5.77,134.946867,-866.123333,-1322.838867,-8212.918533
5.78,138.946867,-846.123333,-1311.838867,-8386.918533
5.79,142.946867,-835.123333,-1300.838867,-8570.918533
5.80,141.946867,-816.123333,-1288.838867,-8758.918533
5.81,131.946867,-801.123333,-1271.838867,-8948.918533
5.82,135.946867,-791.123333,-1265.838867,-9134.918533
5.83,136.946867,-778.123333,-1240.838867,-9316.918533
5.84,132.946867,-757.123333,-1223.838867,-9492.918533
5.85,136.946867,-749.123333,-1217.838867,-9671.918533
5.86,128.946867,-733.123333,-1211.838867,-9845.918533
5.87,126.946867,-720.123333,-1195.838867,-10012.918533
5.88,121.946867,-709.123333,-1185.838867,-10169.918533
5.89,117.946867,-692.123333,-1168.838867,-10313.918533
5.90,115.946867,-681.123333,-1163.838867,-10461.918533
5.91,108.946867,-661.123333,-1145.838867,-10604.918533
5.92,109.946867,-648.123333,-1134.838867,-10749.918533
5.93,110.946867,-631.123333,-1124.838867,-10887.918533
5.94,101.946867,-618.123333,-1113.838867,-11021.918533
5.95,100.946867,-615.123333,-1100.838867,-11143.918533
5.96,92.946867,-605.123333,-1095.838867,-11256.918533
5.97,90.946867,-596.123333,-1085.838867,-11354.918533
5.98,87.946867,-585.123333,-1074.838867,-11450.918533
5.99,84.946867,-585.123333,-1069.838867,-11538.918533
6.00,84.946867,-577.123333,-1068.838867,-11608.918533
6.01,75.946867,-567.123333,-1057.838867,-11672.918533
6.02,66.946867,-559.123333,-1048.838867,-11727.918533
6.03,65.946867,-542.123333,-1038.838867,-11773.918533
6.04,50.946867,-535.123333,-1031.838867,-11816.918533
6.05,53.946867,-528.123333,-1027.838867,-11856.918533
6.06,50.946867,-524.123333,-1029.838867,-11889.918533
6.07,43.946867,-507.123333,-1023.838867,-11924.918533
6.08,41.946867,-501.123333,-1023.838867,-11952.918533
6.09,36.946867,-494.123333,-1025.838867,-11973.918533
6.10,29.946867,-481.123333,-1021.838867,-11983.918533
6.11,22.946867,-469.123333,-1021.838867,-12002.918533
6.12,18.946867,-458.123333,-1017.838867,-12022.918533
6.13,12.946867,-460.123333,-1013.838867,-12031.918533
6.14,9.946867,-450.123333,-1021.838867,-12035.918533
6.15,-1.053133,-452.123333,-1023.838867,-12045.918533
6.16,-4.053133,-446.123333,-1020.838867,-12050.918533
6.17,-5.053133,-440.123333,-1021.838867,-12053.918533
6.18,-13.053133,-431.123333,-1020.838867,-12063.918533
6.19,-19.053133,-429.123333,-1023.838867,-12081.918533
6.20,-26.053133,-426.123333,-1029.838867,-12098.918533
6.21,-27.053133,-422.123333,-1030.838867,-12109.918533
6.22,-39.053133,-426.123333,-1031.838867,-12108.918533
6.23,-39.053133,-424.123333,-1030.838867,-12102.918533
6.24,-41.053133,-422.123333,-1035.838867,-12094.918533
6.25,-53.053133,-423.123333,-1032.838867,-12077.918533
6.26,-54.053133,-426.123333,-1035.838867,-12052.918533
6.27,-59.053133,-428.123333,-1038.838867,-12024.918533
6.28,-67.053133,-434.123333,-1050.838867,-11988.918533
6.29,-71.053133,-431.123333,-1050.838867,-11939.918533
6.30,-75.053133,-438.123333,-1052.838867,-11884.918533
6.31,-79.053133,-440.123333,-1057.838867,-11818.918533
6.32,-88.053133,-443.123333,-1071.838867,-11749.918533
6.33,-90.053133,-451.123333,-1080.838867,-11672.918533
6.34,-96.053133,-460.123333,-1095.838867,-11582.918533
6.35,-98.053133,-465.123333,-1101.838867,-11475.918533
6.36,-104.053133,-467.123333,-1114.838867,-11352.918533
6.37,-108.053133,-484.123333,-1123.838867,-11215.918533
6.38,-110.053133,-487.123333,-1140.838867,-11062.918533
6.39,-112.053133,-493.123333,-1138.838867,-10901.918533
6.40,-119.053133,-492.123333,-1157.838867,-10737.918533
6.41,-122.053133,-502.123333,-1155.838867,-10559.918533
6.42,-128.053133,-515.123333,-1166.838867,-10366.918533
6.43,-129.053133,-520.123333,-1169.838867,-10157.918533
6.44,-133.053133,-527.123333,-1186.838867,-9926.918533
6.45,-136.053133,-534.123333,-1194.838867,-9685.918533
6.46,-136.053133,-544.123333,-1202.838867,-9439.918533
6.47,-136.053133,-555.123333,-1208.838867,-9172.918533
6.48,-134.053133,-565.123333,-1221.838867,-8896.918533
6.49,-135.053133,-568.123333,-1233.838867,-8614.918533
6.50,-142.053133,-577.123333,-1241.838867,-8318.918533
6.51,-142.053133,-587.123333,-1246.838867,-8011.918533
6.52,-135.053133,-597.123333,-1253.838867,-7702.918533
6.53,-137.053133,-603.123333,-1264.838867,-7398.918533
6.54,-140.053133,-613.123333,-1270.838867,-7095.918533
6.55,-136.053133,-619.123333,-1280.838867,-6782.918533
6.56,-138.053133,-635.123333,-1284.838867,-6469.918533
6.57,-137.053133,-642.123333,-1295.838867,-6157.918533
6.58,-128.053133,-657.123333,-1299.838867,-5849.918533
6.59,-125.053133,-665.123333,-1305.838867,-5555.918533
6.60,-129.053133,-676.123333,-1320.838867,-5276.918533
6.61,-126.053133,-692.123333,-1322.838867,-4996.918533
6.62,-121.053133,-697.123333,-1331.838867,-4724.918533
6.63,-119.053133,-714.123333,-1339.838867,-4454.918533
6.64,-118.053133,-737.123333,-1353.838867,-4184.918533
6.65,-117.053133,-744.123333,-1364.838867,-3918.918533
6.66,-118.053133,-762.123333,-1373.838867,-3656.918533
6.67,-110.053133,-776.123333,-1384.838867,-3400.918533
6.68,-108.053133,-787.123333,-1381.838867,-3147.918533
6.69,-106.053133,-802.123333,-1394.838867,-2901.918533
6.70,-104.053133,-811.123333,-1402.838867,-2656.918533
6.71,-104.053133,-821.123333,-1407.838867,-2411.918533
6.72,-97.053133,-836.123333,-1412.838867,-2169.918533
6.73,-96.053133,-846.123333,-1414.838867,-1933.918533
6.74,-90.053133,-862.123333,-1419.838867,-1696.918533
6.75,-90.053133,-884.123333,-1433.838867,-1458.918533
6.76,-89.053133,-899.123333,-1437.838867,-1217.918533
6.77,-89.053133,-916.123333,-1446.838867,-978.918533
6.78,-89.053133,-935.123333,-1458.838867,-743.918533
6.79,-85.053133,-957.123333,-1458.838867,-520.918533
6.80,-82.053133,-976.123333,-1467.838867,-299.918533
6.81,-79.053133,-994.123333,-1470.838867,-80.918533
6.82,-85.053133,-1018.123333,-1473.838867,139.081467
6.83,-77.053133,-1039.123333,-1482.838867,355.081467
6.84,-79.053133,-1047.123333,-1480.838867,572.081467
6.85,-80.053133,-1064.123333,-1493.838867,770.081467
6.86,-72.053133,-1088.123333,-1499.838867,961.081467
6.87,-76.053133,-1100.123333,-1502.838867,1142.081467
6.88,-68.053133,-1120.123333,-1511.838867,1311.081467
6.89,-69.053133,-1144.123333,-1513.838867,1474.081467
6.90,-67.053133,-1164.123333,-1518.838867,1635.081467
6.91,-65.053133,-1176.123333,-1527.838867,1783.081467
6.92,-63.053133,-1196.123333,-1524.838867,1927.081467
6.93,-62.053133,-1206.123333,-1531.838867,2055.081467
6.94,-63.053133,-1215.123333,-1543.838867,2177.081467
6.95,-59.053133,-1226.123333,-1540.838867,2293.081467
6.96,-59.053133,-1241.123333,-1561.838867,2404.081467
6.97,-51.053133,-1250.123333,-1569.838867,2508.081467
6.98,-51.053133,-1260.123333,-1572.838867,2598.081467
6.99,-46.053133,-1269.123333,-1584.838867,2680.081467
7.00,-44.053133,-1267.123333,-1596.838867,2754.081467
7.01,-44.053133,-1270.123333,-1598.838867,2809.081467
7.02,-41.053133,-1267.123333,-1605.838867,2860.081467
7.03,-37.053133,-1266.123333,-1618.838867,2905.081467
7.04,-36.053133,-1263.123333,-1633.838867,2944.081467
7.05,-33.053133,-1263.123333,-1641.838867,2979.081467
7.06,-25.053133,-1266.123333,-1651.838867,3008.081467
7.07,-28.053133,-1265.123333,-1662.838867,3041.081467
7.08,-20.053133,-1263.123333,-1671.838867,3075.081467
7.09,-15.053133,-1256.123333,-1687.838867,3103.081467
7.10,-18.053133,-1252.123333,-1683.838867,3127.081467
7.11,-5.053133,-1251.123333,-1696.838867,3147.081467
7.12,-7.053133,-1252.123333,-1714.838867,3161.081467
7.13,0.946867,-1248.123333,-1721.838867,3180.081467
7.14,0.946867,-1244.123333,-1725.838867,3196.081467
7.15,8.946867,-1243.123333,-1730.838867,3216.081467
7.16,4.946867,-1235.123333,-1746.838867,3238.081467
7.17,5.946867,-1232.123333,-1749.838867,3250.081467
7.18,11.946867,-1225.123333,-1749.838867,3259.081467
7.19,17.946867,-1228.123333,-1772.838867,3259.081467
7.20,24.946867,-1231.123333,-1767.838867,3267.081467
7.21,24.946867,-1224.123333,-1772.838867,3274.081467
7.22,25.946867,-1219.123333,-1784.838867,3275.081467
7.23,29.946867,-1221.123333,-1794.838867,3278.081467
7.24,27.946867,-1219.123333,-1786.838867,3281.081467
7.25,32.946867,-1215.123333,-1797.838867,3272.081467
7.26,33.946867,-1215.123333,-1799.838867,3261.081467
7.27,34.946867,-1204.123333,-1800.838867,3238.081467
7.28,37.946867,-1202.123333,-1804.838867,3211.081467
7.29,42.946867,-1197.123333,-1810.838867,3175.081467
7.30,43.946867,-1190.123333,-1812.838867,3131.081467
7.31,46.946867,-1189.123333,-1806.838867,3080.081467
7.32,49.946867,-1180.123333,-1799.838867,3025.081467
7.33,54.946867,-1173.123333,-1790.838867,2958.081467
7.34,53.946867,-1160.123333,-1797.838867,2880.081467
7.35,52.946867,-1159.123333,-1790.838867,2791.081467
7.36,54.946867,-1144.123333,-1785.838867,2685.081467
7.37,56.946867,-1143.123333,-1786.838867,2569.081467
7.38,54.946867,-1137.123333,-1787.838867,2444.081467
7.39,59.946867,-1130.123333,-1782.838867,2311.081467
7.40,59.946867,-1130.123333,-1772.838867,2168.081467
7.41,67.946867,-1125.123333,-1768.838867,2012.081467
7.42,68.946867,-1113.123333,-1770.838867,1844.081467
7.43,63.946867,-1107.123333,-1768.838867,1664.081467
7.44,67.946867,-1102.123333,-1766.838867,1471.081467
7.45,69.946867,-1097.123333,-1767.838867,1270.081467
7.46,79.946867,-1088.123333,-1775.838867,1051.081467
7.47,83.946867,-1078.123333,-1768.838867,824.081467
7.48,84.946867,-1068.123333,-1764.838867,586.081467
7.49,85.946867,-1059.123333,-1758.838867,347.081467
7.50,91.946867,-1052.123333,-1751.838867,103.081467
7.51,87.946867,-1039.123333,-1748.838867,-143.918533
7.52,90.946867,-1032.123333,-1745.838867,-396.918533
7.53,98.946867,-1014.123333,-1742.838867,-657.918533
7.54,100.946867,-1008.123333,-1740.838867,-930.918533
7.55,104.946867,-993.123333,-1734.838867,-1212.918533
7.56,106.946867,-984.123333,-1729.838867,-1496.918533
7.57,107.946867,-980.123333,-1728.838867,-1776.918533
7.58,111.946867,-964.123333,-1712.838867,-2054.918533
7.59,116.946867,-958.123333,-1700.838867,-2335.918533
7.60,120.946867,-949.123333,-1693.838867,-2618.918533
7.61,121.946867,-938.123333,-1682.838867,-2912.918533
7.62,127.946867,-928.123333,-1670.838867,-3205.918533
7.63,124.946867,-922.123333,-1669.838867,-3495.918533
7.64,133.946867,-910.123333,-1659.838867,-3779.918533
7.65,129.946867,-897.123333,-1642.838867,-4065.918533
7.66,140.946867,-889.123333,-1636.838867,-4355.918533
7.67,140.946867,-880.123333,-1617.838867,-4632.918533
7.68,141.946867,-874.123333,-1598.838867,-4914.918533
7.69,141.946867,-869.123333,-1589.838867,-5204.918533
7.70,151.946867,-867.123333,-1577.838867,-5491.918533
7.71,149.946867,-863.123333,-1554.838867,-5760.918533
7.72,153.946867,-860.123333,-1560.838867,-6029.918533
7.73,160.946867,-864.123333,-1544.838867,-6284.918533
7.74,157.946867,-858.123333,-1537.838867,-6539.918533
7.75,156.946867,-866.123333,-1523.838867,-6797.918533
7.76,159.946867,-860.123333,-1512.838867,-7053.918533
7.77,170.946867,-857.123333,-1500.838867,-7307.918533
7.78,169.946867,-862.123333,-1487.838867,-7556.918533
7.79,171.946867,-863.123333,-1478.838867,-7791.918533
7.80,169.946867,-865.123333,-1482.838867,-8017.918533
7.81,174.946867,-864.123333,-1467.838867,-8237.918533
7.82,177.946867,-868.123333,-1458.838867,-8451.918533
7.83,180.946867,-863.123333,-1437.838867,-8655.918533
7.84,180.946867,-865.123333,-1437.838867,-8863.918533
7.85,175.946867,-859.123333,-1419.838867,-9064.918533
7.86,178.946867,-865.123333,-1421.838867,-9261.918533
7.87,177.946867,-864.123333,-1402.838867,-9445.918533
7.88,180.946867,-862.123333,-1394.838867,-9626.918533
7.89,181.946867,-858.123333,-1383.838867,-9812.918533
7.90,180.946867,-854.123333,-1369.838867,-10003.918533
7.91,183.946867,-851.123333,-1367.838867,-10194.918533
7.92,179.946867,-844.123333,-1367.838867,-10382.918533
7.93,179.946867,-841.123333,-1360.838867,-10572.918533
7.94,183.946867,-841.123333,-1354.838867,-10746.918533
7.95,180.946867,-835.123333,-1341.838867,-10921.918533
7.96,182.946867,-830.123333,-1341.838867,-11087.918533
7.97,179.946867,-821.123333,-1323.838867,-11244.918533
7.98,176.946867,-814.123333,-1300.838867,-11401.918533
7.99,174.946867,-807.123333,-1294.838867,-11556.918533
8.00,173.946867,-807.123333,-1286.838867,-11707.918533
8.01,177.946867,-801.123333,-1283.838867,-11852.918533
8.02,169.946867,-786.123333,-1280.838867,-11988.918533
8.03,171.946867,-783.123333,-1270.838867,-12118.918533
8.04,170.946867,-778.123333,-1261.838867,-12239.918533
8.05,169.946867,-760.123333,-1251.838867,-12347.918533
8.06,168.946867,-752.123333,-1242.838867,-12450.918533
8.07,170.946867,-748.123333,-1240.838867,-12549.918533
8.08,168.946867,-740.123333,-1236.838867,-12644.918533
8.09,164.946867,-731.123333,-1231.838867,-12732.918533
8.10,164.946867,-726.123333,-1235.838867,-12810.918533
8.11,157.946867,-724.123333,-1228.838867,-12867.918533
8.12,158.946867,-721.123333,-1227.838867,-12903.918533
8.13,162.946867,-717.123333,-1231.838867,-12924.918533
8.14,158.946867,-717.123333,-1232.838867,-12918.918533
8.15,154.946867,-707.123333,-1239.838867,-12900.918533
8.16,152.946867,-705.123333,-1235.838867,-12871.918533
8.17,152.946867,-700.123333,-1235.838867,-12831.918533
8.18,150.946867,-694.123333,-1225.838867,-12777.918533
8.19,149.946867,-684.123333,-1235.838867,-12719.918533
8.20,148.946867,-688.123333,-1239.838867,-12652.918533
8.21,147.946867,-685.123333,-1235.838867,-12574.918533
8.22,150.946867,-688.123333,-1243.838867,-12477.918533
8.23,149.946867,-685.123333,-1258.838867,-12370.918533
8.24,148.946867,-688.123333,-1255.838867,-12262.918533
8.25,155.946867,-682.123333,-1265.838867,-12143.918533
8.26,152.946867,-691.123333,-1263.838867,-12020.918533
8.27,150.946867,-689.123333,-1273.838867,-11884.918533
8.28,149.946867,-687.123333,-1278.838867,-11745.918533
8.29,155.946867,-689.123333,-1282.838867,-11603.918533
8.30,155.946867,-691.123333,-1292.838867,-11454.918533
8.31,152.946867,-692.123333,-1303.838867,-11289.918533
8.32,151.946867,-695.123333,-1307.838867,-11126.918533
8.33,151.946867,-696.123333,-1311.838867,-10962.918533
8.34,156.946867,-706.123333,-1326.838867,-10802.918533
8.35,156.946867,-709.123333,-1329.838867,-10637.918533
8.36,150.946867,-721.123333,-1341.838867,-10478.918533
8.37,157.946867,-728.123333,-1351.838867,-10314.918533
8.38,154.946867,-735.123333,-1353.838867,-10148.918533
8.39,156.946867,-740.123333,-1364.838867,-9982.918533
8.40,155.946867,-755.123333,-1375.838867,-9809.918533
8.41,157.946867,-757.123333,-1376.838867,-9635.918533
8.42,159.946867,-772.123333,-1385.838867,-9467.918533
8.43,153.946867,-783.123333,-1389.838867,-9307.918533
8.44,158.946867,-796.123333,-1404.838867,-9155.918533
8.45,162.946867,-814.123333,-1422.838867,-9006.918533
8.46,161.946867,-830.123333,-1417.838867,-8862.918533
8.47,165.946867,-846.123333,-1422.838867,-8728.918533
8.48,163.946867,-853.123333,-1430.838867,-8603.918533
8.49,164.946867,-868.123333,-1436.838867,-8482.918533
8.50,164.946867,-873.123333,-1436.838867,-8367.918533
8.51,161.946867,-890.123333,-1452.838867,-8256.918533
8.52,163.946867,-904.123333,-1461.838867,-8147.918533
8.53,165.946867,-914.123333,-1464.838867,-8035.918533
8.54,164.946867,-929.123333,-1476.838867,-7916.918533
8.55,169.946867,-944.123333,-1479.838867,-7795.918533
8.56,165.946867,-957.123333,-1499.838867,-7669.918533
8.57,169.946867,-963.123333,-1497.838867,-7545.918533
8.58,165.946867,-963.123333,-1495.838867,-7424.918533
8.59,166.946867,-971.123333,-1498.838867,-7312.918533
8.60,165.946867,-979.123333,-1521.838867,-7203.918533
8.61,165.946867,-981.123333,-1527.838867,-7089.918533
8.62,163.946867,-987.123333,-1528.838867,-6976.918533
8.63,165.946867,-985.123333,-1539.838867,-6860.918533
8.64,169.946867,-991.123333,-1542.838867,-6746.918533
8.65,165.946867,-996.123333,-1531.838867,-6633.918533
8.66,163.946867,-998.123333,-1540.838867,-6520.918533
8.67,164.946867,-990.123333,-1552.838867,-6411.918533
8.68,166.946867,-993.123333,-1554.838867,-6306.918533
8.69,162.946867,-993.123333,-1565.838867,-6200.918533
8.70,157.946867,-987.123333,-1559.838867,-6096.918533
8.71,167.946867,-987.123333,-1565.838867,-6001.918533
8.72,162.946867,-985.123333,-1564.838867,-5909.918533
8.73,158.946867,-969.123333,-1568.838867,-5820.918533
8.74,160.946867,-969.123333,-1570.838867,-5736.918533
8.75,162.946867,-967.123333,-1576.838867,-5651.918533
8.76,154.946867,-963.123333,-1563.838867,-5564.918533
8.77,155.946867,-953.123333,-1574.838867,-5474.918533
8.78,151.946867,-954.123333,-1558.838867,-5384.918533
8.79,149.946867,-939.123333,-1561.838867,-5288.918533
8.80,150.946867,-934.123333,-1558.838867,-5197.918533
8.81,146.946867,-933.123333,-1548.838867,-5095.918533
8.82,144.946867,-914.123333,-1548.838867,-4992.918533
8.83,139.946867,-904.123333,-1539.838867,-4893.918533
8.84,134.946867,-898.123333,-1530.838867,-4793.918533
8.85,131.946867,-893.123333,-1521.838867,-4694.918533
8.86,126.946867,-889.123333,-1511.838867,-4600.918533
8.87,122.946867,-883.123333,-1505.838867,-4508.918533
8.88,116.946867,-882.123333,-1497.838867,-4408.918533
8.89,115.946867,-872.123333,-1495.838867,-4306.918533
8.90,106.946867,-869.123333,-1475.838867,-4208.918533
8.91,102.946867,-867.123333,-1465.838867,-4109.918533
8.92,94.946867,-864.123333,-1467.838867,-4011.918533
8.93,92.946867,-862.123333,-1453.838867,-3915.918533
8.94,88.946867,-859.123333,-1453.838867,-3817.918533
8.95,79.946867,-867.123333,-1444.838867,-3716.918533
8.96,72.946867,-861.123333,-1433.838867,-3619.918533
8.97,63.946867,-863.123333,-1429.838867,-3533.918533
8.98,49.946867,-869.123333,-1426.838867,-3452.918533
8.99,46.946867,-874.123333,-1422.838867,-3377.918533
9.00,42.946867,-882.123333,-1431.838867,-3308.918533
9.01,36.946867,-892.123333,-1422.838867,-3241.918533
9.02,25.946867,-902.123333,-1420.838867,-3177.918533
9.03,17.946867,-913.123333,-1426.838867,-3119.918533
9.04,12.946867,-926.123333,-1426.838867,-3060.918533
9.05,2.946867,-938.123333,-1428.838867,-3012.918533
9.06,0.946867,-949.123333,-1423.838867,-2970.918533
9.07,-7.053133,-956.123333,-1422.838867,-2930.918533
9.08,-16.053133,-967.123333,-1425.838867,-2902.918533
9.09,-26.053133,-975.123333,-1426.838867,-2879.918533
9.10,-33.053133,-986.123333,-1432.838867,-2867.918533
9.11,-33.053133,-1004.123333,-1437.838867,-2860.918533
9.12,-47.053133,-1012.123333,-1447.838867,-2855.918533
9.13,-50.053133,-1024.123333,-1441.838867,-2855.918533
9.14,-57.053133,-1032.123333,-1448.838867,-2852.918533
9.15,-63.053133,-1051.123333,-1446.838867,-2857.918533
9.16,-63.053133,-1063.123333,-1457.838867,-2860.918533
9.17,-71.053133,-1069.123333,-1463.838867,-2866.918533
9.18,-73.053133,-1081.123333,-1463.838867,-2866.918533
9.19,-79.053133,-1093.123333,-1476.838867,-2857.918533
9.20,-86.053133,-1102.123333,-1484.838867,-2849.918533
9.21,-90.053133,-1109.123333,-1488.838867,-2837.918533
9.22,-93.053133,-1108.123333,-1489.838867,-2821.918533
9.23,-98.053133,-1111.123333,-1494.838867,-2807.918533
9.24,-105.053133,-1111.123333,-1501.838867,-2790.918533
9.25,-106.053133,-1113.123333,-1504.838867,-2763.918533
9.26,-107.053133,-1119.123333,-1499.838867,-2737.918533
9.27,-114.053133,-1115.123333,-1509.838867,-2709.918533
9.28,-115.053133,-1111.123333,-1508.838867,-2676.918533
9.29,-122.053133,-1108.123333,-1499.838867,-2639.918533
9.30,-125.053133,-1103.123333,-1501.838867,-2609.918533
9.31,-127.053133,-1093.123333,-1508.838867,-2579.918533
9.32,-129.053133,-1087.123333,-1510.838867,-2544.918533
9.33,-137.053133,-1076.123333,-1513.838867,-2513.918533
9.34,-144.053133,-1066.123333,-1507.838867,-2492.918533
9.35,-139.053133,-1054.123333,-1512.838867,-2481.918533
9.36,-144.053133,-1046.123333,-1514.838867,-2461.918533
9.37,-149.053133,-1026.123333,-1498.838867,-2446.918533
9.38,-149.053133,-1011.123333,-1487.838867,-2433.918533
9.39,-157.053133,-1000.123333,-1487.838867,-2425.918533
9.40,-155.053133,-984.123333,-1471.838867,-2425.918533
9.41,-160.053133,-974.123333,-1469.838867,-2429.918533
9.42,-163.053133,-956.123333,-1468.838867,-2436.918533
9.43,-163.053133,-940.123333,-1463.838867,-2443.918533
9.44,-167.053133,-925.123333,-1449.838867,-2450.918533
9.45,-174.053133,-911.123333,-1453.838867,-2459.918533
9.46,-173.053133,-889.123333,-1441.838867,-2479.918533
9.47,-174.053133,-879.123333,-1439.838867,-2500.918533
9.48,-177.053133,-860.123333,-1416.838867,-2513.918533
9.49,-173.053133,-839.123333,-1408.838867,-2529.918533
9.50,-181.053133,-820.123333,-1397.838867,-2545.918533
9.51,-184.053133,-802.123333,-1393.838867,-2558.918533
9.52,-180.053133,-783.123333,-1390.838867,-2570.918533
9.53,-186.053133,-766.123333,-1378.838867,-2585.918533
9.54,-187.053133,-743.123333,-1362.838867,-2590.918533
9.55,-187.053133,-727.123333,-1353.838867,-2590.918533
9.56,-192.053133,-706.123333,-1348.838867,-2592.918533
9.57,-193.053133,-687.123333,-1341.838867,-2594.918533
9.58,-193.053133,-673.123333,-1331.838867,-2580.918533
9.59,-198.053133,-653.123333,-1326.838867,-2565.918533
9.60,-200.053133,-638.123333,-1321.838867,-2538.918533
9.61,-201.053133,-618.123333,-1309.838867,-2503.918533
9.62,-202.053133,-601.123333,-1304.838867,-2463.918533
9.63,-206.053133,-584.123333,-1295.838867,-2420.918533
9.64,-204.053133,-568.123333,-1282.838867,-2372.918533
9.65,-211.053133,-547.123333,-1287.838867,-2323.918533
9.66,-209.053133,-539.123333,-1277.838867,-2272.918533
9.67,-213.053133,-529.123333,-1283.838867,-2205.918533
9.68,-218.053133,-521.123333,-1276.838867,-2124.918533
9.69,-218.053133,-506.123333,-1270.838867,-2026.918533
9.70,-224.053133,-504.123333,-1265.838867,-1918.918533
9.71,-228.053133,-493.123333,-1260.838867,-1801.918533
9.72,-225.053133,-486.123333,-1260.838867,-1675.918533
9.73,-229.053133,-483.123333,-1264.838867,-1540.918533
9.74,-226.053133,-480.123333,-1259.838867,-1397.918533
9.75,-234.053133,-473.123333,-1262.838867,-1247.918533
9.76,-237.053133,-478.123333,-1256.838867,-1088.918533
9.77,-238.053133,-469.123333,-1254.838867,-920.918533
9.78,-246.053133,-477.123333,-1249.838867,-748.918533
9.79,-243.053133,-481.123333,-1245.838867,-576.918533
9.80,-244.053133,-482.123333,-1247.838867,-401.918533
9.81,-247.053133,-487.123333,-1239.838867,-218.918533
9.82,-249.053133,-484.123333,-1242.838867,-43.918533
9.83,-247.053133,-497.123333,-1239.838867,132.081467
9.84,-247.053133,-501.123333,-1239.838867,313.081467
9.85,-249.053133,-504.123333,-1234.838867,487.081467
9.86,-251.053133,-512.123333,-1234.838867,651.081467
9.87,-251.053133,-511.123333,-1232.838867,804.081467
9.88,-251.053133,-517.123333,-1224.838867,947.081467
9.89,-258.053133,-523.123333,-1233.838867,1081.081467
9.90,-253.053133,-519.123333,-1228.838867,1204.081467
9.91,-253.053133,-532.123333,-1226.838867,1310.081467
9.92,-252.053133,-541.123333,-1223.838867,1404.081467
9.93,-249.053133,-549.123333,-1225.838867,1488.081467
9.94,-248.053133,-551.123333,-1233.838867,1564.081467
9.95,-251.053133,-568.123333,-1237.838867,1630.081467
9.96,-249.053133,-572.123333,-1229.838867,1682.081467
9.97,-245.053133,-581.123333,-1232.838867,1721.081467
9.98,-249.053133,-592.123333,-1236.838867,1749.081467
9.99,-246.053133,-597.123333,-1235.838867,1758.081467
10.00,-245.053133,-602.123333,-1239.838867,1752.081467
10.01,-243.053133,-611.123333,-1240.838867,1712.081467
10.02,-240.053133,-622.123333,-1239.838867,1659.081467
10.03,-240.053133,-626.123333,-1244.838867,1590.081467
10.04,-241.053133,-630.123333,-1241.838867,1503.081467
10.05,-233.053133,-641.123333,-1247.838867,1399.081467
10.06,-234.053133,-650.123333,-1257.838867,1282.081467
10.07,-233.053133,-658.123333,-1254.838867,1153.081467
10.08,-231.053133,-668.123333,-1258.838867,1012.081467
10.09,-227.053133,-677.123333,-1268.838867,860.081467
10.10,-222.053133,-685.123333,-1273.838867,699.081467
10.11,-218.053133,-696.123333,-1279.838867,530.081467
10.12,-221.053133,-698.123333,-1286.838867,352.081467
10.13,-211.053133,-703.123333,-1286.838867,158.081467
10.14,-208.053133,-708.123333,-1284.838867,-50.918533
10.15,-206.053133,-709.123333,-1293.838867,-271.918533
10.16,-206.053133,-719.123333,-1290.838867,-498.918533
10.17,-201.053133,-722.123333,-1284.838867,-739.918533
10.18,-195.053133,-732.123333,-1296.838867,-985.918533
10.19,-190.053133,-736.123333,-1294.838867,-1240.918533
10.20,-185.053133,-744.123333,-1298.838867,-1495.918533
10.21,-176.053133,-740.123333,-1304.838867,-1754.918533
10.22,-169.053133,-754.123333,-1309.838867,-2009.918533
10.23,-166.053133,-766.123333,-1316.838867,-2261.918533
10.24,-162.053133,-769.123333,-1314.838867,-2512.918533
10.25,-141.053133,-777.123333,-1321.838867,-2774.918533
10.26,-141.053133,-781.123333,-1325.838867,-3036.918533
10.27,-127.053133,-781.123333,-1319.838867,-3295.918533
10.28,-128.053133,-785.123333,-1326.838867,-3553.918533
10.29,-115.053133,-792.123333,-1335.838867,-3809.918533
10.30,-106.053133,-801.123333,-1337.838867,-4054.918533
10.31,-98.053133,-809.123333,-1337.838867,-4300.918533
10.32,-84.053133,-819.123333,-1332.838867,-4535.918533
10.33,-73.053133,-823.123333,-1345.838867,-4774.918533
10.34,-70.053133,-841.123333,-1354.838867,-5003.918533
10.35,-58.053133,-843.123333,-1354.838867,-5216.918533
10.36,-54.053133,-850.123333,-1360.838867,-5421.918533
10.37,-43.053133,-860.123333,-1367.838867,-5619.918533
10.38,-32.053133,-860.123333,-1379.838867,-5808.918533
10.39,-21.053133,-877.123333,-1381.838867,-5986.918533
10.40,-12.053133,-875.123333,-1379.838867,-6144.918533
10.41,-0.053133,-877.123333,-1395.838867,-6292.918533
10.42,2.946867,-882.123333,-1403.838867,-6429.918533
10.43,16.946867,-887.123333,-1416.838867,-6557.918533
10.44,21.946867,-893.123333,-1425.838867,-6674.918533
10.45,28.946867,-896.123333,-1427.838867,-6773.918533
10.46,38.946867,-900.123333,-1439.838867,-6859.918533
10.47,43.946867,-914.123333,-1452.838867,-6932.918533
10.48,48.946867,-913.123333,-1462.838867,-6984.918533
10.49,58.946867,-919.123333,-1471.838867,-7019.918533
10.50,64.946867,-922.123333,-1482.838867,-7039.918533
10.51,71.946867,-926.123333,-1480.838867,-7043.918533
10.52,83.946867,-935.123333,-1488.838867,-7041.918533
10.53,81.946867,-940.123333,-1497.838867,-7034.918533
10.54,86.946867,-950.123333,-1515.838867,-7023.918533
10.55,92.946867,-949.123333,-1514.838867,-6995.918533
10.56,97.946867,-951.123333,-1524.838867,-6956.918533
10.57,101.946867,-965.123333,-1530.838867,-6914.918533
10.58,101.946867,-967.123333,-1526.838867,-6870.918533
10.59,103.946867,-971.123333,-1538.838867,-6825.918533
10.60,110.946867,-981.123333,-1547.838867,-6775.918533
10.61,110.946867,-989.123333,-1543.838867,-6720.918533
10.62,111.946867,-991.123333,-1544.838867,-6662.918533
10.63,117.946867,-1002.123333,-1565.838867,-6602.918533
10.64,119.946867,-1003.123333,-1551.838867,-6537.918533
10.65,123.946867,-1010.123333,-1554.838867,-6471.918533
10.66,120.946867,-1011.123333,-1559.838867,-6409.918533
10.67,125.946867,-1014.123333,-1557.838867,-6345.918533
10.68,125.946867,-1024.123333,-1555.838867,-6279.918533
10.69,121.946867,-1028.123333,-1558.838867,-6210.918533
10.70,123.946867,-1034.123333,-1559.838867,-6142.918533
10.71,119.946867,-1040.123333,-1559.838867,-6064.918533
10.72,116.946867,-1038.123333,-1558.838867,-5982.918533
10.73,123.946867,-1042.123333,-1553.838867,-5903.918533
10.74,114.946867,-1047.123333,-1547.838867,-5822.918533
10.75,112.946867,-1058.123333,-1547.838867,-5732.918533
10.76,111.946867,-1063.123333,-1546.838867,-5631.918533
10.77,110.946867,-1065.123333,-1547.838867,-5518.918533
10.78,109.946867,-1068.123333,-1553.838867,-5392.918533
10.79,106.946867,-1070.123333,-1542.838867,-5256.918533
10.80,105.946867,-1075.123333,-1545.838867,-5114.918533
10.81,99.946867,-1070.123333,-1544.838867,-4970.918533
10.82,95.946867,-1075.123333,-1544.838867,-4823.918533
10.83,93.946867,-1072.123333,-1541.838867,-4668.918533
10.84,85.946867,-1074.123333,-1537.838867,-4512.918533
10.85,87.946867,-1076.123333,-1533.838867,-4352.918533
10.86,84.946867,-1085.123333,-1538.838867,-4194.918533
10.87,77.946867,-1088.123333,-1528.838867,-4029.918533
10.88,72.946867,-1097.123333,-1534.838867,-3865.918533
10.89,67.946867,-1102.123333,-1533.838867,-3695.918533
10.90,60.946867,-1105.123333,-1533.838867,-3520.918533
10.91,58.946867,-1110.123333,-1530.838867,-3345.918533
10.92,56.946867,-1115.123333,-1535.838867,-3186.918533
10.93,51.946867,-1122.123333,-1532.838867,-3034.918533
10.94,43.946867,-1128.123333,-1533.838867,-2885.918533
10.95,44.946867,-1131.123333,-1534.838867,-2745.918533
10.96,39.946867,-1137.123333,-1524.838867,-2606.918533
10.97,35.946867,-1144.123333,-1527.838867,-2469.918533
10.98,29.946867,-1151.123333,-1538.838867,-2333.918533
10.99,31.946867,-1154.123333,-1529.838867,-2195.918533
11.00,27.946867,-1154.123333,-1525.838867,-2060.918533
11.01,20.946867,-1167.123333,-1535.838867,-1929.918533
11.02,23.946867,-1179.123333,-1544.838867,-1798.918533
11.03,12.946867,-1184.123333,-1531.838867,-1666.918533
11.04,11.946867,-1190.123333,-1536.838867,-1542.918533
11.05,7.946867,-1200.123333,-1538.838867,-1428.918533
11.06,2.946867,-1201.123333,-1541.838867,-1306.918533
11.07,2.946867,-1213.123333,-1544.838867,-1184.918533
11.08,0.946867,-1206.123333,-1545.838867,-1062.918533
11.09,-0.053133,-1213.123333,-1550.838867,-944.918533
11.10,-7.053133,-1219.123333,-1552.838867,-832.918533
11.11,-2.053133,-1216.123333,-1544.838867,-715.918533
11.12,-7.053133,-1218.123333,-1549.838867,-608.918533
11.13,-6.053133,-1229.123333,-1543.838867,-500.918533
11.14,-12.053133,-1228.123333,-1543.838867,-389.918533
11.15,-11.053133,-1226.123333,-1554.838867,-275.918533
11.16,-9.053133,-1228.123333,-1549.838867,-164.918533
11.17,-11.053133,-1231.123333,-1553.838867,-57.918533
11.18,-17.053133,-1228.123333,-1560.838867,48.081467
11.19,-20.053133,-1236.123333,-1559.838867,147.081467
11.20,-22.053133,-1229.123333,-1568.838867,239.081467
11.21,-19.053133,-1221.123333,-1581.838867,321.081467
11.22,-19.053133,-1224.123333,-1577.838867,389.081467
11.23,-16.053133,-1224.123333,-1580.838867,454.081467
11.24,-22.053133,-1222.123333,-1583.838867,518.081467
11.25,-20.053133,-1223.123333,-1587.838867,580.081467
11.26,-22.053133,-1216.123333,-1591.838867,649.081467
11.27,-19.053133,-1214.123333,-1603.838867,711.081467
11.28,-20.053133,-1219.123333,-1606.838867,770.081467
11.29,-19.053133,-1215.123333,-1609.838867,821.081467
11.30,-17.053133,-1206.123333,-1625.838867,863.081467
11.31,-19.053133,-1201.123333,-1631.838867,900.081467
11.32,-19.053133,-1191.123333,-1635.838867,927.081467
11.33,-19.053133,-1183.123333,-1645.838867,953.081467
11.34,-17.053133,-1177.123333,-1645.838867,965.081467
11.35,-21.053133,-1179.123333,-1651.838867,974.081467
11.36,-21.053133,-1177.123333,-1654.838867,982.081467
11.37,-12.053133,-1173.123333,-1653.838867,986.081467
11.38,-15.053133,-1170.123333,-1659.838867,990.081467
11.39,-14.053133,-1172.123333,-1675.838867,1002.081467
11.40,-8.053133,-1164.123333,-1674.838867,1011.081467
11.41,-8.053133,-1156.123333,-1673.838867,1017.081467
11.42,-10.053133,-1149.123333,-1674.838867,1012.081467
11.43,-7.053133,-1151.123333,-1677.838867,1006.081467
11.44,-0.053133,-1144.123333,-1676.838867,1000.081467
11.45,2.946867,-1143.123333,-1675.838867,1002.081467
11.46,-1.053133,-1132.123333,-1677.838867,1001.081467
11.47,3.946867,-1131.123333,-1664.838867,998.081467
11.48,5.946867,-1128.123333,-1667.838867,999.081467
11.49,4.946867,-1112.123333,-1660.838867,1002.081467
11.50,9.946867,-1104.123333,-1667.838867,994.081467
11.51,12.946867,-1106.123333,-1656.838867,983.081467
11.52,7.946867,-1098.123333,-1657.838867,974.081467
11.53,12.946867,-1088.123333,-1651.838867,955.081467
11.54,9.946867,-1089.123333,-1652.838867,931.081467
11.55,11.946867,-1084.123333,-1647.838867,911.081467
11.56,11.946867,-1073.123333,-1648.838867,886.081467
11.57,9.946867,-1067.123333,-1636.838867,863.081467
11.58,5.946867,-1060.123333,-1631.838867,841.081467
11.59,13.946867,-1052.123333,-1624.838867,806.081467
11.60,3.946867,-1044.123333,-1626.838867,770.081467
11.61,4.946867,-1041.123333,-1625.838867,736.081467
11.62,6.946867,-1026.123333,-1610.838867,690.081467
11.63,4.946867,-1019.123333,-1606.838867,630.081467
11.64,1.946867,-1009.123333,-1604.838867,566.081467
11.65,-3.053133,-997.123333,-1594.838867,495.081467
11.66,-9.053133,-991.123333,-1593.838867,418.081467
11.67,-5.053133,-983.123333,-1594.838867,334.081467
11.68,-7.053133,-985.123333,-1583.838867,251.081467
11.69,-8.053133,-975.123333,-1581.838867,171.081467
11.70,-11.053133,-969.123333,-1574.838867,89.081467
11.71,-11.053133,-962.123333,-1578.838867,0.081467
11.72,-11.053133,-954.123333,-1567.838867,-87.918533
11.73,-12.053133,-945.123333,-1549.838867,-179.918533
11.74,-21.053133,-939.123333,-1558.838867,-272.918533
11.75,-14.053133,-941.123333,-1550.838867,-362.918533
11.76,-24.053133,-937.123333,-1543.838867,-441.918533
11.77,-20.053133,-922.123333,-1538.838867,-530.918533
11.78,-25.053133,-921.123333,-1540.838867,-616.918533
11.79,-23.053133,-916.123333,-1526.838867,-695.918533
11.80,-24.053133,-916.123333,-1520.838867,-766.918533
11.81,-28.053133,-915.123333,-1510.838867,-838.918533
11.82,-22.053133,-914.123333,-1508.838867,-907.918533
11.83,-28.053133,-910.123333,-1500.838867,-970.918533
11.84,-23.053133,-909.123333,-1493.838867,-1021.918533
11.85,-27.053133,-911.123333,-1493.838867,-1072.918533
11.86,-25.053133,-908.123333,-1475.838867,-1113.918533
11.87,-23.053133,-915.123333,-1468.838867,-1148.918533
11.88,-22.053133,-913.123333,-1458.838867,-1185.918533
11.89,-22.053133,-922.123333,-1455.838867,-1234.918533
11.90,-21.053133,-926.123333,-1448.838867,-1283.918533
11.91,-23.053133,-924.123333,-1438.838867,-1340.918533
11.92,-16.053133,-930.123333,-1427.838867,-1400.918533
11.93,-17.053133,-937.123333,-1419.838867,-1465.918533
11.94,-11.053133,-938.123333,-1405.838867,-1537.918533
11.95,-7.053133,-945.123333,-1389.838867,-1610.918533
11.96,-3.053133,-950.123333,-1379.838867,-1689.918533
11.97,0.946867,-945.123333,-1369.838867,-1776.918533
11.98,2.946867,-950.123333,-1357.838867,-1872.918533
11.99,9.946867,-953.123333,-1347.838867,-1976.918533
12.00,15.946867,-959.123333,-1342.838867,-2082.918533
12.01,19.946867,-960.123333,-1330.838867,-2189.918533
12.02,27.946867,-954.123333,-1321.838867,-2303.918533
12.03,25.946867,-958.123333,-1308.838867,-2427.918533
12.04,34.946867,-957.123333,-1302.838867,-2554.918533
12.05,37.946867,-954.123333,-1290.838867,-2684.918533
12.06,38.946867,-957.123333,-1279.838867,-2815.918533
12.07,46.946867,-953.123333,-1264.838867,-2948.918533
12.08,54.946867,-958.123333,-1253.838867,-3081.918533
12.09,57.946867,-954.123333,-1247.838867,-3214.918533
12.10,61.946867,-946.123333,-1219.838867,-3349.918533
12.11,70.946867,-946.123333,-1211.838867,-3497.918533
12.12,74.946867,-943.123333,-1201.838867,-3644.918533
12.13,80.946867,-943.123333,-1185.838867,-3795.918533
12.14,82.946867,-934.123333,-1180.838867,-3948.918533
12.15,90.946867,-936.123333,-1166.838867,-4093.918533
12.16,90.946867,-930.123333,-1154.838867,-4231.918533
12.17,99.946867,-931.123333,-1139.838867,-4372.918533
12.18,100.946867,-930.123333,-1127.838867,-4513.918533
12.19,105.946867,-933.123333,-1121.838867,-4661.918533
12.20,107.946867,-931.123333,-1106.838867,-4812.918533
12.21,113.946867,-931.123333,-1080.838867,-4959.918533
12.22,114.946867,-930.123333,-1072.838867,-5105.918533
12.23,115.946867,-925.123333,-1065.838867,-5260.918533
12.24,121.946867,-933.123333,-1045.838867,-5404.918533
12.25,122.946867,-932.123333,-1038.838867,-5549.918533
12.26,126.946867,-938.123333,-1031.838867,-5688.918533
12.27,121.946867,-943.123333,-1016.838867,-5818.918533
12.28,122.946867,-946.123333,-1014.838867,-5942.918533
12.29,129.946867,-944.123333,-1006.838867,-6068.918533
12.30,131.946867,-949.123333,-998.838867,-6188.918533
12.31,136.946867,-948.123333,-987.838867,-6310.918533
12.32,132.946867,-954.123333,-984.838867,-6435.918533
12.33,133.946867,-951.123333,-978.838867,-6565.918533
12.34,140.946867,-961.123333,-975.838867,-6690.918533
12.35,146.946867,-960.123333,-970.838867,-6804.918533
12.36,141.946867,-963.123333,-964.838867,-6920.918533
12.37,142.946867,-960.123333,-965.838867,-7040.918533
12.38,146.946867,-958.123333,-964.838867,-7159.918533
12.39,142.946867,-951.123333,-957.838867,-7275.918533
12.40,151.946867,-943.123333,-962.838867,-7399.918533
12.41,144.946867,-944.123333,-969.838867,-7533.918533
12.42,146.946867,-936.123333,-961.838867,-7664.918533
12.43,152.946867,-929.123333,-962.838867,-7797.918533
12.44,152.946867,-925.123333,-958.838867,-7928.918533
12.45,153.946867,-921.123333,-964.838867,-8054.918533
12.46,156.946867,-915.123333,-970.838867,-8169.918533
12.47,160.946867,-906.123333,-963.838867,-8278.918533
12.48,162.946867,-901.123333,-979.838867,-8385.918533
12.49,161.946867,-888.123333,-978.838867,-8493.918533
12.50,162.946867,-883.123333,-980.838867,-8599.918533
12.51,166.946867,-868.123333,-982.838867,-8704.918533
12.52,163.946867,-861.123333,-983.838867,-8810.918533
12.53,170.946867,-846.123333,-982.838867,-8899.918533
12.54,167.946867,-838.123333,-991.838867,-8984.918533
12.55,170.946867,-834.123333,-999.838867,-9054.918533
12.56,169.946867,-819.123333,-1002.838867,-9104.918533
12.57,172.946867,-806.123333,-1015.838867,-9136.918533
12.58,176.946867,-790.123333,-1022.838867,-9163.918533
12.59,166.946867,-782.123333,-1022.838867,-9175.918533
12.60,175.946867,-765.123333,-1033.838867,-9173.918533
12.61,175.946867,-756.123333,-1035.838867,-9158.918533
12.62,182.946867,-743.123333,-1045.838867,-9123.918533
12.63,173.946867,-726.123333,-1048.838867,-9077.918533
12.64,180.946867,-712.123333,-1060.838867,-9023.918533
12.65,173.946867,-693.123333,-1059.838867,-8961.918533
12.66,178.946867,-672.123333,-1076.838867,-8894.918533
12.67,175.946867,-655.123333,-1087.838867,-8824.918533
12.68,168.946867,-642.123333,-1095.838867,-8739.918533
12.69,169.946867,-624.123333,-1104.838867,-8651.918533
12.70,160.946867,-603.123333,-1108.838867,-8572.918533
12.71,161.946867,-592.123333,-1113.838867,-8497.918533
12.72,157.946867,-575.123333,-1132.838867,-8418.918533
12.73,150.946867,-564.123333,-1140.838867,-8331.918533
12.74,147.946867,-541.123333,-1151.838867,-8236.918533
12.75,141.946867,-531.123333,-1159.838867,-8139.918533
12.76,135.946867,-511.123333,-1184.838867,-8044.918533
12.77,133.946867,-496.123333,-1197.838867,-7947.918533
12.78,131.946867,-481.123333,-1214.838867,-7855.918533
12.79,123.946867,-472.123333,-1232.838867,-7767.918533
12.80,119.946867,-468.123333,-1242.838867,-7676.918533
12.81,115.946867,-454.123333,-1262.838867,-7595.918533
12.82,106.946867,-450.123333,-1285.838867,-7523.918533
12.83,103.946867,-435.123333,-1306.838867,-7457.918533
12.84,94.946867,-434.123333,-1311.838867,-7396.918533
12.85,94.946867,-425.123333,-1328.838867,-7338.918533
12.86,91.946867,-425.123333,-1347.838867,-7294.918533
12.87,79.946867,-424.123333,-1366.838867,-7260.918533
12.88,75.946867,-417.123333,-1386.838867,-7223.918533
12.89,71.946867,-416.123333,-1407.838867,-7195.918533
12.90,69.946867,-414.123333,-1427.838867,-7175.918533
12.91,65.946867,-412.123333,-1447.838867,-7166.918533
12.92,56.946867,-404.123333,-1469.838867,-7173.918533
12.93,55.946867,-403.123333,-1483.838867,-7189.918533
12.94,52.946867,-403.123333,-1496.838867,-7216.918533
12.95,42.946867,-404.123333,-1514.838867,-7254.918533
12.96,38.946867,-404.123333,-1544.838867,-7300.918533
12.97,32.946867,-401.123333,-1557.838867,-7348.918533
12.98,35.946867,-407.123333,-1577.838867,-7405.918533
12.99,29.946867,-407.123333,-1600.838867,-7467.918533
13.00,26.946867,-408.123333,-1613.838867,-7529.918533
13.01,28.946867,-408.123333,-1638.838867,-7593.918533
13.02,24.946867,-412.123333,-1653.838867,-7662.918533
13.03,16.946867,-413.123333,-1669.838867,-7729.918533
13.04,17.946867,-417.123333,-1677.838867,-7809.918533
13.05,17.946867,-421.123333,-1696.838867,-7894.918533
13.06,8.946867,-426.123333,-1708.838867,-7990.918533
13.07,9.946867,-436.123333,-1721.838867,-8084.918533
13.08,9.946867,-444.123333,-1749.838867,-8172.918533
13.09,3.946867,-450.123333,-1760.838867,-8258.918533
13.10,4.946867,-457.123333,-1782.838867,-8333.918533
13.11,4.946867,-470.123333,-1803.838867,-8400.918533
13.12,1.946867,-471.123333,-1813.838867,-8453.918533
13.13,-3.053133,-481.123333,-1828.838867,-8508.918533
13.14,-2.053133,-488.123333,-1843.838867,-8550.918533
13.15,-0.053133,-498.123333,-1858.838867,-8571.918533
13.16,0.946867,-496.123333,-1880.838867,-8588.918533
13.17,-5.053133,-501.123333,-1897.838867,-8599.918533
13.18,-8.053133,-509.123333,-1914.838867,-8607.918533
13.19,-5.053133,-511.123333,-1920.838867,-8608.918533
13.20,-6.053133,-521.123333,-1940.838867,-8602.918533
13.21,-9.053133,-531.123333,-1954.838867,-8587.918533
13.22,-13.053133,-536.123333,-1958.838867,-8560.918533
13.23,-16.053133,-537.123333,-1969.838867,-8524.918533
13.24,-14.053133,-550.123333,-1984.838867,-8482.918533
13.25,-17.053133,-558.123333,-1992.838867,-8431.918533
13.26,-13.053133,-569.123333,-1992.838867,-8375.918533
13.27,-15.053133,-572.123333,-2006.838867,-8318.918533
13.28,-17.053133,-585.123333,-2016.838867,-8256.918533
13.29,-15.053133,-592.123333,-2017.838867,-8190.918533
13.30,-17.053133,-593.123333,-2028.838867,-8126.918533
13.31,-20.053133,-610.123333,-2027.838867,-8059.918533
13.32,-20.053133,-613.123333,-2026.838867,-7995.918533
13.33,-19.053133,-628.123333,-2035.838867,-7938.918533
13.34,-18.053133,-632.123333,-2035.838867,-7880.918533
13.35,-20.053133,-652.123333,-2040.838867,-7824.918533
13.36,-17.053133,-660.123333,-2043.838867,-7766.918533
13.37,-17.053133,-669.123333,-2048.838867,-7710.918533
13.38,-19.053133,-691.123333,-2054.838867,-7660.918533
13.39,-15.053133,-697.123333,-2044.838867,-7611.918533
13.40,-11.053133,-711.123333,-2044.838867,-7566.918533
13.41,-8.053133,-723.123333,-2051.838867,-7527.918533
13.42,-10.053133,-739.123333,-2049.838867,-7489.918533
13.43,-9.053133,-753.123333,-2047.838867,-7456.918533
13.44,-11.053133,-767.123333,-2041.838867,-7430.918533
13.45,-8.053133,-776.123333,-2041.838867,-7397.918533
13.46,-6.053133,-790.123333,-2049.838867,-7364.918533
13.47,1.946867,-798.123333,-2050.838867,-7332.918533
13.48,-0.053133,-813.123333,-2035.838867,-7284.918533
13.49,-2.053133,-818.123333,-2034.838867,-7241.918533
13.50,3.946867,-832.123333,-2026.838867,-7203.918533
13.51,0.946867,-846.123333,-2009.838867,-7163.918533
13.52,8.946867,-859.123333,-2009.838867,-7116.918533
13.53,7.946867,-876.123333,-2005.838867,-7068.918533
13.54,5.946867,-886.123333,-1988.838867,-7011.918533
13.55,12.946867,-896.123333,-1985.838867,-6949.918533
13.56,9.946867,-905.123333,-1982.838867,-6894.918533
13.57,17.946867,-919.123333,-1975.838867,-6840.918533
13.58,22.946867,-929.123333,-1967.838867,-6781.918533
13.59,20.946867,-939.123333,-1954.838867,-6719.918533
13.60,22.946867,-947.123333,-1939.838867,-6658.918533
13.61,24.946867,-963.123333,-1922.838867,-6599.918533
13.62,30.946867,-974.123333,-1908.838867,-6547.918533
13.63,30.946867,-980.123333,-1893.838867,-6504.918533
13.64,38.946867,-995.123333,-1871.838867,-6465.918533
13.65,41.946867,-1006.123333,-1864.838867,-6431.918533
13.66,41.946867,-1014.123333,-1855.838867,-6392.918533
13.67,45.946867,-1024.123333,-1831.838867,-6356.918533
13.68,49.946867,-1030.123333,-1822.838867,-6329.918533
13.69,47.946867,-1041.123333,-1805.838867,-6311.918533
13.70,52.946867,-1051.123333,-1787.838867,-6299.918533
13.71,57.946867,-1065.123333,-1773.838867,-6294.918533
13.72,58.946867,-1073.123333,-1765.838867,-6302.918533
13.73,55.946867,-1084.123333,-1753.838867,-6313.918533
13.74,64.946867,-1100.123333,-1739.838867,-6322.918533
13.75,56.946867,-1111.123333,-1723.838867,-6328.918533
13.76,70.946867,-1125.123333,-1711.838867,-6337.918533
13.77,69.946867,-1136.123333,-1698.838867,-6338.918533
13.78,67.946867,-1152.123333,-1688.838867,-6347.918533
13.79,66.946867,-1159.123333,-1673.838867,-6348.918533
13.80,73.946867,-1167.123333,-1660.838867,-6359.918533
13.81,69.946867,-1175.123333,-1651.838867,-6367.918533
13.82,76.946867,-1185.123333,-1635.838867,-6370.918533
13.83,73.946867,-1191.123333,-1623.838867,-6367.918533
13.84,74.946867,-1194.123333,-1609.838867,-6361.918533
13.85,74.946867,-1196.123333,-1595.838867,-6359.918533
13.86,77.946867,-1204.123333,-1580.838867,-6357.918533
13.87,77.946867,-1211.123333,-1574.838867,-6347.918533
13.88,83.946867,-1213.123333,-1548.838867,-6329.918533
13.89,82.946867,-1220.123333,-1541.838867,-6316.918533
13.90,80.946867,-1233.123333,-1521.838867,-6291.918533
13.91,76.946867,-1235.123333,-1498.838867,-6251.918533
13.92,82.946867,-1244.123333,-1479.838867,-6208.918533
13.93,76.946867,-1244.123333,-1466.838867,-6163.918533
13.94,79.946867,-1238.123333,-1450.838867,-6114.918533
13.95,81.946867,-1249.123333,-1444.838867,-6061.918533
13.96,79.946867,-1245.123333,-1428.838867,-5998.918533
13.97,78.946867,-1244.123333,-1406.838867,-5939.918533
13.98,76.946867,-1245.123333,-1400.838867,-5868.918533
13.99,75.946867,-1247.123333,-1371.838867,-5792.918533
14.00,70.946867,-1251.123333,-1353.838867,-5712.918533
14.01,67.946867,-1250.123333,-1337.838867,-5638.918533
14.02,69.946867,-1256.123333,-1315.838867,-5550.918533
14.03,64.946867,-1256.123333,-1294.838867,-5452.918533
14.04,57.946867,-1253.123333,-1290.838867,-5342.918533
14.05,55.946867,-1263.123333,-1270.838867,-5229.918533
14.06,54.946867,-1267.123333,-1250.838867,-5109.918533
14.07,52.946867,-1271.123333,-1246.838867,-4981.918533
14.08,40.946867,-1273.123333,-1232.838867,-4851.918533
14.09,40.946867,-1281.123333,-1215.838867,-4713.918533
14.10,32.946867,-1281.123333,-1195.838867,-4565.918533
14.11,29.946867,-1288.123333,-1182.838867,-4421.918533
14.12,25.946867,-1298.123333,-1171.838867,-4274.918533
14.13,23.946867,-1293.123333,-1157.838867,-4131.918533
14.14,15.946867,-1291.123333,-1138.838867,-3990.918533
14.15,8.946867,-1297.123333,-1126.838867,-3839.918533
14.16,5.946867,-1301.123333,-1109.838867,-3690.918533
14.17,-1.053133,-1302.123333,-1109.838867,-3536.918533
14.18,-6.053133,-1303.123333,-1093.838867,-3375.918533
14.19,-5.053133,-1309.123333,-1074.838867,-3217.918533
14.20,-13.053133,-1313.123333,-1068.838867,-3053.918533
14.21,-15.053133,-1315.123333,-1061.838867,-2898.918533
14.22,-20.053133,-1315.123333,-1047.838867,-2738.918533
14.23,-28.053133,-1313.123333,-1034.838867,-2584.918533
14.24,-32.053133,-1309.123333,-1029.838867,-2433.918533
14.25,-35.053133,-1307.123333,-1024.838867,-2283.918533
14.26,-40.053133,-1300.123333,-1012.838867,-2142.918533
14.27,-42.053133,-1299.123333,-1008.838867,-2014.918533
14.28,-50.053133,-1299.123333,-1002.838867,-1897.918533
14.29,-54.053133,-1296.123333,-989.838867,-1790.918533
14.30,-56.053133,-1291.123333,-985.838867,-1686.918533
14.31,-62.053133,-1286.123333,-970.838867,-1585.918533
14.32,-63.053133,-1279.123333,-980.838867,-1487.918533
14.33,-75.053133,-1274.123333,-972.838867,-1388.918533
14.34,-73.053133,-1271.123333,-973.838867,-1300.918533
14.35,-71.053133,-1263.123333,-968.838867,-1214.918533
14.36,-78.053133,-1261.123333,-968.838867,-1130.918533
14.37,-80.053133,-1252.123333,-964.838867,-1055.918533
14.38,-83.053133,-1246.123333,-969.838867,-983.918533
14.39,-88.053133,-1237.123333,-963.838867,-926.918533
14.40,-91.053133,-1231.123333,-969.838867,-870.918533
14.41,-93.053133,-1222.123333,-964.838867,-820.918533
14.42,-99.053133,-1216.123333,-970.838867,-773.918533
14.43,-97.053133,-1205.123333,-976.838867,-728.918533
14.44,-102.053133,-1193.123333,-971.838867,-677.918533
14.45,-100.053133,-1189.123333,-973.838867,-633.918533
14.46,-105.053133,-1174.123333,-986.838867,-580.918533
14.47,-105.053133,-1165.123333,-999.838867,-529.918533
14.48,-109.053133,-1159.123333,-1002.838867,-476.918533
14.49,-112.053133,-1152.123333,-1010.838867,-414.918533
14.50,-114.053133,-1138.123333,-1009.838867,-349.918533
14.51,-117.053133,-1128.123333,-1017.838867,-279.918533
14.52,-119.053133,-1119.123333,-1027.838867,-211.918533
14.53,-120.053133,-1114.123333,-1030.838867,-130.918533
14.54,-125.053133,-1105.123333,-1039.838867,-34.918533
14.55,-124.053133,-1087.123333,-1044.838867,64.081467
14.56,-129.053133,-1082.123333,-1055.838867,162.081467
14.57,-130.053133,-1067.123333,-1069.838867,272.081467
14.58,-132.053133,-1056.123333,-1073.838867,382.081467
14.59,-137.053133,-1050.123333,-1090.838867,503.081467
14.60,-142.053133,-1040.123333,-1103.838867,627.081467
14.61,-142.053133,-1019.123333,-1112.838867,753.081467
14.62,-144.053133,-1013.123333,-1117.838867,879.081467
14.63,-146.053133,-1001.123333,-1138.838867,1007.081467
14.64,-148.053133,-986.123333,-1149.838867,1141.081467
14.65,-147.053133,-969.123333,-1160.838867,1278.081467
14.66,-156.053133,-952.123333,-1174.838867,1419.081467
14.67,-159.053133,-938.123333,-1190.838867,1567.081467
14.68,-155.053133,-924.123333,-1209.838867,1721.081467
14.69,-156.053133,-905.123333,-1218.838867,1877.081467
14.70,-166.053133,-884.123333,-1225.838867,2038.081467
14.71,-158.053133,-879.123333,-1234.838867,2203.081467
14.72,-167.053133,-862.123333,-1242.838867,2370.081467
14.73,-172.053133,-846.123333,-1252.838867,2541.081467
14.74,-174.053133,-826.123333,-1266.838867,2715.081467
14.75,-171.053133,-808.123333,-1282.838867,2891.081467
14.76,-172.053133,-795.123333,-1286.838867,3067.081467
14.77,-176.053133,-773.123333,-1302.838867,3236.081467
14.78,-173.053133,-762.123333,-1312.838867,3409.081467
14.79,-180.053133,-745.123333,-1319.838867,3576.081467
14.80,-179.053133,-727.123333,-1338.838867,3738.081467
14.81,-180.053133,-706.123333,-1351.838867,3890.081467
14.82,-183.053133,-692.123333,-1354.838867,4043.081467
14.83,-185.053133,-676.123333,-1367.838867,4182.081467
14.84,-181.053133,-665.123333,-1383.838867,4316.081467
14.85,-185.053133,-647.123333,-1395.838867,4446.081467
14.86,-182.053133,-636.123333,-1407.838867,4561.081467
14.87,-185.053133,-618.123333,-1418.838867,4661.081467
14.88,-181.053133,-608.123333,-1421.838867,4747.081467
14.89,-181.053133,-599.123333,-1444.838867,4822.081467
14.90,-180.053133,-594.123333,-1450.838867,4894.081467
14.91,-179.053133,-578.123333,-1465.838867,4963.081467
14.92,-176.053133,-573.123333,-1480.838867,5024.081467
14.93,-171.053133,-566.123333,-1498.838867,5082.081467
14.94,-171.053133,-557.123333,-1511.838867,5131.081467
14.95,-167.053133,-550.123333,-1522.838867,5174.081467
14.96,-164.053133,-544.123333,-1542.838867,5192.081467
14.97,-160.053133,-533.123333,-1558.838867,5205.081467
14.98,-156.053133,-531.123333,-1575.838867,5217.081467
14.99,-150.053133,-525.123333,-1597.838867,5214.081467
15.00,-146.053133,-519.123333,-1619.838867,5198.081467
15.01,-140.053133,-513.123333,-1627.838867,5173.081467
15.02,-141.053133,-504.123333,-1643.838867,5133.081467
15.03,-127.053133,-501.123333,-1653.838867,5077.081467
15.04,-124.053133,-499.123333,-1668.838867,5013.081467
15.05,-118.053133,-500.123333,-1700.838867,4945.081467
15.06,-111.053133,-495.123333,-1698.838867,4873.081467
15.07,-110.053133,-497.123333,-1719.838867,4789.081467
15.08,-102.053133,-497.123333,-1734.838867,4695.081467
15.09,-97.053133,-490.123333,-1744.838867,4588.081467
15.10,-86.053133,-493.123333,-1759.838867,4479.081467
15.11,-80.053133,-500.123333,-1766.838867,4361.081467
15.12,-75.053133,-505.123333,-1782.838867,4248.081467
15.13,-70.053133,-502.123333,-1786.838867,4140.081467
15.14,-59.053133,-509.123333,-1793.838867,4033.081467
15.15,-53.053133,-509.123333,-1808.838867,3924.081467
15.16,-49.053133,-515.123333,-1809.838867,3812.081467
15.17,-46.053133,-511.123333,-1811.838867,3694.081467
15.18,-46.053133,-517.123333,-1824.838867,3572.081467
15.19,-36.053133,-525.123333,-1817.838867,3448.081467
15.20,-36.053133,-529.123333,-1824.838867,3327.081467
15.21,-30.053133,-533.123333,-1820.838867,3199.081467
15.22,-24.053133,-541.123333,-1824.838867,3069.081467
15.23,-19.053133,-548.123333,-1830.838867,2934.081467
15.24,-18.053133,-552.123333,-1829.838867,2808.081467
15.25,-11.053133,-556.123333,-1829.838867,2683.081467
15.26,-13.053133,-562.123333,-1836.838867,2557.081467
15.27,-8.053133,-568.123333,-1828.838867,2430.081467
15.28,-5.053133,-584.123333,-1837.838867,2303.081467
15.29,-4.053133,-594.123333,-1834.838867,2169.081467
15.30,-1.053133,-596.123333,-1834.838867,2039.081467
15.31,4.946867,-601.123333,-1829.838867,1899.081467
15.32,5.946867,-620.123333,-1836.838867,1760.081467
15.33,10.946867,-625.123333,-1830.838867,1617.081467
15.34,14.946867,-643.123333,-1833.838867,1477.081467
15.35,17.946867,-646.123333,-1828.838867,1337.081467
15.36,19.946867,-661.123333,-1835.838867,1192.081467
15.37,22.946867,-675.123333,-1823.838867,1039.081467
15.38,24.946867,-687.123333,-1831.838867,880.081467
15.39,39.946867,-698.123333,-1825.838867,731.081467
15.40,33.946867,-706.123333,-1823.838867,583.081467
15.41,37.946867,-717.123333,-1811.838867,430.081467
15.42,36.946867,-732.123333,-1812.838867,272.081467
15.43,46.946867,-745.123333,-1811.838867,105.081467
15.44,51.946867,-758.123333,-1803.838867,-68.918533
15.45,54.946867,-768.123333,-1798.838867,-244.918533
15.46,53.946867,-772.123333,-1795.838867,-424.918533
15.47,59.946867,-792.123333,-1796.838867,-609.918533
15.48,64.946867,-805.123333,-1791.838867,-796.918533
15.49,62.946867,-811.123333,-1790.838867,-974.918533
15.50,70.946867,-821.123333,-1770.838867,-1159.918533
15.51,71.946867,-834.123333,-1770.838867,-1345.918533
15.52,74.946867,-845.123333,-1766.838867,-1528.918533
15.53,78.946867,-849.123333,-1761.838867,-1709.918533
15.54,87.946867,-861.123333,-1754.838867,-1899.918533
15.55,92.946867,-873.123333,-1755.838867,-2087.918533
15.56,97.946867,-878.123333,-1751.838867,-2269.918533
15.57,102.946867,-890.123333,-1745.838867,-2451.918533
15.58,109.946867,-895.123333,-1731.838867,-2633.918533
15.59,114.946867,-902.123333,-1731.838867,-2825.918533
15.60,112.946867,-912.123333,-1720.838867,-3008.918533
15.61,119.946867,-915.123333,-1708.838867,-3195.918533
15.62,125.946867,-925.123333,-1701.838867,-3375.918533
15.63,133.946867,-930.123333,-1700.838867,-3556.918533
15.64,140.946867,-943.123333,-1698.838867,-3725.918533
15.65,143.946867,-952.123333,-1679.838867,-3881.918533
15.66,153.946867,-958.123333,-1676.838867,-4032.918533
15.67,158.946867,-961.123333,-1666.838867,-4180.918533
15.68,166.946867,-968.123333,-1658.838867,-4326.918533
15.69,168.946867,-972.123333,-1646.838867,-4473.918533
15.70,173.946867,-979.123333,-1655.838867,-4616.918533
15.71,181.946867,-989.123333,-1632.838867,-4739.918533
15.72,182.946867,-993.123333,-1629.838867,-4850.918533
15.73,193.946867,-1006.123333,-1627.838867,-4942.918533
15.74,193.946867,-1005.123333,-1609.838867,-5017.918533
15.75,199.946867,-1004.123333,-1604.838867,-5084.918533
15.76,203.946867,-1005.123333,-1600.838867,-5136.918533
15.77,208.946867,-1011.123333,-1586.838867,-5174.918533
15.78,214.946867,-1010.123333,-1580.838867,-5190.918533
15.79,211.946867,-1008.123333,-1581.838867,-5197.918533
15.80,217.946867,-1013.123333,-1570.838867,-5185.918533
15.81,217.946867,-1006.123333,-1556.838867,-5164.918533
15.82,221.946867,-1007.123333,-1553.838867,-5132.918533
15.83,222.946867,-1007.123333,-1550.838867,-5092.918533
15.84,226.946867,-1007.123333,-1540.838867,-5039.918533
15.85,227.946867,-1006.123333,-1531.838867,-4975.918533
15.86,229.946867,-1005.123333,-1522.838867,-4911.918533
15.87,227.946867,-1008.123333,-1508.838867,-4839.918533
15.88,233.946867,-1009.123333,-1495.838867,-4757.918533
15.89,227.946867,-1002.123333,-1487.838867,-4671.918533
15.90,226.946867,-996.123333,-1476.838867,-4580.918533
15.91,224.946867,-989.123333,-1471.838867,-4487.918533
15.92,226.946867,-982.123333,-1459.838867,-4384.918533
15.93,221.946867,-981.123333,-1444.838867,-4271.918533
15.94,222.946867,-972.123333,-1440.838867,-4156.918533
15.95,216.946867,-967.123333,-1434.838867,-4039.918533
15.96,214.946867,-970.123333,-1425.838867,-3922.918533
15.97,211.946867,-953.123333,-1406.838867,-3806.918533
15.98,205.946867,-951.123333,-1411.838867,-3702.918533
15.99,197.946867,-941.123333,-1397.838867,-3599.918533
16.00,202.946867,-938.123333,-1378.838867,-3489.918533
16.01,193.946867,-927.123333,-1381.838867,-3398.918533
16.02,191.946867,-926.123333,-1372.838867,-3308.918533
16.03,181.946867,-922.123333,-1365.838867,-3229.918533
16.04,179.946867,-909.123333,-1360.838867,-3161.918533
16.05,172.946867,-904.123333,-1361.838867,-3100.918533
16.06,164.946867,-896.123333,-1356.838867,-3043.918533
16.07,160.946867,-882.123333,-1365.838867,-2997.918533
16.08,152.946867,-863.123333,-1360.838867,-2965.918533
16.09,145.946867,-851.123333,-1349.838867,-2949.918533
16.10,141.946867,-846.123333,-1353.838867,-2948.918533
16.11,129.946867,-829.123333,-1349.838867,-2966.918533
16.12,131.946867,-824.123333,-1343.838867,-3000.918533
16.13,113.946867,-812.123333,-1352.838867,-3048.918533
16.14,109.946867,-799.123333,-1352.838867,-3113.918533
16.15,106.946867,-787.123333,-1353.838867,-3181.918533
16.16,100.946867,-782.123333,-1355.838867,-3255.918533
16.17,92.946867,-766.123333,-1358.838867,-3335.918533
16.18,85.946867,-753.123333,-1355.838867,-3429.918533
16.19,81.946867,-739.123333,-1359.838867,-3530.918533
16.20,70.946867,-734.123333,-1361.838867,-3636.918533
16.21,63.946867,-725.123333,-1358.838867,-3743.918533
16.22,58.946867,-709.123333,-1369.838867,-3849.918533
16.23,49.946867,-700.123333,-1364.838867,-3959.918533
16.24,50.946867,-695.123333,-1376.838867,-4082.918533
16.25,41.946867,-688.123333,-1382.838867,-4211.918533
16.26,35.946867,-680.123333,-1376.838867,-4338.918533
16.27,28.946867,-669.123333,-1385.838867,-4474.918533
16.28,23.946867,-671.123333,-1392.838867,-4621.918533
16.29,17.946867,-666.123333,-1408.838867,-4767.918533
16.30,12.946867,-665.123333,-1417.838867,-4913.918533
16.31,7.946867,-665.123333,-1423.838867,-5063.918533
16.32,2.946867,-670.123333,-1426.838867,-5218.918533
16.33,-2.053133,-667.123333,-1435.838867,-5381.918533
16.34,-6.053133,-666.123333,-1449.838867,-5554.918533
16.35,-14.053133,-669.123333,-1450.838867,-5742.918533
16.36,-16.053133,-672.123333,-1463.838867,-5935.918533
16.37,-24.053133,-673.123333,-1469.838867,-6140.918533
16.38,-30.053133,-676.123333,-1481.838867,-6348.918533
16.39,-35.053133,-685.123333,-1490.838867,-6564.918533
16.40,-41.053133,-691.123333,-1500.838867,-6784.918533
16.41,-49.053133,-690.123333,-1500.838867,-7008.918533
16.42,-52.053133,-698.123333,-1504.838867,-7235.918533
16.43,-58.053133,-698.123333,-1520.838867,-7453.918533
16.44,-63.053133,-702.123333,-1520.838867,-7670.918533
16.45,-66.053133,-704.123333,-1536.838867,-7880.918533
16.46,-71.053133,-706.123333,-1544.838867,-8087.918533
16.47,-77.053133,-705.123333,-1542.838867,-8297.918533
16.48,-85.053133,-710.123333,-1554.838867,-8514.918533
16.49,-95.053133,-717.123333,-1557.838867,-8719.918533
16.50,-95.053133,-716.123333,-1560.838867,-8910.918533
16.51,-101.053133,-720.123333,-1572.838867,-9099.918533
16.52,-112.053133,-718.123333,-1581.838867,-9276.918533
16.53,-117.053133,-728.123333,-1577.838867,-9442.918533
16.54,-125.053133,-736.123333,-1591.838867,-9591.918533
16.55,-129.053133,-738.123333,-1604.838867,-9728.918533
16.56,-135.053133,-754.123333,-1601.838867,-9857.918533
16.57,-138.053133,-759.123333,-1605.838867,-9973.918533
16.58,-151.053133,-763.123333,-1605.838867,-10071.918533
16.59,-151.053133,-769.123333,-1614.838867,-10163.918533
16.60,-164.053133,-772.123333,-1627.838867,-10241.918533
16.61,-169.053133,-782.123333,-1628.838867,-10315.918533
16.62,-173.053133,-784.123333,-1638.838867,-10385.918533
16.63,-175.053133,-793.123333,-1641.838867,-10449.918533
16.64,-176.053133,-798.123333,-1645.838867,-10505.918533
16.65,-180.053133,-803.123333,-1643.838867,-10555.918533
16.66,-185.053133,-816.123333,-1657.838867,-10596.918533
16.67,-189.053133,-822.123333,-1644.838867,-10632.918533
16.68,-191.053133,-831.123333,-1645.838867,-10662.918533
16.69,-193.053133,-838.123333,-1653.838867,-10693.918533
16.70,-197.053133,-838.123333,-1656.838867,-10719.918533
16.71,-198.053133,-852.123333,-1674.838867,-10741.918533
16.72,-201.053133,-861.123333,-1675.838867,-10753.918533
16.73,-203.053133,-867.123333,-1681.838867,-10772.918533
16.74,-202.053133,-872.123333,-1685.838867,-10801.918533
16.75,-202.053133,-881.123333,-1684.838867,-10823.918533
16.76,-202.053133,-883.123333,-1682.838867,-10853.918533
16.77,-208.053133,-894.123333,-1698.838867,-10883.918533
16.78,-207.053133,-902.123333,-1706.838867,-10914.918533
16.79,-209.053133,-918.123333,-1699.838867,-10933.918533
16.80,-206.053133,-926.123333,-1714.838867,-10942.918533
16.81,-203.053133,-935.123333,-1727.838867,-10948.918533
16.82,-207.053133,-944.123333,-1741.838867,-10949.918533
16.83,-206.053133,-957.123333,-1726.838867,-10938.918533
16.84,-191.053133,-970.123333,-1740.838867,-10923.918533
16.85,-199.053133,-972.123333,-1741.838867,-10903.918533
16.86,-190.053133,-983.123333,-1749.838867,-10878.918533
16.87,-188.053133,-995.123333,-1753.838867,-10849.918533
16.88,-187.053133,-1011.123333,-1746.838867,-10806.918533
16.89,-186.053133,-1017.123333,-1749.838867,-10757.918533
16.90,-184.053133,-1031.123333,-1747.838867,-10711.918533
16.91,-176.053133,-1040.123333,-1743.838867,-10658.918533
16.92,-171.053133,-1057.123333,-1746.838867,-10599.918533
16.93,-166.053133,-1076.123333,-1742.838867,-10527.918533
16.94,-158.053133,-1076.123333,-1732.838867,-10450.918533
16.95,-149.053133,-1104.123333,-1726.838867,-10362.918533
16.96,-142.053133,-1111.123333,-1716.838867,-10272.918533
16.97,-135.053133,-1127.123333,-1718.838867,-10175.918533
16.98,-123.053133,-1132.123333,-1709.838867,-10079.918533
16.99,-118.053133,-1150.123333,-1703.838867,-9988.918533
17.00,-109.053133,-1159.123333,-1704.838867,-9897.918533
17.01,-99.053133,-1163.123333,-1704.838867,-9806.918533
17.02,-91.053133,-1182.123333,-1690.838867,-9710.918533
17.03,-77.053133,-1185.123333,-1692.838867,-9601.918533
17.04,-72.053133,-1203.123333,-1681.838867,-9495.918533
17.05,-58.053133,-1217.123333,-1678.838867,-9383.918533
17.06,-55.053133,-1233.123333,-1665.838867,-9263.918533
17.07,-38.053133,-1245.123333,-1661.838867,-9147.918533
17.08,-31.053133,-1262.123333,-1656.838867,-9025.918533
17.09,-24.053133,-1264.123333,-1652.838867,-8905.918533
17.10,-12.053133,-1273.123333,-1651.838867,-8786.918533
17.11,-3.053133,-1277.123333,-1642.838867,-8671.918533
17.12,3.946867,-1289.123333,-1641.838867,-8557.918533
17.13,15.946867,-1304.123333,-1635.838867,-8440.918533
17.14,20.946867,-1314.123333,-1632.838867,-8322.918533
17.15,31.946867,-1319.123333,-1623.838867,-8202.918533
17.16,38.946867,-1325.123333,-1623.838867,-8082.918533
17.17,42.946867,-1329.123333,-1608.838867,-7965.918533
17.18,53.946867,-1330.123333,-1591.838867,-7847.918533
17.19,59.946867,-1338.123333,-1584.838867,-7739.918533
17.20,72.946867,-1344.123333,-1574.838867,-7630.918533
17.21,74.946867,-1355.123333,-1569.838867,-7518.918533
17.22,85.946867,-1362.123333,-1560.838867,-7403.918533
17.23,93.946867,-1374.123333,-1546.838867,-7279.918533
17.24,101.946867,-1373.123333,-1538.838867,-7159.918533
17.25,104.946867,-1377.123333,-1516.838867,-7039.918533
17.26,113.946867,-1381.123333,-1514.838867,-6924.918533
17.27,119.946867,-1378.123333,-1497.838867,-6810.918533
17.28,125.946867,-1379.123333,-1491.838867,-6695.918533
17.29,128.946867,-1376.123333,-1473.838867,-6575.918533
17.30,130.946867,-1372.123333,-1449.838867,-6463.918533
17.31,131.946867,-1372.123333,-1433.838867,-6349.918533
17.32,133.946867,-1375.123333,-1414.838867,-6239.918533
17.33,143.946867,-1376.123333,-1392.838867,-6126.918533
17.34,140.946867,-1379.123333,-1373.838867,-6016.918533
17.35,146.946867,-1375.123333,-1357.838867,-5906.918533
17.36,151.946867,-1370.123333,-1339.838867,-5782.918533
17.37,151.946867,-1358.123333,-1329.838867,-5663.918533
17.38,149.946867,-1353.123333,-1307.838867,-5538.918533
17.39,153.946867,-1354.123333,-1299.838867,-5406.918533
17.40,151.946867,-1340.123333,-1275.838867,-5275.918533
17.41,151.946867,-1333.123333,-1269.838867,-5154.918533
17.42,159.946867,-1334.123333,-1256.838867,-5031.918533
17.43,161.946867,-1325.123333,-1245.838867,-4912.918533
17.44,162.946867,-1312.123333,-1245.838867,-4793.918533
17.45,164.946867,-1302.123333,-1228.838867,-4670.918533
17.46,168.946867,-1293.123333,-1211.838867,-4544.918533
17.47,167.946867,-1282.123333,-1209.838867,-4415.918533
17.48,165.946867,-1276.123333,-1200.838867,-4283.918533
17.49,169.946867,-1262.123333,-1189.838867,-4149.918533
17.50,174.946867,-1254.123333,-1181.838867,-4019.918533
17.51,171.946867,-1244.123333,-1180.838867,-3883.918533
17.52,174.946867,-1229.123333,-1164.838867,-3743.918533
17.53,173.946867,-1216.123333,-1160.838867,-3599.918533
17.54,172.946867,-1194.123333,-1151.838867,-3456.918533
17.55,176.946867,-1188.123333,-1148.838867,-3309.918533
17.56,175.946867,-1177.123333,-1131.838867,-3161.918533
17.57,173.946867,-1158.123333,-1127.838867,-3024.918533
17.58,177.946867,-1145.123333,-1111.838867,-2890.918533
17.59,178.946867,-1127.123333,-1112.838867,-2769.918533
17.60,177.946867,-1115.123333,-1104.838867,-2653.918533
17.61,180.946867,-1094.123333,-1113.838867,-2537.918533
17.62,178.946867,-1075.123333,-1100.838867,-2431.918533
17.63,181.946867,-1061.123333,-1096.838867,-2329.918533
17.64,180.946867,-1037.123333,-1090.838867,-2238.918533
17.65,180.946867,-1020.123333,-1089.838867,-2163.918533
17.66,179.946867,-998.123333,-1091.838867,-2107.918533
17.67,181.946867,-979.123333,-1091.838867,-2063.918533
17.68,181.946867,-956.123333,-1089.838867,-2034.918533
17.69,178.946867,-937.123333,-1092.838867,-2022.918533
17.70,180.946867,-915.123333,-1096.838867,-2022.918533
17.71,180.946867,-892.123333,-1102.838867,-2032.918533
17.72,177.946867,-875.123333,-1105.838867,-2052.918533
17.73,181.946867,-857.123333,-1115.838867,-2079.918533
17.74,181.946867,-840.123333,-1121.838867,-2108.918533
17.75,181.946867,-822.123333,-1130.838867,-2145.918533
17.76,180.946867,-803.123333,-1136.838867,-2189.918533
17.77,177.946867,-780.123333,-1145.838867,-2237.918533
17.78,182.946867,-769.123333,-1151.838867,-2285.918533
17.79,182.946867,-745.123333,-1171.838867,-2335.918533
17.80,183.946867,-729.123333,-1166.838867,-2391.918533
17.81,180.946867,-719.123333,-1180.838867,-2449.918533
17.82,184.946867,-703.123333,-1195.838867,-2504.918533
17.83,180.946867,-685.123333,-1197.838867,-2562.918533
17.84,182.946867,-672.123333,-1199.838867,-2615.918533
17.85,180.946867,-664.123333,-1200.838867,-2664.918533
17.86,176.946867,-651.123333,-1216.838867,-2699.918533
17.87,174.946867,-641.123333,-1225.838867,-2733.918533
17.88,171.946867,-632.123333,-1232.838867,-2757.918533
17.89,172.946867,-628.123333,-1245.838867,-2771.918533
17.90,168.946867,-617.123333,-1253.838867,-2764.918533
17.91,168.946867,-604.123333,-1268.838867,-2745.918533
17.92,168.946867,-597.123333,-1285.838867,-2720.918533
17.93,169.946867,-585.123333,-1294.838867,-2686.918533
17.94,165.946867,-580.123333,-1302.838867,-2643.918533
17.95,167.946867,-570.123333,-1316.838867,-2581.918533
17.96,167.946867,-564.123333,-1325.838867,-2505.918533
17.97,162.946867,-562.123333,-1341.838867,-2420.918533
17.98,161.946867,-560.123333,-1346.838867,-2311.918533
17.99,160.946867,-551.123333,-1360.838867,-2191.918533
18.00,156.946867,-545.123333,-1378.838867,-2058.918533
18.01,151.946867,-541.123333,-1392.838867,-1907.918533
18.02,147.946867,-535.123333,-1404.838867,-1746.918533
18.03,144.946867,-523.123333,-1419.838867,-1568.918533
18.04,139.946867,-518.123333,-1440.838867,-1391.918533
18.05,133.946867,-515.123333,-1460.838867,-1198.918533
18.06,131.946867,-510.123333,-1474.838867,-998.918533
18.07,122.946867,-501.123333,-1495.838867,-788.918533
18.08,125.946867,-490.123333,-1508.838867,-574.918533
18.09,118.946867,-481.123333,-1526.838867,-356.918533
18.10,113.946867,-472.123333,-1533.838867,-135.918533
18.11,112.946867,-475.123333,-1554.838867,89.081467
18.12,96.946867,-464.123333,-1567.838867,325.081467
18.13,92.946867,-463.123333,-1571.838867,572.081467
18.14,87.946867,-462.123333,-1595.838867,819.081467
18.15,79.946867,-460.123333,-1599.838867,1073.081467
18.16,73.946867,-452.123333,-1607.838867,1324.081467
18.17,65.946867,-449.123333,-1626.838867,1576.081467
18.18,56.946867,-438.123333,-1631.838867,1824.081467
18.19,49.946867,-441.123333,-1646.838867,2072.081467
18.20,41.946867,-440.123333,-1654.838867,2317.081467
18.21,30.946867,-437.123333,-1666.838867,2569.081467
18.22,26.946867,-437.123333,-1670.838867,2811.081467
18.23,20.946867,-440.123333,-1682.838867,3048.081467
18.24,6.946867,-437.123333,-1690.838867,3281.081467
18.25,-3.053133,-444.123333,-1688.838867,3512.081467
18.26,-10.053133,-442.123333,-1701.838867,3725.081467
18.27,-17.053133,-449.123333,-1718.838867,3943.081467
18.28,-32.053133,-453.123333,-1715.838867,4155.081467
18.29,-40.053133,-462.123333,-1726.838867,4348.081467
18.30,-45.053133,-460.123333,-1741.838867,4523.081467
18.31,-56.053133,-467.123333,-1740.838867,4684.081467
18.32,-57.053133,-470.123333,-1750.838867,4829.081467
18.33,-67.053133,-473.123333,-1747.838867,4962.081467
18.34,-74.053133,-476.123333,-1754.838867,5079.081467
18.35,-83.053133,-482.123333,-1756.838867,5186.081467
18.36,-89.053133,-496.123333,-1757.838867,5276.081467
18.37,-100.053133,-503.123333,-1765.838867,5358.081467
18.38,-109.053133,-508.123333,-1767.838867,5423.081467
18.39,-114.053133,-509.123333,-1769.838867,5480.081467
18.40,-127.053133,-522.123333,-1765.838867,5517.081467
18.41,-131.053133,-533.123333,-1774.838867,5547.081467
18.42,-137.053133,-539.123333,-1782.838867,5571.081467
18.43,-144.053133,-543.123333,-1782.838867,5583.081467
18.44,-150.053133,-552.123333,-1784.838867,5583.081467
18.45,-160.053133,-556.123333,-1787.838867,5578.081467
18.46,-168.053133,-565.123333,-1784.838867,5570.081467
18.47,-174.053133,-566.123333,-1784.838867,5562.081467
18.48,-174.053133,-574.123333,-1784.838867,5549.081467
18.49,-185.053133,-575.123333,-1783.838867,5533.081467
18.50,-187.053133,-579.123333,-1782.838867,5517.081467
18.51,-193.053133,-582.123333,-1782.838867,5493.081467
18.52,-202.053133,-599.123333,-1778.838867,5471.081467
18.53,-205.053133,-609.123333,-1779.838867,5455.081467
18.54,-210.053133,-616.123333,-1778.838867,5448.081467
18.55,-214.053133,-623.123333,-1777.838867,5442.081467
18.56,-223.053133,-627.123333,-1771.838867,5442.081467
18.57,-230.053133,-642.123333,-1772.838867,5440.081467
18.58,-238.053133,-647.123333,-1762.838867,5443.081467
18.59,-236.053133,-659.123333,-1758.838867,5444.081467
18.60,-236.053133,-669.123333,-1751.838867,5437.081467
18.61,-243.053133,-679.123333,-1753.838867,5427.081467
18.62,-249.053133,-687.123333,-1742.838867,5417.081467
18.63,-253.053133,-695.123333,-1731.838867,5402.081467
18.64,-254.053133,-709.123333,-1729.838867,5383.081467
18.65,-259.053133,-712.123333,-1724.838867,5364.081467
18.66,-264.053133,-725.123333,-1721.838867,5346.081467
18.67,-262.053133,-736.123333,-1719.838867,5328.081467
18.68,-270.053133,-743.123333,-1720.838867,5317.081467
18.69,-268.053133,-749.123333,-1719.838867,5309.081467
18.70,-276.053133,-761.123333,-1709.838867,5302.081467
18.71,-275.053133,-767.123333,-1704.838867,5295.081467
18.72,-273.053133,-778.123333,-1700.838867,5291.081467
18.73,-279.053133,-779.123333,-1701.838867,5281.081467
18.74,-283.053133,-783.123333,-1691.838867,5270.081467
18.75,-278.053133,-790.123333,-1685.838867,5250.081467
18.76,-277.053133,-790.123333,-1683.838867,5227.081467
18.77,-278.053133,-797.123333,-1676.838867,5194.081467
18.78,-280.053133,-801.123333,-1672.838867,5160.081467
18.79,-280.053133,-805.123333,-1666.838867,5124.081467
18.80,-280.053133,-814.123333,-1658.838867,5084.081467
18.81,-283.053133,-812.123333,-1656.838867,5051.081467
18.82,-279.053133,-812.123333,-1652.838867,5005.081467
18.83,-275.053133,-819.123333,-1645.838867,4957.081467
18.84,-278.053133,-821.123333,-1644.838867,4907.081467
18.85,-277.053133,-823.123333,-1639.838867,4851.081467
18.86,-267.053133,-822.123333,-1635.838867,4789.081467
18.87,-269.053133,-831.123333,-1620.838867,4722.081467
18.88,-263.053133,-842.123333,-1617.838867,4647.081467
18.89,-262.053133,-840.123333,-1613.838867,4562.081467
18.90,-258.053133,-845.123333,-1607.838867,4464.081467
18.91,-255.053133,-851.123333,-1600.838867,4361.081467
18.92,-248.053133,-856.123333,-1596.838867,4257.081467
18.93,-245.053133,-857.123333,-1593.838867,4151.081467
18.94,-238.053133,-867.123333,-1594.838867,4034.081467
18.95,-235.053133,-866.123333,-1584.838867,3911.081467
18.96,-231.053133,-868.123333,-1574.838867,3776.081467
18.97,-224.053133,-870.123333,-1567.838867,3638.081467
18.98,-214.053133,-876.123333,-1572.838867,3490.081467
18.99,-211.053133,-880.123333,-1572.838867,3332.081467
19.00,-200.053133,-890.123333,-1566.838867,3171.081467
19.01,-205.053133,-889.123333,-1562.838867,3003.081467
19.02,-192.053133,-901.123333,-1562.838867,2816.081467
19.03,-186.053133,-907.123333,-1554.838867,2629.081467
19.04,-185.053133,-911.123333,-1555.838867,2430.081467
19.05,-173.053133,-905.123333,-1555.838867,2221.081467
19.06,-167.053133,-914.123333,-1548.838867,2005.081467
19.07,-157.053133,-916.123333,-1543.838867,1784.081467
19.08,-157.053133,-918.123333,-1526.838867,1549.081467
19.09,-148.053133,-914.123333,-1530.838867,1302.081467
19.10,-144.053133,-921.123333,-1515.838867,1043.081467
19.11,-138.053133,-929.123333,-1519.838867,772.081467
19.12,-132.053133,-928.123333,-1519.838867,492.081467
19.13,-121.053133,-923.123333,-1511.838867,197.081467
19.14,-117.053133,-926.123333,-1511.838867,-101.918533
19.15,-114.053133,-927.123333,-1513.838867,-416.918533
19.16,-109.053133,-923.123333,-1503.838867,-749.918533
19.17,-100.053133,-928.123333,-1506.838867,-1095.918533
19.18,-98.053133,-925.123333,-1487.838867,-1445.918533
19.19,-89.053133,-926.123333,-1486.838867,-1808.918533
19.20,-82.053133,-928.123333,-1489.838867,-2183.918533
19.21,-77.053133,-938.123333,-1486.838867,-2558.918533
19.22,-64.053133,-933.123333,-1493.838867,-2929.918533
19.23,-62.053133,-933.123333,-1487.838867,-3304.918533
19.24,-54.053133,-934.123333,-1474.838867,-3679.918533
19.25,-51.053133,-929.123333,-1481.838867,-4055.918533
19.26,-43.053133,-926.123333,-1473.838867,-4427.918533
19.27,-34.053133,-933.123333,-1463.838867,-4795.918533
19.28,-31.053133,-928.123333,-1462.838867,-5163.918533
19.29,-21.053133,-929.123333,-1465.838867,-5529.918533
19.30,-20.053133,-927.123333,-1460.838867,-5880.918533
19.31,-9.053133,-923.123333,-1463.838867,-6229.918533
19.32,-5.053133,-927.123333,-1451.838867,-6560.918533
19.33,5.946867,-918.123333,-1450.838867,-6877.918533
19.34,8.946867,-918.123333,-1446.838867,-7190.918533
19.35,11.946867,-916.123333,-1449.838867,-7491.918533
19.36,20.946867,-907.123333,-1445.838867,-7775.918533
19.37,26.946867,-905.123333,-1438.838867,-8044.918533
19.38,30.946867,-903.123333,-1437.838867,-8295.918533
19.39,38.946867,-892.123333,-1436.838867,-8533.918533
19.40,40.946867,-886.123333,-1425.838867,-8753.918533
19.41,45.946867,-876.123333,-1430.838867,-8963.918533
19.42,50.946867,-866.123333,-1419.838867,-9155.918533
19.43,54.946867,-849.123333,-1422.838867,-9328.918533
19.44,56.946867,-836.123333,-1418.838867,-9491.918533
19.45,61.946867,-822.123333,-1418.838867,-9637.918533
19.46,67.946867,-806.123333,-1407.838867,-9770.918533
19.47,72.946867,-797.123333,-1414.838867,-9899.918533
19.48,77.946867,-773.123333,-1417.838867,-10021.918533
19.49,75.946867,-756.123333,-1415.838867,-10130.918533
19.50,83.946867,-731.123333,-1423.838867,-10229.918533
19.51,82.946867,-716.123333,-1420.838867,-10324.918533
19.52,88.946867,-698.123333,-1415.838867,-10402.918533
19.53,96.946867,-673.123333,-1416.838867,-10482.918533
19.54,92.946867,-657.123333,-1414.838867,-10559.918533
19.55,98.946867,-641.123333,-1408.838867,-10634.918533
19.56,98.946867,-624.123333,-1406.838867,-10702.918533
19.57,100.946867,-599.123333,-1416.838867,-10761.918533
19.58,102.946867,-578.123333,-1404.838867,-10812.918533
19.59,100.946867,-558.123333,-1407.838867,-10860.918533
19.60,109.946867,-543.123333,-1406.838867,-10894.918533
19.61,113.946867,-528.123333,-1408.838867,-10924.918533
19.62,116.946867,-503.123333,-1410.838867,-10951.918533
19.63,117.946867,-497.123333,-1411.838867,-10967.918533
19.64,117.946867,-484.123333,-1405.838867,-10972.918533
19.65,114.946867,-472.123333,-1415.838867,-10965.918533
19.66,120.946867,-461.123333,-1409.838867,-10948.918533
19.67,115.946867,-450.123333,-1410.838867,-10924.918533
19.68,123.946867,-437.123333,-1413.838867,-10895.918533
19.69,121.946867,-422.123333,-1416.838867,-10866.918533
19.70,130.946867,-414.123333,-1417.838867,-10827.918533
19.71,126.946867,-408.123333,-1417.838867,-10784.918533
19.72,127.946867,-401.123333,-1420.838867,-10732.918533
19.73,125.946867,-400.123333,-1415.838867,-10669.918533
19.74,125.946867,-385.123333,-1424.838867,-10602.918533
19.75,129.946867,-391.123333,-1433.838867,-10529.918533
19.76,130.946867,-388.123333,-1430.838867,-10451.918533
19.77,130.946867,-385.123333,-1433.838867,-10362.918533
19.78,130.946867,-380.123333,-1446.838867,-10271.918533
19.79,134.946867,-385.123333,-1445.838867,-10177.918533
19.80,135.946867,-389.123333,-1453.838867,-10080.918533
19.81,134.946867,-391.123333,-1458.838867,-9970.918533
19.82,135.946867,-387.123333,-1451.838867,-9867.918533
19.83,136.946867,-391.123333,-1459.838867,-9760.918533
19.84,138.946867,-390.123333,-1469.838867,-9650.918533
19.85,138.946867,-391.123333,-1478.838867,-9541.918533
19.86,143.946867,-394.123333,-1483.838867,-9418.918533
19.87,147.946867,-399.123333,-1485.838867,-9282.918533
19.88,146.946867,-397.123333,-1487.838867,-9144.918533
19.89,154.946867,-404.123333,-1488.838867,-9008.918533
19.90,152.946867,-407.123333,-1501.838867,-8872.918533
19.91,160.946867,-422.123333,-1505.838867,-8732.918533
19.92,163.946867,-424.123333,-1519.838867,-8587.918533
19.93,161.946867,-423.123333,-1521.838867,-8443.918533
19.94,164.946867,-433.123333,-1521.838867,-8295.918533
19.95,174.946867,-446.123333,-1537.838867,-8140.918533
19.96,175.946867,-449.123333,-1543.838867,-7988.918533
19.97,173.946867,-457.123333,-1556.838867,-7837.918533
19.98,180.946867,-464.123333,-1559.838867,-7688.918533
19.99,183.946867,-471.123333,-1566.838867,-7533.918533
20.00,186.946867,-482.123333,-1573.838867,-7382.918533
20.01,190.946867,-491.123333,-1596.838867,-7231.918533
20.02,196.946867,-497.123333,-1599.838867,-7080.918533
20.03,192.946867,-507.123333,-1595.838867,-6927.918533
20.04,197.946867,-510.123333,-1603.838867,-6782.918533
20.05,198.946867,-521.123333,-1604.838867,-6643.918533
20.06,198.946867,-528.123333,-1607.838867,-6503.918533
20.07,200.946867,-542.123333,-1620.838867,-6372.918533
20.08,203.946867,-550.123333,-1629.838867,-6251.918533
20.09,207.946867,-568.123333,-1640.838867,-6133.918533
20.10,206.946867,-574.123333,-1641.838867,-6015.918533
20.11,211.946867,-588.123333,-1647.838867,-5905.918533
20.12,206.946867,-592.123333,-1667.838867,-5791.918533
20.13,211.946867,-605.123333,-1676.838867,-5667.918533
20.14,214.946867,-609.123333,-1677.838867,-5543.918533
20.15,210.946867,-630.123333,-1688.838867,-5422.918533
20.16,210.946867,-640.123333,-1696.838867,-5308.918533
20.17,211.946867,-652.123333,-1702.838867,-5196.918533
20.18,213.946867,-661.123333,-1707.838867,-5092.918533
20.19,213.946867,-669.123333,-1719.838867,-4999.918533
20.20,211.946867,-674.123333,-1719.838867,-4914.918533
20.21,214.946867,-693.123333,-1721.838867,-4839.918533
20.22,209.946867,-712.123333,-1725.838867,-4767.918533
20.23,209.946867,-722.123333,-1722.838867,-4704.918533
20.24,206.946867,-742.123333,-1721.838867,-4650.918533
20.25,206.946867,-760.123333,-1721.838867,-4593.918533
20.26,204.946867,-776.123333,-1722.838867,-4539.918533
20.27,204.946867,-789.123333,-1726.838867,-4491.918533
20.28,199.946867,-814.123333,-1732.838867,-4439.918533
20.29,196.946867,-827.123333,-1727.838867,-4384.918533
20.30,200.946867,-843.123333,-1734.838867,-4333.918533
20.31,194.946867,-862.123333,-1730.838867,-4281.918533
20.32,193.946867,-874.123333,-1724.838867,-4229.918533
20.33,190.946867,-892.123333,-1720.838867,-4179.918533
20.34,187.946867,-904.123333,-1716.838867,-4135.918533
20.35,184.946867,-924.123333,-1708.838867,-4091.918533
20.36,183.946867,-940.123333,-1707.838867,-4060.918533
20.37,173.946867,-963.123333,-1708.838867,-4029.918533
20.38,175.946867,-976.123333,-1699.838867,-3986.918533
20.39,169.946867,-990.123333,-1698.838867,-3944.918533
20.40,167.946867,-1006.123333,-1699.838867,-3901.918533
20.41,161.946867,-1022.123333,-1702.838867,-3853.918533
20.42,156.946867,-1036.123333,-1701.838867,-3801.918533
20.43,155.946867,-1046.123333,-1695.838867,-3757.918533
20.44,151.946867,-1061.123333,-1704.838867,-3724.918533
20.45,150.946867,-1071.123333,-1701.838867,-3689.918533
20.46,151.946867,-1088.123333,-1700.838867,-3650.918533
20.47,143.946867,-1090.123333,-1699.838867,-3620.918533
20.48,136.946867,-1106.123333,-1708.838867,-3593.918533
20.49,133.946867,-1114.123333,-1707.838867,-3572.918533
20.50,130.946867,-1122.123333,-1713.838867,-3550.918533
20.51,119.946867,-1139.123333,-1721.838867,-3526.918533
20.52,121.946867,-1156.123333,-1729.838867,-3506.918533
20.53,115.946867,-1164.123333,-1720.838867,-3472.918533
20.54,109.946867,-1173.123333,-1735.838867,-3441.918533
20.55,106.946867,-1188.123333,-1746.838867,-3411.918533
20.56,103.946867,-1198.123333,-1757.838867,-3383.918533
20.57,104.946867,-1208.123333,-1762.838867,-3361.918533
20.58,98.946867,-1222.123333,-1764.838867,-3333.918533
20.59,93.946867,-1227.123333,-1776.838867,-3313.918533
20.60,88.946867,-1243.123333,-1777.838867,-3289.918533
20.61,86.946867,-1246.123333,-1782.838867,-3274.918533
20.62,81.946867,-1261.123333,-1786.838867,-3263.918533
20.63,72.946867,-1269.123333,-1792.838867,-3260.918533
20.64,71.946867,-1285.123333,-1796.838867,-3257.918533
20.65,66.946867,-1303.123333,-1802.838867,-3265.918533
20.66,59.946867,-1315.123333,-1807.838867,-3263.918533
20.67,60.946867,-1324.123333,-1814.838867,-3256.918533
20.68,56.946867,-1332.123333,-1815.838867,-3251.918533
20.69,52.946867,-1345.123333,-1823.838867,-3258.918533
20.70,46.946867,-1360.123333,-1832.838867,-3275.918533
20.71,47.946867,-1375.123333,-1832.838867,-3292.918533
20.72,45.946867,-1388.123333,-1834.838867,-3307.918533
20.73,39.946867,-1389.123333,-1845.838867,-3324.918533
20.74,38.946867,-1408.123333,-1850.838867,-3342.918533
20.75,23.946867,-1417.123333,-1853.838867,-3353.918533
20.76,23.946867,-1426.123333,-1858.838867,-3367.918533
20.77,28.946867,-1430.123333,-1863.838867,-3387.918533
20.78,21.946867,-1446.123333,-1868.838867,-3416.918533
20.79,16.946867,-1453.123333,-1874.838867,-3438.918533
20.80,11.946867,-1463.123333,-1883.838867,-3456.918533
20.81,12.946867,-1472.123333,-1890.838867,-3479.918533
20.82,13.946867,-1481.123333,-1885.838867,-3498.918533
20.83,4.946867,-1496.123333,-1889.838867,-3513.918533
20.84,-3.053133,-1495.123333,-1888.838867,-3528.918533
20.85,-1.053133,-1504.123333,-1890.838867,-3544.918533
20.86,-2.053133,-1507.123333,-1892.838867,-3552.918533
20.87,-4.053133,-1512.123333,-1897.838867,-3561.918533
20.88,-4.053133,-1519.123333,-1909.838867,-3568.918533
20.89,-4.053133,-1525.123333,-1901.838867,-3570.918533
20.90,-13.053133,-1529.123333,-1891.838867,-3574.918533
20.91,-11.053133,-1538.123333,-1891.838867,-3583.918533
20.92,-12.053133,-1543.123333,-1900.838867,-3585.918533
20.93,-11.053133,-1542.123333,-1894.838867,-3592.918533
20.94,-13.053133,-1547.123333,-1889.838867,-3607.918533
20.95,-15.053133,-1552.123333,-1894.838867,-3619.918533
20.96,-15.053133,-1550.123333,-1888.838867,-3622.918533
20.97,-16.053133,-1549.123333,-1890.838867,-3628.918533
20.98,-11.053133,-1552.123333,-1885.838867,-3639.918533
20.99,-15.053133,-1556.123333,-1883.838867,-3649.918533
21.00,-13.053133,-1553.123333,-1884.838867,-3659.918533
21.01,-15.053133,-1553.123333,-1879.838867,-3663.918533
21.02,-15.053133,-1555.123333,-1882.838867,-3661.918533
21.03,-13.053133,-1552.123333,-1876.838867,-3660.918533
21.04,-14.053133,-1549.123333,-1872.838867,-3651.918533
21.05,-7.053133,-1547.123333,-1869.838867,-3642.918533
21.06,-7.053133,-1545.123333,-1868.838867,-3630.918533
21.07,-10.053133,-1532.123333,-1867.838867,-3617.918533
21.08,-7.053133,-1529.123333,-1870.838867,-3601.918533
21.09,-4.053133,-1521.123333,-1867.838867,-3590.918533
21.10,-7.053133,-1515.123333,-1863.838867,-3576.918533
21.11,-5.053133,-1501.123333,-1857.838867,-3562.918533
21.12,0.946867,-1491.123333,-1851.838867,-3548.918533
21.13,-3.053133,-1479.123333,-1847.838867,-3542.918533
21.14,-0.053133,-1472.123333,-1848.838867,-3535.918533
21.15,-1.053133,-1463.123333,-1848.838867,-3523.918533
21.16,2.946867,-1451.123333,-1840.838867,-3506.918533
21.17,5.946867,-1432.123333,-1845.838867,-3481.918533
21.18,-0.053133,-1428.123333,-1837.838867,-3451.918533
21.19,3.946867,-1413.123333,-1837.838867,-3419.918533
21.20,5.946867,-1401.123333,-1832.838867,-3384.918533
21.21,10.946867,-1384.123333,-1824.838867,-3355.918533
21.22,5.946867,-1369.123333,-1817.838867,-3329.918533
21.23,9.946867,-1350.123333,-1815.838867,-3304.918533
21.24,14.946867,-1332.123333,-1815.838867,-3287.918533
21.25,11.946867,-1317.123333,-1798.838867,-3265.918533
21.26,12.946867,-1297.123333,-1792.838867,-3247.918533
21.27,11.946867,-1274.123333,-1782.838867,-3237.918533
21.28,11.946867,-1256.123333,-1774.838867,-3231.918533
21.29,8.946867,-1239.123333,-1772.838867,-3234.918533
21.30,11.946867,-1218.123333,-1751.838867,-3242.918533
21.31,12.946867,-1198.123333,-1751.838867,-3257.918533
21.32,10.946867,-1175.123333,-1731.838867,-3274.918533
21.33,10.946867,-1156.123333,-1738.838867,-3296.918533
21.34,14.946867,-1136.123333,-1726.838867,-3318.918533
21.35,14.946867,-1112.123333,-1717.838867,-3344.918533
21.36,15.946867,-1090.123333,-1709.838867,-3373.918533
21.37,19.946867,-1067.123333,-1693.838867,-3411.918533
21.38,17.946867,-1039.123333,-1681.838867,-3448.918533
21.39,19.946867,-1023.123333,-1676.838867,-3482.918533
21.40,16.946867,-994.123333,-1656.838867,-3510.918533
21.41,16.946867,-964.123333,-1649.838867,-3542.918533
21.42,15.946867,-938.123333,-1645.838867,-3572.918533
21.43,17.946867,-915.123333,-1623.838867,-3606.918533
21.44,19.946867,-888.123333,-1624.838867,-3644.918533
21.45,22.946867,-861.123333,-1613.838867,-3676.918533
21.46,24.946867,-832.123333,-1597.838867,-3703.918533
21.47,18.946867,-806.123333,-1596.838867,-3720.918533
21.48,20.946867,-783.123333,-1576.838867,-3731.918533
21.49,21.946867,-754.123333,-1572.838867,-3736.918533
21.50,17.946867,-723.123333,-1554.838867,-3743.918533
21.51,12.946867,-704.123333,-1548.838867,-3730.918533
21.52,11.946867,-677.123333,-1536.838867,-3710.918533
21.53,5.946867,-645.123333,-1521.838867,-3685.918533
21.54,7.946867,-620.123333,-1521.838867,-3657.918533
21.55,6.946867,-595.123333,-1507.838867,-3626.918533
21.56,7.946867,-574.123333,-1497.838867,-3583.918533
21.57,5.946867,-548.123333,-1485.838867,-3533.918533
21.58,-1.053133,-530.123333,-1480.838867,-3469.918533
21.59,-3.053133,-500.123333,-1471.838867,-3397.918533
21.60,-9.053133,-471.123333,-1461.838867,-3323.918533
21.61,-9.053133,-448.123333,-1453.838867,-3241.918533
21.62,-16.053133,-426.123333,-1445.838867,-3154.918533
21.63,-22.053133,-402.123333,-1434.838867,-3059.918533
21.64,-22.053133,-372.123333,-1433.838867,-2967.918533
21.65,-33.053133,-354.123333,-1432.838867,-2874.918533
21.66,-33.053133,-324.123333,-1426.838867,-2774.918533
21.67,-38.053133,-303.123333,-1412.838867,-2671.918533
21.68,-37.053133,-290.123333,-1414.838867,-2566.918533
21.69,-47.053133,-270.123333,-1399.838867,-2460.918533
21.70,-53.053133,-246.123333,-1391.838867,-2352.918533
21.71,-54.053133,-226.123333,-1389.838867,-2249.918533
21.72,-61.053133,-206.123333,-1387.838867,-2148.918533
21.73,-66.053133,-179.123333,-1386.838867,-2051.918533
21.74,-68.053133,-155.123333,-1382.838867,-1963.918533
21.75,-73.053133,-133.123333,-1383.838867,-1878.918533
21.76,-79.053133,-108.123333,-1377.838867,-1792.918533
21.77,-83.053133,-89.123333,-1371.838867,-1713.918533
21.78,-91.053133,-69.123333,-1370.838867,-1631.918533
21.79,-96.053133,-44.123333,-1357.838867,-1552.918533
21.80,-100.053133,-23.123333,-1355.838867,-1481.918533
21.81,-106.053133,-5.123333,-1354.838867,-1416.918533
21.82,-102.053133,15.876667,-1352.838867,-1352.918533
21.83,-115.053133,36.876667,-1345.838867,-1288.918533
21.84,-118.053133,54.876667,-1337.838867,-1224.918533
21.85,-124.053133,72.876667,-1333.838867,-1164.918533
21.86,-130.053133,91.876667,-1326.838867,-1097.918533
21.87,-133.053133,107.876667,-1324.838867,-1034.918533
21.88,-137.053133,123.876667,-1318.838867,-969.918533
21.89,-145.053133,134.876667,-1313.838867,-909.918533
21.90,-145.053133,147.876667,-1309.838867,-851.918533
21.91,-153.053133,166.876667,-1307.838867,-790.918533
21.92,-157.053133,171.876667,-1292.838867,-736.918533
21.93,-161.053133,178.876667,-1298.838867,-686.918533
21.94,-164.053133,182.876667,-1293.838867,-633.918533
21.95,-168.053133,192.876667,-1288.838867,-581.918533
21.96,-171.053133,192.876667,-1280.838867,-523.918533
21.97,-171.053133,207.876667,-1277.838867,-462.918533
21.98,-178.053133,212.876667,-1290.838867,-399.918533
21.99,-182.053133,210.876667,-1288.838867,-334.918533
22.00,-185.053133,220.876667,-1290.838867,-264.918533
22.01,-193.053133,223.876667,-1292.838867,-198.918533
22.02,-197.053133,219.876667,-1293.838867,-128.918533
22.03,-197.053133,216.876667,-1295.838867,-48.918533
22.04,-200.053133,213.876667,-1308.838867,42.081467
22.05,-202.053133,225.876667,-1305.838867,140.081467
22.06,-207.053133,218.876667,-1304.838867,243.081467
22.07,-211.053133,217.876667,-1309.838867,344.081467
22.08,-217.053133,218.876667,-1308.838867,453.081467
22.09,-218.053133,208.876667,-1316.838867,560.081467
22.10,-223.053133,204.876667,-1322.838867,668.081467
22.11,-228.053133,198.876667,-1326.838867,789.081467
22.12,-227.053133,194.876667,-1333.838867,918.081467
22.13,-235.053133,185.876667,-1335.838867,1051.081467
22.14,-237.053133,176.876667,-1345.838867,1178.081467
22.15,-243.053133,166.876667,-1347.838867,1303.081467
22.16,-241.053133,151.876667,-1355.838867,1426.081467
22.17,-244.053133,140.876667,-1362.838867,1546.081467
22.18,-245.053133,113.876667,-1370.838867,1663.081467
22.19,-254.053133,97.876667,-1372.838867,1773.081467
22.20,-253.053133,73.876667,-1380.838867,1879.081467
22.21,-254.053133,50.876667,-1383.838867,1974.081467
22.22,-256.053133,28.876667,-1387.838867,2062.081467
22.23,-263.053133,4.876667,-1392.838867,2143.081467
22.24,-262.053133,-24.123333,-1390.838867,2222.081467
22.25,-263.053133,-47.123333,-1390.838867,2295.081467
22.26,-262.053133,-70.123333,-1407.838867,2356.081467
22.27,-263.053133,-94.123333,-1400.838867,2406.081467
22.28,-258.053133,-129.123333,-1410.838867,2440.081467
22.29,-264.053133,-155.123333,-1419.838867,2466.081467
22.30,-261.053133,-190.123333,-1424.838867,2482.081467
22.31,-258.053133,-218.123333,-1438.838867,2492.081467
22.32,-258.053133,-252.123333,-1440.838867,2494.081467
22.33,-254.053133,-279.123333,-1452.838867,2486.081467
22.34,-251.053133,-310.123333,-1454.838867,2466.081467
22.35,-244.053133,-340.123333,-1470.838867,2433.081467
22.36,-244.053133,-370.123333,-1465.838867,2391.081467
22.37,-237.053133,-406.123333,-1485.838867,2349.081467
22.38,-228.053133,-440.123333,-1494.838867,2303.081467
22.39,-225.053133,-477.123333,-1510.838867,2258.081467
22.40,-221.053133,-504.123333,-1522.838867,2198.081467
22.41,-209.053133,-543.123333,-1537.838867,2132.081467
22.42,-210.053133,-572.123333,-1536.838867,2071.081467
22.43,-202.053133,-602.123333,-1543.838867,2006.081467
22.44,-199.053133,-634.123333,-1561.838867,1936.081467
22.45,-190.053133,-669.123333,-1572.838867,1863.081467
22.46,-186.053133,-705.123333,-1588.838867,1789.081467
22.47,-182.053133,-734.123333,-1600.838867,1710.081467
22.48,-171.053133,-771.123333,-1607.838867,1626.081467
22.49,-170.053133,-805.123333,-1618.838867,1540.081467
22.50,-168.053133,-847.123333,-1623.838867,1447.081467
22.51,-158.053133,-873.123333,-1637.838867,1359.081467
22.52,-147.053133,-906.123333,-1648.838867,1266.081467
22.53,-139.053133,-939.123333,-1659.838867,1171.081467
22.54,-129.053133,-971.123333,-1666.838867,1080.081467
22.55,-124.053133,-1005.123333,-1672.838867,979.081467
22.56,-115.053133,-1033.123333,-1680.838867,874.081467
22.57,-113.053133,-1067.123333,-1691.838867,764.081467
22.58,-105.053133,-1104.123333,-1693.838867,643.081467
22.59,-90.053133,-1134.123333,-1695.838867,521.081467
22.60,-91.053133,-1165.123333,-1698.838867,385.081467
22.61,-82.053133,-1201.123333,-1703.838867,246.081467
22.62,-72.053133,-1229.123333,-1713.838867,109.081467
22.63,-66.053133,-1267.123333,-1722.838867,-27.918533
22.64,-60.053133,-1295.123333,-1724.838867,-164.918533
22.65,-57.053133,-1331.123333,-1731.838867,-299.918533
22.66,-40.053133,-1365.123333,-1745.838867,-442.918533
22.67,-37.053133,-1400.123333,-1749.838867,-590.918533
22.68,-31.053133,-1430.123333,-1739.838867,-735.918533
22.69,-25.053133,-1455.123333,-1747.838867,-884.918533
22.70,-22.053133,-1485.123333,-1752.838867,-1042.918533
22.71,-11.053133,-1510.123333,-1746.838867,-1199.918533
22.72,-6.053133,-1539.123333,-1752.838867,-1357.918533
22.73,-3.053133,-1560.123333,-1753.838867,-1523.918533
22.74,6.946867,-1585.123333,-1759.838867,-1695.918533
22.75,6.946867,-1619.123333,-1759.838867,-1870.918533
22.76,19.946867,-1641.123333,-1763.838867,-2034.918533
22.77,20.946867,-1663.123333,-1774.838867,-2196.918533
22.78,28.946867,-1675.123333,-1767.838867,-2358.918533
22.79,29.946867,-1696.123333,-1767.838867,-2516.918533
22.80,38.946867,-1715.123333,-1763.838867,-2674.918533
22.81,39.946867,-1728.123333,-1762.838867,-2837.918533
22.82,43.946867,-1744.123333,-1757.838867,-3001.918533
22.83,50.946867,-1760.123333,-1760.838867,-3169.918533
22.84,53.946867,-1769.123333,-1751.838867,-3330.918533
22.85,56.946867,-1779.123333,-1753.838867,-3507.918533
22.86,62.946867,-1786.123333,-1750.838867,-3675.918533
22.87,66.946867,-1789.123333,-1747.838867,-3833.918533
22.88,69.946867,-1792.123333,-1740.838867,-3980.918533
22.89,72.946867,-1800.123333,-1737.838867,-4113.918533
22.90,78.946867,-1796.123333,-1724.838867,-4237.918533
22.91,81.946867,-1792.123333,-1728.838867,-4355.918533
22.92,78.946867,-1791.123333,-1712.838867,-4459.918533
22.93,80.946867,-1789.123333,-1711.838867,-4546.918533
22.94,86.946867,-1778.123333,-1715.838867,-4625.918533
22.95,87.946867,-1772.123333,-1704.838867,-4691.918533
22.96,95.946867,-1762.123333,-1697.838867,-4750.918533
22.97,99.946867,-1761.123333,-1691.838867,-4796.918533
22.98,97.946867,-1748.123333,-1681.838867,-4834.918533
22.99,97.946867,-1732.123333,-1675.838867,-4869.918533
23.00,99.946867,-1721.123333,-1665.838867,-4893.918533
23.01,100.946867,-1708.123333,-1651.838867,-4902.918533
23.02,107.946867,-1687.123333,-1651.838867,-4901.918533
23.03,113.946867,-1674.123333,-1647.838867,-4893.918533
23.04,113.946867,-1655.123333,-1638.838867,-4881.918533
23.05,118.946867,-1637.123333,-1634.838867,-4876.918533
23.06,115.946867,-1621.123333,-1628.838867,-4867.918533
23.07,111.946867,-1604.123333,-1627.838867,-4857.918533
23.08,116.946867,-1587.123333,-1616.838867,-4840.918533
23.09,120.946867,-1565.123333,-1612.838867,-4827.918533
23.10,120.946867,-1549.123333,-1600.838867,-4819.918533
23.11,120.946867,-1524.123333,-1599.838867,-4825.918533
23.12,119.946867,-1508.123333,-1597.838867,-4841.918533
23.13,119.946867,-1490.123333,-1582.838867,-4857.918533
23.14,114.946867,-1468.123333,-1576.838867,-4881.918533
23.15,119.946867,-1452.123333,-1571.838867,-4911.918533
23.16,116.946867,-1426.123333,-1563.838867,-4947.918533
23.17,108.946867,-1407.123333,-1543.838867,-4991.918533
23.18,110.946867,-1386.123333,-1531.838867,-5040.918533
23.19,111.946867,-1360.123333,-1526.838867,-5104.918533
23.20,105.946867,-1335.123333,-1516.838867,-5169.918533
23.21,102.946867,-1315.123333,-1502.838867,-5234.918533
23.22,104.946867,-1295.123333,-1494.838867,-5298.918533
23.23,100.946867,-1273.123333,-1480.838867,-5358.918533
23.24,96.946867,-1263.123333,-1469.838867,-5413.918533
23.25,96.946867,-1243.123333,-1462.838867,-5459.918533
23.26,90.946867,-1219.123333,-1440.838867,-5505.918533
23.27,87.946867,-1200.123333,-1429.838867,-5553.918533
23.28,84.946867,-1184.123333,-1420.838867,-5595.918533
23.29,81.946867,-1168.123333,-1404.838867,-5632.918533
23.30,79.946867,-1149.123333,-1395.838867,-5664.918533
23.31,73.946867,-1132.123333,-1385.838867,-5692.918533
23.32,69.946867,-1113.123333,-1376.838867,-5711.918533
23.33,66.946867,-1090.123333,-1367.838867,-5723.918533
23.34,68.946867,-1071.123333,-1351.838867,-5729.918533
23.35,65.946867,-1051.123333,-1341.838867,-5722.918533
23.36,61.946867,-1039.123333,-1333.838867,-5710.918533
23.37,57.946867,-1014.123333,-1319.838867,-5695.918533
23.38,57.946867,-991.123333,-1306.838867,-5683.918533
23.39,49.946867,-979.123333,-1296.838867,-5671.918533
23.40,50.946867,-965.123333,-1295.838867,-5650.918533
23.41,49.946867,-943.123333,-1286.838867,-5627.918533
23.42,43.946867,-919.123333,-1293.838867,-5600.918533
23.43,43.946867,-900.123333,-1287.838867,-5582.918533
23.44,42.946867,-891.123333,-1288.838867,-5555.918533
23.45,37.946867,-867.123333,-1284.838867,-5525.918533
23.46,40.946867,-848.123333,-1288.838867,-5503.918533
23.47,39.946867,-840.123333,-1290.838867,-5477.918533
23.48,33.946867,-821.123333,-1291.838867,-5442.918533
23.49,36.946867,-800.123333,-1300.838867,-5406.918533
23.50,32.946867,-788.123333,-1296.838867,-5375.918533
23.51,34.946867,-768.123333,-1305.838867,-5349.918533
23.52,33.946867,-750.123333,-1307.838867,-5319.918533
23.53,25.946867,-736.123333,-1306.838867,-5285.918533
23.54,30.946867,-713.123333,-1322.838867,-5253.918533
23.55,25.946867,-704.123333,-1320.838867,-5222.918533
23.56,33.946867,-686.123333,-1328.838867,-5189.918533
23.57,33.946867,-673.123333,-1340.838867,-5153.918533
23.58,34.946867,-657.123333,-1355.838867,-5120.918533
23.59,31.946867,-647.123333,-1357.838867,-5082.918533
23.60,35.946867,-633.123333,-1369.838867,-5034.918533
23.61,31.946867,-616.123333,-1379.838867,-4980.918533
23.62,31.946867,-607.123333,-1393.838867,-4930.918533
23.63,31.946867,-594.123333,-1398.838867,-4881.918533
23.64,33.946867,-587.123333,-1408.838867,-4834.918533
23.65,32.946867,-575.123333,-1418.838867,-4788.918533
23.66,38.946867,-563.123333,-1433.838867,-4746.918533
23.67,38.946867,-549.123333,-1451.838867,-4700.918533
23.68,38.946867,-535.123333,-1455.838867,-4649.918533
23.69,38.946867,-527.123333,-1473.838867,-4600.918533
23.70,41.946867,-512.123333,-1478.838867,-4556.918533
23.71,41.946867,-498.123333,-1487.838867,-4514.918533
23.72,43.946867,-479.123333,-1505.838867,-4484.918533
23.73,42.946867,-475.123333,-1519.838867,-4455.918533
23.74,46.946867,-461.123333,-1527.838867,-4421.918533
23.75,45.946867,-448.123333,-1542.838867,-4386.918533
23.76,47.946867,-434.123333,-1556.838867,-4350.918533
23.77,52.946867,-432.123333,-1568.838867,-4320.918533
23.78,43.946867,-417.123333,-1594.838867,-4289.918533
23.79,50.946867,-407.123333,-1606.838867,-4253.918533
23.80,50.946867,-400.123333,-1624.838867,-4213.918533
23.81,51.946867,-393.123333,-1635.838867,-4158.918533
23.82,52.946867,-386.123333,-1651.838867,-4101.918533
23.83,53.946867,-389.123333,-1658.838867,-4040.918533
23.84,55.946867,-386.123333,-1679.838867,-3978.918533
23.85,55.946867,-379.123333,-1701.838867,-3911.918533
23.86,60.946867,-380.123333,-1709.838867,-3848.918533
23.87,54.946867,-381.123333,-1738.838867,-3777.918533
23.88,56.946867,-381.123333,-1752.838867,-3707.918533
23.89,55.946867,-389.123333,-1766.838867,-3632.918533
23.90,51.946867,-392.123333,-1779.838867,-3555.918533
23.91,58.946867,-398.123333,-1786.838867,-3478.918533
23.92,57.946867,-402.123333,-1798.838867,-3396.918533
23.93,59.946867,-416.123333,-1810.838867,-3311.918533
23.94,55.946867,-419.123333,-1827.838867,-3227.918533
23.95,57.946867,-428.123333,-1838.838867,-3136.918533
23.96,60.946867,-440.123333,-1847.838867,-3039.918533
23.97,60.946867,-448.123333,-1859.838867,-2939.918533
23.98,55.946867,-463.123333,-1864.838867,-2842.918533
23.99,54.946867,-472.123333,-1869.838867,-2752.918533
24.00,49.946867,-482.123333,-1880.838867,-2659.918533
24.01,50.946867,-498.123333,-1890.838867,-2577.918533
24.02,47.946867,-513.123333,-1897.838867,-2488.918533
24.03,47.946867,-526.123333,-1904.838867,-2391.918533
24.04,48.946867,-534.123333,-1918.838867,-2295.918533
24.05,46.946867,-544.123333,-1922.838867,-2201.918533
24.06,42.946867,-553.123333,-1933.838867,-2110.918533
24.07,37.946867,-557.123333,-1944.838867,-2010.918533
24.08,39.946867,-574.123333,-1948.838867,-1902.918533
24.09,37.946867,-586.123333,-1962.838867,-1787.918533
24.10,38.946867,-586.123333,-1971.838867,-1663.918533
24.11,33.946867,-594.123333,-1977.838867,-1535.918533
24.12,34.946867,-599.123333,-1992.838867,-1411.918533
24.13,28.946867,-602.123333,-1996.838867,-1281.918533
24.14,26.946867,-612.123333,-2008.838867,-1152.918533
24.15,25.946867,-621.123333,-2009.838867,-1020.918533
24.16,22.946867,-623.123333,-2014.838867,-884.918533
24.17,24.946867,-630.123333,-2034.838867,-752.918533
24.18,21.946867,-633.123333,-2040.838867,-609.918533
24.19,17.946867,-629.123333,-2045.838867,-464.918533
24.20,18.946867,-634.123333,-2037.838867,-318.918533
24.21,16.946867,-631.123333,-2043.838867,-174.918533
24.22,17.946867,-631.123333,-2056.838867,-30.918533
24.23,16.946867,-632.123333,-2057.838867,114.081467
24.24,12.946867,-634.123333,-2062.838867,261.081467
24.25,10.946867,-627.123333,-2074.838867,407.081467
24.26,7.946867,-621.123333,-2080.838867,555.081467
24.27,5.946867,-615.123333,-2082.838867,700.081467
24.28,1.946867,-617.123333,-2082.838867,847.081467
24.29,1.946867,-610.123333,-2084.838867,994.081467
24.30,1.946867,-613.123333,-2085.838867,1137.081467
24.31,-5.053133,-614.123333,-2086.838867,1285.081467
24.32,-5.053133,-610.123333,-2088.838867,1427.081467
24.33,-6.053133,-607.123333,-2080.838867,1569.081467
24.34,-13.053133,-604.123333,-2079.838867,1708.081467
24.35,-10.053133,-602.123333,-2077.838867,1847.081467
24.36,-15.053133,-602.123333,-2075.838867,1980.081467
24.37,-13.053133,-596.123333,-2068.838867,2118.081467
24.38,-14.053133,-600.123333,-2066.838867,2258.081467
24.39,-18.053133,-594.123333,-2061.838867,2398.081467
24.40,-19.053133,-588.123333,-2049.838867,2539.081467
24.41,-18.053133,-592.123333,-2046.838867,2671.081467
24.42,-29.053133,-592.123333,-2043.838867,2797.081467
24.43,-21.053133,-590.123333,-2040.838867,2919.081467
24.44,-26.053133,-589.123333,-2032.838867,3038.081467
24.45,-21.053133,-591.123333,-2037.838867,3145.081467
24.46,-20.053133,-588.123333,-2022.838867,3265.081467
24.47,-23.053133,-589.123333,-2021.838867,3388.081467
24.48,-21.053133,-588.123333,-2019.838867,3502.081467
24.49,-19.053133,-597.123333,-2012.838867,3620.081467
24.50,-26.053133,-596.123333,-2005.838867,3739.081467
24.51,-18.053133,-600.123333,-1998.838867,3855.081467
24.52,-18.053133,-608.123333,-2000.838867,3963.081467
24.53,-16.053133,-608.123333,-1996.838867,4067.081467
24.54,-15.053133,-609.123333,-1993.838867,4171.081467
24.55,-18.053133,-613.123333,-1994.838867,4277.081467
24.56,-21.053133,-615.123333,-1988.838867,4382.081467
24.57,-19.053133,-612.123333,-1993.838867,4484.081467
24.58,-15.053133,-617.123333,-1991.838867,4589.081467
24.59,-8.053133,-615.123333,-1979.838867,4690.081467
24.60,-4.053133,-617.123333,-1977.838867,4797.081467
24.61,-3.053133,-618.123333,-1971.838867,4902.081467
24.62,-2.053133,-625.123333,-1966.838867,5013.081467
24.63,0.946867,-625.123333,-1963.838867,5123.081467
24.64,5.946867,-619.123333,-1955.838867,5227.081467
24.65,3.946867,-625.123333,-1952.838867,5329.081467
24.66,8.946867,-621.123333,-1945.838867,5429.081467
24.67,8.946867,-621.123333,-1942.838867,5516.081467
24.68,10.946867,-623.123333,-1927.838867,5601.081467
24.69,15.946867,-620.123333,-1920.838867,5673.081467
24.70,19.946867,-622.123333,-1920.838867,5736.081467
24.71,19.946867,-624.123333,-1910.838867,5789.081467
24.72,22.946867,-626.123333,-1916.838867,5834.081467
24.73,25.946867,-628.123333,-1913.838867,5881.081467
24.74,28.946867,-623.123333,-1905.838867,5923.081467
24.75,25.946867,-627.123333,-1899.838867,5954.081467
24.76,29.946867,-626.123333,-1894.838867,5974.081467
24.77,33.946867,-625.123333,-1887.838867,5978.081467
24.78,35.946867,-622.123333,-1885.838867,5967.081467
24.79,43.946867,-628.123333,-1876.838867,5947.081467
24.80,45.946867,-627.123333,-1877.838867,5913.081467
24.81,41.946867,-637.123333,-1873.838867,5873.081467
24.82,44.946867,-638.123333,-1872.838867,5822.081467
24.83,43.946867,-645.123333,-1863.838867,5759.081467
24.84,49.946867,-636.123333,-1853.838867,5681.081467
24.85,49.946867,-644.123333,-1847.838867,5590.081467
24.86,46.946867,-647.123333,-1845.838867,5488.081467
24.87,49.946867,-646.123333,-1839.838867,5382.081467
24.88,56.946867,-655.123333,-1827.838867,5276.081467
24.89,57.946867,-652.123333,-1825.838867,5160.081467
24.90,57.946867,-655.123333,-1822.838867,5032.081467
24.91,54.946867,-659.123333,-1817.838867,4891.081467
24.92,61.946867,-647.123333,-1806.838867,4732.081467
24.93,62.946867,-650.123333,-1794.838867,4554.081467
24.94,70.946867,-648.123333,-1788.838867,4367.081467
24.95,67.946867,-650.123333,-1779.838867,4164.081467
24.96,75.946867,-642.123333,-1773.838867,3948.081467
24.97,78.946867,-641.123333,-1768.838867,3727.081467
24.98,81.946867,-641.123333,-1762.838867,3497.081467
24.99,80.946867,-635.123333,-1749.838867,3267.081467
25.00,84.946867,-630.123333,-1749.838867,3019.081467
25.01,84.946867,-627.123333,-1744.838867,2760.081467
25.02,95.946867,-622.123333,-1739.838867,2503.081467
25.03,94.946867,-618.123333,-1732.838867,2234.081467
25.04,99.946867,-612.123333,-1734.838867,1961.081467
25.05,104.946867,-609.123333,-1723.838867,1674.081467
25.06,101.946867,-606.123333,-1713.838867,1388.081467
25.07,104.946867,-604.123333,-1707.838867,1091.081467
25.08,106.946867,-598.123333,-1700.838867,785.081467
25.09,100.946867,-596.123333,-1684.838867,473.081467
25.10,110.946867,-590.123333,-1676.838867,154.081467
25.11,113.946867,-586.123333,-1671.838867,-158.918533
25.12,110.946867,-595.123333,-1658.838867,-471.918533
25.13,104.946867,-595.123333,-1653.838867,-779.918533
25.14,110.946867,-595.123333,-1644.838867,-1092.918533
25.15,112.946867,-605.123333,-1636.838867,-1400.918533
25.16,109.946867,-607.123333,-1627.838867,-1702.918533
25.17,109.946867,-602.123333,-1610.838867,-2006.918533
25.18,102.946867,-600.123333,-1604.838867,-2304.918533
25.19,103.946867,-607.123333,-1590.838867,-2603.918533
25.20,106.946867,-606.123333,-1571.838867,-2899.918533
25.21,103.946867,-606.123333,-1556.838867,-3204.918533
25.22,104.946867,-618.123333,-1554.838867,-3511.918533
25.23,100.946867,-621.123333,-1541.838867,-3809.918533
25.24,97.946867,-624.123333,-1536.838867,-4102.918533
25.25,100.946867,-627.123333,-1522.838867,-4393.918533
25.26,98.946867,-630.123333,-1515.838867,-4674.918533
25.27,95.946867,-632.123333,-1499.838867,-4949.918533
25.28,95.946867,-640.123333,-1493.838867,-5218.918533
25.29,90.946867,-640.123333,-1481.838867,-5485.918533
25.30,83.946867,-641.123333,-1476.838867,-5761.918533
25.31,90.946867,-649.123333,-1468.838867,-6036.918533
25.32,86.946867,-656.123333,-1458.838867,-6311.918533
25.33,80.946867,-658.123333,-1459.838867,-6585.918533
25.34,79.946867,-663.123333,-1451.838867,-6852.918533
25.35,80.946867,-671.123333,-1441.838867,-7119.918533
25.36,86.946867,-683.123333,-1443.838867,-7380.918533
25.37,84.946867,-690.123333,-1436.838867,-7633.918533
25.38,76.946867,-699.123333,-1438.838867,-7878.918533
25.39,72.946867,-712.123333,-1438.838867,-8117.918533
25.40,71.946867,-719.123333,-1437.838867,-8343.918533
25.41,68.946867,-729.123333,-1436.838867,-8566.918533
25.42,70.946867,-737.123333,-1427.838867,-8784.918533
25.43,70.946867,-746.123333,-1427.838867,-9008.918533
25.44,73.946867,-754.123333,-1426.838867,-9229.918533
25.45,68.946867,-763.123333,-1426.838867,-9450.918533
25.46,73.946867,-773.123333,-1420.838867,-9659.918533
25.47,69.946867,-789.123333,-1425.838867,-9870.918533
25.48,71.946867,-801.123333,-1421.838867,-10071.918533
25.49,74.946867,-814.123333,-1423.838867,-10264.918533
25.50,73.946867,-820.123333,-1430.838867,-10449.918533
25.51,71.946867,-833.123333,-1413.838867,-10641.918533
25.52,71.946867,-850.123333,-1416.838867,-10825.918533
25.53,74.946867,-860.123333,-1407.838867,-11002.918533
25.54,78.946867,-865.123333,-1401.838867,-11174.918533
25.55,78.946867,-878.123333,-1409.838867,-11343.918533
25.56,77.946867,-883.123333,-1394.838867,-11502.918533
25.57,75.946867,-891.123333,-1387.838867,-11658.918533
25.58,74.946867,-897.123333,-1387.838867,-11815.918533
25.59,75.946867,-905.123333,-1383.838867,-11963.918533
25.60,75.946867,-913.123333,-1379.838867,-12101.918533
25.61,75.946867,-921.123333,-1384.838867,-12232.918533
25.62,71.946867,-931.123333,-1384.838867,-12352.918533
25.63,71.946867,-935.123333,-1391.838867,-12467.918533
25.64,64.946867,-944.123333,-1384.838867,-12569.918533
25.65,64.946867,-956.123333,-1378.838867,-12655.918533
25.66,63.946867,-962.123333,-1375.838867,-12719.918533
25.67,59.946867,-967.123333,-1374.838867,-12773.918533
25.68,52.946867,-976.123333,-1368.838867,-12811.918533
25.69,47.946867,-986.123333,-1377.838867,-12845.918533
25.70,50.946867,-998.123333,-1371.838867,-12869.918533
25.71,46.946867,-1006.123333,-1379.838867,-12875.918533
25.72,41.946867,-1014.123333,-1381.838867,-12868.918533
25.73,41.946867,-1027.123333,-1376.838867,-12847.918533
25.74,37.946867,-1036.123333,-1376.838867,-12809.918533
25.75,35.946867,-1051.123333,-1372.838867,-12751.918533
25.76,31.946867,-1063.123333,-1373.838867,-12674.918533
25.77,29.946867,-1073.123333,-1373.838867,-12584.918533
25.78,28.946867,-1094.123333,-1368.838867,-12476.918533
25.79,21.946867,-1111.123333,-1367.838867,-12350.918533
25.80,20.946867,-1120.123333,-1371.838867,-12212.918533
25.81,15.946867,-1138.123333,-1370.838867,-12063.918533
25.82,13.946867,-1145.123333,-1379.838867,-11909.918533
25.83,14.946867,-1155.123333,-1379.838867,-11739.918533
25.84,7.946867,-1157.123333,-1384.838867,-11567.918533
25.85,12.946867,-1162.123333,-1382.838867,-11398.918533
25.86,10.946867,-1181.123333,-1379.838867,-11227.918533
25.87,5.946867,-1189.123333,-1389.838867,-11054.918533
25.88,8.946867,-1198.123333,-1388.838867,-10881.918533
25.89,12.946867,-1206.123333,-1389.838867,-10707.918533
25.90,6.946867,-1212.123333,-1399.838867,-10530.918533
25.91,4.946867,-1211.123333,-1394.838867,-10347.918533
25.92,4.946867,-1212.123333,-1404.838867,-10166.918533
25.93,2.946867,-1214.123333,-1409.838867,-9988.918533
25.94,3.946867,-1215.123333,-1411.838867,-9814.918533
25.95,6.946867,-1217.123333,-1424.838867,-9647.918533
25.96,2.946867,-1221.123333,-1427.838867,-9475.918533
25.97,5.946867,-1216.123333,-1447.838867,-9306.918533
25.98,-0.053133,-1211.123333,-1452.838867,-9141.918533
25.99,4.946867,-1210.123333,-1455.838867,-8977.918533
26.00,-1.053133,-1206.123333,-1470.838867,-8824.918533
26.01,-0.053133,-1205.123333,-1479.838867,-8668.918533
26.02,-1.053133,-1203.123333,-1488.838867,-8519.918533
26.03,0.946867,-1199.123333,-1490.838867,-8375.918533
26.04,-3.053133,-1194.123333,-1499.838867,-8233.918533
26.05,-2.053133,-1197.123333,-1514.838867,-8089.918533
26.06,-7.053133,-1184.123333,-1518.838867,-7948.918533
26.07,-2.053133,-1184.123333,-1529.838867,-7810.918533
26.08,-12.053133,-1179.123333,-1544.838867,-7682.918533
26.09,-8.053133,-1172.123333,-1548.838867,-7557.918533
26.10,-4.053133,-1162.123333,-1563.838867,-7451.918533
26.11,-5.053133,-1155.123333,-1574.838867,-7354.918533
26.12,-11.053133,-1156.123333,-1594.838867,-7265.918533
26.13,-9.053133,-1145.123333,-1599.838867,-7176.918533
26.14,-10.053133,-1142.123333,-1601.838867,-7094.918533
26.15,-11.053133,-1137.123333,-1615.838867,-7022.918533
26.16,-9.053133,-1141.123333,-1623.838867,-6959.918533
26.17,-17.053133,-1128.123333,-1636.838867,-6893.918533
26.18,-15.053133,-1121.123333,-1643.838867,-6821.918533
26.19,-14.053133,-1110.123333,-1649.838867,-6755.918533
26.20,-20.053133,-1108.123333,-1652.838867,-6696.918533
26.21,-23.053133,-1098.123333,-1662.838867,-6632.918533
26.22,-22.053133,-1089.123333,-1676.838867,-6569.918533
26.23,-19.053133,-1081.123333,-1684.838867,-6514.918533
26.24,-22.053133,-1076.123333,-1688.838867,-6457.918533
26.25,-23.053133,-1064.123333,-1702.838867,-6398.918533
26.26,-29.053133,-1053.123333,-1710.838867,-6343.918533
26.27,-30.053133,-1044.123333,-1707.838867,-6301.918533
26.28,-28.053133,-1037.123333,-1726.838867,-6254.918533
26.29,-30.053133,-1031.123333,-1724.838867,-6203.918533
26.30,-32.053133,-1026.123333,-1737.838867,-6158.918533
26.31,-35.053133,-1021.123333,-1746.838867,-6122.918533
26.32,-35.053133,-1011.123333,-1750.838867,-6096.918533
26.33,-34.053133,-1001.123333,-1755.838867,-6076.918533
26.34,-41.053133,-991.123333,-1770.838867,-6063.918533
26.35,-42.053133,-983.123333,-1776.838867,-6066.918533
26.36,-43.053133,-974.123333,-1782.838867,-6072.918533
26.37,-44.053133,-965.123333,-1803.838867,-6086.918533
26.38,-41.053133,-961.123333,-1810.838867,-6104.918533
26.39,-40.053133,-951.123333,-1818.838867,-6128.918533
26.40,-44.053133,-942.123333,-1825.838867,-6153.918533
26.41,-45.053133,-931.123333,-1828.838867,-6183.918533
26.42,-41.053133,-927.123333,-1840.838867,-6206.918533
26.43,-46.053133,-916.123333,-1840.838867,-6223.918533
26.44,-44.053133,-908.123333,-1856.838867,-6235.918533
26.45,-46.053133,-899.123333,-1861.838867,-6247.918533
26.46,-47.053133,-885.123333,-1876.838867,-6252.918533
26.47,-52.053133,-878.123333,-1880.838867,-6255.918533
26.48,-48.053133,-858.123333,-1896.838867,-6245.918533
26.49,-46.053133,-848.123333,-1891.838867,-6231.918533
26.50,-50.053133,-835.123333,-1895.838867,-6211.918533
26.51,-49.053133,-827.123333,-1906.838867,-6184.918533
26.52,-48.053133,-810.123333,-1911.838867,-6142.918533
26.53,-48.053133,-791.123333,-1924.838867,-6102.918533
26.54,-44.053133,-779.123333,-1931.838867,-6049.918533
26.55,-51.053133,-764.123333,-1931.838867,-5986.918533
26.56,-49.053133,-753.123333,-1930.838867,-5909.918533
26.57,-50.053133,-738.123333,-1941.838867,-5822.918533
26.58,-47.053133,-732.123333,-1942.838867,-5732.918533
26.59,-45.053133,-713.123333,-1939.838867,-5635.918533
26.60,-40.053133,-705.123333,-1955.838867,-5531.918533
26.61,-45.053133,-696.123333,-1957.838867,-5418.918533
26.62,-42.053133,-681.123333,-1967.838867,-5292.918533
26.63,-40.053133,-674.123333,-1977.838867,-5156.918533
26.64,-32.053133,-657.123333,-1980.838867,-5011.918533
26.65,-40.053133,-652.123333,-1980.838867,-4862.918533
26.66,-37.053133,-641.123333,-1998.838867,-4708.918533
26.67,-36.053133,-635.123333,-1986.838867,-4548.918533
26.68,-36.053133,-623.123333,-1991.838867,-4384.918533
26.69,-36.053133,-619.123333,-2003.838867,-4216.918533
26.70,-28.053133,-613.123333,-2003.838867,-4036.918533
26.71,-33.053133,-604.123333,-2008.838867,-3850.918533
26.72,-41.053133,-603.123333,-2016.838867,-3658.918533
26.73,-38.053133,-594.123333,-2018.838867,-3458.918533
26.74,-38.053133,-597.123333,-2039.838867,-3258.918533
26.75,-39.053133,-589.123333,-2040.838867,-3060.918533
26.76,-33.053133,-589.123333,-2043.838867,-2862.918533
26.77,-33.053133,-598.123333,-2045.838867,-2663.918533
26.78,-36.053133,-595.123333,-2051.838867,-2454.918533
26.79,-40.053133,-589.123333,-2040.838867,-2246.918533
26.80,-38.053133,-587.123333,-2042.838867,-2043.918533
26.81,-36.053133,-591.123333,-2046.838867,-1838.918533
26.82,-36.053133,-594.123333,-2049.838867,-1641.918533
26.83,-33.053133,-591.123333,-2063.838867,-1447.918533
26.84,-36.053133,-592.123333,-2050.838867,-1258.918533
26.85,-37.053133,-596.123333,-2048.838867,-1069.918533
26.86,-36.053133,-602.123333,-2054.838867,-876.918533
26.87,-37.053133,-601.123333,-2036.838867,-681.918533
26.88,-36.053133,-604.123333,-2040.838867,-493.918533
26.89,-34.053133,-605.123333,-2047.838867,-320.918533
26.90,-35.053133,-604.123333,-2033.838867,-144.918533
26.91,-34.053133,-603.123333,-2026.838867,27.081467
26.92,-39.053133,-604.123333,-2028.838867,191.081467
26.93,-36.053133,-608.123333,-2016.838867,357.081467
26.94,-41.053133,-610.123333,-2010.838867,525.081467
26.95,-40.053133,-610.123333,-2008.838867,681.081467
26.96,-47.053133,-607.123333,-1997.838867,839.081467
26.97,-46.053133,-609.123333,-1976.838867,998.081467
26.98,-39.053133,-608.123333,-1966.838867,1159.081467
26.99,-45.053133,-605.123333,-1959.838867,1318.081467
27.00,-48.053133,-604.123333,-1954.838867,1476.081467
27.01,-48.053133,-604.123333,-1940.838867,1643.081467
27.02,-43.053133,-606.123333,-1933.838867,1811.081467
27.03,-50.053133,-606.123333,-1915.838867,1980.081467
27.04,-55.053133,-608.123333,-1902.838867,2160.081467
27.05,-55.053133,-609.123333,-1889.838867,2341.081467
27.06,-54.053133,-608.123333,-1873.838867,2518.081467
27.07,-60.053133,-612.123333,-1869.838867,2692.081467
27.08,-65.053133,-611.123333,-1858.838867,2872.081467
27.09,-59.053133,-621.123333,-1843.838867,3058.081467
27.10,-61.053133,-624.123333,-1839.838867,3237.081467
27.11,-61.053133,-629.123333,-1824.838867,3418.081467
27.12,-61.053133,-637.123333,-1809.838867,3597.081467
27.13,-65.053133,-634.123333,-1798.838867,3777.081467
27.14,-73.053133,-645.123333,-1787.838867,3952.081467
27.15,-70.053133,-651.123333,-1775.838867,4124.081467
27.16,-71.053133,-660.123333,-1752.838867,4288.081467
27.17,-71.053133,-664.123333,-1752.838867,4443.081467
27.18,-76.053133,-677.123333,-1732.838867,4596.081467
27.19,-75.053133,-688.123333,-1722.838867,4748.081467
27.20,-75.053133,-699.123333,-1715.838867,4887.081467
27.21,-79.053133,-711.123333,-1696.838867,5017.081467
27.22,-78.053133,-724.123333,-1690.838867,5134.081467
27.23,-77.053133,-746.123333,-1668.838867,5250.081467
27.24,-81.053133,-750.123333,-1661.838867,5357.081467
27.25,-83.053133,-773.123333,-1662.838867,5455.081467
27.26,-81.053133,-789.123333,-1645.838867,5537.081467
27.27,-84.053133,-804.123333,-1638.838867,5604.081467
27.28,-80.053133,-825.123333,-1629.838867,5658.081467
27.29,-82.053133,-832.123333,-1617.838867,5700.081467
27.30,-86.053133,-849.123333,-1611.838867,5722.081467
27.31,-87.053133,-870.123333,-1601.838867,5730.081467
27.32,-84.053133,-891.123333,-1599.838867,5730.081467
27.33,-84.053133,-894.123333,-1588.838867,5715.081467
27.34,-81.053133,-916.123333,-1583.838867,5687.081467
27.35,-84.053133,-929.123333,-1579.838867,5650.081467
27.36,-85.053133,-951.123333,-1575.838867,5595.081467
27.37,-78.053133,-967.123333,-1566.838867,5537.081467
27.38,-79.053133,-984.123333,-1566.838867,5470.081467
27.39,-79.053133,-998.123333,-1556.838867,5386.081467
27.40,-74.053133,-1016.123333,-1543.838867,5285.081467
27.41,-77.053133,-1028.123333,-1534.838867,5172.081467
27.42,-75.053133,-1042.123333,-1533.838867,5045.081467
27.43,-72.053133,-1055.123333,-1527.838867,4908.081467
27.44,-70.053133,-1069.123333,-1513.838867,4770.081467
27.45,-64.053133,-1085.123333,-1505.838867,4631.081467
27.46,-63.053133,-1093.123333,-1498.838867,4487.081467
27.47,-61.053133,-1105.123333,-1497.838867,4344.081467
27.48,-63.053133,-1119.123333,-1486.838867,4202.081467
27.49,-61.053133,-1125.123333,-1477.838867,4063.081467
27.50,-56.053133,-1134.123333,-1471.838867,3922.081467
27.51,-62.053133,-1138.123333,-1473.838867,3786.081467
27.52,-56.053133,-1147.123333,-1461.838867,3657.081467
27.53,-49.053133,-1150.123333,-1466.838867,3527.081467
27.54,-50.053133,-1157.123333,-1458.838867,3408.081467
27.55,-50.053133,-1160.123333,-1446.838867,3282.081467
27.56,-46.053133,-1165.123333,-1448.838867,3154.081467
27.57,-46.053133,-1168.123333,-1443.838867,3035.081467
27.58,-46.053133,-1169.123333,-1437.838867,2919.081467
27.59,-47.053133,-1172.123333,-1436.838867,2807.081467
27.60,-46.053133,-1173.123333,-1436.838867,2699.081467
27.61,-49.053133,-1172.123333,-1431.838867,2598.081467
27.62,-44.053133,-1165.123333,-1427.838867,2498.081467
27.63,-44.053133,-1172.123333,-1423.838867,2407.081467
27.64,-46.053133,-1168.123333,-1418.838867,2320.081467
27.65,-40.053133,-1167.123333,-1419.838867,2233.081467
27.66,-46.053133,-1166.123333,-1408.838867,2157.081467
27.67,-47.053133,-1165.123333,-1407.838867,2088.081467
27.68,-41.053133,-1159.123333,-1409.838867,2033.081467
27.69,-38.053133,-1155.123333,-1400.838867,1977.081467
27.70,-39.053133,-1148.123333,-1403.838867,1926.081467
27.71,-41.053133,-1140.123333,-1391.838867,1870.081467
27.72,-42.053133,-1138.123333,-1385.838867,1819.081467
27.73,-38.053133,-1135.123333,-1398.838867,1768.081467
27.74,-38.053133,-1122.123333,-1380.838867,1732.081467
27.75,-40.053133,-1118.123333,-1381.838867,1706.081467
27.76,-41.053133,-1107.123333,-1384.838867,1682.081467
27.77,-39.053133,-1094.123333,-1386.838867,1673.081467
27.78,-41.053133,-1083.123333,-1377.838867,1656.081467
27.79,-40.053133,-1072.123333,-1394.838867,1646.081467
27.80,-47.053133,-1062.123333,-1391.838867,1643.081467
27.81,-42.053133,-1049.123333,-1390.838867,1640.081467
27.82,-44.053133,-1035.123333,-1392.838867,1636.081467
27.83,-46.053133,-1031.123333,-1398.838867,1637.081467
27.84,-46.053133,-1009.123333,-1400.838867,1645.081467
27.85,-51.053133,-992.123333,-1413.838867,1657.081467
27.86,-52.053133,-977.123333,-1415.838867,1667.081467
27.87,-58.053133,-963.123333,-1426.838867,1677.081467
27.88,-54.053133,-947.123333,-1432.838867,1685.081467
27.89,-56.053133,-926.123333,-1433.838867,1703.081467
27.90,-57.053133,-908.123333,-1437.838867,1719.081467
27.91,-54.053133,-888.123333,-1450.838867,1736.081467
27.92,-62.053133,-877.123333,-1451.838867,1758.081467
27.93,-55.053133,-848.123333,-1452.838867,1788.081467
27.94,-58.053133,-833.123333,-1460.838867,1815.081467
27.95,-55.053133,-816.123333,-1472.838867,1843.081467
27.96,-61.053133,-792.123333,-1477.838867,1884.081467
27.97,-63.053133,-777.123333,-1488.838867,1922.081467
27.98,-65.053133,-755.123333,-1487.838867,1958.081467
27.99,-70.053133,-741.123333,-1498.838867,1992.081467
28.00,-66.053133,-721.123333,-1499.838867,2035.081467
28.01,-70.053133,-705.123333,-1511.838867,2073.081467
28.02,-73.053133,-695.123333,-1510.838867,2121.081467
28.03,-75.053133,-681.123333,-1514.838867,2160.081467
28.04,-77.053133,-661.123333,-1524.838867,2199.081467
28.05,-76.053133,-639.123333,-1527.838867,2227.081467
28.06,-78.053133,-627.123333,-1531.838867,2251.081467
28.07,-81.053133,-605.123333,-1536.838867,2266.081467
28.08,-85.053133,-594.123333,-1541.838867,2279.081467
28.09,-90.053133,-575.123333,-1546.838867,2296.081467
28.10,-89.053133,-560.123333,-1549.838867,2303.081467
28.11,-93.053133,-550.123333,-1559.838867,2304.081467
28.12,-91.053133,-538.123333,-1557.838867,2294.081467
28.13,-96.053133,-529.123333,-1559.838867,2273.081467
28.14,-95.053133,-505.123333,-1563.838867,2236.081467
28.15,-93.053133,-495.123333,-1560.838867,2184.081467
28.16,-94.053133,-488.123333,-1563.838867,2117.081467
28.17,-93.053133,-476.123333,-1580.838867,2041.081467
28.18,-94.053133,-470.123333,-1585.838867,1964.081467
28.19,-96.053133,-459.123333,-1585.838867,1880.081467
28.20,-93.053133,-455.123333,-1591.838867,1779.081467
28.21,-92.053133,-445.123333,-1596.838867,1677.081467
28.22,-90.053133,-438.123333,-1605.838867,1565.081467
28.23,-85.053133,-429.123333,-1602.838867,1451.081467
28.24,-87.053133,-424.123333,-1613.838867,1320.081467
28.25,-83.053133,-422.123333,-1624.838867,1187.081467
28.26,-79.053133,-423.123333,-1622.838867,1054.081467
28.27,-78.053133,-415.123333,-1631.838867,921.081467
28.28,-74.053133,-413.123333,-1626.838867,785.081467
28.29,-75.053133,-411.123333,-1639.838867,646.081467
28.30,-69.053133,-409.123333,-1648.838867,501.081467
28.31,-69.053133,-406.123333,-1655.838867,354.081467
28.32,-65.053133,-410.123333,-1668.838867,203.081467
28.33,-58.053133,-408.123333,-1674.838867,54.081467
28.34,-56.053133,-408.123333,-1686.838867,-90.918533
28.35,-52.053133,-399.123333,-1690.838867,-246.918533
28.36,-51.053133,-392.123333,-1695.838867,-407.918533
28.37,-46.053133,-394.123333,-1706.838867,-568.918533
28.38,-42.053133,-391.123333,-1713.838867,-729.918533
28.39,-41.053133,-394.123333,-1719.838867,-879.918533
28.40,-45.053133,-390.123333,-1730.838867,-1028.918533
28.41,-39.053133,-390.123333,-1736.838867,-1172.918533
28.42,-31.053133,-391.123333,-1752.838867,-1318.918533
28.43,-29.053133,-393.123333,-1753.838867,-1458.918533
28.44,-27.053133,-393.123333,-1760.838867,-1586.918533
28.45,-26.053133,-392.123333,-1770.838867,-1709.918533
28.46,-24.053133,-394.123333,-1782.838867,-1821.918533
28.47,-17.053133,-401.123333,-1798.838867,-1934.918533
28.48,-13.053133,-396.123333,-1813.838867,-2044.918533
28.49,-14.053133,-401.123333,-1825.838867,-2160.918533
28.50,-17.053133,-402.123333,-1837.838867,-2280.918533
28.51,-9.053133,-406.123333,-1847.838867,-2401.918533
28.52,-12.053133,-410.123333,-1852.838867,-2509.918533
28.53,-5.053133,-416.123333,-1871.838867,-2613.918533
28.54,-3.053133,-428.123333,-1884.838867,-2711.918533
28.55,-4.053133,-436.123333,-1890.838867,-2799.918533
28.56,-1.053133,-448.123333,-1893.838867,-2886.918533
28.57,-1.053133,-456.123333,-1906.838867,-2981.918533
28.58,1.946867,-460.123333,-1920.838867,-3074.918533
28.59,7.946867,-467.123333,-1923.838867,-3172.918533
28.60,2.946867,-473.123333,-1928.838867,-3268.918533
28.61,0.946867,-486.123333,-1937.838867,-3370.918533
28.62,1.946867,-497.123333,-1941.838867,-3480.918533
28.63,-2.053133,-511.123333,-1952.838867,-3596.918533
28.64,-1.053133,-524.123333,-1952.838867,-3721.918533
28.65,3.946867,-537.123333,-1965.838867,-3850.918533
28.66,7.946867,-557.123333,-1969.838867,-3978.918533
28.67,8.946867,-561.123333,-1980.838867,-4115.918533
28.68,10.946867,-575.123333,-1985.838867,-4256.918533
28.69,9.946867,-596.123333,-1986.838867,-4390.918533
28.70,12.946867,-603.123333,-1989.838867,-4531.918533
28.71,15.946867,-616.123333,-1984.838867,-4673.918533
28.72,16.946867,-639.123333,-1990.838867,-4818.918533
28.73,15.946867,-650.123333,-1989.838867,-4957.918533
28.74,18.946867,-666.123333,-1996.838867,-5092.918533
28.75,25.946867,-672.123333,-1997.838867,-5221.918533
28.76,23.946867,-686.123333,-2003.838867,-5344.918533
28.77,25.946867,-694.123333,-2007.838867,-5463.918533
28.78,26.946867,-712.123333,-2008.838867,-5569.918533
28.79,30.946867,-725.123333,-2005.838867,-5665.918533
28.80,30.946867,-736.123333,-2009.838867,-5763.918533
28.81,33.946867,-750.123333,-2004.838867,-5850.918533
28.82,36.946867,-767.123333,-1996.838867,-5922.918533
28.83,41.946867,-767.123333,-2007.838867,-5985.918533
28.84,45.946867,-781.123333,-1997.838867,-6029.918533
28.85,49.946867,-785.123333,-2001.838867,-6059.918533
28.86,47.946867,-798.123333,-1995.838867,-6076.918533
28.87,52.946867,-808.123333,-1997.838867,-6075.918533
28.88,55.946867,-817.123333,-1986.838867,-6062.918533
28.89,57.946867,-829.123333,-1986.838867,-6042.918533
28.90,59.946867,-840.123333,-1979.838867,-6013.918533
28.91,59.946867,-864.123333,-1977.838867,-5966.918533
28.92,57.946867,-869.123333,-1971.838867,-5909.918533
28.93,60.946867,-890.123333,-1973.838867,-5844.918533
28.94,66.946867,-900.123333,-1966.838867,-5770.918533
28.95,65.946867,-916.123333,-1965.838867,-5680.918533
28.96,65.946867,-925.123333,-1966.838867,-5581.918533
28.97,59.946867,-944.123333,-1953.838867,-5480.918533
28.98,65.946867,-955.123333,-1951.838867,-5373.918533
28.99,65.946867,-964.123333,-1942.838867,-5250.918533
29.00,67.946867,-967.123333,-1936.838867,-5133.918533
29.01,66.946867,-978.123333,-1936.838867,-5010.918533
29.02,65.946867,-984.123333,-1926.838867,-4887.918533
29.03,62.946867,-1000.123333,-1919.838867,-4758.918533
29.04,61.946867,-1003.123333,-1916.838867,-4616.918533
29.05,68.946867,-1018.123333,-1908.838867,-4477.918533
29.06,61.946867,-1024.123333,-1914.838867,-4332.918533
29.07,61.946867,-1033.123333,-1897.838867,-4187.918533
29.08,60.946867,-1038.123333,-1898.838867,-4048.918533
29.09,59.946867,-1052.123333,-1892.838867,-3914.918533
29.10,62.946867,-1059.123333,-1882.838867,-3780.918533
29.11,61.946867,-1063.123333,-1884.838867,-3645.918533
29.12,61.946867,-1065.123333,-1877.838867,-3505.918533
29.13,55.946867,-1071.123333,-1868.838867,-3367.918533
29.14,54.946867,-1070.123333,-1859.838867,-3241.918533
29.15,54.946867,-1079.123333,-1854.838867,-3121.918533
29.16,56.946867,-1084.123333,-1845.838867,-3003.918533
29.17,57.946867,-1079.123333,-1842.838867,-2893.918533
29.18,52.946867,-1084.123333,-1834.838867,-2785.918533
29.19,53.946867,-1085.123333,-1824.838867,-2678.918533
29.20,52.946867,-1091.123333,-1811.838867,-2572.918533
29.21,49.946867,-1096.123333,-1802.838867,-2462.918533
29.22,49.946867,-1096.123333,-1789.838867,-2354.918533
29.23,47.946867,-1103.123333,-1786.838867,-2256.918533
29.24,43.946867,-1113.123333,-1767.838867,-2157.918533
29.25,45.946867,-1107.123333,-1756.838867,-2064.918533
29.26,45.946867,-1116.123333,-1749.838867,-1974.918533
29.27,40.946867,-1116.123333,-1743.838867,-1896.918533
29.28,44.946867,-1115.123333,-1732.838867,-1815.918533
29.29,45.946867,-1118.123333,-1714.838867,-1744.918533
29.30,38.946867,-1121.123333,-1702.838867,-1683.918533
29.31,39.946867,-1120.123333,-1690.838867,-1632.918533
29.32,37.946867,-1121.123333,-1687.838867,-1597.918533
29.33,34.946867,-1117.123333,-1677.838867,-1571.918533
29.34,37.946867,-1113.123333,-1660.838867,-1551.918533
29.35,36.946867,-1101.123333,-1664.838867,-1543.918533
29.36,41.946867,-1103.123333,-1645.838867,-1545.918533
29.37,40.946867,-1097.123333,-1638.838867,-1554.918533
29.38,37.946867,-1081.123333,-1636.838867,-1579.918533
29.39,38.946867,-1087.123333,-1618.838867,-1615.918533
29.40,43.946867,-1081.123333,-1614.838867,-1659.918533
29.41,44.946867,-1076.123333,-1607.838867,-1707.918533
29.42,42.946867,-1067.123333,-1600.838867,-1765.918533
29.43,45.946867,-1058.123333,-1599.838867,-1831.918533
29.44,47.946867,-1053.123333,-1589.838867,-1911.918533
29.45,54.946867,-1037.123333,-1581.838867,-1995.918533
29.46,51.946867,-1029.123333,-1571.838867,-2088.918533
29.47,53.946867,-1017.123333,-1570.838867,-2187.918533
29.48,57.946867,-1010.123333,-1567.838867,-2282.918533
29.49,62.946867,-1004.123333,-1553.838867,-2374.918533
29.50,62.946867,-992.123333,-1547.838867,-2464.918533
29.51,62.946867,-985.123333,-1548.838867,-2556.918533
29.52,57.946867,-976.123333,-1535.838867,-2654.918533
29.53,59.946867,-960.123333,-1527.838867,-2750.918533
29.54,61.946867,-950.123333,-1526.838867,-2846.918533
29.55,60.946867,-941.123333,-1520.838867,-2938.918533
29.56,58.946867,-929.123333,-1514.838867,-3026.918533
29.57,54.946867,-916.123333,-1503.838867,-3112.918533
29.58,50.946867,-906.123333,-1498.838867,-3198.918533
29.59,54.946867,-896.123333,-1495.838867,-3285.918533
29.60,52.946867,-887.123333,-1489.838867,-3369.918533
29.61,49.946867,-886.123333,-1481.838867,-3452.918533
29.62,47.946867,-872.123333,-1479.838867,-3532.918533
29.63,48.946867,-863.123333,-1465.838867,-3604.918533
29.64,43.946867,-854.123333,-1465.838867,-3672.918533
29.65,44.946867,-847.123333,-1460.838867,-3742.918533
29.66,39.946867,-837.123333,-1456.838867,-3807.918533
29.67,37.946867,-833.123333,-1455.838867,-3871.918533
29.68,30.946867,-822.123333,-1446.838867,-3942.918533
29.69,35.946867,-808.123333,-1446.838867,-4010.918533
29.70,35.946867,-809.123333,-1437.838867,-4076.918533
29.71,29.946867,-799.123333,-1432.838867,-4136.918533
29.72,27.946867,-783.123333,-1430.838867,-4192.918533
29.73,21.946867,-781.123333,-1426.838867,-4243.918533
29.74,21.946867,-768.123333,-1425.838867,-4290.918533
29.75,18.946867,-755.123333,-1429.838867,-4329.918533
29.76,11.946867,-756.123333,-1430.838867,-4358.918533
29.77,17.946867,-739.123333,-1431.838867,-4376.918533
29.78,11.946867,-726.123333,-1426.838867,-4403.918533
29.79,5.946867,-715.123333,-1423.838867,-4423.918533
29.80,6.946867,-710.123333,-1421.838867,-4447.918533
29.81,2.946867,-694.123333,-1437.838867,-4476.918533
29.82,-3.053133,-682.123333,-1447.838867,-4503.918533
29.83,-7.053133,-676.123333,-1444.838867,-4526.918533
29.84,-9.053133,-672.123333,-1447.838867,-4538.918533
29.85,-15.053133,-662.123333,-1457.838867,-4553.918533
29.86,-23.053133,-652.123333,-1446.838867,-4567.918533
29.87,-27.053133,-642.123333,-1453.838867,-4580.918533
29.88,-29.053133,-633.123333,-1464.838867,-4593.918533
29.89,-36.053133,-621.123333,-1474.838867,-4601.918533
29.90,-35.053133,-608.123333,-1482.838867,-4618.918533
29.91,-36.053133,-599.123333,-1497.838867,-4636.918533
29.92,-44.053133,-591.123333,-1498.838867,-4653.918533
29.93,-42.053133,-577.123333,-1497.838867,-4669.918533
29.94,-48.053133,-572.123333,-1515.838867,-4679.918533
29.95,-49.053133,-562.123333,-1521.838867,-4683.918533
29.96,-59.053133,-563.123333,-1529.838867,-4682.918533
29.97,-50.053133,-556.123333,-1549.838867,-4671.918533
29.98,-55.053133,-554.123333,-1551.838867,-4645.918533
29.99,-54.053133,-544.123333,-1562.838867,-4622.918533
30.00,-59.053133,-535.123333,-1572.838867,-4599.918533
30.01,-63.053133,-527.123333,-1581.838867,-4574.918533
30.02,-65.053133,-520.123333,-1602.838867,-4545.918533
30.03,-68.053133,-515.123333,-1607.838867,-4514.918533
30.04,-64.053133,-510.123333,-1623.838867,-4479.918533
30.05,-65.053133,-500.123333,-1636.838867,-4432.918533
30.06,-66.053133,-498.123333,-1658.838867,-4384.918533
30.07,-67.053133,-490.123333,-1661.838867,-4330.918533
30.08,-71.053133,-482.123333,-1672.838867,-4276.918533
30.09,-67.053133,-473.123333,-1683.838867,-4214.918533
30.10,-74.053133,-466.123333,-1689.838867,-4157.918533
30.11,-69.053133,-456.123333,-1695.838867,-4092.918533
30.12,-72.053133,-452.123333,-1703.838867,-4027.918533
30.13,-74.053133,-453.123333,-1719.838867,-3960.918533
30.14,-67.053133,-455.123333,-1724.838867,-3886.918533
30.15,-71.053133,-456.123333,-1729.838867,-3811.918533
30.16,-75.053133,-452.123333,-1738.838867,-3740.918533
30.17,-69.053133,-462.123333,-1748.838867,-3679.918533
30.18,-68.053133,-462.123333,-1758.838867,-3615.918533
30.19,-66.053133,-462.123333,-1760.838867,-3549.918533
30.20,-69.053133,-457.123333,-1767.838867,-3487.918533
30.21,-65.053133,-461.123333,-1772.838867,-3430.918533
30.22,-59.053133,-468.123333,-1773.838867,-3370.918533
30.23,-57.053133,-466.123333,-1783.838867,-3312.918533
30.24,-59.053133,-478.123333,-1787.838867,-3254.918533
30.25,-56.053133,-485.123333,-1783.838867,-3191.918533
30.26,-53.053133,-488.123333,-1786.838867,-3118.918533
30.27,-55.053133,-490.123333,-1800.838867,-3051.918533
30.28,-55.053133,-502.123333,-1809.838867,-2977.918533
30.29,-50.053133,-503.123333,-1812.838867,-2910.918533
30.30,-43.053133,-512.123333,-1832.838867,-2845.918533
30.31,-41.053133,-514.123333,-1835.838867,-2770.918533
30.32,-38.053133,-517.123333,-1834.838867,-2696.918533
30.33,-30.053133,-523.123333,-1837.838867,-2621.918533
30.34,-28.053133,-528.123333,-1844.838867,-2542.918533
30.35,-25.053133,-542.123333,-1841.838867,-2460.918533
30.36,-23.053133,-548.123333,-1852.838867,-2374.918533
30.37,-19.053133,-548.123333,-1853.838867,-2280.918533
30.38,-5.053133,-552.123333,-1854.838867,-2185.918533
30.39,-7.053133,-560.123333,-1858.838867,-2082.918533
30.40,-2.053133,-564.123333,-1859.838867,-1969.918533
30.41,2.946867,-561.123333,-1865.838867,-1855.918533
30.42,4.946867,-570.123333,-1858.838867,-1741.918533
30.43,4.946867,-576.123333,-1864.838867,-1620.918533
30.44,16.946867,-584.123333,-1871.838867,-1498.918533
30.45,19.946867,-595.123333,-1883.838867,-1377.918533
30.46,21.946867,-602.123333,-1888.838867,-1251.918533
30.47,29.946867,-614.123333,-1889.838867,-1124.918533
30.48,33.946867,-623.123333,-1887.838867,-991.918533
30.49,35.946867,-630.123333,-1891.838867,-853.918533
30.50,40.946867,-635.123333,-1885.838867,-704.918533
30.51,49.946867,-646.123333,-1881.838867,-553.918533
30.52,50.946867,-654.123333,-1888.838867,-396.918533
30.53,51.946867,-669.123333,-1901.838867,-232.918533
30.54,55.946867,-668.123333,-1912.838867,-68.918533
30.55,61.946867,-678.123333,-1924.838867,95.081467
30.56,72.946867,-678.123333,-1937.838867,257.081467
30.57,73.946867,-688.123333,-1948.838867,423.081467
30.58,77.946867,-700.123333,-1944.838867,594.081467
30.59,81.946867,-710.123333,-1936.838867,760.081467
30.60,76.946867,-722.123333,-1942.838867,921.081467
30.61,83.946867,-734.123333,-1940.838867,1075.081467
30.62,85.946867,-748.123333,-1939.838867,1220.081467
30.63,92.946867,-746.123333,-1943.838867,1363.081467
30.64,94.946867,-755.123333,-1944.838867,1499.081467
30.65,94.946867,-774.123333,-1942.838867,1633.081467
30.66,106.946867,-774.123333,-1946.838867,1763.081467
30.67,109.946867,-787.123333,-1948.838867,1884.081467
30.68,120.946867,-795.123333,-1945.838867,1990.081467
30.69,122.946867,-804.123333,-1937.838867,2094.081467
30.70,125.946867,-809.123333,-1937.838867,2201.081467
30.71,126.946867,-818.123333,-1934.838867,2297.081467
30.72,134.946867,-832.123333,-1930.838867,2388.081467
30.73,141.946867,-845.123333,-1937.838867,2475.081467
30.74,147.946867,-858.123333,-1931.838867,2550.081467
30.75,150.946867,-868.123333,-1933.838867,2623.081467
30.76,154.946867,-887.123333,-1926.838867,2690.081467
30.77,163.946867,-897.123333,-1922.838867,2763.081467
30.78,167.946867,-911.123333,-1924.838867,2838.081467
30.79,165.946867,-925.123333,-1913.838867,2915.081467
30.80,171.946867,-934.123333,-1913.838867,2986.081467
30.81,176.946867,-950.123333,-1914.838867,3048.081467
30.82,184.946867,-954.123333,-1906.838867,3100.081467
30.83,192.946867,-971.123333,-1907.838867,3150.081467
30.84,193.946867,-976.123333,-1908.838867,3190.081467
30.85,194.946867,-998.123333,-1902.838867,3222.081467
30.86,202.946867,-1000.123333,-1900.838867,3258.081467
30.87,213.946867,-1021.123333,-1890.838867,3293.081467
30.88,214.946867,-1030.123333,-1888.838867,3320.081467
30.89,219.946867,-1044.123333,-1881.838867,3335.081467
30.90,224.946867,-1053.123333,-1874.838867,3353.081467
30.91,226.946867,-1068.123333,-1867.838867,3366.081467
30.92,230.946867,-1082.123333,-1864.838867,3376.081467
30.93,233.946867,-1091.123333,-1855.838867,3391.081467
30.94,237.946867,-1097.123333,-1851.838867,3397.081467
30.95,236.946867,-1107.123333,-1832.838867,3399.081467
30.96,243.946867,-1117.123333,-1818.838867,3390.081467
30.97,248.946867,-1117.123333,-1811.838867,3370.081467
30.98,248.946867,-1126.123333,-1798.838867,3342.081467
30.99,248.946867,-1140.123333,-1775.838867,3301.081467
31.00,252.946867,-1147.123333,-1771.838867,3244.081467
31.01,250.946867,-1154.123333,-1756.838867,3180.081467
31.02,255.946867,-1154.123333,-1736.838867,3096.081467
31.03,260.946867,-1166.123333,-1724.838867,3002.081467
31.04,263.946867,-1165.123333,-1717.838867,2892.081467
31.05,263.946867,-1171.123333,-1700.838867,2770.081467
31.06,259.946867,-1171.123333,-1703.838867,2636.081467
31.07,264.946867,-1174.123333,-1682.838867,2482.081467
31.08,262.946867,-1183.123333,-1653.838867,2318.081467
31.09,262.946867,-1181.123333,-1647.838867,2140.081467
31.10,262.946867,-1178.123333,-1623.838867,1940.081467
31.11,264.946867,-1179.123333,-1612.838867,1717.081467
31.12,264.946867,-1179.123333,-1605.838867,1473.081467
31.13,262.946867,-1182.123333,-1581.838867,1220.081467
31.14,259.946867,-1186.123333,-1577.838867,957.081467
31.15,259.946867,-1183.123333,-1562.838867,671.081467
31.16,258.946867,-1190.123333,-1549.838867,376.081467
31.17,259.946867,-1190.123333,-1536.838867,75.081467
31.18,256.946867,-1186.123333,-1519.838867,-231.918533
31.19,256.946867,-1182.123333,-1508.838867,-553.918533
31.20,248.946867,-1182.123333,-1502.838867,-884.918533
31.21,248.946867,-1178.123333,-1491.838867,-1222.918533
31.22,244.946867,-1179.123333,-1469.838867,-1570.918533
31.23,242.946867,-1174.123333,-1466.838867,-1939.918533
31.24,238.946867,-1175.123333,-1461.838867,-2317.918533
31.25,235.946867,-1174.123333,-1453.838867,-2700.918533
31.26,233.946867,-1168.123333,-1440.838867,-3082.918533
31.27,228.946867,-1166.123333,-1433.838867,-3466.918533
31.28,222.946867,-1157.123333,-1431.838867,-3844.918533
31.29,221.946867,-1165.123333,-1411.838867,-4209.918533
31.30,218.946867,-1168.123333,-1413.838867,-4563.918533
31.31,212.946867,-1163.123333,-1415.838867,-4907.918533
31.32,206.946867,-1159.123333,-1404.838867,-5242.918533
31.33,206.946867,-1160.123333,-1410.838867,-5572.918533
31.34,192.946867,-1151.123333,-1407.838867,-5903.918533
31.35,192.946867,-1148.123333,-1413.838867,-6221.918533
31.36,188.946867,-1139.123333,-1419.838867,-6527.918533
31.37,179.946867,-1131.123333,-1418.838867,-6825.918533
31.38,177.946867,-1128.123333,-1423.838867,-7117.918533
31.39,167.946867,-1123.123333,-1421.838867,-7399.918533
31.40,159.946867,-1123.123333,-1432.838867,-7664.918533
31.41,153.946867,-1117.123333,-1431.838867,-7919.918533
31.42,143.946867,-1108.123333,-1441.838867,-8172.918533
31.43,142.946867,-1104.123333,-1442.838867,-8405.918533
31.44,133.946867,-1100.123333,-1457.838867,-8624.918533
31.45,126.946867,-1087.123333,-1466.838867,-8829.918533
31.46,122.946867,-1083.123333,-1473.838867,-9018.918533
31.47,113.946867,-1073.123333,-1483.838867,-9190.918533
31.48,107.946867,-1062.123333,-1497.838867,-9353.918533
31.49,93.946867,-1053.123333,-1508.838867,-9506.918533
31.50,83.946867,-1047.123333,-1516.838867,-9651.918533
31.51,77.946867,-1038.123333,-1540.838867,-9778.918533
31.52,69.946867,-1024.123333,-1555.838867,-9892.918533
31.53,58.946867,-1009.123333,-1566.838867,-9997.918533
31.54,52.946867,-1002.123333,-1577.838867,-10088.918533
31.55,43.946867,-991.123333,-1590.838867,-10166.918533
31.56,37.946867,-980.123333,-1595.838867,-10227.918533
31.57,28.946867,-969.123333,-1618.838867,-10269.918533
31.58,14.946867,-960.123333,-1635.838867,-10303.918533
31.59,16.946867,-951.123333,-1653.838867,-10320.918533
31.60,3.946867,-942.123333,-1665.838867,-10316.918533
31.61,-5.053133,-931.123333,-1676.838867,-10302.918533
31.62,-13.053133,-917.123333,-1702.838867,-10279.918533
31.63,-19.053133,-898.123333,-1707.838867,-10252.918533
31.64,-25.053133,-893.123333,-1720.838867,-10217.918533
31.65,-37.053133,-874.123333,-1737.838867,-10171.918533
31.66,-41.053133,-860.123333,-1757.838867,-10112.918533
31.67,-46.053133,-851.123333,-1774.838867,-10041.918533
31.68,-54.053133,-845.123333,-1777.838867,-9957.918533
31.69,-59.053133,-827.123333,-1792.838867,-9866.918533
31.70,-67.053133,-812.123333,-1810.838867,-9775.918533
31.71,-72.053133,-805.123333,-1818.838867,-9680.918533
31.72,-79.053133,-791.123333,-1831.838867,-9576.918533
31.73,-82.053133,-774.123333,-1850.838867,-9460.918533
31.74,-92.053133,-765.123333,-1855.838867,-9339.918533
31.75,-98.053133,-750.123333,-1862.838867,-9217.918533
31.76,-104.053133,-736.123333,-1878.838867,-9101.918533
31.77,-105.053133,-730.123333,-1892.838867,-8981.918533
31.78,-106.053133,-717.123333,-1899.838867,-8855.918533
31.79,-116.053133,-710.123333,-1899.838867,-8721.918533
31.80,-121.053133,-703.123333,-1920.838867,-8590.918533
31.81,-126.053133,-697.123333,-1920.838867,-8452.918533
31.82,-132.053133,-688.123333,-1929.838867,-8317.918533
31.83,-137.053133,-678.123333,-1939.838867,-8186.918533
31.84,-134.053133,-673.123333,-1952.838867,-8062.918533
31.85,-137.053133,-667.123333,-1949.838867,-7947.918533
31.86,-141.053133,-657.123333,-1950.838867,-7829.918533
31.87,-143.053133,-656.123333,-1954.838867,-7716.918533
31.88,-153.053133,-656.123333,-1948.838867,-7599.918533
31.89,-143.053133,-654.123333,-1947.838867,-7483.918533
31.90,-148.053133,-648.123333,-1947.838867,-7375.918533
31.91,-148.053133,-650.123333,-1950.838867,-7278.918533
31.92,-149.053133,-653.123333,-1952.838867,-7181.918533
31.93,-151.053133,-649.123333,-1952.838867,-7084.918533
31.94,-151.053133,-654.123333,-1953.838867,-6987.918533
31.95,-153.053133,-657.123333,-1958.838867,-6883.918533
31.96,-157.053133,-654.123333,-1957.838867,-6774.918533
31.97,-157.053133,-664.123333,-1955.838867,-6652.918533
31.98,-159.053133,-660.123333,-1954.838867,-6527.918533
31.99,-156.053133,-668.123333,-1963.838867,-6396.918533
32.00,-157.053133,-671.123333,-1962.838867,-6268.918533
32.01,-154.053133,-670.123333,-1969.838867,-6146.918533
32.02,-157.053133,-674.123333,-1966.838867,-6024.918533
32.03,-164.053133,-677.123333,-1965.838867,-5895.918533
32.04,-164.053133,-680.123333,-1970.838867,-5773.918533
32.05,-167.053133,-676.123333,-1964.838867,-5650.918533
32.06,-172.053133,-676.123333,-1964.838867,-5522.918533
32.07,-164.053133,-678.123333,-1976.838867,-5399.918533
32.08,-168.053133,-679.123333,-1983.838867,-5273.918533
32.09,-174.053133,-681.123333,-1992.838867,-5147.918533
32.10,-172.053133,-679.123333,-2009.838867,-5019.918533
32.11,-179.053133,-685.123333,-2018.838867,-4887.918533
32.12,-175.053133,-683.123333,-2024.838867,-4748.918533
32.13,-180.053133,-673.123333,-2028.838867,-4612.918533
32.14,-182.053133,-675.123333,-2032.838867,-4476.918533
32.15,-181.053133,-684.123333,-2035.838867,-4338.918533
32.16,-185.053133,-689.123333,-2031.838867,-4197.918533
32.17,-186.053133,-692.123333,-2041.838867,-4060.918533
32.18,-186.053133,-693.123333,-2035.838867,-3919.918533
32.19,-186.053133,-696.123333,-2043.838867,-3783.918533
32.20,-191.053133,-698.123333,-2045.838867,-3644.918533
32.21,-190.053133,-691.123333,-2041.838867,-3503.918533
32.22,-191.053133,-699.123333,-2046.838867,-3363.918533
32.23,-186.053133,-695.123333,-2036.838867,-3216.918533
32.24,-197.053133,-700.123333,-2037.838867,-3059.918533
32.25,-194.053133,-701.123333,-2036.838867,-2896.918533
32.26,-193.053133,-712.123333,-2033.838867,-2723.918533
32.27,-196.053133,-716.123333,-2033.838867,-2552.918533
32.28,-198.053133,-719.123333,-2031.838867,-2374.918533
32.29,-202.053133,-724.123333,-2026.838867,-2193.918533
32.30,-196.053133,-729.123333,-2033.838867,-2011.918533
32.31,-196.053133,-733.123333,-2029.838867,-1828.918533
32.32,-203.053133,-742.123333,-2021.838867,-1645.918533
32.33,-198.053133,-750.123333,-2016.838867,-1456.918533
32.34,-201.053133,-753.123333,-2017.838867,-1264.918533
32.35,-203.053133,-764.123333,-2018.838867,-1073.918533
32.36,-202.053133,-763.123333,-2011.838867,-875.918533
32.37,-203.053133,-768.123333,-2012.838867,-676.918533
32.38,-207.053133,-783.123333,-2003.838867,-471.918533
32.39,-206.053133,-781.123333,-1995.838867,-264.918533
32.40,-203.053133,-785.123333,-1990.838867,-50.918533
32.41,-204.053133,-789.123333,-1988.838867,159.081467
32.42,-202.053133,-793.123333,-1986.838867,377.081467
32.43,-206.053133,-810.123333,-1980.838867,589.081467
32.44,-202.053133,-814.123333,-1981.838867,804.081467
32.45,-202.053133,-823.123333,-1989.838867,1013.081467
32.46,-205.053133,-825.123333,-1979.838867,1230.081467
32.47,-206.053133,-829.123333,-1976.838867,1441.081467
32.48,-204.053133,-839.123333,-1968.838867,1661.081467
32.49,-205.053133,-842.123333,-1962.838867,1883.081467
32.50,-201.053133,-843.123333,-1963.838867,2099.081467
32.51,-205.053133,-849.123333,-1966.838867,2317.081467
32.52,-203.053133,-852.123333,-1969.838867,2522.081467
32.53,-204.053133,-854.123333,-1977.838867,2717.081467
32.54,-204.053133,-851.123333,-1965.838867,2908.081467
32.55,-201.053133,-855.123333,-1955.838867,3092.081467
32.56,-203.053133,-862.123333,-1967.838867,3277.081467
32.57,-204.053133,-858.123333,-1958.838867,3454.081467
32.58,-202.053133,-857.123333,-1948.838867,3621.081467
32.59,-198.053133,-865.123333,-1952.838867,3781.081467
32.60,-198.053133,-869.123333,-1950.838867,3930.081467
32.61,-197.053133,-864.123333,-1958.838867,4072.081467
32.62,-199.053133,-864.123333,-1951.838867,4215.081467
32.63,-195.053133,-869.123333,-1952.838867,4352.081467
32.64,-195.053133,-862.123333,-1943.838867,4489.081467
32.65,-195.053133,-859.123333,-1941.838867,4618.081467
32.66,-193.053133,-863.123333,-1926.838867,4732.081467
32.67,-189.053133,-851.123333,-1918.838867,4852.081467
32.68,-187.053133,-850.123333,-1913.838867,4960.081467
32.69,-190.053133,-844.123333,-1906.838867,5065.081467
32.70,-181.053133,-834.123333,-1891.838867,5164.081467
32.71,-181.053133,-834.123333,-1885.838867,5257.081467
32.72,-180.053133,-822.123333,-1876.838867,5347.081467
32.73,-177.053133,-815.123333,-1865.838867,5429.081467
32.74,-175.053133,-809.123333,-1850.838867,5507.081467
32.75,-175.053133,-800.123333,-1834.838867,5577.081467
32.76,-171.053133,-795.123333,-1816.838867,5645.081467
32.77,-171.053133,-782.123333,-1811.838867,5700.081467
32.78,-169.053133,-777.123333,-1790.838867,5743.081467
32.79,-164.053133,-773.123333,-1777.838867,5774.081467
32.80,-168.053133,-766.123333,-1771.838867,5795.081467
32.81,-164.053133,-759.123333,-1751.838867,5801.081467
32.82,-162.053133,-753.123333,-1741.838867,5799.081467
32.83,-164.053133,-750.123333,-1727.838867,5784.081467
32.84,-160.053133,-745.123333,-1717.838867,5768.081467
32.85,-156.053133,-741.123333,-1707.838867,5739.081467
32.86,-155.053133,-730.123333,-1693.838867,5696.081467
32.87,-157.053133,-729.123333,-1677.838867,5638.081467
32.88,-156.053133,-727.123333,-1665.838867,5586.081467
32.89,-156.053133,-726.123333,-1652.838867,5520.081467
32.90,-154.053133,-723.123333,-1640.838867,5445.081467
32.91,-155.053133,-726.123333,-1631.838867,5365.081467
32.92,-157.053133,-729.123333,-1627.838867,5267.081467
32.93,-152.053133,-733.123333,-1616.838867,5154.081467
32.94,-152.053133,-734.123333,-1606.838867,5032.081467
32.95,-152.053133,-738.123333,-1592.838867,4904.081467
32.96,-150.053133,-741.123333,-1586.838867,4764.081467
32.97,-148.053133,-737.123333,-1567.838867,4605.081467
32.98,-142.053133,-750.123333,-1564.838867,4442.081467
32.99,-142.053133,-752.123333,-1553.838867,4279.081467
33.00,-137.053133,-757.123333,-1542.838867,4111.081467
33.01,-136.053133,-757.123333,-1543.838867,3934.081467
33.02,-133.053133,-757.123333,-1512.838867,3755.081467
33.03,-126.053133,-758.123333,-1517.838867,3578.081467
33.04,-127.053133,-755.123333,-1493.838867,3398.081467
33.05,-121.053133,-758.123333,-1482.838867,3215.081467
33.06,-121.053133,-756.123333,-1476.838867,3031.081467
33.07,-125.053133,-756.123333,-1467.838867,2850.081467
33.08,-116.053133,-754.123333,-1462.838867,2674.081467
33.09,-110.053133,-755.123333,-1449.838867,2504.081467
33.10,-108.053133,-756.123333,-1439.838867,2333.081467
33.11,-101.053133,-750.123333,-1442.838867,2170.081467
33.12,-95.053133,-745.123333,-1433.838867,2010.081467
33.13,-90.053133,-749.123333,-1437.838867,1854.081467
33.14,-94.053133,-745.123333,-1432.838867,1716.081467
33.15,-88.053133,-747.123333,-1423.838867,1591.081467
33.16,-88.053133,-739.123333,-1426.838867,1488.081467
33.17,-78.053133,-746.123333,-1426.838867,1402.081467
33.18,-79.053133,-739.123333,-1418.838867,1337.081467
33.19,-78.053133,-733.123333,-1420.838867,1286.081467
33.20,-76.053133,-725.123333,-1411.838867,1246.081467
33.21,-75.053133,-720.123333,-1411.838867,1215.081467
33.22,-76.053133,-712.123333,-1408.838867,1195.081467
33.23,-73.053133,-708.123333,-1406.838867,1191.081467
33.24,-72.053133,-703.123333,-1406.838867,1192.081467
33.25,-70.053133,-696.123333,-1416.838867,1202.081467
33.26,-68.053133,-699.123333,-1407.838867,1230.081467
33.27,-70.053133,-695.123333,-1407.838867,1272.081467
33.28,-60.053133,-685.123333,-1412.838867,1325.081467
33.29,-61.053133,-679.123333,-1409.838867,1381.081467
33.30,-56.053133,-674.123333,-1413.838867,1444.081467
33.31,-57.053133,-662.123333,-1408.838867,1500.081467
33.32,-60.053133,-656.123333,-1414.838867,1566.081467
33.33,-55.053133,-651.123333,-1417.838867,1635.081467
33.34,-54.053133,-647.123333,-1417.838867,1703.081467
33.35,-53.053133,-641.123333,-1422.838867,1760.081467
33.36,-48.053133,-642.123333,-1427.838867,1819.081467
33.37,-48.053133,-636.123333,-1437.838867,1873.081467
33.38,-44.053133,-633.123333,-1447.838867,1918.081467
33.39,-42.053133,-637.123333,-1449.838867,1954.081467
33.40,-37.053133,-637.123333,-1464.838867,1994.081467
33.41,-37.053133,-635.123333,-1482.838867,2033.081467
33.42,-39.053133,-638.123333,-1483.838867,2065.081467
33.43,-33.053133,-640.123333,-1490.838867,2095.081467
33.44,-33.053133,-646.123333,-1509.838867,2116.081467
33.45,-34.053133,-641.123333,-1520.838867,2128.081467
33.46,-25.053133,-643.123333,-1527.838867,2135.081467
33.47,-18.053133,-648.123333,-1550.838867,2128.081467
33.48,-15.053133,-652.123333,-1560.838867,2120.081467
33.49,-18.053133,-669.123333,-1579.838867,2104.081467
33.50,-9.053133,-667.123333,-1604.838867,2081.081467
33.51,-7.053133,-671.123333,-1609.838867,2041.081467
33.52,-2.053133,-678.123333,-1629.838867,1998.081467
33.53,5.946867,-681.123333,-1644.838867,1955.081467
33.54,9.946867,-687.123333,-1674.838867,1913.081467
33.55,16.946867,-692.123333,-1689.838867,1870.081467
33.56,22.946867,-696.123333,-1708.838867,1833.081467
33.57,22.946867,-701.123333,-1730.838867,1792.081467
33.58,27.946867,-713.123333,-1750.838867,1746.081467
33.59,31.946867,-713.123333,-1766.838867,1696.081467
33.60,34.946867,-712.123333,-1774.838867,1646.081467
33.61,35.946867,-716.123333,-1787.838867,1590.081467
33.62,43.946867,-721.123333,-1795.838867,1536.081467
33.63,50.946867,-724.123333,-1809.838867,1477.081467
33.64,57.946867,-731.123333,-1821.838867,1410.081467
33.65,68.946867,-739.123333,-1838.838867,1338.081467
33.66,74.946867,-742.123333,-1849.838867,1273.081467
33.67,75.946867,-748.123333,-1863.838867,1206.081467
33.68,81.946867,-749.123333,-1870.838867,1139.081467
33.69,81.946867,-751.123333,-1874.838867,1073.081467
33.70,92.946867,-756.123333,-1881.838867,1005.081467
33.71,94.946867,-759.123333,-1887.838867,936.081467
33.72,93.946867,-761.123333,-1895.838867,868.081467
33.73,106.946867,-768.123333,-1906.838867,790.081467
33.74,109.946867,-773.123333,-1918.838867,714.081467
33.75,114.946867,-777.123333,-1919.838867,639.081467
33.76,116.946867,-772.123333,-1929.838867,557.081467
33.77,122.946867,-789.123333,-1934.838867,478.081467
33.78,122.946867,-786.123333,-1935.838867,408.081467
33.79,124.946867,-801.123333,-1942.838867,338.081467
33.80,123.946867,-802.123333,-1936.838867,262.081467
33.81,128.946867,-801.123333,-1945.838867,183.081467
33.82,124.946867,-802.123333,-1942.838867,98.081467
33.83,126.946867,-802.123333,-1948.838867,10.081467
33.84,136.946867,-809.123333,-1950.838867,-86.918533
33.85,133.946867,-811.123333,-1955.838867,-182.918533
33.86,138.946867,-813.123333,-1949.838867,-280.918533
33.87,138.946867,-808.123333,-1952.838867,-384.918533
33.88,144.946867,-807.123333,-1959.838867,-502.918533
33.89,142.946867,-809.123333,-1960.838867,-623.918533
33.90,143.946867,-804.123333,-1959.838867,-755.918533
33.91,144.946867,-795.123333,-1967.838867,-888.918533
33.92,143.946867,-786.123333,-1966.838867,-1029.918533
33.93,140.946867,-779.123333,-1961.838867,-1180.918533
33.94,140.946867,-777.123333,-1956.838867,-1335.918533
33.95,143.946867,-770.123333,-1953.838867,-1491.918533
33.96,136.946867,-770.123333,-1958.838867,-1653.918533
33.97,141.946867,-756.123333,-1959.838867,-1815.918533
33.98,144.946867,-748.123333,-1953.838867,-1976.918533
33.99,140.946867,-742.123333,-1957.838867,-2147.918533
34.00,137.946867,-738.123333,-1966.838867,-2312.918533
34.01,135.946867,-735.123333,-1956.838867,-2468.918533
34.02,131.946867,-725.123333,-1956.838867,-2624.918533
34.03,134.946867,-714.123333,-1958.838867,-2782.918533
34.04,125.946867,-702.123333,-1954.838867,-2933.918533
34.05,126.946867,-699.123333,-1954.838867,-3068.918533
34.06,120.946867,-695.123333,-1957.838867,-3198.918533
34.07,113.946867,-694.123333,-1951.838867,-3316.918533
34.08,111.946867,-686.123333,-1946.838867,-3419.918533
34.09,108.946867,-689.123333,-1944.838867,-3512.918533
34.10,100.946867,-678.123333,-1938.838867,-3598.918533
34.11,98.946867,-672.123333,-1947.838867,-3683.918533
34.12,89.946867,-673.123333,-1940.838867,-3747.918533
34.13,84.946867,-663.123333,-1933.838867,-3802.918533
34.14,82.946867,-666.123333,-1939.838867,-3851.918533
34.15,75.946867,-664.123333,-1928.838867,-3887.918533
34.16,70.946867,-663.123333,-1921.838867,-3915.918533
34.17,69.946867,-664.123333,-1929.838867,-3931.918533
34.18,64.946867,-667.123333,-1920.838867,-3941.918533
34.19,61.946867,-663.123333,-1914.838867,-3939.918533
34.20,57.946867,-661.123333,-1923.838867,-3935.918533
34.21,57.946867,-664.123333,-1921.838867,-3920.918533
34.22,52.946867,-666.123333,-1922.838867,-3897.918533
34.23,46.946867,-667.123333,-1923.838867,-3862.918533
34.24,45.946867,-667.123333,-1917.838867,-3824.918533
34.25,38.946867,-665.123333,-1921.838867,-3782.918533
34.26,37.946867,-662.123333,-1912.838867,-3743.918533
34.27,36.946867,-664.123333,-1905.838867,-3698.918533
34.28,41.946867,-669.123333,-1910.838867,-3658.918533
34.29,33.946867,-675.123333,-1902.838867,-3621.918533
34.30,33.946867,-683.123333,-1899.838867,-3587.918533
34.31,27.946867,-690.123333,-1892.838867,-3542.918533
34.32,27.946867,-695.123333,-1892.838867,-3495.918533
34.33,27.946867,-695.123333,-1895.838867,-3447.918533
34.34,28.946867,-704.123333,-1900.838867,-3400.918533
34.35,28.946867,-715.123333,-1896.838867,-3349.918533
34.36,29.946867,-722.123333,-1899.838867,-3304.918533
34.37,25.946867,-726.123333,-1892.838867,-3268.918533
34.38,32.946867,-741.123333,-1897.838867,-3233.918533
34.39,30.946867,-753.123333,-1895.838867,-3204.918533
34.40,23.946867,-755.123333,-1896.838867,-3185.918533
34.41,25.946867,-766.123333,-1895.838867,-3184.918533
34.42,31.946867,-778.123333,-1880.838867,-3185.918533
34.43,30.946867,-782.123333,-1876.838867,-3191.918533
34.44,25.946867,-799.123333,-1876.838867,-3206.918533
34.45,24.946867,-805.123333,-1875.838867,-3220.918533
34.46,28.946867,-812.123333,-1878.838867,-3247.918533
34.47,29.946867,-822.123333,-1873.838867,-3279.918533
34.48,30.946867,-831.123333,-1864.838867,-3315.918533
34.49,31.946867,-836.123333,-1870.838867,-3362.918533
34.50,29.946867,-850.123333,-1862.838867,-3409.918533
34.51,29.946867,-860.123333,-1856.838867,-3458.918533
34.52,28.946867,-864.123333,-1848.838867,-3516.918533
34.53,28.946867,-876.123333,-1849.838867,-3587.918533
34.54,29.946867,-889.123333,-1841.838867,-3662.918533
34.55,29.946867,-906.123333,-1837.838867,-3739.918533
34.56,28.946867,-910.123333,-1823.838867,-3826.918533
34.57,30.946867,-919.123333,-1828.838867,-3916.918533
34.58,32.946867,-931.123333,-1816.838867,-4008.918533
34.59,36.946867,-933.123333,-1809.838867,-4102.918533
34.60,31.946867,-939.123333,-1800.838867,-4197.918533
34.61,27.946867,-952.123333,-1794.838867,-4295.918533
34.62,27.946867,-954.123333,-1788.838867,-4398.918533
34.63,30.946867,-962.123333,-1785.838867,-4502.918533
34.64,27.946867,-971.123333,-1780.838867,-4604.918533
34.65,28.946867,-979.123333,-1778.838867,-4701.918533
34.66,24.946867,-990.123333,-1760.838867,-4799.918533
34.67,25.946867,-993.123333,-1751.838867,-4905.918533
34.68,25.946867,-1005.123333,-1746.838867,-5013.918533
34.69,20.946867,-1019.123333,-1744.838867,-5124.918533
34.70,15.946867,-1026.123333,-1746.838867,-5234.918533
34.71,13.946867,-1039.123333,-1737.838867,-5337.918533
34.72,16.946867,-1051.123333,-1742.838867,-5442.918533
34.73,9.946867,-1065.123333,-1732.838867,-5546.918533
34.74,7.946867,-1075.123333,-1734.838867,-5636.918533
34.75,7.946867,-1090.123333,-1732.838867,-5718.918533
34.76,5.946867,-1097.123333,-1729.838867,-5794.918533
34.77,0.946867,-1109.123333,-1729.838867,-5864.918533
34.78,4.946867,-1124.123333,-1729.838867,-5932.918533
34.79,-0.053133,-1134.123333,-1723.838867,-6002.918533
34.80,-1.053133,-1145.123333,-1728.838867,-6081.918533
34.81,-2.053133,-1159.123333,-1728.838867,-6161.918533
34.82,-2.053133,-1177.123333,-1726.838867,-6235.918533
34.83,-3.053133,-1188.123333,-1731.838867,-6309.918533
34.84,-0.053133,-1203.123333,-1724.838867,-6386.918533
34.85,1.946867,-1218.123333,-1723.838867,-6459.918533
34.86,-3.053133,-1239.123333,-1724.838867,-6526.918533
34.87,-3.053133,-1255.123333,-1723.838867,-6590.918533
34.88,1.946867,-1264.123333,-1729.838867,-6654.918533
34.89,4.946867,-1284.123333,-1733.838867,-6719.918533
34.90,-0.053133,-1296.123333,-1738.838867,-6783.918533
34.91,1.946867,-1306.123333,-1740.838867,-6844.918533
34.92,-0.053133,-1311.123333,-1749.838867,-6896.918533
34.93,3.946867,-1324.123333,-1745.838867,-6945.918533
34.94,1.946867,-1329.123333,-1740.838867,-6988.918533
34.95,5.946867,-1341.123333,-1749.838867,-7023.918533
34.96,5.946867,-1353.123333,-1740.838867,-7049.918533
34.97,3.946867,-1363.123333,-1741.838867,-7069.918533
34.98,4.946867,-1364.123333,-1745.838867,-7073.918533
34.99,7.946867,-1386.123333,-1745.838867,-7061.918533
35.00,7.946867,-1381.123333,-1741.838867,-7032.918533
35.01,4.946867,-1396.123333,-1741.838867,-6993.918533
35.02,3.946867,-1395.123333,-1735.838867,-6947.918533
35.03,9.946867,-1402.123333,-1740.838867,-6891.918533
35.04,6.946867,-1406.123333,-1747.838867,-6832.918533
35.05,10.946867,-1406.123333,-1750.838867,-6770.918533
35.06,11.946867,-1412.123333,-1751.838867,-6699.918533
35.07,10.946867,-1411.123333,-1761.838867,-6622.918533
35.08,10.946867,-1414.123333,-1753.838867,-6533.918533
35.09,10.946867,-1409.123333,-1748.838867,-6439.918533
35.10,9.946867,-1414.123333,-1743.838867,-6337.918533
35.11,10.946867,-1414.123333,-1735.838867,-6221.918533
35.12,15.946867,-1411.123333,-1724.838867,-6102.918533
35.13,9.946867,-1409.123333,-1729.838867,-5972.918533
35.14,9.946867,-1413.123333,-1727.838867,-5837.918533
35.15,9.946867,-1408.123333,-1731.838867,-5702.918533
35.16,8.946867,-1405.123333,-1734.838867,-5557.918533
35.17,3.946867,-1399.123333,-1732.838867,-5408.918533
35.18,-1.053133,-1398.123333,-1732.838867,-5263.918533
35.19,-0.053133,-1394.123333,-1732.838867,-5115.918533
35.20,1.946867,-1384.123333,-1724.838867,-4963.918533
35.21,-7.053133,-1385.123333,-1722.838867,-4806.918533
35.22,-9.053133,-1381.123333,-1731.838867,-4651.918533
35.23,-9.053133,-1378.123333,-1722.838867,-4497.918533
35.24,-16.053133,-1368.123333,-1722.838867,-4339.918533
35.25,-17.053133,-1364.123333,-1723.838867,-4171.918533
35.26,-21.053133,-1357.123333,-1724.838867,-3997.918533
35.27,-22.053133,-1341.123333,-1724.838867,-3824.918533
35.28,-23.053133,-1337.123333,-1724.838867,-3652.918533
35.29,-31.053133,-1329.123333,-1719.838867,-3478.918533
35.30,-34.053133,-1319.123333,-1720.838867,-3306.918533
35.31,-38.053133,-1314.123333,-1718.838867,-3145.918533
35.32,-46.053133,-1306.123333,-1710.838867,-2977.918533
35.33,-45.053133,-1298.123333,-1707.838867,-2813.918533
35.34,-50.053133,-1289.123333,-1721.838867,-2646.918533
35.35,-52.053133,-1281.123333,-1712.838867,-2475.918533
35.36,-60.053133,-1265.123333,-1709.838867,-2310.918533
35.37,-58.053133,-1256.123333,-1709.838867,-2144.918533
35.38,-65.053133,-1246.123333,-1704.838867,-1978.918533
35.39,-77.053133,-1232.123333,-1709.838867,-1818.918533
35.40,-77.053133,-1219.123333,-1704.838867,-1662.918533
35.41,-81.053133,-1203.123333,-1712.838867,-1521.918533
35.42,-80.053133,-1187.123333,-1711.838867,-1379.918533
35.43,-85.053133,-1167.123333,-1713.838867,-1240.918533
35.44,-92.053133,-1147.123333,-1716.838867,-1117.918533
35.45,-95.053133,-1134.123333,-1714.838867,-995.918533
35.46,-96.053133,-1110.123333,-1720.838867,-869.918533
35.47,-102.053133,-1086.123333,-1711.838867,-755.918533
35.48,-105.053133,-1072.123333,-1712.838867,-659.918533
35.49,-107.053133,-1047.123333,-1718.838867,-569.918533
35.50,-112.053133,-1026.123333,-1717.838867,-488.918533
35.51,-112.053133,-1008.123333,-1726.838867,-407.918533
35.52,-120.053133,-984.123333,-1725.838867,-325.918533
35.53,-116.053133,-958.123333,-1718.838867,-242.918533
35.54,-117.053133,-932.123333,-1723.838867,-167.918533
35.55,-122.053133,-907.123333,-1728.838867,-97.918533
35.56,-122.053133,-876.123333,-1731.838867,-28.918533
35.57,-126.053133,-854.123333,-1725.838867,35.081467
35.58,-128.053133,-826.123333,-1727.838867,102.081467
35.59,-126.053133,-802.123333,-1729.838867,169.081467
35.60,-131.053133,-777.123333,-1728.838867,231.081467
35.61,-125.053133,-755.123333,-1730.838867,294.081467
35.62,-127.053133,-725.123333,-1722.838867,348.081467
35.63,-132.053133,-703.123333,-1718.838867,396.081467
35.64,-127.053133,-683.123333,-1711.838867,453.081467
35.65,-130.053133,-655.123333,-1717.838867,509.081467
35.66,-128.053133,-639.123333,-1719.838867,569.081467
35.67,-129.053133,-613.123333,-1712.838867,641.081467
35.68,-123.053133,-597.123333,-1717.838867,715.081467
35.69,-129.053133,-570.123333,-1719.838867,782.081467
35.70,-131.053133,-553.123333,-1718.838867,841.081467
35.71,-125.053133,-536.123333,-1715.838867,907.081467
35.72,-124.053133,-516.123333,-1715.838867,976.081467
35.73,-127.053133,-502.123333,-1719.838867,1044.081467
35.74,-120.053133,-483.123333,-1711.838867,1116.081467
35.75,-125.053133,-474.123333,-1712.838867,1185.081467
35.76,-121.053133,-462.123333,-1702.838867,1258.081467
35.77,-115.053133,-447.123333,-1711.838867,1332.081467
35.78,-122.053133,-433.123333,-1714.838867,1408.081467
35.79,-123.053133,-419.123333,-1718.838867,1496.081467
35.80,-120.053133,-408.123333,-1716.838867,1591.081467
35.81,-118.053133,-398.123333,-1715.838867,1689.081467
35.82,-114.053133,-386.123333,-1713.838867,1789.081467
35.83,-121.053133,-389.123333,-1711.838867,1894.081467
35.84,-116.053133,-388.123333,-1707.838867,1996.081467
35.85,-113.053133,-383.123333,-1702.838867,2103.081467
35.86,-116.053133,-382.123333,-1699.838867,2216.081467
35.87,-114.053133,-383.123333,-1696.838867,2333.081467
35.88,-115.053133,-384.123333,-1698.838867,2456.081467
35.89,-115.053133,-384.123333,-1690.838867,2579.081467
35.90,-110.053133,-386.123333,-1686.838867,2710.081467
35.91,-111.053133,-384.123333,-1685.838867,2844.081467
35.92,-110.053133,-386.123333,-1685.838867,2979.081467
35.93,-110.053133,-389.123333,-1678.838867,3109.081467
35.94,-101.053133,-383.123333,-1681.838867,3239.081467
35.95,-98.053133,-388.123333,-1686.838867,3365.081467
35.96,-96.053133,-382.123333,-1685.838867,3497.081467
35.97,-95.053133,-382.123333,-1677.838867,3616.081467
35.98,-87.053133,-385.123333,-1674.838867,3724.081467
35.99,-89.053133,-386.123333,-1674.838867,3826.081467
36.00,-80.053133,-391.123333,-1663.838867,3919.081467
36.01,-82.053133,-393.123333,-1653.838867,4006.081467
36.02,-77.053133,-395.123333,-1654.838867,4096.081467
36.03,-68.053133,-394.123333,-1651.838867,4180.081467
36.04,-76.053133,-396.123333,-1655.838867,4265.081467
36.05,-64.053133,-400.123333,-1655.838867,4344.081467
36.06,-54.053133,-397.123333,-1649.838867,4411.081467
36.07,-49.053133,-401.123333,-1665.838867,4471.081467
36.08,-46.053133,-404.123333,-1663.838867,4512.081467
36.09,-45.053133,-404.123333,-1659.838867,4551.081467
36.10,-36.053133,-409.123333,-1663.838867,4576.081467
36.11,-31.053133,-409.123333,-1659.838867,4595.081467
36.12,-25.053133,-420.123333,-1669.838867,4604.081467
36.13,-20.053133,-426.123333,-1664.838867,4608.081467
36.14,-14.053133,-431.123333,-1674.838867,4600.081467
36.15,-5.053133,-442.123333,-1676.838867,4586.081467
36.16,-2.053133,-447.123333,-1674.838867,4568.081467
36.17,8.946867,-456.123333,-1670.838867,4542.081467
36.18,9.946867,-468.123333,-1668.838867,4505.081467
36.19,19.946867,-471.123333,-1660.838867,4460.081467
36.20,27.946867,-484.123333,-1670.838867,4398.081467
36.21,30.946867,-486.123333,-1663.838867,4330.081467
36.22,40.946867,-497.123333,-1665.838867,4252.081467
36.23,50.946867,-507.123333,-1660.838867,4170.081467
36.24,48.946867,-519.123333,-1666.838867,4092.081467
36.25,58.946867,-527.123333,-1666.838867,4011.081467
36.26,61.946867,-539.123333,-1647.838867,3930.081467
36.27,62.946867,-550.123333,-1644.838867,3841.081467
36.28,69.946867,-557.123333,-1637.838867,3751.081467
36.29,73.946867,-565.123333,-1629.838867,3658.081467
36.30,77.946867,-572.123333,-1617.838867,3564.081467
36.31,82.946867,-584.123333,-1617.838867,3470.081467
36.32,88.946867,-593.123333,-1614.838867,3372.081467
36.33,89.946867,-598.123333,-1609.838867,3276.081467
36.34,93.946867,-601.123333,-1607.838867,3173.081467
36.35,96.946867,-601.123333,-1601.838867,3066.081467
36.36,98.946867,-608.123333,-1598.838867,2958.081467
36.37,98.946867,-603.123333,-1592.838867,2850.081467
36.38,104.946867,-612.123333,-1595.838867,2733.081467
36.39,102.946867,-619.123333,-1588.838867,2616.081467
36.40,109.946867,-628.123333,-1587.838867,2502.081467
36.41,110.946867,-632.123333,-1576.838867,2386.081467
36.42,114.946867,-639.123333,-1577.838867,2267.081467
36.43,118.946867,-640.123333,-1568.838867,2152.081467
36.44,120.946867,-643.123333,-1565.838867,2032.081467
36.45,122.946867,-647.123333,-1562.838867,1905.081467
36.46,124.946867,-648.123333,-1560.838867,1777.081467
36.47,123.946867,-645.123333,-1560.838867,1630.081467
36.48,125.946867,-657.123333,-1550.838867,1480.081467
36.49,128.946867,-659.123333,-1549.838867,1323.081467
36.50,126.946867,-654.123333,-1550.838867,1162.081467
36.51,130.946867,-656.123333,-1548.838867,998.081467
36.52,125.946867,-660.123333,-1537.838867,837.081467
36.53,128.946867,-660.123333,-1542.838867,679.081467
36.54,127.946867,-667.123333,-1541.838867,525.081467
36.55,131.946867,-669.123333,-1537.838867,372.081467
36.56,132.946867,-672.123333,-1543.838867,223.081467
36.57,134.946867,-672.123333,-1545.838867,74.081467
36.58,129.946867,-677.123333,-1549.838867,-68.918533
36.59,129.946867,-674.123333,-1550.838867,-203.918533
36.60,132.946867,-672.123333,-1537.838867,-328.918533
36.61,128.946867,-672.123333,-1541.838867,-452.918533
36.62,127.946867,-679.123333,-1547.838867,-568.918533
36.63,126.946867,-675.123333,-1541.838867,-683.918533
36.64,129.946867,-677.123333,-1553.838867,-793.918533
36.65,128.946867,-687.123333,-1558.838867,-902.918533
36.66,132.946867,-678.123333,-1562.838867,-1001.918533
36.67,129.946867,-688.123333,-1579.838867,-1102.918533
36.68,125.946867,-691.123333,-1574.838867,-1194.918533
36.69,131.946867,-686.123333,-1588.838867,-1286.918533
36.70,133.946867,-692.123333,-1585.838867,-1366.918533
36.71,136.946867,-687.123333,-1586.838867,-1438.918533
36.72,132.946867,-692.123333,-1595.838867,-1510.918533
36.73,134.946867,-695.123333,-1600.838867,-1582.918533
36.74,137.946867,-701.123333,-1600.838867,-1642.918533
36.75,139.946867,-704.123333,-1613.838867,-1694.918533
36.76,142.946867,-707.123333,-1611.838867,-1741.918533
36.77,142.946867,-706.123333,-1605.838867,-1797.918533
36.78,142.946867,-706.123333,-1623.838867,-1854.918533
36.79,143.946867,-709.123333,-1624.838867,-1912.918533
36.80,152.946867,-706.123333,-1629.838867,-1964.918533
36.81,148.946867,-717.123333,-1625.838867,-2018.918533
36.82,151.946867,-717.123333,-1628.838867,-2061.918533
36.83,144.946867,-724.123333,-1632.838867,-2099.918533
36.84,148.946867,-723.123333,-1644.838867,-2143.918533
36.85,148.946867,-731.123333,-1645.838867,-2188.918533
36.86,150.946867,-735.123333,-1649.838867,-2237.918533
36.87,149.946867,-746.123333,-1668.838867,-2287.918533
36.88,148.946867,-754.123333,-1674.838867,-2337.918533
36.89,147.946867,-763.123333,-1678.838867,-2390.918533
36.90,146.946867,-759.123333,-1692.838867,-2445.918533
36.91,150.946867,-774.123333,-1696.838867,-2500.918533
36.92,146.946867,-777.123333,-1707.838867,-2558.918533
36.93,148.946867,-786.123333,-1731.838867,-2613.918533
36.94,151.946867,-791.123333,-1741.838867,-2674.918533
36.95,141.946867,-803.123333,-1754.838867,-2731.918533
36.96,145.946867,-813.123333,-1776.838867,-2785.918533
36.97,142.946867,-816.123333,-1791.838867,-2831.918533
36.98,138.946867,-827.123333,-1802.838867,-2877.918533
36.99,134.946867,-830.123333,-1816.838867,-2925.918533
37.00,141.946867,-839.123333,-1824.838867,-2966.918533
37.01,133.946867,-841.123333,-1843.838867,-3006.918533
37.02,130.946867,-854.123333,-1858.838867,-3050.918533
37.03,128.946867,-862.123333,-1873.838867,-3088.918533
37.04,127.946867,-869.123333,-1880.838867,-3120.918533
37.05,128.946867,-879.123333,-1905.838867,-3145.918533
37.06,126.946867,-887.123333,-1921.838867,-3167.918533
37.07,120.946867,-892.123333,-1936.838867,-3183.918533
37.08,117.946867,-905.123333,-1942.838867,-3197.918533
37.09,117.946867,-909.123333,-1957.838867,-3209.918533
37.10,116.946867,-916.123333,-1972.838867,-3224.918533
37.11,104.946867,-922.123333,-1984.838867,-3233.918533
37.12,108.946867,-931.123333,-1994.838867,-3240.918533
37.13,106.946867,-941.123333,-2009.838867,-3244.918533
37.14,98.946867,-947.123333,-2014.838867,-3246.918533
37.15,101.946867,-945.123333,-2017.838867,-3254.918533
37.16,96.946867,-954.123333,-2031.838867,-3269.918533
37.17,97.946867,-960.123333,-2049.838867,-3288.918533
37.18,93.946867,-966.123333,-2048.838867,-3310.918533
37.19,91.946867,-964.123333,-2062.838867,-3339.918533
37.20,86.946867,-970.123333,-2065.838867,-3365.918533
37.21,78.946867,-978.123333,-2072.838867,-3390.918533
37.22,81.946867,-977.123333,-2078.838867,-3413.918533
37.23,77.946867,-979.123333,-2086.838867,-3439.918533
37.24,76.946867,-979.123333,-2087.838867,-3470.918533
37.25,76.946867,-978.123333,-2094.838867,-3509.918533
37.26,73.946867,-981.123333,-2112.838867,-3550.918533
37.27,75.946867,-970.123333,-2114.838867,-3592.918533
37.28,69.946867,-969.123333,-2111.838867,-3648.918533
37.29,68.946867,-970.123333,-2128.838867,-3706.918533
37.30,64.946867,-970.123333,-2131.838867,-3764.918533
37.31,62.946867,-964.123333,-2131.838867,-3821.918533
37.32,60.946867,-966.123333,-2140.838867,-3871.918533
37.33,60.946867,-961.123333,-2153.838867,-3917.918533
37.34,56.946867,-956.123333,-2145.838867,-3955.918533
37.35,60.946867,-958.123333,-2155.838867,-3993.918533
37.36,58.946867,-949.123333,-2159.838867,-4027.918533
37.37,58.946867,-952.123333,-2168.838867,-4052.918533
37.38,62.946867,-949.123333,-2169.838867,-4069.918533
37.39,64.946867,-938.123333,-2178.838867,-4071.918533
37.40,60.946867,-931.123333,-2175.838867,-4071.918533
37.41,64.946867,-925.123333,-2182.838867,-4069.918533
37.42,61.946867,-924.123333,-2191.838867,-4057.918533
37.43,66.946867,-922.123333,-2192.838867,-4038.918533
37.44,65.946867,-919.123333,-2194.838867,-4013.918533
37.45,67.946867,-912.123333,-2201.838867,-3991.918533
37.46,69.946867,-908.123333,-2203.838867,-3956.918533
37.47,71.946867,-908.123333,-2192.838867,-3915.918533
37.48,72.946867,-902.123333,-2191.838867,-3862.918533
37.49,71.946867,-903.123333,-2191.838867,-3798.918533
37.50,73.946867,-903.123333,-2184.838867,-3729.918533
37.51,82.946867,-895.123333,-2179.838867,-3652.918533
37.52,75.946867,-897.123333,-2187.838867,-3582.918533
37.53,78.946867,-893.123333,-2192.838867,-3504.918533
37.54,79.946867,-891.123333,-2183.838867,-3422.918533
37.55,78.946867,-881.123333,-2183.838867,-3343.918533
37.56,83.946867,-875.123333,-2185.838867,-3268.918533
37.57,78.946867,-868.123333,-2175.838867,-3197.918533
37.58,75.946867,-860.123333,-2162.838867,-3128.918533
37.59,74.946867,-853.123333,-2156.838867,-3063.918533
37.60,75.946867,-850.123333,-2156.838867,-3002.918533
37.61,75.946867,-841.123333,-2149.838867,-2939.918533
37.62,70.946867,-837.123333,-2143.838867,-2878.918533
37.63,70.946867,-834.123333,-2136.838867,-2809.918533
37.64,73.946867,-833.123333,-2126.838867,-2738.918533
37.65,69.946867,-829.123333,-2122.838867,-2672.918533
37.66,67.946867,-826.123333,-2108.838867,-2612.918533
37.67,63.946867,-824.123333,-2100.838867,-2554.918533
37.68,58.946867,-818.123333,-2088.838867,-2494.918533
37.69,58.946867,-814.123333,-2082.838867,-2443.918533
37.70,57.946867,-818.123333,-2072.838867,-2397.918533
37.71,54.946867,-820.123333,-2056.838867,-2351.918533
37.72,49.946867,-819.123333,-2056.838867,-2299.918533
37.73,51.946867,-819.123333,-2049.838867,-2250.918533
37.74,46.946867,-826.123333,-2037.838867,-2189.918533
37.75,44.946867,-827.123333,-2022.838867,-2129.918533
37.76,37.946867,-828.123333,-2012.838867,-2061.918533
37.77,35.946867,-825.123333,-1996.838867,-1992.918533
37.78,35.946867,-822.123333,-1993.838867,-1922.918533
37.79,30.946867,-824.123333,-1989.838867,-1854.918533
37.80,28.946867,-824.123333,-1966.838867,-1786.918533
37.81,32.946867,-816.123333,-1974.838867,-1714.918533
37.82,23.946867,-814.123333,-1974.838867,-1648.918533
37.83,19.946867,-818.123333,-1962.838867,-1578.918533
37.84,16.946867,-821.123333,-1954.838867,-1503.918533
37.85,12.946867,-825.123333,-1952.838867,-1433.918533
37.86,14.946867,-829.123333,-1948.838867,-1368.918533
37.87,9.946867,-833.123333,-1944.838867,-1317.918533
37.88,8.946867,-841.123333,-1943.838867,-1268.918533
37.89,4.946867,-839.123333,-1938.838867,-1230.918533
37.90,2.946867,-850.123333,-1942.838867,-1199.918533
37.91,8.946867,-842.123333,-1936.838867,-1181.918533
37.92,3.946867,-845.123333,-1939.838867,-1176.918533
37.93,0.946867,-846.123333,-1937.838867,-1176.918533
37.94,-2.053133,-851.123333,-1931.838867,-1190.918533
37.95,-6.053133,-849.123333,-1930.838867,-1216.918533
37.96,-9.053133,-856.123333,-1923.838867,-1259.918533
37.97,-7.053133,-858.123333,-1920.838867,-1304.918533
37.98,-4.053133,-858.123333,-1911.838867,-1357.918533
37.99,-9.053133,-854.123333,-1917.838867,-1422.918533
38.00,-10.053133,-855.123333,-1910.838867,-1503.918533
38.01,-11.053133,-867.123333,-1907.838867,-1590.918533
38.02,-12.053133,-872.123333,-1899.838867,-1691.918533
38.03,-15.053133,-881.123333,-1888.838867,-1795.918533
38.04,-16.053133,-887.123333,-1885.838867,-1907.918533
38.05,-18.053133,-902.123333,-1868.838867,-2020.918533
38.06,-21.053133,-904.123333,-1869.838867,-2130.918533
38.07,-20.053133,-913.123333,-1861.838867,-2239.918533
38.08,-19.053133,-919.123333,-1855.838867,-2348.918533
38.09,-23.053133,-921.123333,-1846.838867,-2461.918533
38.10,-26.053133,-928.123333,-1834.838867,-2578.918533
38.11,-29.053133,-931.123333,-1829.838867,-2697.918533
38.12,-30.053133,-934.123333,-1830.838867,-2810.918533
38.13,-30.053133,-938.123333,-1812.838867,-2929.918533
38.14,-32.053133,-942.123333,-1804.838867,-3048.918533
38.15,-30.053133,-941.123333,-1803.838867,-3171.918533
38.16,-35.053133,-952.123333,-1791.838867,-3290.918533
38.17,-30.053133,-957.123333,-1789.838867,-3414.918533
38.18,-35.053133,-951.123333,-1786.838867,-3541.918533
38.19,-36.053133,-966.123333,-1780.838867,-3676.918533
38.20,-38.053133,-964.123333,-1770.838867,-3805.918533
38.21,-37.053133,-962.123333,-1763.838867,-3947.918533
38.22,-37.053133,-959.123333,-1754.838867,-4101.918533
38.23,-41.053133,-966.123333,-1752.838867,-4265.918533
38.24,-45.053133,-958.123333,-1739.838867,-4434.918533
38.25,-44.053133,-952.123333,-1741.838867,-4614.918533
38.26,-41.053133,-959.123333,-1742.838867,-4801.918533
38.27,-43.053133,-956.123333,-1730.838867,-4985.918533
38.28,-46.053133,-951.123333,-1745.838867,-5172.918533
38.29,-50.053133,-953.123333,-1740.838867,-5355.918533
38.30,-50.053133,-948.123333,-1739.838867,-5531.918533
38.31,-54.053133,-950.123333,-1747.838867,-5711.918533
38.32,-48.053133,-950.123333,-1749.838867,-5882.918533
38.33,-47.053133,-951.123333,-1752.838867,-6052.918533
38.34,-52.053133,-946.123333,-1760.838867,-6222.918533
38.35,-52.053133,-943.123333,-1761.838867,-6394.918533
38.36,-56.053133,-947.123333,-1769.838867,-6557.918533
38.37,-56.053133,-937.123333,-1771.838867,-6718.918533
38.38,-53.053133,-939.123333,-1780.838867,-6876.918533
38.39,-54.053133,-927.123333,-1783.838867,-7030.918533
38.40,-59.053133,-930.123333,-1788.838867,-7174.918533
38.41,-58.053133,-923.123333,-1795.838867,-7313.918533
38.42,-62.053133,-925.123333,-1798.838867,-7445.918533
38.43,-58.053133,-913.123333,-1807.838867,-7566.918533
38.44,-62.053133,-910.123333,-1817.838867,-7680.918533
38.45,-62.053133,-910.123333,-1815.838867,-7788.918533
38.46,-58.053133,-902.123333,-1818.838867,-7892.918533
38.47,-59.053133,-889.123333,-1822.838867,-7987.918533
38.48,-64.053133,-879.123333,-1819.838867,-8074.918533
38.49,-63.053133,-874.123333,-1830.838867,-8158.918533
38.50,-61.053133,-858.123333,-1830.838867,-8238.918533
38.51,-59.053133,-851.123333,-1832.838867,-8303.918533
38.52,-63.053133,-844.123333,-1846.838867,-8362.918533
38.53,-62.053133,-832.123333,-1852.838867,-8408.918533
38.54,-61.053133,-819.123333,-1854.838867,-8441.918533
38.55,-65.053133,-812.123333,-1869.838867,-8471.918533
38.56,-61.053133,-802.123333,-1863.838867,-8490.918533
38.57,-57.053133,-791.123333,-1872.838867,-8503.918533
38.58,-59.053133,-786.123333,-1876.838867,-8505.918533
38.59,-57.053133,-778.123333,-1887.838867,-8487.918533
38.60,-58.053133,-774.123333,-1888.838867,-8450.918533
38.61,-60.053133,-764.123333,-1894.838867,-8399.918533
38.62,-52.053133,-760.123333,-1895.838867,-8339.918533
38.63,-53.053133,-748.123333,-1897.838867,-8272.918533
38.64,-48.053133,-742.123333,-1905.838867,-8194.918533
38.65,-49.053133,-737.123333,-1912.838867,-8112.918533
38.66,-53.053133,-728.123333,-1920.838867,-8019.918533
38.67,-50.053133,-724.123333,-1925.838867,-7916.918533
38.68,-41.053133,-721.123333,-1932.838867,-7803.918533
38.69,-43.053133,-717.123333,-1937.838867,-7678.918533
38.70,-44.053133,-713.123333,-1925.838867,-7533.918533
38.71,-44.053133,-713.123333,-1923.838867,-7371.918533
38.72,-42.053133,-701.123333,-1921.838867,-7202.918533
38.73,-47.053133,-701.123333,-1933.838867,-7024.918533
38.74,-45.053133,-697.123333,-1936.838867,-6836.918533
38.75,-39.053133,-691.123333,-1936.838867,-6643.918533
38.76,-37.053133,-693.123333,-1949.838867,-6443.918533
38.77,-44.053133,-684.123333,-1959.838867,-6234.918533
38.78,-34.053133,-680.123333,-1963.838867,-6014.918533
38.79,-39.053133,-680.123333,-1969.838867,-5777.918533
38.80,-37.053133,-666.123333,-1975.838867,-5524.918533
38.81,-41.053133,-665.123333,-1980.838867,-5262.918533
38.82,-37.053133,-660.123333,-1988.838867,-4996.918533
38.83,-41.053133,-656.123333,-1985.838867,-4725.918533
38.84,-41.053133,-651.123333,-1998.838867,-4451.918533
38.85,-40.053133,-650.123333,-2012.838867,-4177.918533
38.86,-43.053133,-639.123333,-2003.838867,-3900.918533
38.87,-43.053133,-635.123333,-2014.838867,-3625.918533
38.88,-43.053133,-626.123333,-2019.838867,-3348.918533
38.89,-47.053133,-624.123333,-2027.838867,-3077.918533
38.90,-50.053133,-617.123333,-2037.838867,-2815.918533
38.91,-47.053133,-630.123333,-2048.838867,-2551.918533
38.92,-47.053133,-629.123333,-2062.838867,-2284.918533
38.93,-44.053133,-626.123333,-2062.838867,-2010.918533
38.94,-43.053133,-627.123333,-2069.838867,-1743.918533
38.95,-46.053133,-628.123333,-2064.838867,-1490.918533
38.96,-45.053133,-630.123333,-2068.838867,-1238.918533
38.97,-45.053133,-616.123333,-2048.838867,-998.918533
38.98,-48.053133,-619.123333,-2054.838867,-778.918533
38.99,-48.053133,-626.123333,-2054.838867,-562.918533
39.00,-52.053133,-624.123333,-2049.838867,-348.918533
39.01,-52.053133,-627.123333,-2059.838867,-151.918533
39.02,-52.053133,-630.123333,-2055.838867,39.081467
39.03,-51.053133,-632.123333,-2049.838867,216.081467
39.04,-50.053133,-636.123333,-2054.838867,390.081467
39.05,-48.053133,-636.123333,-2044.838867,555.081467
39.06,-54.053133,-638.123333,-2055.838867,711.081467
39.07,-50.053133,-642.123333,-2054.838867,854.081467
39.08,-50.053133,-654.123333,-2060.838867,994.081467
39.09,-47.053133,-664.123333,-2066.838867,1124.081467
39.10,-46.053133,-659.123333,-2072.838867,1237.081467
39.11,-47.053133,-666.123333,-2075.838867,1331.081467
39.12,-41.053133,-665.123333,-2082.838867,1419.081467
39.13,-42.053133,-660.123333,-2086.838867,1494.081467
39.14,-36.053133,-658.123333,-2091.838867,1552.081467
39.15,-40.053133,-656.123333,-2092.838867,1602.081467
39.16,-39.053133,-657.123333,-2097.838867,1643.081467
39.17,-34.053133,-644.123333,-2088.838867,1670.081467
39.18,-34.053133,-655.123333,-2078.838867,1679.081467
39.19,-34.053133,-659.123333,-2083.838867,1684.081467
39.20,-32.053133,-663.123333,-2075.838867,1678.081467
39.21,-31.053133,-666.123333,-2072.838867,1667.081467
39.22,-24.053133,-681.123333,-2061.838867,1653.081467
39.23,-29.053133,-681.123333,-2059.838867,1642.081467
39.24,-26.053133,-694.123333,-2052.838867,1628.081467
39.25,-33.053133,-706.123333,-2057.838867,1610.081467
39.26,-30.053133,-717.123333,-2061.838867,1590.081467
39.27,-26.053133,-729.123333,-2068.838867,1563.081467
39.28,-28.053133,-745.123333,-2082.838867,1531.081467
39.29,-24.053133,-749.123333,-2092.838867,1496.081467
39.30,-22.053133,-756.123333,-2098.838867,1453.081467
39.31,-23.053133,-769.123333,-2087.838867,1409.081467
39.32,-20.053133,-764.123333,-2081.838867,1363.081467
39.33,-26.053133,-771.123333,-2061.838867,1320.081467
39.34,-28.053133,-773.123333,-2038.838867,1276.081467
39.35,-38.053133,-778.123333,-2021.838867,1231.081467
39.36,-38.053133,-779.123333,-2015.838867,1194.081467
39.37,-43.053133,-777.123333,-2004.838867,1153.081467
39.38,-38.053133,-778.123333,-2012.838867,1110.081467
39.39,-44.053133,-780.123333,-2002.838867,1061.081467
39.40,-44.053133,-788.123333,-1992.838867,1008.081467
39.41,-45.053133,-798.123333,-1976.838867,941.081467
39.42,-45.053133,-800.123333,-1956.838867,870.081467
39.43,-52.053133,-806.123333,-1931.838867,799.081467
39.44,-62.053133,-800.123333,-1901.838867,726.081467
39.45,-60.053133,-792.123333,-1878.838867,645.081467
39.46,-63.053133,-789.123333,-1851.838867,567.081467
39.47,-66.053133,-781.123333,-1818.838867,495.081467
39.48,-69.053133,-773.123333,-1803.838867,424.081467
39.49,-71.053133,-772.123333,-1785.838867,359.081467
39.50,-68.053133,-775.123333,-1763.838867,301.081467
39.51,-71.053133,-782.123333,-1754.838867,256.081467
39.52,-74.053133,-790.123333,-1746.838867,217.081467
39.53,-71.053133,-803.123333,-1739.838867,188.081467
39.54,-79.053133,-806.123333,-1730.838867,161.081467
39.55,-76.053133,-809.123333,-1713.838867,138.081467
39.56,-78.053133,-818.123333,-1686.838867,120.081467
39.57,-78.053133,-817.123333,-1661.838867,109.081467
39.58,-82.053133,-833.123333,-1623.838867,113.081467
39.59,-83.053133,-836.123333,-1595.838867,125.081467
39.60,-83.053133,-842.123333,-1574.838867,151.081467
39.61,-85.053133,-840.123333,-1562.838867,180.081467
39.62,-80.053133,-834.123333,-1547.838867,221.081467
39.63,-79.053133,-822.123333,-1532.838867,273.081467
39.64,-82.053133,-804.123333,-1512.838867,334.081467
39.65,-82.053133,-801.123333,-1497.838867,406.081467
39.66,-91.053133,-806.123333,-1478.838867,489.081467
39.67,-85.053133,-813.123333,-1465.838867,578.081467
39.68,-87.053133,-826.123333,-1440.838867,679.081467
39.69,-91.053133,-837.123333,-1439.838867,776.081467
39.70,-91.053133,-842.123333,-1422.838867,876.081467
39.71,-84.053133,-855.123333,-1395.838867,983.081467
39.72,-91.053133,-857.123333,-1373.838867,1096.081467
39.73,-93.053133,-857.123333,-1329.838867,1218.081467
39.74,-96.053133,-852.123333,-1303.838867,1344.081467
39.75,-103.053133,-859.123333,-1292.838867,1489.081467
39.76,-105.053133,-856.123333,-1292.838867,1641.081467
39.77,-106.053133,-860.123333,-1308.838867,1784.081467
39.78,-100.053133,-872.123333,-1325.838867,1921.081467
39.79,-105.053133,-878.123333,-1332.838867,2058.081467
39.80,-103.053133,-878.123333,-1344.838867,2196.081467
39.81,-103.053133,-884.123333,-1328.838867,2334.081467
39.82,-109.053133,-891.123333,-1305.838867,2468.081467
39.83,-113.053133,-901.123333,-1278.838867,2594.081467
39.84,-111.053133,-910.123333,-1254.838867,2723.081467
39.85,-115.053133,-913.123333,-1238.838867,2850.081467
39.86,-112.053133,-911.123333,-1230.838867,2984.081467
39.87,-119.053133,-910.123333,-1218.838867,3116.081467
39.88,-120.053133,-910.123333,-1224.838867,3254.081467
39.89,-115.053133,-903.123333,-1219.838867,3393.081467
39.90,-118.053133,-908.123333,-1228.838867,3526.081467
39.91,-113.053133,-914.123333,-1226.838867,3651.081467
39.92,-115.053133,-929.123333,-1233.838867,3780.081467
39.93,-118.053133,-938.123333,-1224.838867,3907.081467
39.94,-114.053133,-939.123333,-1206.838867,4039.081467
39.95,-117.053133,-956.123333,-1203.838867,4172.081467
39.96,-114.053133,-963.123333,-1197.838867,4308.081467
39.97,-112.053133,-969.123333,-1190.838867,4448.081467
39.98,-113.053133,-979.123333,-1193.838867,4590.081467
39.99,-114.053133,-984.123333,-1183.838867,4736.081467
40.00,-110.053133,-980.123333,-1196.838867,4886.081467
40.01,-107.053133,-986.123333,-1196.838867,5046.081467
40.02,-107.053133,-977.123333,-1197.838867,5211.081467
40.03,-104.053133,-972.123333,-1188.838867,5371.081467
40.04,-105.053133,-966.123333,-1193.838867,5523.081467
40.05,-104.053133,-969.123333,-1197.838867,5676.081467
40.06,-105.053133,-956.123333,-1194.838867,5823.081467
40.07,-101.053133,-958.123333,-1215.838867,5967.081467
40.08,-101.053133,-956.123333,-1223.838867,6105.081467
40.09,-96.053133,-958.123333,-1238.838867,6240.081467
40.10,-96.053133,-956.123333,-1240.838867,6374.081467
40.11,-92.053133,-949.123333,-1240.838867,6504.081467
40.12,-89.053133,-944.123333,-1259.838867,6624.081467
40.13,-83.053133,-937.123333,-1259.838867,6739.081467
40.14,-87.053133,-934.123333,-1270.838867,6850.081467
40.15,-86.053133,-929.123333,-1282.838867,6952.081467
40.16,-83.053133,-933.123333,-1296.838867,7043.081467
40.17,-84.053133,-934.123333,-1307.838867,7124.081467
40.18,-80.053133,-931.123333,-1328.838867,7189.081467
40.19,-79.053133,-926.123333,-1339.838867,7245.081467
40.20,-76.053133,-919.123333,-1362.838867,7286.081467
40.21,-73.053133,-913.123333,-1371.838867,7316.081467
40.22,-75.053133,-918.123333,-1385.838867,7343.081467
40.23,-73.053133,-923.123333,-1398.838867,7360.081467
40.24,-76.053133,-920.123333,-1426.838867,7368.081467
40.25,-76.053133,-925.123333,-1444.838867,7373.081467
40.26,-77.053133,-928.123333,-1468.838867,7375.081467
40.27,-75.053133,-927.123333,-1496.838867,7374.081467
40.28,-69.053133,-917.123333,-1524.838867,7369.081467
40.29,-62.053133,-908.123333,-1544.838867,7360.081467
40.30,-64.053133,-912.123333,-1573.838867,7342.081467
40.31,-61.053133,-920.123333,-1580.838867,7321.081467
40.32,-64.053133,-921.123333,-1608.838867,7295.081467
40.33,-62.053133,-931.123333,-1618.838867,7262.081467
40.34,-61.053133,-934.123333,-1639.838867,7214.081467
40.35,-60.053133,-945.123333,-1667.838867,7155.081467
40.36,-59.053133,-940.123333,-1692.838867,7097.081467
40.37,-56.053133,-935.123333,-1708.838867,7031.081467
40.38,-56.053133,-933.123333,-1735.838867,6950.081467
40.39,-54.053133,-940.123333,-1748.838867,6865.081467
40.40,-49.053133,-938.123333,-1763.838867,6789.081467
40.41,-49.053133,-937.123333,-1771.838867,6707.081467
40.42,-42.053133,-927.123333,-1775.838867,6616.081467
40.43,-40.053133,-931.123333,-1782.838867,6521.081467
40.44,-39.053133,-922.123333,-1794.838867,6415.081467
40.45,-41.053133,-926.123333,-1808.838867,6297.081467
40.46,-35.053133,-929.123333,-1831.838867,6171.081467
40.47,-33.053133,-933.123333,-1840.838867,6042.081467
40.48,-29.053133,-936.123333,-1849.838867,5909.081467
40.49,-29.053133,-932.123333,-1867.838867,5767.081467
40.50,-21.053133,-932.123333,-1877.838867,5615.081467
40.51,-24.053133,-941.123333,-1885.838867,5463.081467
40.52,-17.053133,-939.123333,-1891.838867,5312.081467
40.53,-15.053133,-949.123333,-1915.838867,5163.081467
40.54,-9.053133,-961.123333,-1935.838867,5021.081467
40.55,-7.053133,-960.123333,-1956.838867,4879.081467
40.56,-2.053133,-962.123333,-1985.838867,4743.081467
40.57,-2.053133,-953.123333,-1997.838867,4615.081467
40.58,-0.053133,-943.123333,-2024.838867,4483.081467
40.59,2.946867,-934.123333,-2050.838867,4350.081467
40.60,6.946867,-930.123333,-2059.838867,4219.081467
40.61,11.946867,-938.123333,-2064.838867,4087.081467
40.62,11.946867,-939.123333,-2059.838867,3962.081467
40.63,13.946867,-945.123333,-2055.838867,3842.081467
40.64,10.946867,-950.123333,-2053.838867,3727.081467
40.65,13.946867,-957.123333,-2063.838867,3621.081467
40.66,10.946867,-956.123333,-2068.838867,3515.081467
40.67,14.946867,-949.123333,-2094.838867,3413.081467
40.68,16.946867,-942.123333,-2108.838867,3317.081467
40.69,17.946867,-935.123333,-2122.838867,3219.081467
40.70,19.946867,-919.123333,-2140.838867,3123.081467
40.71,23.946867,-909.123333,-2145.838867,3023.081467
40.72,22.946867,-896.123333,-2155.838867,2928.081467
40.73,21.946867,-889.123333,-2142.838867,2824.081467
40.74,19.946867,-875.123333,-2153.838867,2719.081467
40.75,21.946867,-872.123333,-2151.838867,2594.081467
40.76,22.946867,-861.123333,-2144.838867,2459.081467
40.77,27.946867,-864.123333,-2147.838867,2320.081467
40.78,24.946867,-850.123333,-2153.838867,2185.081467
40.79,30.946867,-844.123333,-2156.838867,2037.081467
40.80,26.946867,-840.123333,-2163.838867,1879.081467
40.81,29.946867,-839.123333,-2172.838867,1705.081467
40.82,32.946867,-838.123333,-2177.838867,1514.081467
40.83,41.946867,-835.123333,-2195.838867,1308.081467
40.84,36.946867,-831.123333,-2196.838867,1095.081467
40.85,42.946867,-813.123333,-2197.838867,860.081467
40.86,43.946867,-807.123333,-2199.838867,610.081467
40.87,41.946867,-785.123333,-2200.838867,350.081467
40.88,43.946867,-774.123333,-2205.838867,73.081467
40.89,49.946867,-768.123333,-2193.838867,-211.918533
40.90,51.946867,-761.123333,-2190.838867,-500.918533
40.91,50.946867,-764.123333,-2181.838867,-802.918533
40.92,54.946867,-764.123333,-2180.838867,-1111.918533
40.93,57.946867,-775.123333,-2163.838867,-1422.918533
40.94,53.946867,-777.123333,-2173.838867,-1734.918533
40.95,59.946867,-777.123333,-2175.838867,-2050.918533
40.96,59.946867,-773.123333,-2176.838867,-2362.918533
40.97,64.946867,-773.123333,-2181.838867,-2689.918533
40.98,67.946867,-773.123333,-2186.838867,-3022.918533
40.99,69.946867,-772.123333,-2183.838867,-3355.918533
41.00,69.946867,-764.123333,-2171.838867,-3686.918533
41.01,66.946867,-760.123333,-2160.838867,-4019.918533
41.02,72.946867,-762.123333,-2165.838867,-4351.918533
41.03,69.946867,-746.123333,-2156.838867,-4674.918533
41.04,70.946867,-730.123333,-2166.838867,-4998.918533
41.05,71.946867,-727.123333,-2158.838867,-5318.918533
41.06,72.946867,-719.123333,-2158.838867,-5633.918533
41.07,72.946867,-713.123333,-2152.838867,-5933.918533
41.08,76.946867,-701.123333,-2154.838867,-6235.918533
41.09,73.946867,-699.123333,-2139.838867,-6525.918533
41.10,75.946867,-688.123333,-2136.838867,-6808.918533
41.11,74.946867,-678.123333,-2126.838867,-7083.918533
41.12,71.946867,-672.123333,-2118.838867,-7341.918533
41.13,74.946867,-666.123333,-2107.838867,-7587.918533
41.14,76.946867,-667.123333,-2103.838867,-7811.918533
41.15,74.946867,-670.123333,-2100.838867,-8024.918533
41.16,79.946867,-657.123333,-2095.838867,-8212.918533
41.17,74.946867,-651.123333,-2088.838867,-8390.918533
41.18,78.946867,-644.123333,-2089.838867,-8544.918533
41.19,75.946867,-639.123333,-2088.838867,-8671.918533
41.20,79.946867,-629.123333,-2088.838867,-8776.918533
41.21,78.946867,-627.123333,-2076.838867,-8850.918533
41.22,77.946867,-626.123333,-2074.838867,-8907.918533
41.23,70.946867,-625.123333,-2076.838867,-8939.918533
41.24,69.946867,-625.123333,-2076.838867,-8957.918533
41.25,67.946867,-618.123333,-2075.838867,-8958.918533
41.26,62.946867,-608.123333,-2070.838867,-8940.918533
41.27,61.946867,-609.123333,-2062.838867,-8910.918533
41.28,57.946867,-592.123333,-2038.838867,-8855.918533
41.29,49.946867,-593.123333,-2038.838867,-8795.918533
41.30,48.946867,-588.123333,-2029.838867,-8723.918533
41.31,40.946867,-581.123333,-2026.838867,-8639.918533
41.32,37.946867,-574.123333,-2021.838867,-8547.918533
41.33,38.946867,-563.123333,-2022.838867,-8448.918533
41.34,31.946867,-559.123333,-2015.838867,-8333.918533
41.35,31.946867,-549.123333,-2007.838867,-8210.918533
41.36,26.946867,-533.123333,-1996.838867,-8083.918533
41.37,20.946867,-521.123333,-1985.838867,-7950.918533
41.38,17.946867,-512.123333,-1972.838867,-7812.918533
41.39,13.946867,-505.123333,-1958.838867,-7677.918533
41.40,5.946867,-506.123333,-1955.838867,-7545.918533
41.41,3.946867,-500.123333,-1955.838867,-7405.918533
41.42,3.946867,-499.123333,-1955.838867,-7263.918533
41.43,2.946867,-497.123333,-1947.838867,-7125.918533
41.44,2.946867,-490.123333,-1948.838867,-6986.918533
41.45,1.946867,-490.123333,-1938.838867,-6839.918533
41.46,-2.053133,-485.123333,-1921.838867,-6687.918533
41.47,-0.053133,-483.123333,-1900.838867,-6535.918533
41.48,-4.053133,-481.123333,-1891.838867,-6388.918533
41.49,-9.053133,-475.123333,-1878.838867,-6251.918533
41.50,-6.053133,-466.123333,-1869.838867,-6118.918533
41.51,-7.053133,-460.123333,-1855.838867,-5996.918533
41.52,-10.053133,-456.123333,-1847.838867,-5882.918533
41.53,-19.053133,-461.123333,-1833.838867,-5763.918533
41.54,-19.053133,-454.123333,-1815.838867,-5637.918533
41.55,-17.053133,-453.123333,-1805.838867,-5517.918533
41.56,-22.053133,-456.123333,-1799.838867,-5401.918533
41.57,-20.053133,-453.123333,-1787.838867,-5288.918533
41.58,-23.053133,-456.123333,-1773.838867,-5181.918533
41.59,-23.053133,-457.123333,-1766.838867,-5077.918533
41.60,-25.053133,-462.123333,-1752.838867,-4973.918533
41.61,-20.053133,-461.123333,-1737.838867,-4869.918533
41.62,-23.053133,-467.123333,-1728.838867,-4762.918533
41.63,-18.053133,-468.123333,-1715.838867,-4669.918533
41.64,-16.053133,-468.123333,-1701.838867,-4580.918533
41.65,-17.053133,-478.123333,-1692.838867,-4512.918533
41.66,-17.053133,-480.123333,-1689.838867,-4444.918533
41.67,-19.053133,-484.123333,-1688.838867,-4381.918533
41.68,-10.053133,-484.123333,-1675.838867,-4326.918533
41.69,-12.053133,-490.123333,-1673.838867,-4280.918533
41.70,-12.053133,-490.123333,-1671.838867,-4241.918533
41.71,-6.053133,-500.123333,-1665.838867,-4203.918533
41.72,-4.053133,-505.123333,-1646.838867,-4164.918533
41.73,6.946867,-514.123333,-1642.838867,-4123.918533
41.74,13.946867,-520.123333,-1627.838867,-4088.918533
41.75,14.946867,-531.123333,-1615.838867,-4055.918533
41.76,19.946867,-530.123333,-1594.838867,-4027.918533
41.77,32.946867,-530.123333,-1591.838867,-4002.918533
41.78,30.946867,-533.123333,-1590.838867,-3984.918533
41.79,33.946867,-539.123333,-1571.838867,-3958.918533
41.80,35.946867,-545.123333,-1562.838867,-3933.918533
41.81,40.946867,-547.123333,-1564.838867,-3920.918533
41.82,48.946867,-554.123333,-1551.838867,-3912.918533
41.83,51.946867,-562.123333,-1541.838867,-3913.918533
41.84,56.946867,-575.123333,-1547.838867,-3923.918533
41.85,62.946867,-586.123333,-1531.838867,-3937.918533
41.86,62.946867,-598.123333,-1529.838867,-3944.918533
41.87,63.946867,-605.123333,-1526.838867,-3960.918533
41.88,72.946867,-611.123333,-1524.838867,-3976.918533
41.89,74.946867,-615.123333,-1521.838867,-3995.918533
41.90,81.946867,-628.123333,-1511.838867,-4020.918533
41.91,78.946867,-646.123333,-1509.838867,-4053.918533
41.92,83.946867,-654.123333,-1496.838867,-4085.918533
41.93,86.946867,-671.123333,-1488.838867,-4126.918533
41.94,85.946867,-685.123333,-1480.838867,-4167.918533
41.95,88.946867,-695.123333,-1471.838867,-4211.918533
41.96,85.946867,-712.123333,-1472.838867,-4254.918533
41.97,89.946867,-720.123333,-1474.838867,-4291.918533
41.98,89.946867,-733.123333,-1475.838867,-4328.918533
41.99,93.946867,-740.123333,-1488.838867,-4364.918533
42.00,95.946867,-748.123333,-1479.838867,-4392.918533
42.01,92.946867,-763.123333,-1477.838867,-4415.918533
42.02,92.946867,-762.123333,-1470.838867,-4436.918533
42.03,94.946867,-759.123333,-1461.838867,-4456.918533
42.04,94.946867,-773.123333,-1446.838867,-4474.918533
42.05,88.946867,-783.123333,-1450.838867,-4490.918533
42.06,93.946867,-786.123333,-1432.838867,-4512.918533
42.07,93.946867,-800.123333,-1433.838867,-4534.918533
42.08,89.946867,-802.123333,-1426.838867,-4557.918533
42.09,86.946867,-816.123333,-1422.838867,-4577.918533
42.10,88.946867,-819.123333,-1422.838867,-4600.918533
42.11,83.946867,-829.123333,-1430.838867,-4633.918533
42.12,84.946867,-841.123333,-1431.838867,-4669.918533
42.13,77.946867,-847.123333,-1443.838867,-4708.918533
42.14,76.946867,-858.123333,-1452.838867,-4741.918533
42.15,76.946867,-865.123333,-1458.838867,-4770.918533
42.16,78.946867,-875.123333,-1466.838867,-4800.918533
42.17,79.946867,-888.123333,-1472.838867,-4833.918533
42.18,80.946867,-877.123333,-1476.838867,-4865.918533
42.19,75.946867,-879.123333,-1484.838867,-4904.918533
42.20,75.946867,-869.123333,-1499.838867,-4939.918533
42.21,68.946867,-866.123333,-1510.838867,-4971.918533
42.22,67.946867,-860.123333,-1523.838867,-5002.918533
42.23,69.946867,-871.123333,-1532.838867,-5030.918533
42.24,59.946867,-877.123333,-1533.838867,-5051.918533
42.25,68.946867,-880.123333,-1534.838867,-5063.918533
42.26,63.946867,-884.123333,-1540.838867,-5069.918533
42.27,54.946867,-883.123333,-1550.838867,-5070.918533
42.28,56.946867,-875.123333,-1556.838867,-5068.918533
42.29,54.946867,-866.123333,-1574.838867,-5054.918533
42.30,48.946867,-850.123333,-1599.838867,-5039.918533
42.31,46.946867,-845.123333,-1616.838867,-5017.918533
42.32,52.946867,-841.123333,-1634.838867,-4984.918533
42.33,48.946867,-829.123333,-1652.838867,-4939.918533
42.34,48.946867,-817.123333,-1660.838867,-4879.918533
42.35,49.946867,-802.123333,-1665.838867,-4812.918533
42.36,42.946867,-789.123333,-1678.838867,-4739.918533
42.37,44.946867,-786.123333,-1688.838867,-4652.918533
42.38,41.946867,-779.123333,-1693.838867,-4556.918533
42.39,32.946867,-791.123333,-1718.838867,-4448.918533
42.40,35.946867,-783.123333,-1732.838867,-4331.918533
42.41,38.946867,-785.123333,-1747.838867,-4202.918533
42.42,35.946867,-778.123333,-1771.838867,-4068.918533
42.43,33.946867,-769.123333,-1784.838867,-3917.918533
42.44,26.946867,-754.123333,-1791.838867,-3760.918533
42.45,28.946867,-739.123333,-1799.838867,-3601.918533
42.46,29.946867,-727.123333,-1816.838867,-3436.918533
42.47,21.946867,-703.123333,-1818.838867,-3262.918533
42.48,17.946867,-702.123333,-1831.838867,-3094.918533
42.49,17.946867,-695.123333,-1840.838867,-2914.918533
42.50,13.946867,-697.123333,-1843.838867,-2726.918533
42.51,7.946867,-699.123333,-1848.838867,-2540.918533
42.52,10.946867,-706.123333,-1858.838867,-2342.918533
42.53,5.946867,-708.123333,-1865.838867,-2139.918533
42.54,0.946867,-709.123333,-1878.838867,-1941.918533
42.55,-2.053133,-701.123333,-1887.838867,-1741.918533
42.56,-1.053133,-706.123333,-1910.838867,-1544.918533
42.57,-9.053133,-701.123333,-1925.838867,-1346.918533
42.58,-7.053133,-698.123333,-1939.838867,-1141.918533
42.59,-15.053133,-700.123333,-1943.838867,-932.918533
42.60,-18.053133,-700.123333,-1958.838867,-718.918533
42.61,-17.053133,-705.123333,-1968.838867,-506.918533
42.62,-27.053133,-707.123333,-1975.838867,-296.918533
42.63,-34.053133,-711.123333,-1996.838867,-90.918533
42.64,-35.053133,-722.123333,-2024.838867,120.081467
42.65,-35.053133,-727.123333,-2039.838867,335.081467
42.66,-34.053133,-750.123333,-2060.838867,552.081467
42.67,-39.053133,-755.123333,-2075.838867,771.081467
42.68,-40.053133,-770.123333,-2089.838867,989.081467
42.69,-39.053133,-772.123333,-2099.838867,1214.081467
42.70,-46.053133,-783.123333,-2100.838867,1432.081467
42.71,-54.053133,-786.123333,-2095.838867,1663.081467
42.72,-56.053133,-789.123333,-2095.838867,1888.081467
42.73,-63.053133,-795.123333,-2097.838867,2122.081467
42.74,-67.053133,-796.123333,-2116.838867,2348.081467
42.75,-66.053133,-798.123333,-2117.838867,2579.081467
42.76,-61.053133,-796.123333,-2119.838867,2811.081467
42.77,-69.053133,-796.123333,-2127.838867,3038.081467
42.78,-72.053133,-795.123333,-2133.838867,3266.081467
42.79,-73.053133,-798.123333,-2138.838867,3496.081467
42.80,-79.053133,-798.123333,-2151.838867,3730.081467
42.81,-80.053133,-811.123333,-2159.838867,3966.081467
42.82,-79.053133,-807.123333,-2165.838867,4205.081467
42.83,-83.053133,-818.123333,-2179.838867,4447.081467
42.84,-78.053133,-813.123333,-2175.838867,4690.081467
42.85,-81.053133,-819.123333,-2192.838867,4928.081467
42.86,-82.053133,-809.123333,-2191.838867,5170.081467
42.87,-84.053133,-809.123333,-2211.838867,5401.081467
42.88,-88.053133,-807.123333,-2218.838867,5638.081467
42.89,-87.053133,-802.123333,-2217.838867,5869.081467
42.90,-85.053133,-799.123333,-2229.838867,6095.081467
42.91,-87.053133,-793.123333,-2224.838867,6319.081467
42.92,-90.053133,-786.123333,-2224.838867,6534.081467
42.93,-86.053133,-776.123333,-2216.838867,6747.081467
42.94,-91.053133,-770.123333,-2221.838867,6956.081467
42.95,-88.053133,-762.123333,-2212.838867,7163.081467
42.96,-90.053133,-748.123333,-2216.838867,7360.081467
42.97,-86.053133,-744.123333,-2220.838867,7544.081467
42.98,-89.053133,-731.123333,-2218.838867,7719.081467
42.99,-82.053133,-722.123333,-2216.838867,7880.081467
43.00,-89.053133,-715.123333,-2216.838867,8024.081467
43.01,-82.053133,-711.123333,-2221.838867,8157.081467
43.02,-87.053133,-706.123333,-2217.838867,8283.081467
43.03,-86.053133,-698.123333,-2212.838867,8402.081467
43.04,-77.053133,-698.123333,-2214.838867,8502.081467
43.05,-76.053133,-693.123333,-2205.838867,8589.081467
43.06,-75.053133,-697.123333,-2196.838867,8662.081467
43.07,-80.053133,-694.123333,-2187.838867,8728.081467
43.08,-74.053133,-694.123333,-2188.838867,8769.081467
43.09,-68.053133,-690.123333,-2177.838867,8791.081467
43.10,-69.053133,-680.123333,-2162.838867,8791.081467
43.11,-67.053133,-680.123333,-2157.838867,8776.081467
43.12,-68.053133,-668.123333,-2141.838867,8739.081467
43.13,-62.053133,-657.123333,-2143.838867,8681.081467
43.14,-62.053133,-646.123333,-2129.838867,8612.081467
43.15,-60.053133,-639.123333,-2123.838867,8521.081467
43.16,-50.053133,-639.123333,-2121.838867,8418.081467
43.17,-42.053133,-633.123333,-2113.838867,8308.081467
43.18,-38.053133,-634.123333,-2102.838867,8182.081467
43.19,-33.053133,-639.123333,-2082.838867,8052.081467
43.20,-28.053133,-633.123333,-2078.838867,7910.081467
43.21,-26.053133,-637.123333,-2057.838867,7757.081467
43.22,-22.053133,-638.123333,-2052.838867,7598.081467
43.23,-19.053133,-635.123333,-2046.838867,7434.081467
43.24,-14.053133,-634.123333,-2043.838867,7259.081467
43.25,-10.053133,-635.123333,-2036.838867,7074.081467
43.26,-2.053133,-640.123333,-2039.838867,6877.081467
43.27,4.946867,-644.123333,-2039.838867,6680.081467
43.28,7.946867,-638.123333,-2035.838867,6484.081467
43.29,13.946867,-642.123333,-2034.838867,6285.081467
43.30,18.946867,-647.123333,-2030.838867,6086.081467
43.31,26.946867,-650.123333,-2017.838867,5893.081467
43.32,30.946867,-653.123333,-2016.838867,5700.081467
43.33,32.946867,-653.123333,-2012.838867,5509.081467
43.34,36.946867,-661.123333,-2005.838867,5309.081467
43.35,39.946867,-666.123333,-1999.838867,5099.081467
43.36,39.946867,-669.123333,-1990.838867,4875.081467
43.37,47.946867,-668.123333,-1995.838867,4646.081467
43.38,50.946867,-676.123333,-1987.838867,4421.081467
43.39,50.946867,-676.123333,-1979.838867,4194.081467
43.40,57.946867,-677.123333,-1972.838867,3963.081467
43.41,56.946867,-690.123333,-1966.838867,3737.081467
43.42,57.946867,-690.123333,-1964.838867,3508.081467
43.43,60.946867,-696.123333,-1965.838867,3270.081467
43.44,74.946867,-699.123333,-1973.838867,3027.081467
43.45,80.946867,-708.123333,-1969.838867,2785.081467
43.46,80.946867,-709.123333,-1977.838867,2536.081467
43.47,93.946867,-713.123333,-1976.838867,2277.081467
43.48,95.946867,-717.123333,-1975.838867,2013.081467
43.49,102.946867,-711.123333,-1971.838867,1743.081467
43.50,102.946867,-714.123333,-1965.838867,1468.081467
43.51,106.946867,-724.123333,-1958.838867,1199.081467
43.52,112.946867,-724.123333,-1943.838867,931.081467
43.53,112.946867,-730.123333,-1934.838867,666.081467
43.54,115.946867,-732.123333,-1921.838867,405.081467
43.55,129.946867,-730.123333,-1924.838867,151.081467
43.56,130.946867,-730.123333,-1914.838867,-88.918533
43.57,129.946867,-728.123333,-1905.838867,-319.918533
43.58,135.946867,-722.123333,-1910.838867,-549.918533
43.59,144.946867,-713.123333,-1912.838867,-776.918533
43.60,149.946867,-713.123333,-1916.838867,-1002.918533
43.61,145.946867,-705.123333,-1905.838867,-1212.918533
43.62,141.946867,-705.123333,-1897.838867,-1415.918533
43.63,149.946867,-706.123333,-1891.838867,-1612.918533
43.64,153.946867,-698.123333,-1880.838867,-1807.918533
43.65,148.946867,-697.123333,-1868.838867,-1998.918533
43.66,153.946867,-700.123333,-1854.838867,-2191.918533
43.67,149.946867,-695.123333,-1840.838867,-2387.918533
43.68,142.946867,-692.123333,-1823.838867,-2582.918533
43.69,143.946867,-696.123333,-1819.838867,-2782.918533
43.70,141.946867,-700.123333,-1806.838867,-2985.918533
43.71,139.946867,-692.123333,-1785.838867,-3186.918533
43.72,139.946867,-694.123333,-1771.838867,-3391.918533
43.73,135.946867,-688.123333,-1766.838867,-3599.918533
43.74,139.946867,-683.123333,-1752.838867,-3811.918533
43.75,134.946867,-687.123333,-1750.838867,-4030.918533
43.76,130.946867,-679.123333,-1740.838867,-4253.918533
43.77,127.946867,-684.123333,-1729.838867,-4480.918533
43.78,121.946867,-683.123333,-1723.838867,-4712.918533
43.79,116.946867,-687.123333,-1707.838867,-4940.918533
43.80,116.946867,-683.123333,-1696.838867,-5161.918533
43.81,111.946867,-683.123333,-1685.838867,-5379.918533
43.82,103.946867,-687.123333,-1674.838867,-5593.918533
43.83,97.946867,-689.123333,-1673.838867,-5806.918533
43.84,95.946867,-698.123333,-1660.838867,-6015.918533
43.85,87.946867,-697.123333,-1655.838867,-6226.918533
43.86,86.946867,-698.123333,-1650.838867,-6436.918533
43.87,73.946867,-705.123333,-1643.838867,-6645.918533
43.88,73.946867,-708.123333,-1644.838867,-6844.918533
43.89,62.946867,-706.123333,-1644.838867,-7036.918533
43.90,54.946867,-699.123333,-1643.838867,-7222.918533
43.91,53.946867,-699.123333,-1651.838867,-7407.918533
43.92,45.946867,-700.123333,-1659.838867,-7581.918533
43.93,40.946867,-698.123333,-1660.838867,-7749.918533
43.94,36.946867,-694.123333,-1653.838867,-7915.918533
43.95,31.946867,-700.123333,-1652.838867,-8074.918533
43.96,23.946867,-705.123333,-1672.838867,-8214.918533
43.97,19.946867,-703.123333,-1661.838867,-8334.918533
43.98,17.946867,-699.123333,-1665.838867,-8446.918533
43.99,10.946867,-698.123333,-1670.838867,-8551.918533
44.00,7.946867,-702.123333,-1664.838867,-8647.918533
44.01,4.946867,-699.123333,-1672.838867,-8736.918533
44.02,-6.053133,-701.123333,-1684.838867,-8808.918533
44.03,-8.053133,-698.123333,-1695.838867,-8874.918533
44.04,-8.053133,-703.123333,-1699.838867,-8934.918533
44.05,-12.053133,-712.123333,-1704.838867,-8972.918533
44.06,-16.053133,-717.123333,-1710.838867,-9001.918533
44.07,-23.053133,-717.123333,-1724.838867,-9017.918533
44.08,-19.053133,-720.123333,-1724.838867,-9020.918533
44.09,-23.053133,-726.123333,-1723.838867,-9010.918533
44.10,-29.053133,-726.123333,-1730.838867,-9006.918533
44.11,-32.053133,-734.123333,-1739.838867,-8994.918533
44.12,-33.053133,-731.123333,-1736.838867,-8974.918533
44.13,-30.053133,-735.123333,-1742.838867,-8948.918533
44.14,-42.053133,-729.123333,-1754.838867,-8917.918533
44.15,-39.053133,-726.123333,-1764.838867,-8893.918533
44.16,-42.053133,-727.123333,-1764.838867,-8865.918533
44.17,-44.053133,-722.123333,-1764.838867,-8843.918533
44.18,-45.053133,-724.123333,-1764.838867,-8820.918533
44.19,-49.053133,-717.123333,-1763.838867,-8809.918533
44.20,-49.053133,-720.123333,-1756.838867,-8800.918533
44.21,-47.053133,-720.123333,-1751.838867,-8793.918533
44.22,-51.053133,-723.123333,-1748.838867,-8785.918533
44.23,-53.053133,-724.123333,-1750.838867,-8777.918533
44.24,-50.053133,-727.123333,-1749.838867,-8774.918533
44.25,-49.053133,-729.123333,-1761.838867,-8773.918533
44.26,-54.053133,-728.123333,-1763.838867,-8775.918533
44.27,-51.053133,-726.123333,-1760.838867,-8782.918533
44.28,-52.053133,-721.123333,-1768.838867,-8800.918533
44.29,-50.053133,-727.123333,-1768.838867,-8821.918533
44.30,-52.053133,-714.123333,-1765.838867,-8833.918533
44.31,-60.053133,-713.123333,-1769.838867,-8848.918533
44.32,-60.053133,-711.123333,-1772.838867,-8865.918533
44.33,-58.053133,-704.123333,-1762.838867,-8889.918533
44.34,-57.053133,-709.123333,-1760.838867,-8916.918533
44.35,-63.053133,-701.123333,-1757.838867,-8941.918533
44.36,-60.053133,-707.123333,-1755.838867,-8967.918533
44.37,-60.053133,-713.123333,-1754.838867,-8990.918533
44.38,-67.053133,-710.123333,-1754.838867,-9020.918533
44.39,-64.053133,-710.123333,-1763.838867,-9044.918533
44.40,-65.053133,-715.123333,-1764.838867,-9067.918533
44.41,-67.053133,-710.123333,-1765.838867,-9090.918533
44.42,-70.053133,-718.123333,-1768.838867,-9110.918533
44.43,-69.053133,-721.123333,-1758.838867,-9127.918533
44.44,-66.053133,-724.123333,-1755.838867,-9146.918533
44.45,-76.053133,-726.123333,-1762.838867,-9168.918533
44.46,-71.053133,-727.123333,-1764.838867,-9188.918533
44.47,-69.053133,-724.123333,-1770.838867,-9198.918533
44.48,-69.053133,-722.123333,-1777.838867,-9204.918533
44.49,-65.053133,-722.123333,-1783.838867,-9212.918533
44.50,-62.053133,-719.123333,-1796.838867,-9217.918533
44.51,-62.053133,-729.123333,-1793.838867,-9222.918533
44.52,-60.053133,-727.123333,-1804.838867,-9220.918533
44.53,-59.053133,-727.123333,-1806.838867,-9205.918533
44.54,-55.053133,-734.123333,-1818.838867,-9193.918533
44.55,-50.053133,-740.123333,-1814.838867,-9180.918533
44.56,-47.053133,-744.123333,-1815.838867,-9162.918533
44.57,-44.053133,-740.123333,-1811.838867,-9139.918533
44.58,-41.053133,-739.123333,-1810.838867,-9118.918533
44.59,-40.053133,-748.123333,-1806.838867,-9094.918533
44.60,-34.053133,-755.123333,-1805.838867,-9069.918533
44.61,-30.053133,-761.123333,-1808.838867,-9038.918533
44.62,-28.053133,-758.123333,-1801.838867,-9003.918533
44.63,-26.053133,-762.123333,-1804.838867,-8963.918533
44.64,-26.053133,-760.123333,-1796.838867,-8914.918533
44.65,-23.053133,-758.123333,-1803.838867,-8864.918533
44.66,-18.053133,-761.123333,-1801.838867,-8805.918533
44.67,-16.053133,-762.123333,-1794.838867,-8742.918533
44.68,-11.053133,-769.123333,-1793.838867,-8669.918533
44.69,-7.053133,-770.123333,-1792.838867,-8589.918533
44.70,-13.053133,-770.123333,-1789.838867,-8497.918533
44.71,-10.053133,-782.123333,-1787.838867,-8393.918533
44.72,-8.053133,-791.123333,-1786.838867,-8279.918533
44.73,-2.053133,-797.123333,-1786.838867,-8143.918533
44.74,-0.053133,-797.123333,-1777.838867,-7993.918533
44.75,0.946867,-812.123333,-1766.838867,-7837.918533
44.76,3.946867,-819.123333,-1759.838867,-7666.918533
44.77,2.946867,-827.123333,-1751.838867,-7478.918533
44.78,2.946867,-831.123333,-1752.838867,-7279.918533
44.79,1.946867,-830.123333,-1746.838867,-7069.918533
44.80,7.946867,-835.123333,-1743.838867,-6848.918533
44.81,7.946867,-844.123333,-1747.838867,-6612.918533
44.82,4.946867,-847.123333,-1736.838867,-6364.918533
44.83,9.946867,-864.123333,-1732.838867,-6102.918533
44.84,9.946867,-884.123333,-1728.838867,-5826.918533
44.85,11.946867,-903.123333,-1722.838867,-5544.918533
44.86,13.946867,-914.123333,-1710.838867,-5256.918533
44.87,10.946867,-935.123333,-1706.838867,-4971.918533
44.88,13.946867,-943.123333,-1689.838867,-4677.918533
44.89,18.946867,-953.123333,-1684.838867,-4381.918533
44.90,9.946867,-964.123333,-1693.838867,-4085.918533
44.91,16.946867,-972.123333,-1678.838867,-3778.918533
44.92,17.946867,-987.123333,-1678.838867,-3466.918533
44.93,21.946867,-997.123333,-1670.838867,-3153.918533
44.94,26.946867,-1008.123333,-1664.838867,-2837.918533
44.95,25.946867,-1008.123333,-1665.838867,-2531.918533
44.96,26.946867,-1021.123333,-1651.838867,-2229.918533
44.97,30.946867,-1039.123333,-1650.838867,-1930.918533
44.98,29.946867,-1047.123333,-1645.838867,-1626.918533
44.99,31.946867,-1061.123333,-1635.838867,-1318.918533
45.00,35.946867,-1075.123333,-1632.838867,-1017.918533
45.01,37.946867,-1079.123333,-1620.838867,-711.918533
45.02,42.946867,-1083.123333,-1614.838867,-404.918533
45.03,41.946867,-1089.123333,-1613.838867,-96.918533
45.04,37.946867,-1083.123333,-1614.838867,200.081467
45.05,18.946867,-1083.123333,-1619.838867,479.081467
45.06,-15.053133,-1089.123333,-1612.838867,725.081467
45.07,-57.053133,-1090.123333,-1616.838867,916.081467
45.08,-94.053133,-1093.123333,-1612.838867,1039.081467
45.09,-125.053133,-1096.123333,-1618.838867,1088.081467
45.10,-168.053133,-1096.123333,-1617.838867,1077.081467
45.11,-225.053133,-1106.123333,-1629.838867,1001.081467
45.12,-322.053133,-1097.123333,-1648.838867,814.081467
45.13,-457.053133,-1108.123333,-1675.838867,457.081467
45.14,-616.053133,-1111.123333,-1680.838867,-127.918533
45.15,-778.053133,-1112.123333,-1692.838867,-954.918533
45.16,-911.053133,-1109.123333,-1689.838867,-2000.918533
45.17,-922.053133,-1097.123333,-1674.838867,-3153.918533
45.18,-691.053133,-1087.123333,-1629.838867,-4132.918533
45.19,-143.053133,-1071.123333,-1551.838867,-4478.918533
45.20,763.946867,-1041.123333,-1466.838867,-3642.918533
45.21,1911.946867,-1025.123333,-1376.838867,-1111.918533
45.22,2771.946867,-1014.123333,-1351.838867,3173.081467
45.23,2701.946867,-1030.123333,-1452.838867,8312.081467
45.24,1745.946867,-1065.123333,-1619.838867,12811.081467
45.25,525.946867,-1068.123333,-1718.838867,15605.081467
45.26,-429.053133,-1031.123333,-1710.838867,16481.081467
45.27,-950.053133,-976.123333,-1659.838867,15852.081467
45.28,-955.053133,-947.123333,-1569.838867,14435.081467
45.29,-534.053133,-934.123333,-1493.838867,13058.081467
45.30,-85.053133,-935.123333,-1478.838867,12251.081467
45.31,91.946867,-955.123333,-1535.838867,11994.081467
45.32,16.946867,-979.123333,-1638.838867,11956.081467
45.33,-174.053133,-978.123333,-1701.838867,11829.081467
45.34,-365.053133,-952.123333,-1721.838867,11464.081467
45.35,-500.053133,-912.123333,-1708.838867,10837.081467
45.36,-509.053133,-894.123333,-1654.838867,10088.081467
45.37,-302.053133,-889.123333,-1579.838867,9509.081467
45.38,74.946867,-883.123333,-1524.838867,9439.081467
45.39,381.946867,-900.123333,-1512.838867,10010.081467
45.40,407.946867,-923.123333,-1579.838867,10977.081467
45.41,193.946867,-929.123333,-1674.838867,11889.081467
45.42,-80.053133,-907.123333,-1743.838867,12433.081467
45.43,-313.053133,-867.123333,-1756.838867,12509.081467
45.44,-415.053133,-830.123333,-1741.838867,12215.081467
45.45,-336.053133,-813.123333,-1688.838867,11806.081467
45.46,-116.053133,-810.123333,-1606.838867,11581.081467
45.47,136.946867,-825.123333,-1535.838867,11737.081467
45.48,272.946867,-852.123333,-1522.838867,12270.081467
45.49,245.946867,-876.123333,-1570.838867,12987.081467
45.50,104.946867,-887.123333,-1668.838867,13652.081467
45.51,-63.053133,-884.123333,-1758.838867,14077.081467
45.52,-191.053133,-851.123333,-1819.838867,14211.081467
45.53,-237.053133,-788.123333,-1835.838867,14101.081467
45.54,-188.053133,-737.123333,-1792.838867,13905.081467
45.55,-80.053133,-693.123333,-1731.838867,13790.081467
45.56,-24.053133,-672.123333,-1683.838867,13803.081467
45.57,-31.053133,-664.123333,-1676.838867,13891.081467
45.58,-68.053133,-671.123333,-1668.838867,13966.081467
45.59,-123.053133,-662.123333,-1674.838867,13951.081467
45.60,-201.053133,-640.123333,-1697.838867,13796.081467
45.61,-256.053133,-615.123333,-1707.838867,13498.081467
45.62,-233.053133,-592.123333,-1720.838867,13143.081467
45.63,-144.053133,-578.123333,-1695.838867,12879.081467
45.64,-54.053133,-605.123333,-1659.838867,12763.081467
45.65,10.946867,-682.123333,-1623.838867,12787.081467
45.66,41.946867,-781.123333,-1597.838867,12910.081467
45.67,55.946867,-860.123333,-1595.838867,13073.081467
45.68,61.946867,-856.123333,-1650.838867,13239.081467
45.69,66.946867,-752.123333,-1808.838867,13394.081467
45.70,63.946867,-601.123333,-2067.838867,13532.081467
45.71,37.946867,-476.123333,-2373.838867,13639.081467
45.72,-18.053133,-457.123333,-2670.838867,13658.081467
45.73,-71.053133,-578.123333,-2871.838867,13527.081467
45.74,-50.053133,-744.123333,-2880.838867,13277.081467
45.75,-21.053133,-828.123333,-2664.838867,12978.081467
45.76,-73.053133,-774.123333,-2304.838867,12628.081467
45.77,-239.053133,-599.123333,-1867.838867,12141.081467
45.78,-374.053133,-360.123333,-1392.838867,11498.081467
45.79,-403.053133,-164.123333,-889.838867,10797.081467
45.80,-348.053133,-124.123333,-432.838867,10170.081467
45.81,-296.053133,-193.123333,-122.838867,9681.081467
45.82,-277.053133,-289.123333,-46.838867,9311.081467
45.83,-244.053133,-317.123333,-231.838867,9050.081467
45.84,-188.053133,-268.123333,-658.838867,8906.081467
45.85,-131.053133,-198.123333,-1280.838867,8839.081467
45.86,-109.053133,-166.123333,-2001.838867,8757.081467
45.87,-91.053133,-228.123333,-2652.838867,8598.081467
45.88,-29.053133,-338.123333,-3133.838867,8374.081467
45.89,44.946867,-432.123333,-3369.838867,8136.081467
45.90,119.946867,-474.123333,-3338.838867,7934.081467
45.91,164.946867,-457.123333,-3076.838867,7807.081467
45.92,158.946867,-404.123333,-2690.838867,7750.081467
45.93,110.946867,-352.123333,-2301.838867,7736.081467
45.94,37.946867,-360.123333,-1986.838867,7723.081467
45.95,-34.053133,-418.123333,-1809.838867,7677.081467
45.96,-106.053133,-496.123333,-1774.838867,7539.081467
45.97,-207.053133,-523.123333,-1825.838867,7241.081467
45.98,-333.053133,-470.123333,-1928.838867,6713.081467
45.99,-448.053133,-362.123333,-2051.838867,5931.081467
46.00,-513.053133,-270.123333,-2169.838867,5002.081467
46.01,-491.053133,-274.123333,-2237.838867,4066.081467
46.02,-435.053133,-409.123333,-2217.838867,3183.081467
46.03,-401.053133,-637.123333,-2090.838867,2331.081467
46.04,-413.053133,-817.123333,-1853.838867,1438.081467
46.05,-441.053133,-771.123333,-1532.838867,484.081467
46.06,-442.053133,-442.123333,-1189.838867,-475.918533
46.07,-410.053133,98.876667,-980.838867,-1318.918533
46.08,-353.053133,686.876667,-959.838867,-1942.918533
46.09,-283.053133,1129.876667,-1121.838867,-2330.918533
46.10,-197.053133,1293.876667,-1378.838867,-2524.918533
46.11,-174.053133,1157.876667,-1676.838867,-2608.918533
46.12,-214.053133,821.876667,-2036.838867,-2705.918533
46.13,-330.053133,373.876667,-2427.838867,-2935.918533
46.14,-402.053133,-77.123333,-2815.838867,-3333.918533
46.15,-266.053133,-511.123333,-3151.838867,-3769.918533
46.16,137.946867,-854.123333,-3337.838867,-3914.918533
46.17,678.946867,-1043.123333,-3319.838867,-3424.918533
46.18,1199.946867,-1055.123333,-3046.838867,-2150.918533
46.19,1529.946867,-893.123333,-2612.838867,-154.918533
46.20,1442.946867,-616.123333,-2168.838867,2158.081467
46.21,843.946867,-276.123333,-1836.838867,4069.081467
46.22,13.946867,71.876667,-1607.838867,4889.081467
46.23,-654.053133,359.876667,-1430.838867,4412.081467
46.24,-1049.053133,515.876667,-1326.838867,2864.081467
46.25,-1154.053133,467.876667,-1339.838867,705.081467
46.26,-890.053133,208.876667,-1468.838867,-1511.918533
46.27,-307.053133,-204.123333,-1695.838867,-3165.918533
46.28,326.946867,-648.123333,-2025.838867,-3874.918533
46.29,731.946867,-1006.123333,-2472.838867,-3684.918533
46.30,784.946867,-1226.123333,-2873.838867,-3003.918533
46.31,585.946867,-1274.123333,-3102.838867,-2323.918533
46.32,333.946867,-1165.123333,-3003.838867,-1988.918533
46.33,107.946867,-959.123333,-2602.838867,-2079.918533
46.34,-99.053133,-705.123333,-2023.838867,-2531.918533
46.35,-298.053133,-435.123333,-1538.838867,-3255.918533
46.36,-430.053133,-130.123333,-1324.838867,-4119.918533
46.37,-440.053133,223.876667,-1505.838867,-4989.918533
46.38,-300.053133,618.876667,-2045.838867,-5719.918533
46.39,-60.053133,999.876667,-2751.838867,-6161.918533
46.40,189.946867,1248.876667,-3400.838867,-6283.918533
46.41,330.946867,1246.876667,-3778.838867,-6163.918533
46.42,311.946867,966.876667,-3745.838867,-6001.918533
46.43,162.946867,483.876667,-3261.838867,-6008.918533
46.44,-17.053133,-39.123333,-2408.838867,-6304.918533
46.45,-159.053133,-473.123333,-1420.838867,-6856.918533
46.46,-235.053133,-781.123333,-590.838867,-7503.918533
46.47,-233.053133,-1014.123333,-168.838867,-8090.918533
46.48,-121.053133,-1186.123333,-234.838867,-8493.918533
46.49,78.946867,-1241.123333,-668.838867,-8658.918533
46.50,297.946867,-1077.123333,-1223.838867,-8618.918533
46.51,458.946867,-667.123333,-1724.838867,-8441.918533
46.52,532.946867,-88.123333,-2051.838867,-8185.918533
46.53,538.946867,452.876667,-2166.838867,-7871.918533
46.54,472.946867,748.876667,-2172.838867,-7542.918533
46.55,365.946867,645.876667,-2144.838867,-7249.918533
46.56,243.946867,221.876667,-2201.838867,-7066.918533
46.57,133.946867,-339.123333,-2435.838867,-7030.918533
46.58,77.946867,-823.123333,-2852.838867,-7127.918533
46.59,65.946867,-1063.123333,-3389.838867,-7307.918533
46.60,100.946867,-1061.123333,-3868.838867,-7531.918533
46.61,166.946867,-899.123333,-4066.838867,-7762.918533
46.62,248.946867,-707.123333,-3893.838867,-7985.918533
46.63,318.946867,-554.123333,-3358.838867,-8144.918533
46.64,366.946867,-393.123333,-2647.838867,-8179.918533
46.65,367.946867,-148.123333,-1993.838867,-8060.918533
46.66,303.946867,155.876667,-1623.838867,-7833.918533
46.67,214.946867,405.876667,-1546.838867,-7584.918533
46.68,144.946867,423.876667,-1610.838867,-7415.918533
46.69,122.946867,119.876667,-1613.838867,-7381.918533
46.70,127.946867,-533.123333,-1526.838867,-7471.918533
46.71,120.946867,-1372.123333,-1452.838867,-7655.918533
46.72,116.946867,-2102.123333,-1548.838867,-7915.918533
46.73,151.946867,-2422.123333,-1855.838867,-8205.918533
46.74,252.946867,-2149.123333,-2232.838867,-8470.918533
46.75,392.946867,-1309.123333,-2417.838867,-8654.918533
46.76,464.946867,-175.123333,-2277.838867,-8733.918533
46.77,437.946867,829.876667,-1894.838867,-8711.918533
46.78,369.946867,1317.876667,-1440.838867,-8573.918533
46.79,349.946867,1128.876667,-1140.838867,-8287.918533
46.80,387.946867,387.876667,-1077.838867,-7855.918533
46.81,448.946867,-641.123333,-1189.838867,-7357.918533
46.82,443.946867,-1626.123333,-1383.838867,-6914.918533
46.83,348.946867,-2260.123333,-1660.838867,-6645.918533
46.84,177.946867,-2383.123333,-2015.838867,-6613.918533
46.85,25.946867,-2012.123333,-2426.838867,-6804.918533
46.86,-57.053133,-1298.123333,-2839.838867,-7147.918533
46.87,-48.053133,-500.123333,-3119.838867,-7555.918533
46.88,38.946867,97.876667,-3179.838867,-7935.918533
46.89,129.946867,347.876667,-2982.838867,-8233.918533
46.90,184.946867,321.876667,-2595.838867,-8425.918533
46.91,215.946867,202.876667,-2161.838867,-8517.918533
46.92,223.946867,137.876667,-1792.838867,-8531.918533
46.93,194.946867,167.876667,-1625.838867,-8500.918533
46.94,137.946867,180.876667,-1696.838867,-8489.918533
46.95,60.946867,20.876667,-1959.838867,-8552.918533
46.96,-0.053133,-405.123333,-2299.838867,-8722.918533
46.97,-12.053133,-1066.123333,-2543.838867,-9009.918533
46.98,39.946867,-1809.123333,-2498.838867,-9355.918533
46.99,149.946867,-2427.123333,-1994.838867,-9680.918533
47.00,241.946867,-2719.123333,-1082.838867,-9909.918533
47.01,242.946867,-2564.123333,-24.838867,-10000.918533
47.02,131.946867,-1998.123333,711.161133,-9954.918533
47.03,-11.053133,-1161.123333,818.161133,-9766.918533
47.04,-74.053133,-326.123333,249.161133,-9449.918533
47.05,7.946867,294.876667,-775.838867,-9036.918533
47.06,186.946867,611.876667,-1841.838867,-8572.918533
47.07,339.946867,680.876667,-2639.838867,-8122.918533
47.08,372.946867,647.876667,-3053.838867,-7741.918533
47.09,289.946867,603.876667,-3164.838867,-7469.918533
47.10,155.946867,521.876667,-3131.838867,-7281.918533
47.11,44.946867,333.876667,-3002.838867,-7146.918533
47.12,-33.053133,-10.123333,-2783.838867,-7078.918533
47.13,-84.053133,-435.123333,-2412.838867,-7141.918533
47.14,-134.053133,-825.123333,-1914.838867,-7353.918533
47.15,-187.053133,-1043.123333,-1403.838867,-7649.918533
47.16,-220.053133,-1029.123333,-993.838867,-7967.918533
47.17,-198.053133,-841.123333,-762.838867,-8241.918533
47.18,-127.053133,-609.123333,-775.838867,-8404.918533
47.19,-20.053133,-481.123333,-1023.838867,-8389.918533
47.20,77.946867,-565.123333,-1459.838867,-8164.918533
47.21,156.946867,-870.123333,-1935.838867,-7746.918533
47.22,215.946867,-1315.123333,-2273.838867,-7204.918533
47.23,253.946867,-1762.123333,-2336.838867,-6631.918533
47.24,231.946867,-2055.123333,-2099.838867,-6102.918533
47.25,120.946867,-2128.123333,-1710.838867,-5631.918533
47.26,-66.053133,-1991.123333,-1352.838867,-5228.918533
47.27,-279.053133,-1742.123333,-1144.838867,-4888.918533
47.28,-445.053133,-1470.123333,-1074.838867,-4608.918533
47.29,-548.053133,-1223.123333,-1064.838867,-4352.918533
47.30,-594.053133,-983.123333,-1021.838867,-4060.918533
47.31,-616.053133,-734.123333,-944.838867,-3629.918533
47.32,-649.053133,-465.123333,-902.838867,-2975.918533
47.33,-695.053133,-215.123333,-999.838867,-2076.918533
47.34,-732.053133,-52.123333,-1285.838867,-932.918533
47.35,-715.053133,-8.123333,-1724.838867,373.081467
47.36,-580.053133,-92.123333,-2191.838867,1660.081467
47.37,-271.053133,-282.123333,-2553.838867,2614.081467
47.38,180.946867,-519.123333,-2689.838867,2817.081467
47.39,733.946867,-762.123333,-2546.838867,1799.081467
47.40,1288.946867,-965.123333,-2098.838867,-738.918533
47.41,1625.946867,-1103.123333,-1409.838867,-4677.918533
47.42,1520.946867,-1191.123333,-624.838867,-9225.918533
47.43,972.946867,-1238.123333,67.161133,-13196.918533
47.44,255.946867,-1253.123333,452.161133,-15654.918533
47.45,-340.053133,-1214.123333,419.161133,-16348.918533
47.46,-648.053133,-1102.123333,-43.838867,-15645.918533
47.47,-628.053133,-913.123333,-867.838867,-14252.918533
47.48,-379.053133,-702.123333,-1770.838867,-12881.918533
47.49,-95.053133,-539.123333,-2483.838867,-11933.918533
47.50,19.946867,-472.123333,-2834.838867,-11303.918533
47.51,-92.053133,-544.123333,-2732.838867,-10562.918533
47.52,-322.053133,-758.123333,-2250.838867,-9307.918533
47.53,-502.053133,-1059.123333,-1582.838867,-7441.918533
47.54,-589.053133,-1319.123333,-948.838867,-5164.918533
47.55,-598.053133,-1469.123333,-600.838867,-2859.918533
47.56,-517.053133,-1495.123333,-659.838867,-974.918533
47.57,-331.053133,-1428.123333,-1089.838867,141.081467
47.58,-106.053133,-1284.123333,-1727.838867,421.081467
47.59,70.946867,-1078.123333,-2352.838867,100.081467
47.60,142.946867,-782.123333,-2691.838867,-433.918533
47.61,98.946867,-398.123333,-2566.838867,-885.918533
47.62,-93.053133,18.876667,-1979.838867,-1119.918533
47.63,-365.053133,314.876667,-1089.838867,-1180.918533
47.64,-574.053133,355.876667,-212.838867,-1271.918533
47.65,-636.053133,9.876667,386.161133,-1645.918533
47.66,-587.053133,-695.123333,544.161133,-2378.918533
47.67,-496.053133,-1609.123333,182.161133,-3324.918533
47.68,-401.053133,-2486.123333,-688.838867,-4248.918533
47.69,-313.053133,-3062.123333,-1884.838867,-4895.918533
47.70,-215.053133,-3146.123333,-3139.838867,-5091.918533
47.71,-72.053133,-2633.123333,-4074.838867,-4820.918533
47.72,109.946867,-1611.123333,-4362.838867,-4270.918533
47.73,238.946867,-343.123333,-3867.838867,-3647.918533
47.74,270.946867,791.876667,-2764.838867,-3063.918533
47.75,200.946867,1492.876667,-1430.838867,-2530.918533
47.76,58.946867,1603.876667,-266.838867,-1997.918533
47.77,-132.053133,1150.876667,458.161133,-1430.918533
47.78,-300.053133,307.876667,711.161133,-814.918533
47.79,-376.053133,-662.123333,615.161133,-181.918533
47.80,-372.053133,-1499.123333,369.161133,380.081467
47.81,-332.053133,-2031.123333,88.161133,744.081467
47.82,-326.053133,-2201.123333,-282.838867,892.081467
47.83,-346.053133,-2097.123333,-839.838867,894.081467
47.84,-338.053133,-1919.123333,-1587.838867,837.081467
47.85,-249.053133,-1833.123333,-2366.838867,725.081467
47.86,-79.053133,-1895.123333,-2899.838867,535.081467
47.87,121.946867,-2061.123333,-2973.838867,306.081467
47.88,256.946867,-2223.123333,-2547.838867,88.081467
47.89,247.946867,-2233.123333,-1838.838867,-62.918533
47.90,115.946867,-2015.123333,-1126.838867,-110.918533
47.91,-75.053133,-1556.123333,-658.838867,-28.918533
47.92,-218.053133,-946.123333,-595.838867,176.081467
47.93,-287.053133,-318.123333,-956.838867,454.081467
47.94,-262.053133,173.876667,-1563.838867,780.081467
47.95,-169.053133,430.876667,-2185.838867,1204.081467
47.96,-44.053133,434.876667,-2537.838867,1820.081467
47.97,55.946867,225.876667,-2421.838867,2641.081467
47.98,40.946867,-118.123333,-1882.838867,3547.081467
47.99,-105.053133,-515.123333,-1092.838867,4366.081467
48.00,-322.053133,-940.123333,-374.838867,4968.081467
48.01,-486.053133,-1312.123333,45.161133,5262.081467
48.02,-498.053133,-1581.123333,106.161133,5217.081467
48.03,-341.053133,-1675.123333,-106.838867,4911.081467
48.04,-98.053133,-1590.123333,-533.838867,4590.081467
48.05,126.946867,-1337.123333,-1113.838867,4518.081467
48.06,254.946867,-986.123333,-1727.838867,4800.081467
48.07,279.946867,-672.123333,-2279.838867,5357.081467
48.08,236.946867,-509.123333,-2616.838867,6015.081467
48.09,159.946867,-579.123333,-2662.838867,6556.081467
48.10,87.946867,-857.123333,-2391.838867,6773.081467
48.11,5.946867,-1207.123333,-1859.838867,6599.081467
48.12,-79.053133,-1476.123333,-1259.838867,6138.081467
48.13,-156.053133,-1562.123333,-800.838867,5592.081467
48.14,-219.053133,-1485.123333,-674.838867,5127.081467
48.15,-279.053133,-1386.123333,-941.838867,4861.081467
48.16,-320.053133,-1427.123333,-1479.838867,4819.081467
48.17,-354.053133,-1615.123333,-2059.838867,4983.081467
48.18,-361.053133,-1791.123333,-2460.838867,5288.081467
48.19,-361.053133,-1745.123333,-2579.838867,5679.081467
48.20,-355.053133,-1339.123333,-2447.838867,6069.081467
48.21,-362.053133,-612.123333,-2215.838867,6412.081467
48.22,-408.053133,218.876667,-2025.838867,6688.081467
48.23,-449.053133,869.876667,-1965.838867,6940.081467
48.24,-463.053133,1073.876667,-2007.838867,7240.081467
48.25,-379.053133,740.876667,-2011.838867,7684.081467
48.26,-178.053133,8.876667,-1801.838867,8303.081467
48.27,64.946867,-868.123333,-1310.838867,9005.081467
48.28,256.946867,-1613.123333,-602.838867,9588.081467
48.29,290.946867,-2029.123333,108.161133,9926.081467
48.30,139.946867,-2096.123333,507.161133,10042.081467
48.31,-102.053133,-1870.123333,374.161133,10040.081467
48.32,-273.053133,-1512.123333,-310.838867,9979.081467
48.33,-242.053133,-1175.123333,-1309.838867,9785.081467
48.34,-1.053133,-996.123333,-2220.838867,9327.081467
48.35,349.946867,-1059.123333,-2795.838867,8488.081467
48.36,698.946867,-1320.123333,-2954.838867,7162.081467
48.37,932.946867,-1652.123333,-2756.838867,5290.081467
48.38,998.946867,-1905.123333,-2457.838867,2960.081467
48.39,871.946867,-1950.123333,-2295.838867,460.081467
48.40,539.946867,-1788.123333,-2398.838867,-1699.918533
48.41,81.946867,-1478.123333,-2737.838867,-2900.918533
48.42,-307.053133,-1121.123333,-3121.838867,-2745.918533
48.43,-478.053133,-788.123333,-3324.838867,-1342.918533
48.44,-414.053133,-516.123333,-3155.838867,775.081467
48.45,-220.053133,-295.123333,-2587.838867,2895.081467
48.46,-14.053133,-131.123333,-1732.838867,4379.081467
48.47,72.946867,15.876667,-803.838867,4919.081467
48.48,4.946867,78.876667,-37.838867,4630.081467
48.49,-160.053133,54.876667,315.161133,3852.081467
48.50,-331.053133,-59.123333,216.161133,2979.081467
48.51,-417.053133,-231.123333,-241.838867,2317.081467
48.52,-372.053133,-416.123333,-857.838867,2019.081467
48.53,-238.053133,-580.123333,-1460.838867,2120.081467
48.54,-106.053133,-700.123333,-1918.838867,2546.081467
48.55,-8.053133,-779.123333,-2218.838867,3119.081467
48.56,47.946867,-856.123333,-2412.838867,3655.081467
48.57,117.946867,-947.123333,-2566.838867,4030.081467
48.58,203.946867,-1041.123333,-2666.838867,4243.081467
48.59,315.946867,-1084.123333,-2728.838867,4379.081467
48.60,405.946867,-1015.123333,-2689.838867,4513.081467
48.61,405.946867,-771.123333,-2519.838867,4651.081467
48.62,250.946867,-369.123333,-2268.838867,4790.081467
48.63,-11.053133,88.876667,-2020.838867,4926.081467
48.64,-289.053133,469.876667,-1861.838867,5025.081467
48.65,-484.053133,588.876667,-1883.838867,5044.081467
48.66,-531.053133,406.876667,-2099.838867,4980.081467
48.67,-432.053133,-6.123333,-2449.838867,4796.081467
48.68,-227.053133,-499.123333,-2811.838867,4446.081467
48.69,-5.053133,-865.123333,-3010.838867,3930.081467
48.70,180.946867,-966.123333,-2929.838867,3341.081467
48.71,253.946867,-741.123333,-2500.838867,2767.081467
48.72,203.946867,-286.123333,-1831.838867,2265.081467
48.73,104.946867,229.876667,-1102.838867,1866.081467
48.74,-13.053133,630.876667,-557.838867,1562.081467
48.75,-88.053133,765.876667,-325.838867,1398.081467
48.76,-85.053133,573.876667,-470.838867,1426.081467
48.77,19.946867,82.876667,-875.838867,1631.081467
48.78,130.946867,-529.123333,-1377.838867,1942.081467
48.79,165.946867,-1060.123333,-1901.838867,2282.081467
48.80,117.946867,-1385.123333,-2384.838867,2623.081467
48.81,50.946867,-1456.123333,-2792.838867,2912.081467
48.82,31.946867,-1354.123333,-3073.838867,3081.081467
48.83,52.946867,-1167.123333,-3151.838867,3053.081467
48.84,59.946867,-954.123333,-2947.838867,2851.081467
48.85,30.946867,-704.123333,-2523.838867,2539.081467
48.86,-60.053133,-379.123333,-2028.838867,2234.081467
48.87,-182.053133,73.876667,-1618.838867,2004.081467
48.88,-299.053133,653.876667,-1469.838867,1863.081467
48.89,-347.053133,1250.876667,-1629.838867,1812.081467
48.90,-345.053133,1714.876667,-2048.838867,1863.081467
48.91,-288.053133,1886.876667,-2565.838867,1980.081467
48.92,-211.053133,1697.876667,-3036.838867,2079.081467
48.93,-126.053133,1177.876667,-3338.838867,2097.081467
48.94,-31.053133,463.876667,-3455.838867,1998.081467
48.95,58.946867,-271.123333,-3354.838867,1806.081467
48.96,126.946867,-862.123333,-3052.838867,1555.081467
48.97,163.946867,-1226.123333,-2551.838867,1309.081467
48.98,173.946867,-1379.123333,-1877.838867,1071.081467
48.99,145.946867,-1349.123333,-1109.838867,775.081467
49.00,82.946867,-1198.123333,-411.838867,365.081467
49.01,-28.053133,-952.123333,22.161133,-142.918533
49.02,-196.053133,-653.123333,33.161133,-625.918533
49.03,-383.053133,-296.123333,-438.838867,-951.918533
49.04,-510.053133,97.876667,-1282.838867,-1022.918533
49.05,-525.053133,495.876667,-2228.838867,-823.918533
49.06,-423.053133,797.876667,-2978.838867,-441.918533
49.07,-264.053133,926.876667,-3313.838867,-4.918533
49.08,-131.053133,862.876667,-3195.838867,355.081467
49.09,-72.053133,693.876667,-2727.838867,564.081467
49.10,-92.053133,550.876667,-2168.838867,585.081467
49.11,-182.053133,548.876667,-1801.838867,452.081467
49.12,-264.053133,701.876667,-1768.838867,262.081467
49.13,-296.053133,934.876667,-2061.838867,128.081467
49.14,-272.053133,1096.876667,-2498.838867,119.081467
49.15,-214.053133,1065.876667,-2845.838867,238.081467
49.16,-150.053133,816.876667,-2954.838867,441.081467
49.17,-113.053133,424.876667,-2774.838867,648.081467
49.18,-112.053133,35.876667,-2421.838867,760.081467
49.19,-121.053133,-227.123333,-2023.838867,717.081467
49.20,-116.053133,-304.123333,-1717.838867,475.081467
49.21,-76.053133,-254.123333,-1563.838867,42.081467
49.22,2.946867,-194.123333,-1529.838867,-525.918533
49.23,90.946867,-234.123333,-1540.838867,-1154.918533
49.24,174.946867,-404.123333,-1567.838867,-1749.918533
49.25,203.946867,-629.123333,-1629.838867,-2231.918533
49.26,167.946867,-793.123333,-1769.838867,-2540.918533
49.27,81.946867,-792.123333,-2025.838867,-2673.918533
49.28,-17.053133,-584.123333,-2415.838867,-2689.918533
49.29,-79.053133,-236.123333,-2893.838867,-2654.918533
49.30,-97.053133,124.876667,-3338.838867,-2557.918533
49.31,-84.053133,377.876667,-3572.838867,-2344.918533
49.32,-78.053133,387.876667,-3490.838867,-1966.918533
49.33,-108.053133,182.876667,-3070.838867,-1439.918533
49.34,-189.053133,-169.123333,-2449.838867,-849.918533
49.35,-302.053133,-532.123333,-1795.838867,-283.918533
49.36,-395.053133,-797.123333,-1292.838867,181.081467
49.37,-422.053133,-893.123333,-1048.838867,467.081467
49.38,-352.053133,-800.123333,-1068.838867,508.081467
49.39,-178.053133,-554.123333,-1313.838867,300.081467
49.40,25.946867,-227.123333,-1645.838867,-30.918533
49.41,200.946867,140.876667,-1981.838867,-285.918533
49.42,291.946867,495.876667,-2197.838867,-290.918533
49.43,277.946867,767.876667,-2218.838867,-4.918533
49.44,183.946867,851.876667,-2091.838867,483.081467
49.45,47.946867,714.876667,-1912.838867,1033.081467
49.46,-75.053133,342.876667,-1790.838867,1500.081467
49.47,-157.053133,-190.123333,-1768.838867,1830.081467
49.48,-153.053133,-668.123333,-1871.838867,2029.081467
49.49,-81.053133,-911.123333,-2046.838867,2168.081467
49.50,23.946867,-828.123333,-2240.838867,2297.081467
49.51,98.946867,-472.123333,-2397.838867,2419.081467
49.52,99.946867,-47.123333,-2493.838867,2519.081467
49.53,51.946867,266.876667,-2475.838867,2562.081467
49.54,20.946867,321.876667,-2317.838867,2533.081467
49.55,43.946867,139.876667,-2031.838867,2464.081467
49.56,95.946867,-146.123333,-1712.838867,2409.081467
49.57,117.946867,-329.123333,-1470.838867,2438.081467
49.58,50.946867,-277.123333,-1436.838867,2550.081467
49.59,-55.053133,35.876667,-1656.838867,2707.081467
49.60,-126.053133,495.876667,-2088.838867,2780.081467
49.61,-109.053133,850.876667,-2567.838867,2657.081467
49.62,-3.053133,887.876667,-2906.838867,2281.081467
49.63,131.946867,499.876667,-2958.838867,1677.081467
49.64,225.946867,-263.123333,-2729.838867,959.081467
49.65,237.946867,-1189.123333,-2297.838867,301.081467
49.66,183.946867,-2020.123333,-1814.838867,-118.918533
49.67,125.946867,-2572.123333,-1464.838867,-251.918533
49.68,112.946867,-2789.123333,-1297.838867,-203.918533
49.69,132.946867,-2727.123333,-1297.838867,-131.918533
49.70,167.946867,-2505.123333,-1403.838867,-155.918533
49.71,197.946867,-2199.123333,-1514.838867,-332.918533
49.72,212.946867,-1839.123333,-1589.838867,-648.918533
49.73,188.946867,-1406.123333,-1565.838867,-997.918533
49.74,129.946867,-898.123333,-1475.838867,-1275.918533
49.75,44.946867,-362.123333,-1333.838867,-1399.918533
49.76,-18.053133,141.876667,-1192.838867,-1332.918533
49.77,-16.053133,506.876667,-1130.838867,-1092.918533
49.78,31.946867,678.876667,-1223.838867,-743.918533
49.79,119.946867,641.876667,-1463.838867,-386.918533
49.80,210.946867,402.876667,-1793.838867,-116.918533
49.81,276.946867,35.876667,-2127.838867,36.081467
49.82,293.946867,-373.123333,-2357.838867,142.081467
49.83,262.946867,-739.123333,-2452.838867,252.081467
49.84,200.946867,-1020.123333,-2397.838867,382.081467
49.85,117.946867,-1223.123333,-2260.838867,525.081467
49.86,39.946867,-1363.123333,-2088.838867,666.081467
49.87,-7.053133,-1487.123333,-1936.838867,789.081467
49.88,16.946867,-1620.123333,-1818.838867,881.081467
49.89,116.946867,-1760.123333,-1747.838867,913.081467
49.90,252.946867,-1863.123333,-1748.838867,843.081467
49.91,355.946867,-1871.123333,-1798.838867,672.081467
49.92,387.946867,-1774.123333,-1901.838867,426.081467
49.93,383.946867,-1592.123333,-2026.838867,132.081467
49.94,356.946867,-1400.123333,-2095.838867,-208.918533
49.95,298.946867,-1262.123333,-2082.838867,-577.918533
49.96,236.946867,-1215.123333,-1981.838867,-963.918533
49.97,165.946867,-1230.123333,-1781.838867,-1365.918533
49.98,83.946867,-1210.123333,-1511.838867,-1781.918533
49.99,7.946867,-1114.123333,-1216.838867,-2182.918533
50.00,-59.053133,-914.123333,-941.838867,-2522.918533
50.01,-123.053133,-670.123333,-776.838867,-2750.918533
50.02,-162.053133,-480.123333,-746.838867,-2847.918533
50.03,-152.053133,-461.123333,-900.838867,-2834.918533
50.04,-84.053133,-635.123333,-1188.838867,-2785.918533
50.05,34.946867,-962.123333,-1544.838867,-2823.918533
50.06,177.946867,-1310.123333,-1879.838867,-2994.918533
50.07,299.946867,-1519.123333,-2106.838867,-3306.918533
50.08,385.946867,-1480.123333,-2197.838867,-3718.918533
50.09,402.946867,-1212.123333,-2161.838867,-4152.918533
50.10,353.946867,-849.123333,-2002.838867,-4517.918533
50.11,307.946867,-583.123333,-1798.838867,-4780.918533
50.12,313.946867,-552.123333,-1565.838867,-4971.918533
50.13,370.946867,-801.123333,-1354.838867,-5150.918533
50.14,462.946867,-1268.123333,-1205.838867,-5372.918533
50.15,549.946867,-1793.123333,-1145.838867,-5674.918533
50.16,594.946867,-2196.123333,-1157.838867,-6036.918533
50.17,580.946867,-2366.123333,-1249.838867,-6427.918533
50.18,512.946867,-2275.123333,-1397.838867,-6748.918533
50.19,417.946867,-2014.123333,-1595.838867,-6914.918533
50.20,307.946867,-1715.123333,-1846.838867,-6893.918533
50.21,234.946867,-1522.123333,-2150.838867,-6720.918533
50.22,230.946867,-1460.123333,-2485.838867,-6516.918533
50.23,291.946867,-1530.123333,-2797.838867,-6402.918533
50.24,367.946867,-1627.123333,-2979.838867,-6430.918533
50.25,437.946867,-1656.123333,-2960.838867,-6580.918533
50.26,453.946867,-1554.123333,-2684.838867,-6794.918533
50.27,396.946867,-1324.123333,-2170.838867,-6976.918533
50.28,275.946867,-1035.123333,-1524.838867,-7038.918533
50.29,131.946867,-769.123333,-903.838867,-6944.918533
50.30,24.946867,-606.123333,-445.838867,-6746.918533
50.31,-19.053133,-574.123333,-210.838867,-6513.918533
50.32,-2.053133,-645.123333,-240.838867,-6352.918533
50.33,60.946867,-778.123333,-455.838867,-6342.918533
50.34,120.946867,-912.123333,-765.838867,-6499.918533
50.35,164.946867,-1022.123333,-1061.838867,-6739.918533
50.36,187.946867,-1089.123333,-1246.838867,-6958.918533
50.37,170.946867,-1137.123333,-1303.838867,-7085.918533
50.38,121.946867,-1159.123333,-1278.838867,-7059.918533
50.39,64.946867,-1205.123333,-1278.838867,-6853.918533
50.40,27.946867,-1270.123333,-1395.838867,-6470.918533
50.41,55.946867,-1384.123333,-1672.838867,-6005.918533
50.42,152.946867,-1502.123333,-2071.838867,-5585.918533
50.43,300.946867,-1574.123333,-2507.838867,-5301.918533
50.44,449.946867,-1507.123333,-2844.838867,-5205.918533
50.45,549.946867,-1246.123333,-3001.838867,-5297.918533
50.46,528.946867,-798.123333,-2932.838867,-5530.918533
50.47,423.946867,-277.123333,-2648.838867,-5847.918533
50.48,290.946867,154.876667,-2179.838867,-6211.918533
50.49,190.946867,359.876667,-1607.838867,-6617.918533
50.50,135.946867,258.876667,-1074.838867,-7034.918533
50.51,121.946867,-111.123333,-708.838867,-7372.918533
50.52,125.946867,-624.123333,-572.838867,-7498.918533
50.53,145.946867,-1127.123333,-701.838867,-7353.918533
50.54,158.946867,-1483.123333,-1056.838867,-6988.918533
50.55,145.946867,-1646.123333,-1524.838867,-6520.918533
50.56,129.946867,-1632.123333,-2010.838867,-6094.918533
50.57,126.946867,-1542.123333,-2405.838867,-5858.918533
50.58,167.946867,-1441.123333,-2670.838867,-5924.918533
50.59,233.946867,-1361.123333,-2784.838867,-6310.918533
50.60,288.946867,-1286.123333,-2757.838867,-6907.918533
50.61,315.946867,-1160.123333,-2631.838867,-7572.918533
50.62,301.946867,-962.123333,-2461.838867,-8208.918533
50.63,222.946867,-661.123333,-2290.838867,-8762.918533
50.64,105.946867,-329.123333,-2121.838867,-9195.918533
50.65,-16.053133,-61.123333,-1951.838867,-9473.918533
50.66,-103.053133,66.876667,-1740.838867,-9593.918533
50.67,-156.053133,11.876667,-1485.838867,-9575.918533
50.68,-201.053133,-190.123333,-1214.838867,-9406.918533
50.69,-229.053133,-444.123333,-969.838867,-9081.918533
50.70,-222.053133,-656.123333,-870.838867,-8627.918533
50.71,-168.053133,-754.123333,-966.838867,-8142.918533
50.72,-85.053133,-754.123333,-1224.838867,-7726.918533
50.73,33.946867,-705.123333,-1560.838867,-7464.918533
50.74,155.946867,-661.123333,-1826.838867,-7377.918533
50.75,235.946867,-645.123333,-1952.838867,-7432.918533
50.76,259.946867,-648.123333,-1925.838867,-7565.918533
50.77,239.946867,-609.123333,-1801.838867,-7705.918533
50.78,185.946867,-489.123333,-1669.838867,-7789.918533
50.79,92.946867,-293.123333,-1644.838867,-7782.918533
50.80,-15.053133,-65.123333,-1721.838867,-7698.918533
50.81,-108.053133,83.876667,-1893.838867,-7567.918533
50.82,-201.053133,86.876667,-2070.838867,-7369.918533
50.83,-276.053133,-112.123333,-2209.838867,-7082.918533
50.84,-315.053133,-444.123333,-2264.838867,-6704.918533
50.85,-296.053133,-778.123333,-2207.838867,-6287.918533
50.86,-223.053133,-1001.123333,-2072.838867,-5910.918533
50.87,-141.053133,-1057.123333,-1903.838867,-5616.918533
50.88,-81.053133,-956.123333,-1771.838867,-5417.918533
50.89,-47.053133,-761.123333,-1740.838867,-5305.918533
50.90,-38.053133,-562.123333,-1827.838867,-5244.918533
50.91,-21.053133,-423.123333,-2032.838867,-5182.918533
50.92,24.946867,-351.123333,-2286.838867,-5091.918533
50.93,114.946867,-300.123333,-2464.838867,-4991.918533
50.94,214.946867,-244.123333,-2486.838867,-4928.918533
50.95,266.946867,-146.123333,-2340.838867,-4920.918533
50.96,256.946867,-8.123333,-2045.838867,-4952.918533
50.97,186.946867,114.876667,-1716.838867,-4993.918533
50.98,83.946867,165.876667,-1442.838867,-5030.918533
50.99,-20.053133,109.876667,-1260.838867,-5058.918533
51.00,-108.053133,-57.123333,-1183.838867,-5032.918533
51.01,-193.053133,-309.123333,-1153.838867,-4891.918533
51.02,-259.053133,-578.123333,-1168.838867,-4625.918533
51.03,-284.053133,-786.123333,-1180.838867,-4265.918533
51.04,-286.053133,-906.123333,-1212.838867,-3858.918533
51.05,-272.053133,-910.123333,-1323.838867,-3434.918533
51.06,-279.053133,-837.123333,-1531.838867,-3022.918533
51.07,-285.053133,-704.123333,-1850.838867,-2628.918533
51.08,-250.053133,-569.123333,-2236.838867,-2248.918533
51.09,-190.053133,-473.123333,-2610.838867,-1871.918533
51.10,-88.053133,-402.123333,-2873.838867,-1479.918533
51.11,36.946867,-376.123333,-2934.838867,-1097.918533
51.12,138.946867,-377.123333,-2818.838867,-765.918533
51.13,190.946867,-409.123333,-2580.838867,-503.918533
51.14,188.946867,-435.123333,-2300.838867,-296.918533
51.15,145.946867,-442.123333,-2074.838867,-122.918533
51.16,87.946867,-391.123333,-1958.838867,74.081467
51.17,23.946867,-264.123333,-1956.838867,317.081467
51.18,-24.053133,-60.123333,-2045.838867,599.081467
51.19,-54.053133,186.876667,-2120.838867,898.081467
51.20,-82.053133,409.876667,-2133.838867,1189.081467
51.21,-110.053133,550.876667,-2051.838867,1471.081467
51.22,-139.053133,562.876667,-1863.838867,1759.081467
51.23,-172.053133,419.876667,-1658.838867,2067.081467
51.24,-185.053133,173.876667,-1467.838867,2361.081467
51.25,-194.053133,-111.123333,-1327.838867,2598.081467
51.26,-174.053133,-352.123333,-1262.838867,2791.081467
51.27,-140.053133,-516.123333,-1289.838867,2983.081467
51.28,-99.053133,-600.123333,-1397.838867,3203.081467
51.29,-70.053133,-657.123333,-1540.838867,3437.081467
51.30,-37.053133,-727.123333,-1682.838867,3675.081467
51.31,-27.053133,-809.123333,-1750.838867,3893.081467
51.32,-34.053133,-887.123333,-1719.838867,4070.081467
51.33,-82.053133,-927.123333,-1599.838867,4221.081467
51.34,-182.053133,-885.123333,-1426.838867,4369.081467
51.35,-294.053133,-746.123333,-1310.838867,4549.081467
51.36,-385.053133,-531.123333,-1294.838867,4786.081467
51.37,-435.053133,-282.123333,-1420.838867,5086.081467
51.38,-426.053133,-59.123333,-1678.838867,5425.081467
51.39,-365.053133,104.876667,-1981.838867,5749.081467
51.40,-274.053133,195.876667,-2254.838867,6010.081467
51.41,-182.053133,195.876667,-2427.838867,6194.081467
51.42,-122.053133,78.876667,-2449.838867,6266.081467
51.43,-97.053133,-125.123333,-2366.838867,6204.081467
51.44,-111.053133,-416.123333,-2243.838867,6005.081467
51.45,-156.053133,-722.123333,-2117.838867,5727.081467
51.46,-195.053133,-970.123333,-2052.838867,5415.081467
51.47,-193.053133,-1084.123333,-2053.838867,5100.081467
51.48,-175.053133,-1048.123333,-2142.838867,4805.081467
51.49,-138.053133,-910.123333,-2264.838867,4533.081467
51.50,-113.053133,-771.123333,-2396.838867,4283.081467
51.51,-91.053133,-686.123333,-2463.838867,4045.081467
51.52,-68.053133,-651.123333,-2412.838867,3798.081467
51.53,-60.053133,-637.123333,-2215.838867,3520.081467
51.54,-71.053133,-580.123333,-1887.838867,3212.081467
51.55,-103.053133,-447.123333,-1534.838867,2910.081467
51.56,-156.053133,-240.123333,-1255.838867,2654.081467
51.57,-204.053133,-15.123333,-1139.838867,2460.081467
51.58,-225.053133,161.876667,-1199.838867,2312.081467
51.59,-193.053133,219.876667,-1369.838867,2185.081467
51.60,-116.053133,124.876667,-1561.838867,2041.081467
51.61,-38.053133,-117.123333,-1678.838867,1873.081467
51.62,-11.053133,-447.123333,-1687.838867,1683.081467
51.63,-41.053133,-780.123333,-1611.838867,1495.081467
51.64,-123.053133,-1037.123333,-1510.838867,1340.081467
51.65,-217.053133,-1161.123333,-1455.838867,1276.081467
51.66,-291.053133,-1111.123333,-1497.838867,1281.081467
51.67,-311.053133,-921.123333,-1656.838867,1291.081467
51.68,-285.053133,-651.123333,-1869.838867,1211.081467
51.69,-237.053133,-394.123333,-2072.838867,999.081467
51.70,-196.053133,-191.123333,-2195.838867,703.081467
51.71,-186.053133,-84.123333,-2205.838867,414.081467
51.72,-205.053133,-41.123333,-2128.838867,247.081467
51.73,-238.053133,-11.123333,-1996.838867,234.081467
51.74,-264.053133,58.876667,-1857.838867,375.081467
51.75,-279.053133,146.876667,-1795.838867,636.081467
51.76,-296.053133,232.876667,-1822.838867,978.081467
51.77,-301.053133,259.876667,-1928.838867,1386.081467
51.78,-297.053133,186.876667,-2082.838867,1814.081467
51.79,-261.053133,42.876667,-2204.838867,2197.081467
51.80,-201.053133,-157.123333,-2232.838867,2445.081467
51.81,-153.053133,-347.123333,-2153.838867,2487.081467
51.82,-129.053133,-467.123333,-1996.838867,2287.081467
51.83,-149.053133,-481.123333,-1822.838867,1860.081467
51.84,-155.053133,-380.123333,-1682.838867,1268.081467
51.85,-143.053133,-226.123333,-1604.838867,581.081467
51.86,-121.053133,-101.123333,-1603.838867,-104.918533
51.87,-99.053133,-31.123333,-1649.838867,-705.918533
51.88,-93.053133,-39.123333,-1713.838867,-1166.918533
51.89,-108.053133,-99.123333,-1744.838867,-1457.918533
51.90,-140.053133,-168.123333,-1748.838867,-1570.918533
51.91,-171.053133,-257.123333,-1725.838867,-1523.918533
51.92,-190.053133,-336.123333,-1681.838867,-1372.918533
51.93,-196.053133,-427.123333,-1657.838867,-1232.918533
51.94,-189.053133,-528.123333,-1658.838867,-1160.918533
51.95,-178.053133,-635.123333,-1677.838867,-1182.918533
51.96,-173.053133,-763.123333,-1714.838867,-1280.918533
51.97,-177.053133,-860.123333,-1720.838867,-1422.918533
51.98,-197.053133,-935.123333,-1728.838867,-1589.918533
51.99,-218.053133,-978.123333,-1724.838867,-1769.918533
52.00,-227.053133,-971.123333,-1697.838867,-1940.918533
52.01,-226.053133,-929.123333,-1679.838867,-2074.918533
52.02,-213.053133,-850.123333,-1720.838867,-2110.918533
52.03,-197.053133,-757.123333,-1810.838867,-2014.918533
52.04,-185.053133,-640.123333,-1949.838867,-1781.918533
52.05,-179.053133,-484.123333,-2112.838867,-1448.918533
52.06,-158.053133,-290.123333,-2251.838867,-1093.918533
52.07,-132.053133,-68.123333,-2301.838867,-805.918533
52.08,-92.053133,138.876667,-2236.838867,-645.918533
52.09,-51.053133,295.876667,-2106.838867,-622.918533
52.10,-30.053133,355.876667,-1966.838867,-679.918533
52.11,-63.053133,308.876667,-1888.838867,-722.918533
52.12,-120.053133,175.876667,-1935.838867,-665.918533
52.13,-151.053133,19.876667,-2046.838867,-457.918533
52.14,-146.053133,-73.123333,-2152.838867,-77.918533
52.15,-105.053133,-95.123333,-2173.838867,452.081467
52.16,-60.053133,-59.123333,-2056.838867,1037.081467
52.17,-25.053133,-25.123333,-1857.838867,1560.081467
52.18,-17.053133,4.876667,-1641.838867,1955.081467
52.19,-31.053133,-4.123333,-1474.838867,2200.081467
52.20,-67.053133,-29.123333,-1416.838867,2286.081467
52.21,-99.053133,-57.123333,-1450.838867,2240.081467
52.22,-106.053133,-69.123333,-1498.838867,2083.081467
52.23,-110.053133,-89.123333,-1511.838867,1869.081467
52.24,-119.053133,-142.123333,-1484.838867,1673.081467
52.25,-125.053133,-248.123333,-1477.838867,1534.081467
52.26,-128.053133,-422.123333,-1515.838867,1470.081467
52.27,-106.053133,-630.123333,-1621.838867,1460.081467
52.28,-62.053133,-812.123333,-1785.838867,1461.081467
52.29,-6.053133,-926.123333,-1951.838867,1456.081467
52.30,26.946867,-921.123333,-2066.838867,1435.081467
52.31,23.946867,-811.123333,-2091.838867,1433.081467
52.32,-20.053133,-621.123333,-2027.838867,1455.081467
52.33,-59.053133,-412.123333,-1898.838867,1509.081467
52.34,-63.053133,-263.123333,-1767.838867,1595.081467
52.35,-30.053133,-181.123333,-1690.838867,1704.081467
52.36,20.946867,-183.123333,-1707.838867,1823.081467
52.37,63.946867,-247.123333,-1818.838867,1947.081467
52.38,102.946867,-364.123333,-1983.838867,2071.081467
52.39,118.946867,-541.123333,-2148.838867,2174.081467
52.40,120.946867,-742.123333,-2246.838867,2228.081467
52.41,110.946867,-943.123333,-2267.838867,2201.081467
52.42,88.946867,-1121.123333,-2233.838867,2111.081467
52.43,40.946867,-1218.123333,-2183.838867,2031.081467
52.44,9.946867,-1207.123333,-2155.838867,2009.081467
52.45,-0.053133,-1061.123333,-2154.838867,2064.081467
52.46,25.946867,-819.123333,-2175.838867,2195.081467
52.47,100.946867,-517.123333,-2179.838867,2390.081467
52.48,181.946867,-220.123333,-2120.838867,2620.081467
52.49,237.946867,27.876667,-1971.838867,2830.081467
52.50,267.946867,181.876667,-1737.838867,2985.081467
52.51,266.946867,231.876667,-1454.838867,3103.081467
52.52,248.946867,142.876667,-1196.838867,3207.081467
52.53,226.946867,-71.123333,-1036.838867,3310.081467
52.54,194.946867,-378.123333,-995.838867,3403.081467
52.55,169.946867,-704.123333,-1062.838867,3484.081467
52.56,170.946867,-970.123333,-1204.838867,3554.081467
52.57,155.946867,-1122.123333,-1386.838867,3627.081467
52.58,124.946867,-1166.123333,-1500.838867,3734.081467
52.59,81.946867,-1104.123333,-1566.838867,3878.081467
52.60,24.946867,-1007.123333,-1570.838867,4048.081467
52.61,-18.053133,-888.123333,-1542.838867,4235.081467
52.62,-54.053133,-793.123333,-1512.838867,4391.081467
52.63,-64.053133,-685.123333,-1511.838867,4478.081467
52.64,-45.053133,-568.123333,-1555.838867,4485.081467
52.65,-7.053133,-429.123333,-1630.838867,4438.081467
52.66,42.946867,-293.123333,-1723.838867,4376.081467
52.67,93.946867,-192.123333,-1797.838867,4334.081467
52.68,140.946867,-175.123333,-1834.838867,4329.081467
52.69,179.946867,-261.123333,-1819.838867,4332.081467
52.70,213.946867,-447.123333,-1762.838867,4314.081467
52.71,229.946867,-684.123333,-1652.838867,4248.081467
52.72,221.946867,-897.123333,-1540.838867,4133.081467
52.73,206.946867,-1025.123333,-1482.838867,3979.081467
52.74,187.946867,-1068.123333,-1495.838867,3809.081467
52.75,186.946867,-1016.123333,-1614.838867,3659.081467
52.76,205.946867,-910.123333,-1811.838867,3515.081467
52.77,246.946867,-813.123333,-2020.838867,3357.081467
52.78,288.946867,-746.123333,-2211.838867,3179.081467
52.79,346.946867,-708.123333,-2319.838867,2978.081467
52.80,404.946867,-699.123333,-2307.838867,2761.081467
52.81,458.946867,-686.123333,-2195.838867,2511.081467
52.82,458.946867,-643.123333,-2012.838867,2236.081467
52.83,426.946867,-572.123333,-1788.838867,1971.081467
52.84,367.946867,-510.123333,-1568.838867,1748.081467
52.85,296.946867,-485.123333,-1378.838867,1592.081467
52.86,222.946867,-544.123333,-1239.838867,1491.081467
52.87,159.946867,-679.123333,-1139.838867,1416.081467
52.88,103.946867,-854.123333,-1070.838867,1329.081467
52.89,80.946867,-1006.123333,-1026.838867,1195.081467
52.90,93.946867,-1116.123333,-978.838867,991.081467
52.91,131.946867,-1138.123333,-984.838867,725.081467
52.92,184.946867,-1086.123333,-1031.838867,417.081467
52.93,225.946867,-971.123333,-1133.838867,108.081467
52.94,267.946867,-824.123333,-1277.838867,-182.918533
52.95,296.946867,-685.123333,-1422.838867,-455.918533
52.96,331.946867,-619.123333,-1548.838867,-726.918533
52.97,342.946867,-632.123333,-1622.838867,-982.918533
52.98,355.946867,-738.123333,-1663.838867,-1213.918533
52.99,350.946867,-905.123333,-1682.838867,-1390.918533
53.00,340.946867,-1097.123333,-1678.838867,-1483.918533
53.01,312.946867,-1255.123333,-1664.838867,-1502.918533
53.02,275.946867,-1332.123333,-1653.838867,-1491.918533
53.03,233.946867,-1309.123333,-1611.838867,-1523.918533
53.04,194.946867,-1194.123333,-1557.838867,-1647.918533
53.05,156.946867,-1047.123333,-1497.838867,-1857.918533
53.06,131.946867,-900.123333,-1427.838867,-2117.918533
53.07,118.946867,-820.123333,-1429.838867,-2373.918533
53.08,125.946867,-807.123333,-1440.838867,-2609.918533
53.09,152.946867,-831.123333,-1461.838867,-2830.918533
53.10,176.946867,-820.123333,-1461.838867,-3032.918533
53.11,193.946867,-749.123333,-1417.838867,-3225.918533
53.12,188.946867,-606.123333,-1377.838867,-3409.918533
53.13,153.946867,-433.123333,-1330.838867,-3610.918533
53.14,127.946867,-304.123333,-1318.838867,-3822.918533
53.15,112.946867,-271.123333,-1341.838867,-4038.918533
53.16,106.946867,-327.123333,-1400.838867,-4247.918533
53.17,103.946867,-439.123333,-1478.838867,-4424.918533
53.18,109.946867,-557.123333,-1520.838867,-4533.918533
53.19,125.946867,-626.123333,-1518.838867,-4577.918533
53.20,118.946867,-667.123333,-1464.838867,-4573.918533
53.21,96.946867,-706.123333,-1359.838867,-4526.918533
53.22,50.946867,-767.123333,-1235.838867,-4480.918533
53.23,17.946867,-879.123333,-1133.838867,-4478.918533
53.24,7.946867,-1023.123333,-1094.838867,-4531.918533
53.25,17.946867,-1164.123333,-1127.838867,-4638.918533
53.26,46.946867,-1273.123333,-1239.838867,-4788.918533
53.27,77.946867,-1314.123333,-1410.838867,-4971.918533
53.28,108.946867,-1295.123333,-1583.838867,-5162.918533
53.29,124.946867,-1236.123333,-1726.838867,-5340.918533
53.30,121.946867,-1173.123333,-1782.838867,-5497.918533
53.31,85.946867,-1122.123333,-1764.838867,-5639.918533
53.32,32.946867,-1062.123333,-1696.838867,-5778.918533
53.33,-38.053133,-973.123333,-1603.838867,-5905.918533
53.34,-104.053133,-823.123333,-1534.838867,-6017.918533
53.35,-139.053133,-629.123333,-1523.838867,-6149.918533
53.36,-124.053133,-470.123333,-1534.838867,-6313.918533
53.37,-93.053133,-391.123333,-1538.838867,-6516.918533
53.38,-74.053133,-448.123333,-1512.838867,-6761.918533
53.39,-63.053133,-623.123333,-1459.838867,-7037.918533
53.40,-66.053133,-866.123333,-1380.838867,-7324.918533
53.41,-50.053133,-1084.123333,-1328.838867,-7569.918533
53.42,-23.053133,-1191.123333,-1332.838867,-7712.918533
53.43,6.946867,-1145.123333,-1449.838867,-7727.918533
53.44,27.946867,-956.123333,-1664.838867,-7637.918533
53.45,34.946867,-684.123333,-1939.838867,-7503.918533
53.46,45.946867,-427.123333,-2209.838867,-7376.918533
53.47,47.946867,-244.123333,-2389.838867,-7309.918533
53.48,38.946867,-186.123333,-2400.838867,-7298.918533
53.49,22.946867,-236.123333,-2251.838867,-7329.918533
53.50,-17.053133,-341.123333,-1957.838867,-7379.918533
53.51,-85.053133,-454.123333,-1590.838867,-7421.918533
53.52,-175.053133,-543.123333,-1254.838867,-7433.918533
53.53,-266.053133,-595.123333,-1042.838867,-7374.918533
53.54,-330.053133,-589.123333,-987.838867,-7219.918533
53.55,-361.053133,-559.123333,-1059.838867,-6958.918533
53.56,-356.053133,-524.123333,-1217.838867,-6618.918533
53.57,-333.053133,-502.123333,-1371.838867,-6253.918533
53.58,-300.053133,-505.123333,-1482.838867,-5918.918533
53.59,-275.053133,-489.123333,-1566.838867,-5657.918533
53.60,-262.053133,-463.123333,-1646.838867,-5504.918533
53.61,-269.053133,-421.123333,-1740.838867,-5463.918533
53.62,-265.053133,-376.123333,-1854.838867,-5516.918533
53.63,-247.053133,-341.123333,-1967.838867,-5625.918533
53.64,-216.053133,-341.123333,-2065.838867,-5718.918533
53.65,-172.053133,-371.123333,-2111.838867,-5720.918533
53.66,-139.053133,-424.123333,-2123.838867,-5583.918533
53.67,-108.053133,-479.123333,-2108.838867,-5284.918533
53.68,-85.053133,-521.123333,-2082.838867,-4848.918533
53.69,-56.053133,-561.123333,-2064.838867,-4295.918533
53.70,-33.053133,-579.123333,-2089.838867,-3679.918533
53.71,-25.053133,-565.123333,-2124.838867,-3054.918533
53.72,-25.053133,-543.123333,-2160.838867,-2468.918533
53.73,-26.053133,-531.123333,-2177.838867,-1975.918533
53.74,-36.053133,-556.123333,-2167.838867,-1614.918533
53.75,-60.053133,-633.123333,-2110.838867,-1405.918533
53.76,-85.053133,-751.123333,-1985.838867,-1330.918533
53.77,-112.053133,-887.123333,-1806.838867,-1350.918533
53.78,-135.053133,-989.123333,-1599.838867,-1424.918533
53.79,-162.053133,-1036.123333,-1408.838867,-1542.918533
53.80,-189.053133,-1008.123333,-1285.838867,-1684.918533
53.81,-217.053133,-893.123333,-1262.838867,-1829.918533
53.82,-248.053133,-724.123333,-1363.838867,-1962.918533
53.83,-266.053133,-537.123333,-1539.838867,-2052.918533
53.84,-271.053133,-373.123333,-1766.838867,-2071.918533
53.85,-253.053133,-257.123333,-1988.838867,-2010.918533
53.86,-214.053133,-212.123333,-2157.838867,-1876.918533
53.87,-158.053133,-225.123333,-2270.838867,-1718.918533
53.88,-109.053133,-293.123333,-2323.838867,-1559.918533
53.89,-66.053133,-394.123333,-2334.838867,-1433.918533
53.90,-41.053133,-511.123333,-2295.838867,-1377.918533
53.91,-43.053133,-642.123333,-2230.838867,-1405.918533
53.92,-61.053133,-762.123333,-2120.838867,-1524.918533
53.93,-114.053133,-872.123333,-1999.838867,-1721.918533
53.94,-180.053133,-952.123333,-1879.838867,-1972.918533
53.95,-244.053133,-1010.123333,-1768.838867,-2241.918533
53.96,-278.053133,-1047.123333,-1701.838867,-2476.918533
53.97,-290.053133,-1051.123333,-1661.838867,-2625.918533
53.98,-295.053133,-1018.123333,-1647.838867,-2640.918533
53.99,-281.053133,-933.123333,-1639.838867,-2502.918533
54.00,-271.053133,-805.123333,-1597.838867,-2209.918533
54.01,-269.053133,-660.123333,-1571.838867,-1789.918533
54.02,-277.053133,-526.123333,-1573.838867,-1287.918533
54.03,-273.053133,-440.123333,-1644.838867,-753.918533
54.04,-246.053133,-408.123333,-1788.838867,-212.918533
54.05,-207.053133,-424.123333,-1995.838867,300.081467
54.06,-170.053133,-454.123333,-2218.838867,768.081467
54.07,-110.053133,-471.123333,-2400.838867,1196.081467
54.08,-59.053133,-464.123333,-2500.838867,1603.081467
54.09,-30.053133,-419.123333,-2493.838867,1988.081467
54.10,-27.053133,-342.123333,-2385.838867,2357.081467
54.11,-44.053133,-253.123333,-2219.838867,2727.081467
54.12,-73.053133,-174.123333,-2043.838867,3111.081467
54.13,-120.053133,-119.123333,-1917.838867,3496.081467
54.14,-167.053133,-89.123333,-1883.838867,3874.081467
54.15,-199.053133,-59.123333,-1949.838867,4256.081467
54.16,-209.053133,-20.123333,-2073.838867,4670.081467
54.17,-205.053133,15.876667,-2205.838867,5121.081467
54.18,-191.053133,8.876667,-2287.838867,5610.081467
54.19,-177.053133,-43.123333,-2291.838867,6097.081467
54.20,-157.053133,-148.123333,-2197.838867,6538.081467
54.21,-126.053133,-318.123333,-2015.838867,6893.081467
54.22,-108.053133,-522.123333,-1806.838867,7138.081467
54.23,-93.053133,-728.123333,-1608.838867,7252.081467
54.24,-84.053133,-910.123333,-1464.838867,7260.081467
54.25,-87.053133,-1036.123333,-1372.838867,7195.081467
54.26,-116.053133,-1113.123333,-1361.838867,7110.081467
54.27,-151.053133,-1133.123333,-1384.838867,7051.081467
54.28,-182.053133,-1111.123333,-1420.838867,7018.081467
54.29,-193.053133,-1066.123333,-1470.838867,6985.081467
54.30,-195.053133,-1013.123333,-1522.838867,6930.081467
54.31,-183.053133,-973.123333,-1578.838867,6830.081467
54.32,-151.053133,-966.123333,-1647.838867,6685.081467
54.33,-107.053133,-971.123333,-1699.838867,6504.081467
54.34,-53.053133,-981.123333,-1779.838867,6299.081467
54.35,-2.053133,-977.123333,-1851.838867,6089.081467
54.36,34.946867,-943.123333,-1926.838867,5885.081467
54.37,63.946867,-873.123333,-1992.838867,5721.081467
54.38,73.946867,-763.123333,-2062.838867,5640.081467
54.39,71.946867,-615.123333,-2089.838867,5673.081467
54.40,47.946867,-439.123333,-2079.838867,5810.081467
54.41,17.946867,-256.123333,-2007.838867,6031.081467
54.42,-12.053133,-102.123333,-1863.838867,6296.081467
54.43,-52.053133,16.876667,-1678.838867,6561.081467
54.44,-78.053133,74.876667,-1456.838867,6748.081467
54.45,-114.053133,74.876667,-1237.838867,6836.081467
54.46,-130.053133,25.876667,-1023.838867,6839.081467
54.47,-144.053133,-39.123333,-852.838867,6797.081467
54.48,-153.053133,-116.123333,-739.838867,6717.081467
54.49,-158.053133,-184.123333,-701.838867,6590.081467
54.50,-157.053133,-244.123333,-759.838867,6405.081467
54.51,-160.053133,-302.123333,-897.838867,6157.081467
54.52,-148.053133,-381.123333,-1105.838867,5862.081467
54.53,-121.053133,-461.123333,-1346.838867,5507.081467
54.54,-91.053133,-545.123333,-1545.838867,5102.081467
54.55,-67.053133,-607.123333,-1688.838867,4678.081467
54.56,-63.053133,-639.123333,-1727.838867,4292.081467
54.57,-82.053133,-637.123333,-1690.838867,3997.081467
54.58,-132.053133,-592.123333,-1608.838867,3833.081467
54.59,-183.053133,-522.123333,-1540.838867,3803.081467
54.60,-213.053133,-444.123333,-1536.838867,3874.081467
54.61,-209.053133,-383.123333,-1608.838867,4007.081467
54.62,-185.053133,-368.123333,-1719.838867,4173.081467
54.63,-151.053133,-384.123333,-1830.838867,4340.081467
54.64,-105.053133,-448.123333,-1898.838867,4454.081467
54.65,-44.053133,-531.123333,-1895.838867,4484.081467
54.66,14.946867,-611.123333,-1840.838867,4396.081467
54.67,61.946867,-637.123333,-1741.838867,4186.081467
54.68,102.946867,-630.123333,-1611.838867,3879.081467
54.69,154.946867,-582.123333,-1461.838867,3531.081467
54.70,188.946867,-516.123333,-1309.838867,3215.081467
54.71,201.946867,-475.123333,-1124.838867,2980.081467
54.72,192.946867,-480.123333,-942.838867,2830.081467
54.73,176.946867,-541.123333,-764.838867,2744.081467
54.74,145.946867,-634.123333,-643.838867,2642.081467
54.75,115.946867,-732.123333,-589.838867,2472.081467
54.76,67.946867,-787.123333,-608.838867,2236.081467
54.77,46.946867,-782.123333,-703.838867,1972.081467
54.78,22.946867,-726.123333,-893.838867,1731.081467
54.79,-6.053133,-625.123333,-1106.838867,1533.081467
54.80,-37.053133,-527.123333,-1319.838867,1373.081467
54.81,-48.053133,-432.123333,-1478.838867,1233.081467
54.82,-47.053133,-380.123333,-1548.838867,1104.081467
54.83,-18.053133,-366.123333,-1535.838867,976.081467
54.84,2.946867,-399.123333,-1470.838867,831.081467
54.85,-4.053133,-459.123333,-1377.838867,650.081467
54.86,-24.053133,-534.123333,-1300.838867,449.081467
54.87,-51.053133,-589.123333,-1273.838867,239.081467
54.88,-68.053133,-625.123333,-1292.838867,3.081467
54.89,-70.053133,-628.123333,-1332.838867,-285.918533
54.90,-63.053133,-600.123333,-1400.838867,-653.918533
54.91,-69.053133,-526.123333,-1447.838867,-1075.918533
54.92,-63.053133,-439.123333,-1476.838867,-1523.918533
54.93,-54.053133,-361.123333,-1473.838867,-1957.918533
54.94,-33.053133,-330.123333,-1465.838867,-2341.918533
54.95,-15.053133,-356.123333,-1451.838867,-2663.918533
54.96,10.946867,-432.123333,-1436.838867,-2951.918533
54.97,37.946867,-539.123333,-1393.838867,-3252.918533
54.98,61.946867,-646.123333,-1341.838867,-3580.918533
54.99,63.946867,-726.123333,-1285.838867,-3931.918533
55.00,47.946867,-774.123333,-1241.838867,-4322.918533
55.01,30.946867,-810.123333,-1220.838867,-4744.918533
55.02,31.946867,-827.123333,-1238.838867,-5186.918533
55.03,28.946867,-832.123333,-1273.838867,-5602.918533
55.04,44.946867,-807.123333,-1317.838867,-5944.918533
55.05,51.946867,-756.123333,-1354.838867,-6179.918533
55.06,36.946867,-667.123333,-1368.838867,-6308.918533
55.07,-9.053133,-520.123333,-1377.838867,-6386.918533
55.08,-47.053133,-332.123333,-1397.838867,-6464.918533
55.09,-75.053133,-121.123333,-1450.838867,-6563.918533
55.10,-72.053133,67.876667,-1547.838867,-6664.918533
55.11,-70.053133,192.876667,-1683.838867,-6771.918533
55.12,-46.053133,235.876667,-1823.838867,-6892.918533
55.13,-16.053133,148.876667,-1960.838867,-7032.918533
55.14,26.946867,-44.123333,-2059.838867,-7188.918533
55.15,75.946867,-290.123333,-2116.838867,-7330.918533
55.16,114.946867,-564.123333,-2095.838867,-7440.918533
55.17,143.946867,-799.123333,-2036.838867,-7484.918533
55.18,146.946867,-967.123333,-1924.838867,-7436.918533
55.19,143.946867,-1043.123333,-1798.838867,-7312.918533
55.20,138.946867,-1045.123333,-1674.838867,-7141.918533
55.21,131.946867,-997.123333,-1591.838867,-6967.918533
55.22,111.946867,-924.123333,-1541.838867,-6833.918533
55.23,109.946867,-838.123333,-1547.838867,-6769.918533
55.24,119.946867,-762.123333,-1591.838867,-6752.918533
55.25,147.946867,-673.123333,-1653.838867,-6721.918533
55.26,168.946867,-575.123333,-1733.838867,-6625.918533
55.27,187.946867,-490.123333,-1816.838867,-6432.918533
55.28,200.946867,-452.123333,-1892.838867,-6120.918533
55.29,213.946867,-491.123333,-1970.838867,-5694.918533
55.30,216.946867,-621.123333,-2024.838867,-5193.918533
55.31,208.946867,-816.123333,-2053.838867,-4673.918533
55.32,193.946867,-1013.123333,-2043.838867,-4198.918533
55.33,168.946867,-1153.123333,-2000.838867,-3813.918533
55.34,121.946867,-1193.123333,-1926.838867,-3522.918533
55.35,48.946867,-1117.123333,-1871.838867,-3320.918533
55.36,-31.053133,-944.123333,-1833.838867,-3164.918533
55.37,-87.053133,-744.123333,-1829.838867,-3034.918533
55.38,-111.053133,-566.123333,-1872.838867,-2915.918533
55.39,-98.053133,-433.123333,-1914.838867,-2792.918533
55.40,-70.053133,-390.123333,-1918.838867,-2671.918533
55.41,-20.053133,-415.123333,-1879.838867,-2557.918533
55.42,39.946867,-485.123333,-1779.838867,-2477.918533
55.43,66.946867,-568.123333,-1676.838867,-2447.918533
55.44,57.946867,-638.123333,-1620.838867,-2477.918533
55.45,44.946867,-662.123333,-1657.838867,-2559.918533
55.46,37.946867,-635.123333,-1799.838867,-2701.918533
55.47,63.946867,-577.123333,-2019.838867,-2872.918533
55.48,88.946867,-496.123333,-2263.838867,-2999.918533
55.49,123.946867,-433.123333,-2429.838867,-3003.918533
55.50,161.946867,-406.123333,-2519.838867,-2865.918533
55.51,187.946867,-405.123333,-2501.838867,-2618.918533
55.52,193.946867,-425.123333,-2406.838867,-2293.918533
55.53,187.946867,-470.123333,-2291.838867,-1913.918533
55.54,184.946867,-516.123333,-2185.838867,-1509.918533
55.55,180.946867,-551.123333,-2111.838867,-1121.918533
55.56,175.946867,-572.123333,-2093.838867,-773.918533
55.57,171.946867,-595.123333,-2118.838867,-464.918533
55.58,177.946867,-618.123333,-2165.838867,-194.918533
55.59,202.946867,-638.123333,-2221.838867,28.081467
55.60,241.946867,-661.123333,-2256.838867,194.081467
55.61,269.946867,-668.123333,-2271.838867,286.081467
55.62,270.946867,-667.123333,-2283.838867,299.081467
55.63,242.946867,-658.123333,-2280.838867,237.081467
55.64,206.946867,-629.123333,-2271.838867,119.081467
55.65,181.946867,-593.123333,-2279.838867,-39.918533
55.66,175.946867,-556.123333,-2287.838867,-194.918533
55.67,190.946867,-533.123333,-2280.838867,-313.918533
55.68,202.946867,-549.123333,-2267.838867,-383.918533
55.69,212.946867,-601.123333,-2211.838867,-400.918533
55.70,227.946867,-674.123333,-2148.838867,-395.918533
55.71,244.946867,-771.123333,-2063.838867,-409.918533
55.72,261.946867,-840.123333,-1989.838867,-474.918533
55.73,271.946867,-830.123333,-1945.838867,-584.918533
55.74,261.946867,-730.123333,-1932.838867,-718.918533
55.75,239.946867,-561.123333,-1935.838867,-858.918533
55.76,214.946867,-356.123333,-1957.838867,-994.918533
55.77,200.946867,-187.123333,-1958.838867,-1111.918533
55.78,190.946867,-75.123333,-1917.838867,-1177.918533
55.79,179.946867,-33.123333,-1835.838867,-1195.918533
55.80,149.946867,-56.123333,-1759.838867,-1177.918533
55.81,114.946867,-124.123333,-1699.838867,-1122.918533
55.82,83.946867,-202.123333,-1704.838867,-1035.918533
55.83,72.946867,-287.123333,-1783.838867,-920.918533
55.84,77.946867,-367.123333,-1919.838867,-798.918533
55.85,85.946867,-453.123333,-2107.838867,-692.918533
55.86,96.946867,-529.123333,-2307.838867,-627.918533
55.87,117.946867,-563.123333,-2470.838867,-623.918533
55.88,134.946867,-570.123333,-2550.838867,-701.918533
55.89,143.946867,-509.123333,-2560.838867,-864.918533
55.90,134.946867,-404.123333,-2493.838867,-1096.918533
55.91,114.946867,-264.123333,-2396.838867,-1364.918533
55.92,94.946867,-130.123333,-2307.838867,-1640.918533
55.93,62.946867,-41.123333,-2238.838867,-1876.918533
55.94,62.946867,-28.123333,-2208.838867,-2026.918533
55.95,96.946867,-84.123333,-2193.838867,-2050.918533
55.96,144.946867,-194.123333,-2159.838867,-1936.918533
55.97,183.946867,-322.123333,-2091.838867,-1699.918533
55.98,197.946867,-444.123333,-1982.838867,-1377.918533
55.99,182.946867,-534.123333,-1843.838867,-997.918533
56.00,151.946867,-592.123333,-1702.838867,-597.918533
56.01,119.946867,-620.123333,-1586.838867,-225.918533
56.02,94.946867,-629.123333,-1505.838867,98.081467
56.03,82.946867,-624.123333,-1451.838867,351.081467
56.04,70.946867,-599.123333,-1388.838867,533.081467
56.05,65.946867,-545.123333,-1310.838867,648.081467
56.06,69.946867,-445.123333,-1226.838867,690.081467
56.07,84.946867,-321.123333,-1169.838867,670.081467
56.08,99.946867,-153.123333,-1160.838867,616.081467
56.09,99.946867,29.876667,-1241.838867,534.081467
56.10,90.946867,184.876667,-1422.838867,419.081467
56.11,66.946867,290.876667,-1661.838867,305.081467
56.12,43.946867,320.876667,-1908.838867,209.081467
56.13,35.946867,289.876667,-2075.838867,170.081467
56.14,43.946867,200.876667,-2140.838867,189.081467
56.15,59.946867,76.876667,-2122.838867,259.081467
56.16,74.946867,-77.123333,-2021.838867,337.081467
56.17,79.946867,-256.123333,-1903.838867,372.081467
56.18,92.946867,-443.123333,-1816.838867,302.081467
56.19,100.946867,-636.123333,-1804.838867,106.081467
56.20,118.946867,-808.123333,-1817.838867,-190.918533
56.21,127.946867,-954.123333,-1857.838867,-559.918533
56.22,136.946867,-1034.123333,-1863.838867,-951.918533
56.23,126.946867,-1055.123333,-1804.838867,-1327.918533
56.24,88.946867,-1018.123333,-1687.838867,-1688.918533
56.25,41.946867,-932.123333,-1544.838867,-2033.918533
56.26,16.946867,-809.123333,-1375.838867,-2362.918533
56.27,8.946867,-666.123333,-1231.838867,-2670.918533
56.28,6.946867,-508.123333,-1125.838867,-2932.918533
56.29,-9.053133,-332.123333,-1060.838867,-3137.918533
56.30,-19.053133,-173.123333,-1087.838867,-3277.918533
56.31,-32.053133,-26.123333,-1165.838867,-3374.918533
56.32,-27.053133,79.876667,-1287.838867,-3456.918533
56.33,-20.053133,124.876667,-1414.838867,-3512.918533
56.34,-18.053133,133.876667,-1532.838867,-3522.918533
56.35,-5.053133,103.876667,-1641.838867,-3493.918533
56.36,2.946867,80.876667,-1730.838867,-3444.918533
56.37,1.946867,55.876667,-1796.838867,-3405.918533
56.38,-5.053133,56.876667,-1839.838867,-3394.918533
56.39,-2.053133,73.876667,-1840.838867,-3434.918533
56.40,17.946867,78.876667,-1812.838867,-3529.918533
56.41,37.946867,65.876667,-1726.838867,-3660.918533
56.42,37.946867,26.876667,-1609.838867,-3824.918533
56.43,20.946867,-22.123333,-1481.838867,-4031.918533
56.44,-20.053133,-89.123333,-1372.838867,-4286.918533
56.45,-63.053133,-155.123333,-1288.838867,-4564.918533
56.46,-77.053133,-249.123333,-1264.838867,-4854.918533
56.47,-69.053133,-367.123333,-1264.838867,-5133.918533
56.48,-44.053133,-486.123333,-1265.838867,-5420.918533
56.49,-26.053133,-604.123333,-1241.838867,-5704.918533
56.50,-25.053133,-698.123333,-1209.838867,-5994.918533
56.51,-32.053133,-756.123333,-1163.838867,-6273.918533
56.52,-26.053133,-788.123333,-1117.838867,-6521.918533
56.53,-13.053133,-780.123333,-1105.838867,-6693.918533
56.54,7.946867,-750.123333,-1131.838867,-6718.918533
56.55,16.946867,-682.123333,-1232.838867,-6581.918533
56.56,6.946867,-576.123333,-1370.838867,-6333.918533
56.57,6.946867,-457.123333,-1525.838867,-6043.918533
56.58,28.946867,-346.123333,-1670.838867,-5787.918533
56.59,65.946867,-275.123333,-1743.838867,-5591.918533
56.60,92.946867,-282.123333,-1721.838867,-5456.918533
56.61,106.946867,-369.123333,-1623.838867,-5362.918533
56.62,89.946867,-520.123333,-1460.838867,-5272.918533
56.63,67.946867,-682.123333,-1276.838867,-5140.918533
56.64,42.946867,-841.123333,-1142.838867,-4966.918533
56.65,6.946867,-956.123333,-1054.838867,-4748.918533
56.66,-37.053133,-1001.123333,-1050.838867,-4488.918533
56.67,-69.053133,-982.123333,-1110.838867,-4198.918533
56.68,-86.053133,-917.123333,-1190.838867,-3891.918533
56.69,-77.053133,-832.123333,-1270.838867,-3557.918533
56.70,-56.053133,-742.123333,-1311.838867,-3191.918533
56.71,-52.053133,-648.123333,-1287.838867,-2787.918533
56.72,-66.053133,-567.123333,-1231.838867,-2358.918533
56.73,-73.053133,-519.123333,-1128.838867,-1903.918533
56.74,-83.053133,-486.123333,-1020.838867,-1420.918533
56.75,-101.053133,-484.123333,-905.838867,-915.918533
56.76,-114.053133,-519.123333,-791.838867,-403.918533
56.77,-123.053133,-585.123333,-703.838867,86.081467
56.78,-130.053133,-711.123333,-637.838867,527.081467
56.79,-122.053133,-864.123333,-639.838867,901.081467
56.80,-111.053133,-1020.123333,-735.838867,1222.081467
56.81,-97.053133,-1119.123333,-935.838867,1528.081467
56.82,-84.053133,-1125.123333,-1219.838867,1859.081467
56.83,-52.053133,-1018.123333,-1544.838867,2201.081467
56.84,-1.053133,-837.123333,-1855.838867,2532.081467
56.85,43.946867,-628.123333,-2070.838867,2830.081467
56.86,92.946867,-447.123333,-2140.838867,3080.081467
56.87,137.946867,-350.123333,-2081.838867,3261.081467
56.88,148.946867,-349.123333,-1927.838867,3345.081467
56.89,126.946867,-419.123333,-1758.838867,3326.081467
56.90,73.946867,-550.123333,-1609.838867,3214.081467
56.91,11.946867,-654.123333,-1504.838867,3048.081467
56.92,-24.053133,-737.123333,-1455.838867,2840.081467
56.93,-28.053133,-772.123333,-1449.838867,2632.081467
56.94,4.946867,-786.123333,-1463.838867,2463.081467
56.95,52.946867,-790.123333,-1500.838867,2332.081467
56.96,71.946867,-815.123333,-1535.838867,2220.081467
56.97,61.946867,-875.123333,-1552.838867,2102.081467
56.98,34.946867,-974.123333,-1515.838867,1974.081467
56.99,6.946867,-1101.123333,-1422.838867,1832.081467
57.00,-19.053133,-1226.123333,-1288.838867,1681.081467
57.01,-31.053133,-1343.123333,-1181.838867,1516.081467
57.02,-50.053133,-1436.123333,-1122.838867,1362.081467
57.03,-58.053133,-1487.123333,-1136.838867,1250.081467
57.04,-50.053133,-1498.123333,-1207.838867,1164.081467
57.05,-44.053133,-1497.123333,-1295.838867,1085.081467
57.06,-49.053133,-1483.123333,-1326.838867,1005.081467
57.07,-85.053133,-1450.123333,-1292.838867,939.081467
57.08,-146.053133,-1406.123333,-1213.838867,896.081467
57.09,-196.053133,-1320.123333,-1119.838867,877.081467
57.10,-224.053133,-1198.123333,-1086.838867,894.081467
57.11,-226.053133,-1042.123333,-1157.838867,946.081467
57.12,-202.053133,-876.123333,-1330.838867,1000.081467
57.13,-174.053133,-724.123333,-1554.838867,1020.081467
57.14,-151.053133,-609.123333,-1754.838867,996.081467
57.15,-138.053133,-545.123333,-1867.838867,962.081467
57.16,-121.053133,-554.123333,-1865.838867,925.081467
57.17,-107.053133,-624.123333,-1792.838867,884.081467
57.18,-96.053133,-742.123333,-1677.838867,850.081467
57.19,-112.053133,-877.123333,-1586.838867,844.081467
57.20,-114.053133,-1003.123333,-1557.838867,880.081467
57.21,-104.053133,-1103.123333,-1554.838867,962.081467
57.22,-65.053133,-1148.123333,-1597.838867,1072.081467
57.23,-24.053133,-1152.123333,-1595.838867,1201.081467
57.24,26.946867,-1091.123333,-1546.838867,1332.081467
57.25,63.946867,-986.123333,-1468.838867,1455.081467
57.26,71.946867,-862.123333,-1378.838867,1569.081467
57.27,44.946867,-735.123333,-1297.838867,1699.081467
57.28,10.946867,-623.123333,-1268.838867,1856.081467
57.29,-17.053133,-509.123333,-1303.838867,2033.081467
57.30,-20.053133,-410.123333,-1361.838867,2236.081467
57.31,-16.053133,-320.123333,-1416.838867,2467.081467
57.32,-28.053133,-253.123333,-1474.838867,2723.081467
57.33,-44.053133,-235.123333,-1483.838867,2997.081467
57.34,-74.053133,-279.123333,-1469.838867,3269.081467
57.35,-103.053133,-377.123333,-1453.838867,3487.081467
57.36,-116.053133,-517.123333,-1445.838867,3629.081467
57.37,-117.053133,-678.123333,-1493.838867,3686.081467
57.38,-106.053133,-810.123333,-1574.838867,3628.081467
57.39,-80.053133,-905.123333,-1657.838867,3436.081467
57.40,-59.053133,-936.123333,-1752.838867,3093.081467
57.41,-46.053133,-919.123333,-1813.838867,2622.081467
57.42,-48.053133,-896.123333,-1833.838867,2060.081467
57.43,-47.053133,-901.123333,-1806.838867,1443.081467
57.44,-34.053133,-947.123333,-1756.838867,830.081467
57.45,-24.053133,-1031.123333,-1691.838867,267.081467
57.46,-14.053133,-1131.123333,-1599.838867,-211.918533
57.47,-16.053133,-1207.123333,-1522.838867,-604.918533
57.48,-29.053133,-1219.123333,-1457.838867,-934.918533
57.49,-55.053133,-1162.123333,-1405.838867,-1222.918533
57.50,-94.053133,-1036.123333,-1422.838867,-1479.918533
57.51,-128.053133,-894.123333,-1477.838867,-1704.918533
57.52,-165.053133,-777.123333,-1564.838867,-1893.918533
57.53,-184.053133,-706.123333,-1664.838867,-2045.918533
57.54,-197.053133,-663.123333,-1746.838867,-2156.918533
57.55,-180.053133,-639.123333,-1823.838867,-2226.918533
57.56,-145.053133,-625.123333,-1894.838867,-2255.918533
57.57,-86.053133,-585.123333,-1961.838867,-2250.918533
57.58,-11.053133,-546.123333,-2030.838867,-2249.918533
57.59,52.946867,-512.123333,-2091.838867,-2299.918533
57.60,89.946867,-505.123333,-2114.838867,-2399.918533
57.61,109.946867,-516.123333,-2071.838867,-2546.918533
57.62,116.946867,-553.123333,-1964.838867,-2741.918533
57.63,96.946867,-592.123333,-1789.838867,-2964.918533
57.64,39.946867,-621.123333,-1571.838867,-3189.918533
57.65,-24.053133,-631.123333,-1367.838867,-3407.918533
57.66,-95.053133,-635.123333,-1200.838867,-3639.918533
57.67,-138.053133,-666.123333,-1089.838867,-3921.918533
57.68,-181.053133,-717.123333,-1069.838867,-4247.918533
57.69,-215.053133,-766.123333,-1098.838867,-4583.918533
57.70,-252.053133,-789.123333,-1161.838867,-4911.918533
57.71,-297.053133,-745.123333,-1262.838867,-5202.918533
57.72,-348.053133,-633.123333,-1334.838867,-5490.918533
57.73,-391.053133,-457.123333,-1376.838867,-5823.918533
57.74,-426.053133,-268.123333,-1389.838867,-6217.918533
57.75,-458.053133,-99.123333,-1388.838867,-6659.918533
57.76,-462.053133,-2.123333,-1395.838867,-7078.918533
57.77,-436.053133,-15.123333,-1442.838867,-7421.918533
57.78,-380.053133,-103.123333,-1532.838867,-7644.918533
57.79,-289.053133,-248.123333,-1671.838867,-7728.918533
57.80,-200.053133,-388.123333,-1872.838867,-7656.918533
57.81,-128.053133,-513.123333,-2086.838867,-7418.918533
57.82,-81.053133,-577.123333,-2282.838867,-7019.918533
57.83,-49.053133,-586.123333,-2425.838867,-6518.918533
57.84,-22.053133,-559.123333,-2518.838867,-6012.918533
57.85,3.946867,-513.123333,-2536.838867,-5572.918533
57.86,9.946867,-449.123333,-2493.838867,-5222.918533
57.87,19.946867,-395.123333,-2431.838867,-4981.918533
57.88,15.946867,-336.123333,-2344.838867,-4845.918533
57.89,13.946867,-286.123333,-2216.838867,-4769.918533
57.90,6.946867,-237.123333,-2031.838867,-4671.918533
57.91,-3.053133,-196.123333,-1788.838867,-4476.918533
57.92,-30.053133,-172.123333,-1531.838867,-4150.918533
57.93,-75.053133,-202.123333,-1302.838867,-3695.918533
57.94,-112.053133,-265.123333,-1125.838867,-3143.918533
57.95,-157.053133,-379.123333,-1072.838867,-2530.918533
57.96,-194.053133,-511.123333,-1123.838867,-1880.918533
57.97,-227.053133,-611.123333,-1287.838867,-1232.918533
57.98,-267.053133,-648.123333,-1498.838867,-618.918533
57.99,-294.053133,-600.123333,-1724.838867,-68.918533
58.00,-317.053133,-483.123333,-1908.838867,395.081467
58.01,-335.053133,-323.123333,-2038.838867,731.081467
58.02,-338.053133,-183.123333,-2085.838867,920.081467
58.03,-339.053133,-113.123333,-2078.838867,980.081467
58.04,-319.053133,-136.123333,-2025.838867,958.081467
58.05,-279.053133,-215.123333,-1960.838867,901.081467
58.06,-251.053133,-339.123333,-1889.838867,862.081467
58.07,-254.053133,-437.123333,-1841.838867,878.081467
58.08,-267.053133,-501.123333,-1854.838867,970.081467
58.09,-303.053133,-523.123333,-1932.838867,1147.081467
58.10,-315.053133,-515.123333,-2044.838867,1398.081467
58.11,-296.053133,-508.123333,-2154.838867,1671.081467
58.12,-239.053133,-516.123333,-2230.838867,1919.081467
58.13,-164.053133,-543.123333,-2208.838867,2127.081467
58.14,-93.053133,-553.123333,-2107.838867,2321.081467
58.15,-44.053133,-516.123333,-1942.838867,2524.081467
58.16,-38.053133,-426.123333,-1775.838867,2764.081467
58.17,-44.053133,-298.123333,-1630.838867,3012.081467
58.18,-41.053133,-156.123333,-1523.838867,3249.081467
58.19,-16.053133,-11.123333,-1435.838867,3450.081467
58.20,22.946867,128.876667,-1326.838867,3597.081467
58.21,61.946867,228.876667,-1194.838867,3688.081467
58.22,81.946867,300.876667,-1048.838867,3745.081467
58.23,78.946867,329.876667,-919.838867,3760.081467
58.24,33.946867,313.876667,-846.838867,3730.081467
58.25,-3.053133,259.876667,-863.838867,3649.081467
58.26,-44.053133,166.876667,-947.838867,3532.081467
58.27,-62.053133,52.876667,-1099.838867,3398.081467
58.28,-52.053133,-69.123333,-1259.838867,3284.081467
58.29,-49.053133,-181.123333,-1429.838867,3188.081467
58.30,-39.053133,-258.123333,-1605.838867,3091.081467
58.31,-42.053133,-296.123333,-1752.838867,2965.081467
58.32,-47.053133,-318.123333,-1860.838867,2793.081467
58.33,-57.053133,-338.123333,-1879.838867,2586.081467
58.34,-68.053133,-385.123333,-1818.838867,2371.081467
58.35,-86.053133,-477.123333,-1685.838867,2212.081467
58.36,-119.053133,-625.123333,-1533.838867,2140.081467
58.37,-158.053133,-817.123333,-1408.838867,2146.081467
58.38,-179.053133,-1007.123333,-1365.838867,2210.081467
58.39,-202.053133,-1179.123333,-1406.838867,2303.081467
58.40,-216.053133,-1281.123333,-1525.838867,2414.081467
58.41,-214.053133,-1287.123333,-1723.838867,2537.081467
58.42,-208.053133,-1228.123333,-1973.838867,2689.081467
58.43,-183.053133,-1149.123333,-2252.838867,2901.081467
58.44,-152.053133,-1086.123333,-2506.838867,3169.081467
58.45,-118.053133,-1086.123333,-2665.838867,3471.081467
58.46,-74.053133,-1160.123333,-2620.838867,3772.081467
58.47,-18.053133,-1288.123333,-2329.838867,4013.081467
58.48,16.946867,-1399.123333,-1762.838867,4193.081467
58.49,15.946867,-1422.123333,-990.838867,4292.081467
58.50,-30.053133,-1284.123333,-160.838867,4323.081467
58.51,-108.053133,-931.123333,543.161133,4322.081467
58.52,-197.053133,-368.123333,910.161133,4328.081467
58.53,-288.053133,370.876667,732.161133,4367.081467
58.54,-364.053133,1202.876667,-77.838867,4400.081467
58.55,-378.053133,2030.876667,-1484.838867,4385.081467
58.56,-308.053133,2764.876667,-3269.838867,4304.081467
58.57,-161.053133,3295.876667,-4977.838867,4180.081467
58.58,37.946867,3559.876667,-6164.838867,4035.081467
58.59,233.946867,3474.876667,-6476.838867,3889.081467
58.60,336.946867,3035.876667,-5784.838867,3771.081467
58.61,333.946867,2250.876667,-4219.838867,3711.081467
58.62,222.946867,1179.876667,-2255.838867,3702.081467
58.63,60.946867,-73.123333,-486.838867,3720.081467
58.64,-88.053133,-1354.123333,608.161133,3748.081467
58.65,-160.053133,-2459.123333,715.161133,3781.081467
58.66,-120.053133,-3198.123333,-119.838867,3815.081467
58.67,13.946867,-3434.123333,-1554.838867,3851.081467
58.68,204.946867,-3168.123333,-3069.838867,3896.081467
58.69,388.946867,-2515.123333,-4104.838867,3973.081467
58.70,495.946867,-1709.123333,-4267.838867,4077.081467
58.71,503.946867,-1047.123333,-3483.838867,4187.081467
58.72,392.946867,-795.123333,-1962.838867,4270.081467
58.73,217.946867,-1102.123333,-134.838867,4312.081467
58.74,55.946867,-1896.123333,1451.161133,4319.081467
58.75,-40.053133,-2983.123333,2399.161133,4305.081467
58.76,-41.053133,-3990.123333,2515.161133,4272.081467
58.77,45.946867,-4578.123333,1896.161133,4242.081467
58.78,155.946867,-4531.123333,806.161133,4218.081467
58.79,252.946867,-3803.123333,-440.838867,4222.081467
58.80,287.946867,-2559.123333,-1589.838867,4243.081467
58.81,259.946867,-1071.123333,-2472.838867,4269.081467
58.82,190.946867,407.876667,-3075.838867,4277.081467
58.83,113.946867,1688.876667,-3396.838867,4234.081467
58.84,59.946867,2691.876667,-3530.838867,4131.081467
58.85,26.946867,3392.876667,-3523.838867,3987.081467
58.86,24.946867,3800.876667,-3431.838867,3820.081467
58.87,56.946867,3888.876667,-3307.838867,3643.081467
58.88,119.946867,3636.876667,-3180.838867,3480.081467
58.89,197.946867,3039.876667,-3068.838867,3319.081467
58.90,276.946867,2142.876667,-2970.838867,3120.081467
58.91,349.946867,1067.876667,-2892.838867,2843.081467
58.92,418.946867,-39.123333,-2814.838867,2496.081467
58.93,461.946867,-1005.123333,-2684.838867,2127.081467
58.94,462.946867,-1740.123333,-2459.838867,1767.081467
58.95,427.946867,-2231.123333,-2114.838867,1444.081467
58.96,365.946867,-2476.123333,-1631.838867,1141.081467
58.97,274.946867,-2575.123333,-1059.838867,850.081467
58.98,179.946867,-2555.123333,-462.838867,551.081467
58.99,97.946867,-2471.123333,10.161133,205.081467
59.00,19.946867,-2353.123333,227.161133,-203.918533
59.01,-39.053133,-2207.123333,111.161133,-667.918533
59.02,-74.053133,-2025.123333,-285.838867,-1153.918533
59.03,-83.053133,-1816.123333,-865.838867,-1669.918533
59.04,-57.053133,-1606.123333,-1441.838867,-2188.918533
59.05,-22.053133,-1418.123333,-1828.838867,-2693.918533
59.06,-6.053133,-1283.123333,-1943.838867,-3176.918533
59.07,-29.053133,-1209.123333,-1814.838867,-3615.918533
59.08,-97.053133,-1181.123333,-1580.838867,-4003.918533
59.09,-183.053133,-1127.123333,-1439.838867,-4329.918533
59.10,-254.053133,-942.123333,-1529.838867,-4622.918533
59.11,-306.053133,-561.123333,-1876.838867,-4887.918533
59.12,-321.053133,41.876667,-2400.838867,-5144.918533
59.13,-304.053133,759.876667,-2924.838867,-5398.918533
59.14,-264.053133,1433.876667,-3284.838867,-5654.918533
59.15,-199.053133,1873.876667,-3357.838867,-5893.918533
59.16,-126.053133,1962.876667,-3137.838867,-6066.918533
59.17,-29.053133,1730.876667,-2690.838867,-6134.918533
59.18,84.946867,1306.876667,-2173.838867,-6085.918533
59.19,202.946867,883.876667,-1718.838867,-5919.918533
59.20,291.946867,579.876667,-1425.838867,-5678.918533
59.21,364.946867,418.876667,-1311.838867,-5405.918533
59.22,421.946867,325.876667,-1340.838867,-5129.918533
59.23,468.946867,179.876667,-1440.838867,-4867.918533
59.24,519.946867,-136.123333,-1530.838867,-4651.918533
59.25,556.946867,-647.123333,-1594.838867,-4496.918533
59.26,569.946867,-1294.123333,-1607.838867,-4397.918533
59.27,548.946867,-1961.123333,-1609.838867,-4334.918533
59.28,506.946867,-2508.123333,-1645.838867,-4291.918533
59.29,436.946867,-2858.123333,-1693.838867,-4247.918533
59.30,374.946867,-2991.123333,-1707.838867,-4177.918533
59.31,327.946867,-2963.123333,-1615.838867,-4088.918533
59.32,305.946867,-2866.123333,-1340.838867,-3983.918533
59.33,288.946867,-2774.123333,-880.838867,-3891.918533
59.34,251.946867,-2727.123333,-304.838867,-3829.918533
59.35,175.946867,-2706.123333,232.161133,-3791.918533
59.36,67.946867,-2636.123333,551.161133,-3766.918533
59.37,-54.053133,-2416.123333,505.161133,-3763.918533
59.38,-160.053133,-1979.123333,58.161133,-3780.918533
59.39,-251.053133,-1325.123333,-680.838867,-3788.918533
59.40,-284.053133,-531.123333,-1535.838867,-3778.918533
59.41,-252.053133,268.876667,-2272.838867,-3755.918533
59.42,-181.053133,892.876667,-2679.838867,-3739.918533
59.43,-99.053133,1240.876667,-2664.838867,-3742.918533
59.44,-26.053133,1296.876667,-2266.838867,-3781.918533
59.45,25.946867,1128.876667,-1623.838867,-3850.918533
59.46,41.946867,860.876667,-987.838867,-3926.918533
59.47,66.946867,597.876667,-550.838867,-3978.918533
59.48,89.946867,428.876667,-454.838867,-3996.918533
59.49,122.946867,372.876667,-704.838867,-3980.918533
59.50,163.946867,434.876667,-1191.838867,-3921.918533
59.51,183.946867,582.876667,-1780.838867,-3821.918533
59.52,196.946867,708.876667,-2317.838867,-3691.918533
59.53,200.946867,778.876667,-2680.838867,-3544.918533
59.54,190.946867,743.876667,-2802.838867,-3381.918533
59.55,174.946867,585.876667,-2727.838867,-3213.918533
59.56,155.946867,328.876667,-2554.838867,-3055.918533
59.57,138.946867,60.876667,-2326.838867,-2917.918533
59.58,131.946867,-168.123333,-2092.838867,-2794.918533
59.59,112.946867,-321.123333,-1833.838867,-2657.918533
59.60,72.946867,-441.123333,-1518.838867,-2490.918533
59.61,6.946867,-574.123333,-1152.838867,-2297.918533
59.62,-86.053133,-817.123333,-754.838867,-2115.918533
59.63,-183.053133,-1205.123333,-424.838867,-1953.918533
59.64,-271.053133,-1681.123333,-250.838867,-1808.918533
59.65,-327.053133,-2118.123333,-278.838867,-1640.918533
59.66,-339.053133,-2396.123333,-501.838867,-1415.918533
59.67,-312.053133,-2412.123333,-859.838867,-1137.918533
59.68,-241.053133,-2150.123333,-1286.838867,-811.918533
59.69,-159.053133,-1693.123333,-1667.838867,-470.918533
59.70,-66.053133,-1195.123333,-1948.838867,-146.918533
59.71,23.946867,-779.123333,-2064.838867,138.081467
59.72,110.946867,-526.123333,-1968.838867,383.081467
59.73,204.946867,-466.123333,-1642.838867,589.081467
59.74,288.946867,-563.123333,-1090.838867,791.081467
59.75,343.946867,-744.123333,-384.838867,1040.081467
59.76,358.946867,-962.123333,314.161133,1346.081467
59.77,349.946867,-1158.123333,858.161133,1708.081467
59.78,337.946867,-1317.123333,1033.161133,2093.081467
59.79,335.946867,-1437.123333,730.161133,2485.081467
59.80,345.946867,-1491.123333,-22.838867,2860.081467
59.81,376.946867,-1448.123333,-1061.838867,3205.081467
59.82,410.946867,-1275.123333,-2141.838867,3506.081467
59.83,435.946867,-975.123333,-3003.838867,3766.081467
59.84,435.946867,-595.123333,-3456.838867,3975.081467
59.85,400.946867,-225.123333,-3452.838867,4159.081467
59.86,311.946867,31.876667,-3073.838867,4313.081467
59.87,186.946867,103.876667,-2516.838867,4443.081467
59.88,51.946867,-33.123333,-1977.838867,4544.081467
59.89,-59.053133,-295.123333,-1612.838867,4612.081467
59.90,-139.053133,-575.123333,-1478.838867,4645.081467
59.91,-216.053133,-766.123333,-1540.838867,4656.081467
59.92,-267.053133,-823.123333,-1700.838867,4664.081467
59.93,-286.053133,-788.123333,-1817.838867,4689.081467
59.94,-276.053133,-730.123333,-1778.838867,4741.081467
59.95,-250.053133,-737.123333,-1510.838867,4823.081467
59.96,-228.053133,-860.123333,-1040.838867,4893.081467
59.97,-208.053133,-1083.123333,-500.838867,4898.081467
59.98,-203.053133,-1348.123333,-71.838867,4799.081467
59.99,-172.053133,-1551.123333,45.161133,4588.081467
60.00,-121.053133,-1579.123333,-262.838867,4312.081467
60.01,-42.053133,-1368.123333,-985.838867,4011.081467
60.02,64.946867,-944.123333,-1985.838867,3718.081467
60.03,189.946867,-379.123333,-3032.838867,3451.081467
60.04,288.946867,206.876667,-3846.838867,3200.081467
60.05,360.946867,707.876667,-4212.838867,2977.081467
60.06,391.946867,1054.876667,-3991.838867,2799.081467
60.07,368.946867,1234.876667,-3207.838867,2664.081467
60.08,281.946867,1235.876667,-2007.838867,2561.081467
60.09,150.946867,1064.876667,-654.838867,2473.081467
60.10,-9.053133,725.876667,530.161133,2377.081467
60.11,-165.053133,175.876667,1229.161133,2274.081467
60.12,-255.053133,-542.123333,1270.161133,2148.081467
60.13,-253.053133,-1342.123333,621.161133,1991.081467
60.14,-160.053133,-2078.123333,-550.838867,1795.081467
60.15,-7.053133,-2558.123333,-1929.838867,1570.081467
60.16,138.946867,-2649.123333,-3152.838867,1337.081467
60.17,210.946867,-2312.123333,-3931.838867,1118.081467
60.18,215.946867,-1626.123333,-4132.838867,951.081467
60.19,130.946867,-776.123333,-3796.838867,851.081467
60.20,10.946867,51.876667,-3083.838867,833.081467
60.21,-113.053133,679.876667,-2196.838867,891.081467
60.22,-210.053133,1003.876667,-1341.838867,997.081467
60.23,-250.053133,1028.876667,-695.838867,1105.081467
60.24,-256.053133,836.876667,-317.838867,1159.081467
60.25,-249.053133,546.876667,-258.838867,1127.081467
60.26,-224.053133,290.876667,-457.838867,1000.081467
60.27,-206.053133,182.876667,-811.838867,782.081467
60.28,-184.053133,235.876667,-1213.838867,482.081467
60.29,-149.053133,417.876667,-1509.838867,129.081467
60.30,-119.053133,609.876667,-1623.838867,-246.918533
60.31,-89.053133,700.876667,-1521.838867,-629.918533
60.32,-64.053133,570.876667,-1203.838867,-1013.918533
60.33,-61.053133,211.876667,-734.838867,-1403.918533
60.34,-74.053133,-326.123333,-272.838867,-1815.918533
60.35,-106.053133,-945.123333,36.161133,-2233.918533
60.36,-134.053133,-1525.123333,80.161133,-2636.918533
60.37,-152.053133,-1972.123333,-198.838867,-2998.918533
60.38,-143.053133,-2228.123333,-747.838867,-3293.918533
60.39,-104.053133,-2252.123333,-1404.838867,-3521.918533
60.40,-62.053133,-2103.123333,-2014.838867,-3667.918533
60.41,-39.053133,-1813.123333,-2444.838867,-3743.918533
60.42,-57.053133,-1465.123333,-2648.838867,-3798.918533
60.43,-106.053133,-1138.123333,-2662.838867,-3865.918533
60.44,-184.053133,-892.123333,-2572.838867,-3939.918533
60.45,-256.053133,-756.123333,-2458.838867,-4009.918533
60.46,-285.053133,-748.123333,-2373.838867,-4059.918533
60.47,-265.053133,-834.123333,-2314.838867,-4058.918533
60.48,-215.053133,-969.123333,-2257.838867,-3996.918533
60.49,-148.053133,-1094.123333,-2165.838867,-3858.918533
60.50,-81.053133,-1117.123333,-2011.838867,-3657.918533
60.51,-46.053133,-972.123333,-1798.838867,-3410.918533
60.52,-46.053133,-663.123333,-1571.838867,-3134.918533
60.53,-91.053133,-214.123333,-1376.838867,-2825.918533
60.54,-146.053133,321.876667,-1245.838867,-2471.918533
60.55,-202.053133,881.876667,-1192.838867,-2069.918533
60.56,-220.053133,1399.876667,-1159.838867,-1627.918533
60.57,-217.053133,1824.876667,-1076.838867,-1143.918533
60.58,-212.053133,2096.876667,-933.838867,-623.918533
60.59,-225.053133,2157.876667,-748.838867,-111.918533
60.60,-259.053133,1989.876667,-584.838867,333.081467
60.61,-318.053133,1584.876667,-524.838867,652.081467
60.62,-367.053133,983.876667,-646.838867,778.081467
60.63,-385.053133,229.876667,-989.838867,680.081467
60.64,-365.053133,-604.123333,-1514.838867,364.081467
60.65,-302.053133,-1454.123333,-2118.838867,-124.918533
60.66,-193.053133,-2251.123333,-2675.838867,-724.918533
60.67,-60.053133,-2924.123333,-3063.838867,-1349.918533
60.68,54.946867,-3399.123333,-3175.838867,-1950.918533
60.69,136.946867,-3619.123333,-2982.838867,-2508.918533
60.70,170.946867,-3552.123333,-2535.838867,-3038.918533
60.71,177.946867,-3207.123333,-1921.838867,-3545.918533
60.72,163.946867,-2670.123333,-1235.838867,-4041.918533
60.73,135.946867,-2046.123333,-578.838867,-4514.918533
60.74,106.946867,-1467.123333,-26.838867,-4940.918533
60.75,86.946867,-1005.123333,362.161133,-5306.918533
60.76,64.946867,-690.123333,579.161133,-5613.918533
60.77,48.946867,-500.123333,612.161133,-5848.918533
60.78,45.946867,-350.123333,484.161133,-6005.918533
60.79,39.946867,-163.123333,210.161133,-6109.918533
60.80,48.946867,118.876667,-170.838867,-6206.918533
60.81,46.946867,460.876667,-632.838867,-6319.918533
60.82,36.946867,820.876667,-1133.838867,-6431.918533
60.83,19.946867,1138.876667,-1623.838867,-6511.918533
60.84,-13.053133,1367.876667,-2078.838867,-6545.918533
60.85,-73.053133,1530.876667,-2477.838867,-6540.918533
60.86,-148.053133,1625.876667,-2766.838867,-6511.918533
60.87,-229.053133,1672.876667,-2934.838867,-6460.918533
60.88,-291.053133,1659.876667,-3023.838867,-6385.918533
60.89,-335.053133,1567.876667,-3027.838867,-6264.918533
60.90,-353.053133,1373.876667,-2966.838867,-6057.918533
60.91,-347.053133,1052.876667,-2871.838867,-5739.918533
60.92,-313.053133,611.876667,-2736.838867,-5309.918533
60.93,-263.053133,105.876667,-2606.838867,-4806.918533
60.94,-203.053133,-415.123333,-2477.838867,-4250.918533
60.95,-129.053133,-863.123333,-2340.838867,-3645.918533
60.96,-53.053133,-1145.123333,-2222.838867,-3021.918533
60.97,6.946867,-1223.123333,-2161.838867,-2422.918533
60.98,52.946867,-1071.123333,-2149.838867,-1864.918533
60.99,85.946867,-749.123333,-2199.838867,-1369.918533
61.00,144.946867,-333.123333,-2246.838867,-941.918533
61.01,221.946867,67.876667,-2207.838867,-564.918533
61.02,312.946867,331.876667,-2004.838867,-231.918533
61.03,389.946867,374.876667,-1591.838867,46.081467
61.04,425.946867,157.876667,-1004.838867,248.081467
61.05,432.946867,-320.123333,-354.838867,381.081467
61.06,409.946867,-996.123333,235.161133,430.081467
61.07,373.946867,-1758.123333,634.161133,393.081467
61.08,323.946867,-2472.123333,737.161133,270.081467
61.09,248.946867,-3025.123333,528.161133,78.081467
61.10,176.946867,-3322.123333,72.161133,-138.918533
61.11,86.946867,-3344.123333,-545.838867,-354.918533
61.12,-11.053133,-3095.123333,-1238.838867,-541.918533
61.13,-109.053133,-2614.123333,-1894.838867,-675.918533
61.14,-189.053133,-1939.123333,-2482.838867,-733.918533
61.15,-250.053133,-1107.123333,-2952.838867,-692.918533
61.16,-272.053133,-167.123333,-3280.838867,-536.918533
61.17,-261.053133,810.876667,-3476.838867,-316.918533
61.18,-225.053133,1728.876667,-3508.838867,-92.918533
61.19,-162.053133,2465.876667,-3400.838867,94.081467
61.20,-104.053133,2907.876667,-3177.838867,224.081467
61.21,-34.053133,2981.876667,-2888.838867,272.081467
61.22,45.946867,2699.876667,-2560.838867,247.081467
61.23,136.946867,2117.876667,-2224.838867,144.081467
61.24,228.946867,1354.876667,-1945.838867,-31.918533
61.25,307.946867,547.876667,-1698.838867,-278.918533
61.26,364.946867,-154.123333,-1520.838867,-592.918533
61.27,389.946867,-672.123333,-1449.838867,-948.918533
61.28,390.946867,-947.123333,-1491.838867,-1334.918533
61.29,381.946867,-987.123333,-1628.838867,-1745.918533
61.30,358.946867,-829.123333,-1803.838867,-2173.918533
61.31,324.946867,-539.123333,-1942.838867,-2581.918533
61.32,272.946867,-209.123333,-1938.838867,-2927.918533
61.33,210.946867,61.876667,-1722.838867,-3187.918533
61.34,127.946867,158.876667,-1283.838867,-3390.918533
61.35,20.946867,9.876667,-708.838867,-3570.918533
61.36,-104.053133,-454.123333,-135.838867,-3754.918533
61.37,-226.053133,-1191.123333,256.161133,-3957.918533
61.38,-310.053133,-2088.123333,330.161133,-4177.918533
61.39,-345.053133,-3010.123333,68.161133,-4397.918533
61.40,-347.053133,-3747.123333,-489.838867,-4597.918533
61.41,-301.053133,-4160.123333,-1225.838867,-4769.918533
61.42,-243.053133,-4149.123333,-1941.838867,-4903.918533
61.43,-185.053133,-3688.123333,-2496.838867,-5014.918533
61.44,-139.053133,-2830.123333,-2777.838867,-5113.918533
61.45,-107.053133,-1718.123333,-2750.838867,-5203.918533
61.46,-95.053133,-521.123333,-2459.838867,-5264.918533
61.47,-99.053133,570.876667,-1999.838867,-5265.918533
61.48,-106.053133,1444.876667,-1506.838867,-5176.918533
61.49,-110.053133,2051.876667,-1096.838867,-5010.918533
61.50,-101.053133,2371.876667,-881.838867,-4740.918533
61.51,-81.053133,2445.876667,-918.838867,-4378.918533
61.52,-41.053133,2291.876667,-1193.838867,-3931.918533
61.53,24.946867,1944.876667,-1655.838867,-3441.918533
61.54,128.946867,1450.876667,-2130.838867,-2934.918533
61.55,224.946867,862.876667,-2491.838867,-2414.918533
61.56,284.946867,236.876667,-2637.838867,-1860.918533
61.57,305.946867,-377.123333,-2526.838867,-1260.918533
61.58,280.946867,-954.123333,-2208.838867,-641.918533
61.59,218.946867,-1456.123333,-1786.838867,-21.918533
61.60,134.946867,-1883.123333,-1380.838867,573.081467
61.61,48.946867,-2238.123333,-1078.838867,1087.081467
61.62,-39.053133,-2505.123333,-935.838867,1493.081467
61.63,-113.053133,-2676.123333,-920.838867,1769.081467
61.64,-155.053133,-2769.123333,-978.838867,1906.081467
61.65,-177.053133,-2763.123333,-999.838867,1911.081467
61.66,-200.053133,-2664.123333,-960.838867,1779.081467
61.67,-244.053133,-2473.123333,-821.838867,1516.081467
61.68,-293.053133,-2225.123333,-674.838867,1153.081467
61.69,-339.053133,-1956.123333,-609.838867,717.081467
61.70,-355.053133,-1690.123333,-707.838867,234.081467
61.71,-340.053133,-1437.123333,-1017.838867,-250.918533
61.72,-287.053133,-1185.123333,-1454.838867,-697.918533
61.73,-195.053133,-927.123333,-1905.838867,-1052.918533
61.74,-67.053133,-653.123333,-2226.838867,-1284.918533
61.75,62.946867,-371.123333,-2311.838867,-1404.918533
61.76,189.946867,-123.123333,-2065.838867,-1458.918533
61.77,280.946867,77.876667,-1544.838867,-1473.918533
61.78,317.946867,211.876667,-855.838867,-1469.918533
61.79,317.946867,270.876667,-137.838867,-1472.918533
61.80,301.946867,246.876667,467.161133,-1506.918533
61.81,298.946867,150.876667,832.161133,-1574.918533
61.82,320.946867,-10.123333,868.161133,-1701.918533
61.83,360.946867,-243.123333,553.161133,-1900.918533
61.84,413.946867,-524.123333,-64.838867,-2175.918533
61.85,466.946867,-816.123333,-909.838867,-2531.918533
61.86,509.946867,-1091.123333,-1840.838867,-2924.918533
61.87,537.946867,-1329.123333,-2707.838867,-3265.918533
61.88,554.946867,-1494.123333,-3398.838867,-3488.918533
61.89,552.946867,-1620.123333,-3801.838867,-3590.918533
61.90,520.946867,-1710.123333,-3841.838867,-3605.918533
61.91,452.946867,-1752.123333,-3526.838867,-3582.918533
61.92,350.946867,-1722.123333,-2894.838867,-3558.918533
61.93,209.946867,-1611.123333,-2082.838867,-3530.918533
61.94,40.946867,-1380.123333,-1199.838867,-3487.918533
61.95,-138.053133,-1067.123333,-416.838867,-3425.918533
61.96,-290.053133,-710.123333,238.161133,-3338.918533
61.97,-398.053133,-365.123333,665.161133,-3222.918533
61.98,-448.053133,-84.123333,878.161133,-3079.918533
61.99,-452.053133,135.876667,887.161133,-2897.918533
62.00,-430.053133,310.876667,710.161133,-2657.918533
62.01,-377.053133,476.876667,371.161133,-2353.918533
62.02,-314.053133,621.876667,-77.838867,-2008.918533
62.03,-241.053133,711.876667,-548.838867,-1655.918533
62.04,-141.053133,685.876667,-928.838867,-1327.918533
62.05,-26.053133,509.876667,-1143.838867,-1071.918533
62.06,87.946867,155.876667,-1132.838867,-915.918533
62.07,172.946867,-341.123333,-933.838867,-865.918533
62.08,237.946867,-956.123333,-620.838867,-905.918533
62.09,262.946867,-1585.123333,-300.838867,-990.918533
62.10,265.946867,-2191.123333,-94.838867,-1075.918533
62.11,255.946867,-2735.123333,-81.838867,-1131.918533
62.12,229.946867,-3165.123333,-262.838867,-1168.918533
62.13,205.946867,-3421.123333,-642.838867,-1197.918533
62.14,178.946867,-3446.123333,-1148.838867,-1200.918533
62.15,156.946867,-3195.123333,-1704.838867,-1177.918533
62.16,141.946867,-2673.123333,-2238.838867,-1135.918533
62.17,141.946867,-1955.123333,-2636.838867,-1103.918533
62.18,136.946867,-1159.123333,-2884.838867,-1088.918533
62.19,134.946867,-408.123333,-2940.838867,-1098.918533
62.20,135.946867,221.876667,-2851.838867,-1139.918533
62.21,147.946867,683.876667,-2651.838867,-1217.918533
62.22,180.946867,995.876667,-2385.838867,-1353.918533
62.23,221.946867,1182.876667,-2074.838867,-1556.918533
62.24,250.946867,1304.876667,-1747.838867,-1793.918533
62.25,262.946867,1365.876667,-1399.838867,-2024.918533
62.26,244.946867,1350.876667,-1046.838867,-2216.918533
62.27,200.946867,1251.876667,-719.838867,-2350.918533
62.28,139.946867,1027.876667,-445.838867,-2434.918533
62.29,83.946867,660.876667,-258.838867,-2491.918533
62.30,38.946867,163.876667,-149.838867,-2540.918533
62.31,6.946867,-426.123333,-127.838867,-2590.918533
62.32,-19.053133,-1060.123333,-201.838867,-2615.918533
62.33,-35.053133,-1682.123333,-318.838867,-2585.918533
62.34,-56.053133,-2250.123333,-467.838867,-2484.918533
62.35,-63.053133,-2724.123333,-621.838867,-2313.918533
62.36,-67.053133,-3079.123333,-724.838867,-2087.918533
62.37,-72.053133,-3329.123333,-772.838867,-1825.918533
62.38,-84.053133,-3481.123333,-810.838867,-1551.918533
62.39,-99.053133,-3526.123333,-845.838867,-1261.918533
62.40,-124.053133,-3443.123333,-929.838867,-953.918533
62.41,-137.053133,-3224.123333,-1044.838867,-611.918533
62.42,-134.053133,-2859.123333,-1191.838867,-199.918533
62.43,-115.053133,-2346.123333,-1319.838867,283.081467
62.44,-97.053133,-1728.123333,-1402.838867,809.081467
62.45,-84.053133,-1021.123333,-1422.838867,1338.081467
62.46,-90.053133,-289.123333,-1392.838867,1855.081467
62.47,-88.053133,410.876667,-1359.838867,2357.081467
62.48,-72.053133,1005.876667,-1394.838867,2826.081467
62.49,-38.053133,1419.876667,-1504.838867,3276.081467
62.50,14.946867,1605.876667,-1678.838867,3725.081467
62.51,80.946867,1553.876667,-1868.838867,4164.081467
62.52,151.946867,1263.876667,-2000.838867,4590.081467
62.53,209.946867,794.876667,-2035.838867,4975.081467
62.54,246.946867,215.876667,-1984.838867,5300.081467
62.55,245.946867,-364.123333,-1840.838867,5562.081467
62.56,211.946867,-872.123333,-1668.838867,5751.081467
62.57,148.946867,-1215.123333,-1468.838867,5851.081467
62.58,81.946867,-1366.123333,-1261.838867,5863.081467
62.59,11.946867,-1355.123333,-1031.838867,5781.081467
62.60,-53.053133,-1238.123333,-776.838867,5630.081467
62.61,-124.053133,-1100.123333,-468.838867,5446.081467
62.62,-189.053133,-1004.123333,-153.838867,5256.081467
62.63,-279.053133,-1011.123333,110.161133,5089.081467
62.64,-365.053133,-1133.123333,271.161133,4967.081467
62.65,-434.053133,-1345.123333,232.161133,4900.081467
62.66,-467.053133,-1603.123333,-15.838867,4868.081467
62.67,-449.053133,-1851.123333,-427.838867,4848.081467
62.68,-401.053133,-2006.123333,-975.838867,4837.081467
62.69,-325.053133,-2023.123333,-1531.838867,4835.081467
62.70,-245.053133,-1893.123333,-2029.838867,4834.081467
62.71,-174.053133,-1642.123333,-2425.838867,4831.081467
62.72,-122.053133,-1342.123333,-2709.838867,4820.081467
62.73,-75.053133,-1041.123333,-2853.838867,4789.081467
62.74,-30.053133,-781.123333,-2886.838867,4712.081467
62.75,9.946867,-563.123333,-2809.838867,4596.081467
62.76,50.946867,-367.123333,-2637.838867,4449.081467
62.77,87.946867,-203.123333,-2382.838867,4309.081467
62.78,102.946867,-34.123333,-2072.838867,4210.081467
62.79,96.946867,113.876667,-1723.838867,4179.081467
62.80,59.946867,236.876667,-1395.838867,4219.081467
62.81,-0.053133,312.876667,-1089.838867,4306.081467
62.82,-70.053133,352.876667,-857.838867,4405.081467
62.83,-132.053133,339.876667,-734.838867,4501.081467
62.84,-190.053133,314.876667,-726.838867,4587.081467
62.85,-244.053133,267.876667,-893.838867,4640.081467
62.86,-304.053133,242.876667,-1210.838867,4650.081467
62.87,-340.053133,229.876667,-1625.838867,4599.081467
62.88,-361.053133,233.876667,-2094.838867,4469.081467
62.89,-358.053133,223.876667,-2490.838867,4265.081467
62.90,-334.053133,192.876667,-2704.838867,4027.081467
62.91,-305.053133,141.876667,-2659.838867,3785.081467
62.92,-278.053133,71.876667,-2345.838867,3562.081467
62.93,-276.053133,3.876667,-1854.838867,3382.081467
62.94,-303.053133,-34.123333,-1305.838867,3267.081467
62.95,-350.053133,-41.123333,-870.838867,3235.081467
62.96,-395.053133,-23.123333,-615.838867,3300.081467
62.97,-415.053133,-26.123333,-614.838867,3441.081467
62.98,-391.053133,-76.123333,-858.838867,3602.081467
62.99,-325.053133,-170.123333,-1247.838867,3728.081467
63.00,-230.053133,-288.123333,-1715.838867,3766.081467
63.01,-126.053133,-407.123333,-2155.838867,3698.081467
63.02,-32.053133,-511.123333,-2488.838867,3552.081467
63.03,23.946867,-582.123333,-2683.838867,3355.081467
63.04,43.946867,-636.123333,-2731.838867,3118.081467
63.05,24.946867,-679.123333,-2663.838867,2844.081467
63.06,-13.053133,-742.123333,-2511.838867,2538.081467
63.07,-50.053133,-839.123333,-2310.838867,2200.081467
63.08,-70.053133,-938.123333,-2099.838867,1830.081467
63.09,-106.053133,-1008.123333,-1869.838867,1436.081467
63.10,-162.053133,-979.123333,-1657.838867,1031.081467
63.11,-240.053133,-838.123333,-1485.838867,651.081467
63.12,-349.053133,-563.123333,-1398.838867,341.081467
63.13,-464.053133,-216.123333,-1416.838867,142.081467
63.14,-563.053133,127.876667,-1580.838867,63.081467
63.15,-629.053133,425.876667,-1850.838867,89.081467
63.16,-645.053133,673.876667,-2171.838867,189.081467
63.17,-629.053133,904.876667,-2476.838867,319.081467
63.18,-571.053133,1119.876667,-2689.838867,446.081467
63.19,-502.053133,1349.876667,-2732.838867,569.081467
63.20,-437.053133,1562.876667,-2602.838867,706.081467
63.21,-387.053133,1704.876667,-2307.838867,873.081467
63.22,-347.053133,1695.876667,-1896.838867,1047.081467
63.23,-301.053133,1506.876667,-1441.838867,1225.081467
63.24,-252.053133,1144.876667,-1036.838867,1374.081467
63.25,-211.053133,657.876667,-735.838867,1492.081467
63.26,-180.053133,114.876667,-562.838867,1574.081467
63.27,-159.053133,-413.123333,-577.838867,1583.081467
63.28,-154.053133,-896.123333,-749.838867,1503.081467
63.29,-161.053133,-1307.123333,-1055.838867,1342.081467
63.30,-178.053133,-1668.123333,-1430.838867,1125.081467
63.31,-191.053133,-1965.123333,-1830.838867,870.081467
63.32,-193.053133,-2193.123333,-2166.838867,580.081467
63.33,-196.053133,-2354.123333,-2348.838867,274.081467
63.34,-214.053133,-2399.123333,-2353.838867,-59.918533
63.35,-265.053133,-2318.123333,-2168.838867,-416.918533
63.36,-338.053133,-2096.123333,-1836.838867,-789.918533
63.37,-441.053133,-1738.123333,-1464.838867,-1168.918533
63.38,-543.053133,-1276.123333,-1126.838867,-1521.918533
63.39,-608.053133,-739.123333,-922.838867,-1855.918533
63.40,-654.053133,-187.123333,-853.838867,-2150.918533
63.41,-648.053133,338.876667,-902.838867,-2409.918533
63.42,-595.053133,835.876667,-1008.838867,-2598.918533
63.43,-520.053133,1239.876667,-1097.838867,-2698.918533
63.44,-435.053133,1562.876667,-1123.838867,-2644.918533
63.45,-360.053133,1793.876667,-1083.838867,-2425.918533
63.46,-293.053133,1918.876667,-1031.838867,-2052.918533
63.47,-227.053133,1944.876667,-1024.838867,-1546.918533
63.48,-156.053133,1912.876667,-1126.838867,-944.918533
63.49,-70.053133,1810.876667,-1334.838867,-296.918533
63.50,15.946867,1676.876667,-1645.838867,365.081467
63.51,105.946867,1499.876667,-1957.838867,1007.081467
63.52,177.946867,1275.876667,-2221.838867,1608.081467
63.53,226.946867,992.876667,-2335.838867,2135.081467
63.54,236.946867,640.876667,-2296.838867,2584.081467
63.55,207.946867,227.876667,-2095.838867,2951.081467
63.56,159.946867,-213.123333,-1780.838867,3250.081467
63.57,87.946867,-623.123333,-1448.838867,3468.081467
63.58,4.946867,-957.123333,-1153.838867,3611.081467
63.59,-85.053133,-1196.123333,-980.838867,3701.081467
63.60,-171.053133,-1324.123333,-950.838867,3745.081467
63.61,-250.053133,-1341.123333,-1025.838867,3759.081467
63.62,-300.053133,-1273.123333,-1152.838867,3744.081467
63.63,-340.053133,-1135.123333,-1227.838867,3695.081467
63.64,-364.053133,-971.123333,-1189.838867,3603.081467
63.65,-386.053133,-831.123333,-1038.838867,3436.081467
63.66,-402.053133,-734.123333,-778.838867,3205.081467
63.67,-424.053133,-682.123333,-462.838867,2930.081467
63.68,-435.053133,-665.123333,-154.838867,2652.081467
63.69,-428.053133,-650.123333,73.161133,2418.081467
63.70,-394.053133,-575.123333,190.161133,2256.081467
63.71,-328.053133,-375.123333,184.161133,2178.081467
63.72,-253.053133,-10.123333,61.161133,2176.081467
63.73,-178.053133,507.876667,-153.838867,2257.081467
63.74,-110.053133,1120.876667,-423.838867,2428.081467
63.75,-75.053133,1726.876667,-744.838867,2649.081467
63.76,-67.053133,2227.876667,-1083.838867,2898.081467
63.77,-55.053133,2523.876667,-1433.838867,3155.081467
63.78,-31.053133,2566.876667,-1765.838867,3388.081467
63.79,27.946867,2346.876667,-2047.838867,3557.081467
63.80,84.946867,1921.876667,-2223.838867,3651.081467
63.81,138.946867,1358.876667,-2309.838867,3653.081467
63.82,174.946867,718.876667,-2280.838867,3590.081467
63.83,191.946867,96.876667,-2155.838867,3490.081467
63.84,190.946867,-480.123333,-1942.838867,3354.081467
63.85,166.946867,-974.123333,-1667.838867,3165.081467
63.86,133.946867,-1371.123333,-1379.838867,2903.081467
63.87,92.946867,-1645.123333,-1127.838867,2559.081467
63.88,54.946867,-1786.123333,-949.838867,2159.081467
63.89,17.946867,-1827.123333,-876.838867,1738.081467
63.90,10.946867,-1779.123333,-918.838867,1351.081467
63.91,38.946867,-1707.123333,-1023.838867,1022.081467
63.92,83.946867,-1638.123333,-1158.838867,756.081467
63.93,136.946867,-1617.123333,-1237.838867,555.081467
63.94,170.946867,-1647.123333,-1235.838867,428.081467
63.95,183.946867,-1724.123333,-1153.838867,389.081467
63.96,184.946867,-1793.123333,-1039.838867,437.081467
63.97,168.946867,-1825.123333,-928.838867,575.081467
63.98,147.946867,-1741.123333,-889.838867,796.081467
63.99,115.946867,-1534.123333,-908.838867,1118.081467
64.00,100.946867,-1200.123333,-947.838867,1538.081467
64.01,98.946867,-772.123333,-1017.838867,2028.081467
64.02,90.946867,-299.123333,-1071.838867,2534.081467
64.03,77.946867,204.876667,-1104.838867,2999.081467
64.04,50.946867,717.876667,-1161.838867,3378.081467
64.05,21.946867,1203.876667,-1217.838867,3671.081467
64.06,16.946867,1629.876667,-1291.838867,3900.081467
64.07,34.946867,1969.876667,-1401.838867,4073.081467
64.08,75.946867,2153.876667,-1502.838867,4183.081467
64.09,131.946867,2140.876667,-1583.838867,4257.081467
64.10,184.946867,1928.876667,-1651.838867,4307.081467
64.11,226.946867,1518.876667,-1680.838867,4332.081467
64.12,256.946867,973.876667,-1668.838867,4315.081467
64.13,277.946867,369.876667,-1598.838867,4223.081467
64.14,293.946867,-217.123333,-1466.838867,4052.081467
64.15,308.946867,-707.123333,-1250.838867,3796.081467
64.16,301.946867,-1050.123333,-973.838867,3472.081467
64.17,272.946867,-1222.123333,-684.838867,3105.081467
64.18,239.946867,-1226.123333,-430.838867,2742.081467
64.19,201.946867,-1097.123333,-252.838867,2431.081467
64.20,156.946867,-902.123333,-182.838867,2211.081467
64.21,110.946867,-718.123333,-238.838867,2096.081467
64.22,65.946867,-618.123333,-427.838867,2056.081467
64.23,32.946867,-664.123333,-699.838867,2030.081467
64.24,-4.053133,-890.123333,-1015.838867,1984.081467
64.25,-27.053133,-1239.123333,-1336.838867,1898.081467
64.26,-47.053133,-1658.123333,-1594.838867,1759.081467
64.27,-60.053133,-2058.123333,-1757.838867,1566.081467
64.28,-74.053133,-2358.123333,-1807.838867,1340.081467
64.29,-88.053133,-2528.123333,-1764.838867,1110.081467
64.30,-100.053133,-2569.123333,-1619.838867,888.081467
64.31,-110.053133,-2489.123333,-1399.838867,669.081467
64.32,-125.053133,-2285.123333,-1150.838867,436.081467
64.33,-151.053133,-1970.123333,-928.838867,174.081467
64.34,-175.053133,-1522.123333,-755.838867,-104.918533
64.35,-178.053133,-956.123333,-659.838867,-390.918533
64.36,-166.053133,-308.123333,-651.838867,-682.918533
64.37,-132.053133,302.876667,-746.838867,-995.918533
64.38,-82.053133,782.876667,-962.838867,-1331.918533
64.39,-12.053133,1049.876667,-1324.838867,-1670.918533
64.40,82.946867,1063.876667,-1769.838867,-1969.918533
64.41,206.946867,855.876667,-2269.838867,-2184.918533
64.42,340.946867,503.876667,-2739.838867,-2294.918533
64.43,448.946867,94.876667,-3119.838867,-2305.918533
64.44,518.946867,-303.123333,-3341.838867,-2262.918533
64.45,521.946867,-665.123333,-3385.838867,-2207.918533
64.46,487.946867,-993.123333,-3285.838867,-2171.918533
64.47,424.946867,-1293.123333,-3061.838867,-2149.918533
64.48,357.946867,-1553.123333,-2787.838867,-2148.918533
64.49,305.946867,-1777.123333,-2490.838867,-2175.918533
64.50,241.946867,-1939.123333,-2235.838867,-2238.918533
64.51,182.946867,-2026.123333,-2014.838867,-2340.918533
64.52,111.946867,-2069.123333,-1834.838867,-2486.918533
64.53,49.946867,-2068.123333,-1688.838867,-2660.918533
64.54,5.946867,-2083.123333,-1573.838867,-2821.918533
64.55,-27.053133,-2119.123333,-1469.838867,-2953.918533
64.56,-28.053133,-2167.123333,-1401.838867,-3049.918533
64.57,-11.053133,-2197.123333,-1296.838867,-3125.918533
64.58,13.946867,-2183.123333,-1157.838867,-3192.918533
64.59,34.946867,-2093.123333,-1010.838867,-3275.918533
64.60,60.946867,-1935.123333,-855.838867,-3387.918533
64.61,97.946867,-1712.123333,-734.838867,-3536.918533
64.62,150.946867,-1419.123333,-685.838867,-3715.918533
64.63,206.946867,-1052.123333,-719.838867,-3886.918533
64.64,270.946867,-602.123333,-848.838867,-3994.918533
64.65,338.946867,-92.123333,-1073.838867,-4006.918533
64.66,402.946867,417.876667,-1374.838867,-3911.918533
64.67,466.946867,874.876667,-1796.838867,-3728.918533
64.68,526.946867,1206.876667,-2295.838867,-3485.918533
64.69,577.946867,1351.876667,-2818.838867,-3199.918533
64.70,648.946867,1270.876667,-3315.838867,-2880.918533
64.71,707.946867,972.876667,-3701.838867,-2542.918533
64.72,756.946867,487.876667,-3928.838867,-2207.918533
64.73,779.946867,-109.123333,-3978.838867,-1918.918533
64.74,783.946867,-714.123333,-3877.838867,-1710.918533
64.75,763.946867,-1271.123333,-3667.838867,-1588.918533
64.76,705.946867,-1702.123333,-3399.838867,-1542.918533
64.77,648.946867,-1988.123333,-3164.838867,-1592.918533
64.78,588.946867,-2132.123333,-2912.838867,-1746.918533
64.79,520.946867,-2156.123333,-2633.838867,-1985.918533
64.80,447.946867,-2105.123333,-2294.838867,-2267.918533
64.81,357.946867,-2019.123333,-1900.838867,-2554.918533
64.82,271.946867,-1931.123333,-1480.838867,-2821.918533
64.83,198.946867,-1873.123333,-1076.838867,-3043.918533
64.84,143.946867,-1845.123333,-780.838867,-3193.918533
64.85,118.946867,-1856.123333,-635.838867,-3290.918533
64.86,122.946867,-1892.123333,-608.838867,-3351.918533
64.87,144.946867,-1926.123333,-666.838867,-3370.918533
64.88,187.946867,-1918.123333,-734.838867,-3338.918533
64.89,215.946867,-1833.123333,-777.838867,-3226.918533
64.90,231.946867,-1640.123333,-744.838867,-3007.918533
64.91,220.946867,-1357.123333,-730.838867,-2697.918533
64.92,205.946867,-1005.123333,-797.838867,-2309.918533
64.93,182.946867,-641.123333,-992.838867,-1906.918533
64.94,174.946867,-318.123333,-1381.838867,-1517.918533
64.95,185.946867,-84.123333,-1907.838867,-1153.918533
64.96,214.946867,46.876667,-2477.838867,-807.918533
64.97,252.946867,84.876667,-2976.838867,-468.918533
64.98,291.946867,40.876667,-3318.838867,-142.918533
64.99,311.946867,-70.123333,-3462.838867,163.081467
65.00,324.946867,-235.123333,-3406.838867,434.081467
65.01,319.946867,-463.123333,-3209.838867,695.081467
65.02,304.946867,-738.123333,-2953.838867,933.081467
65.03,296.946867,-1067.123333,-2713.838867,1140.081467
65.04,311.946867,-1397.123333,-2520.838867,1296.081467
65.05,335.946867,-1711.123333,-2417.838867,1382.081467
65.06,367.946867,-1953.123333,-2365.838867,1393.081467
65.07,390.946867,-2096.123333,-2334.838867,1334.081467
65.08,405.946867,-2120.123333,-2278.838867,1238.081467
65.09,393.946867,-2032.123333,-2175.838867,1138.081467
65.10,358.946867,-1833.123333,-1988.838867,1067.081467
65.11,309.946867,-1565.123333,-1744.838867,1009.081467
65.12,249.946867,-1231.123333,-1472.838867,945.081467
65.13,187.946867,-846.123333,-1222.838867,833.081467
65.14,139.946867,-406.123333,-1011.838867,651.081467
65.15,111.946867,63.876667,-865.838867,408.081467
65.16,113.946867,519.876667,-763.838867,140.081467
65.17,131.946867,922.876667,-696.838867,-115.918533
65.18,158.946867,1237.876667,-636.838867,-336.918533
65.19,185.946867,1442.876667,-577.838867,-537.918533
65.20,201.946867,1524.876667,-515.838867,-736.918533
65.21,214.946867,1489.876667,-493.838867,-955.918533
65.22,226.946867,1342.876667,-565.838867,-1209.918533
65.23,236.946867,1099.876667,-738.838867,-1499.918533
65.24,269.946867,781.876667,-969.838867,-1829.918533
65.25,306.946867,409.876667,-1224.838867,-2219.918533
65.26,347.946867,-4.123333,-1447.838867,-2674.918533
65.27,386.946867,-467.123333,-1580.838867,-3177.918533
65.28,428.946867,-965.123333,-1638.838867,-3692.918533
65.29,455.946867,-1471.123333,-1620.838867,-4205.918533
65.30,474.946867,-1938.123333,-1547.838867,-4717.918533
65.31,481.946867,-2318.123333,-1462.838867,-5222.918533
65.32,468.946867,-2563.123333,-1345.838867,-5690.918533
65.33,453.946867,-2664.123333,-1195.838867,-6085.918533
65.34,434.946867,-2624.123333,-1007.838867,-6379.918533
65.35,401.946867,-2486.123333,-813.838867,-6547.918533
65.36,342.946867,-2296.123333,-629.838867,-6600.918533
65.37,274.946867,-2071.123333,-460.838867,-6556.918533
65.38,193.946867,-1802.123333,-332.838867,-6453.918533
65.39,140.946867,-1479.123333,-229.838867,-6313.918533
65.40,99.946867,-1093.123333,-165.838867,-6138.918533
65.41,90.946867,-670.123333,-121.838867,-5924.918533
65.42,109.946867,-269.123333,-118.838867,-5657.918533
65.43,124.946867,50.876667,-138.838867,-5337.918533
65.44,145.946867,255.876667,-230.838867,-4952.918533
65.45,154.946867,338.876667,-374.838867,-4534.918533
65.46,164.946867,341.876667,-543.838867,-4127.918533
65.47,178.946867,302.876667,-722.838867,-3775.918533
65.48,183.946867,271.876667,-900.838867,-3467.918533
65.49,179.946867,279.876667,-1072.838867,-3181.918533
65.50,150.946867,339.876667,-1271.838867,-2885.918533
65.51,108.946867,417.876667,-1487.838867,-2567.918533
65.52,49.946867,482.876667,-1712.838867,-2250.918533
65.53,-7.053133,519.876667,-1867.838867,-1994.918533
65.54,-49.053133,517.876667,-1908.838867,-1849.918533
65.55,-81.053133,483.876667,-1799.838867,-1823.918533
65.56,-115.053133,447.876667,-1512.838867,-1874.918533
65.57,-163.053133,443.876667,-1093.838867,-1968.918533
65.58,-216.053133,444.876667,-609.838867,-2118.918533
65.59,-268.053133,434.876667,-113.838867,-2305.918533
65.60,-301.053133,370.876667,337.161133,-2503.918533
65.61,-321.053133,229.876667,679.161133,-2701.918533
65.62,-307.053133,9.876667,887.161133,-2906.918533
65.63,-292.053133,-269.123333,953.161133,-3134.918533
65.64,-273.053133,-537.123333,902.161133,-3368.918533
65.65,-259.053133,-739.123333,737.161133,-3600.918533
65.66,-255.053133,-873.123333,455.161133,-3852.918533
65.67,-254.053133,-901.123333,48.161133,-4132.918533
65.68,-252.053133,-852.123333,-449.838867,-4431.918533
65.69,-238.053133,-731.123333,-1014.838867,-4720.918533
65.70,-211.053133,-563.123333,-1556.838867,-4982.918533
65.71,-178.053133,-366.123333,-2013.838867,-5239.918533
65.72,-147.053133,-178.123333,-2241.838867,-5511.918533
65.73,-150.053133,3.876667,-2246.838867,-5766.918533
65.74,-177.053133,169.876667,-2057.838867,-5987.918533
65.75,-227.053133,288.876667,-1731.838867,-6156.918533
65.76,-280.053133,343.876667,-1350.838867,-6309.918533
65.77,-322.053133,313.876667,-999.838867,-6485.918533
65.78,-341.053133,198.876667,-732.838867,-6675.918533
65.79,-333.053133,-11.123333,-629.838867,-6840.918533
65.80,-314.053133,-277.123333,-697.838867,-6940.918533
65.81,-261.053133,-538.123333,-898.838867,-6963.918533
65.82,-190.053133,-746.123333,-1173.838867,-6937.918533
65.83,-114.053133,-898.123333,-1403.838867,-6902.918533
65.84,-35.053133,-1008.123333,-1522.838867,-6878.918533
65.85,39.946867,-1087.123333,-1472.838867,-6837.918533
65.86,104.946867,-1159.123333,-1301.838867,-6752.918533
65.87,140.946867,-1244.123333,-1066.838867,-6628.918533
65.88,161.946867,-1316.123333,-825.838867,-6491.918533
65.89,164.946867,-1343.123333,-606.838867,-6379.918533
65.90,159.946867,-1328.123333,-468.838867,-6291.918533
65.91,137.946867,-1277.123333,-461.838867,-6194.918533
65.92,99.946867,-1203.123333,-560.838867,-6052.918533
65.93,47.946867,-1143.123333,-712.838867,-5870.918533
65.94,-21.053133,-1132.123333,-866.838867,-5671.918533
65.95,-108.053133,-1168.123333,-971.838867,-5468.918533
65.96,-197.053133,-1249.123333,-993.838867,-5268.918533
65.97,-273.053133,-1333.123333,-941.838867,-5067.918533
65.98,-334.053133,-1380.123333,-845.838867,-4858.918533
65.99,-397.053133,-1364.123333,-757.838867,-4675.918533
66.00,-452.053133,-1260.123333,-705.838867,-4543.918533
66.01,-497.053133,-1067.123333,-692.838867,-4484.918533
66.02,-537.053133,-783.123333,-754.838867,-4484.918533
66.03,-549.053133,-442.123333,-874.838867,-4509.918533
66.04,-540.053133,-76.123333,-1018.838867,-4513.918533
66.05,-531.053133,285.876667,-1153.838867,-4474.918533
66.06,-506.053133,594.876667,-1222.838867,-4385.918533
66.07,-484.053133,809.876667,-1195.838867,-4262.918533
66.08,-454.053133,925.876667,-1073.838867,-4117.918533
66.09,-415.053133,956.876667,-913.838867,-3981.918533
66.10,-371.053133,910.876667,-746.838867,-3900.918533
66.11,-318.053133,805.876667,-622.838867,-3904.918533
66.12,-271.053133,694.876667,-542.838867,-4012.918533
66.13,-232.053133,550.876667,-513.838867,-4202.918533
66.14,-213.053133,386.876667,-501.838867,-4385.918533
66.15,-194.053133,189.876667,-527.838867,-4480.918533
66.16,-183.053133,-58.123333,-584.838867,-4460.918533
66.17,-177.053133,-374.123333,-677.838867,-4344.918533
66.18,-178.053133,-727.123333,-805.838867,-4222.918533
66.19,-175.053133,-1094.123333,-951.838867,-4197.918533
66.20,-176.053133,-1395.123333,-1100.838867,-4300.918533
66.21,-190.053133,-1565.123333,-1293.838867,-4509.918533
66.22,-209.053133,-1584.123333,-1527.838867,-4785.918533
66.23,-235.053133,-1454.123333,-1789.838867,-5079.918533
66.24,-266.053133,-1245.123333,-2046.838867,-5360.918533
66.25,-302.053133,-1032.123333,-2226.838867,-5598.918533
66.26,-341.053133,-902.123333,-2296.838867,-5778.918533
66.27,-387.053133,-879.123333,-2269.838867,-5887.918533
66.28,-421.053133,-946.123333,-2175.838867,-5932.918533
66.29,-453.053133,-1055.123333,-2055.838867,-5913.918533
66.30,-471.053133,-1132.123333,-1984.838867,-5841.918533
66.31,-470.053133,-1161.123333,-1971.838867,-5713.918533
66.32,-466.053133,-1136.123333,-2035.838867,-5520.918533
66.33,-431.053133,-1096.123333,-2095.838867,-5247.918533
66.34,-375.053133,-1055.123333,-2106.838867,-4889.918533
66.35,-316.053133,-1035.123333,-2056.838867,-4456.918533
66.36,-248.053133,-1016.123333,-1918.838867,-3941.918533
66.37,-187.053133,-924.123333,-1715.838867,-3370.918533
66.38,-128.053133,-777.123333,-1497.838867,-2763.918533
66.39,-80.053133,-550.123333,-1310.838867,-2142.918533
66.40,-41.053133,-270.123333,-1157.838867,-1527.918533
66.41,-13.053133,-30.123333,-1042.838867,-925.918533
66.42,2.946867,105.876667,-981.838867,-290.918533
66.43,25.946867,93.876667,-945.838867,401.081467
66.44,58.946867,-70.123333,-911.838867,1168.081467
66.45,83.946867,-335.123333,-841.838867,1989.081467
66.46,93.946867,-657.123333,-743.838867,2851.081467
66.47,79.946867,-928.123333,-623.838867,3694.081467
66.48,29.946867,-1107.123333,-544.838867,4467.081467
66.49,-36.053133,-1177.123333,-580.838867,5116.081467
66.50,-102.053133,-1146.123333,-775.838867,5596.081467
66.51,-159.053133,-1046.123333,-1092.838867,5872.081467
66.52,-207.053133,-946.123333,-1451.838867,5952.081467
66.53,-242.053133,-860.123333,-1768.838867,5901.081467
66.54,-264.053133,-811.123333,-1983.838867,5817.081467
66.55,-280.053133,-805.123333,-2042.838867,5788.081467
66.56,-307.053133,-837.123333,-1993.838867,5851.081467
66.57,-339.053133,-901.123333,-1883.838867,5982.081467
66.58,-372.053133,-999.123333,-1743.838867,6140.081467
66.59,-389.053133,-1106.123333,-1609.838867,6291.081467
66.60,-389.053133,-1202.123333,-1515.838867,6459.081467
66.61,-379.053133,-1258.123333,-1490.838867,6689.081467
66.62,-364.053133,-1234.123333,-1524.838867,6974.081467
66.63,-354.053133,-1134.123333,-1586.838867,7300.081467
66.64,-363.053133,-935.123333,-1644.838867,7633.081467
66.65,-359.053133,-688.123333,-1695.838867,7950.081467
66.66,-361.053133,-416.123333,-1705.838867,8252.081467
66.67,-341.053133,-168.123333,-1695.838867,8533.081467
66.68,-301.053133,25.876667,-1665.838867,8799.081467
66.69,-241.053133,156.876667,-1621.838867,9046.081467
66.70,-184.053133,183.876667,-1562.838867,9293.081467
66.71,-111.053133,107.876667,-1537.838867,9522.081467
66.72,-42.053133,-57.123333,-1525.838867,9712.081467
66.73,35.946867,-322.123333,-1554.838867,9825.081467
66.74,96.946867,-642.123333,-1595.838867,9830.081467
66.75,146.946867,-969.123333,-1668.838867,9679.081467
66.76,181.946867,-1235.123333,-1729.838867,9358.081467
66.77,197.946867,-1383.123333,-1780.838867,8901.081467
66.78,188.946867,-1391.123333,-1825.838867,8368.081467
66.79,177.946867,-1263.123333,-1883.838867,7839.081467
66.80,147.946867,-1068.123333,-1938.838867,7368.081467
66.81,111.946867,-872.123333,-2005.838867,6965.081467
66.82,71.946867,-715.123333,-2058.838867,6610.081467
66.83,39.946867,-654.123333,-2063.838867,6270.081467
66.84,22.946867,-674.123333,-2050.838867,5952.081467
66.85,14.946867,-737.123333,-1993.838867,5659.081467
66.86,13.946867,-816.123333,-1886.838867,5390.081467
66.87,11.946867,-883.123333,-1687.838867,5142.081467
66.88,-3.053133,-931.123333,-1423.838867,4964.081467
66.89,-19.053133,-978.123333,-1116.838867,4946.081467
66.90,-36.053133,-1014.123333,-828.838867,5131.081467
66.91,-54.053133,-1044.123333,-644.838867,5508.081467
66.92,-45.053133,-1042.123333,-590.838867,5987.081467
66.93,-24.053133,-973.123333,-705.838867,6455.081467
66.94,2.946867,-801.123333,-935.838867,6782.081467
66.95,29.946867,-536.123333,-1232.838867,6899.081467
66.96,51.946867,-187.123333,-1544.838867,6809.081467
66.97,77.946867,182.876667,-1825.838867,6579.081467
66.98,84.946867,504.876667,-2015.838867,6294.081467
66.99,84.946867,721.876667,-2100.838867,6013.081467
67.00,73.946867,787.876667,-2064.838867,5766.081467
67.01,55.946867,719.876667,-1888.838867,5568.081467
67.02,41.946867,535.876667,-1656.838867,5402.081467
67.03,10.946867,264.876667,-1407.838867,5271.081467
67.04,-24.053133,-29.123333,-1234.838867,5135.081467
67.05,-40.053133,-332.123333,-1134.838867,4946.081467
67.06,-49.053133,-619.123333,-1096.838867,4657.081467
67.07,-36.053133,-864.123333,-1086.838867,4256.081467
67.08,-27.053133,-1029.123333,-1058.838867,3765.081467
67.09,-31.053133,-1108.123333,-1011.838867,3204.081467
67.10,-50.053133,-1111.123333,-939.838867,2621.081467
67.11,-78.053133,-1037.123333,-899.838867,2079.081467
67.12,-116.053133,-939.123333,-903.838867,1621.081467
67.13,-134.053133,-849.123333,-958.838867,1274.081467
67.14,-130.053133,-783.123333,-1005.838867,1049.081467
67.15,-110.053133,-732.123333,-1017.838867,947.081467
67.16,-85.053133,-668.123333,-1003.838867,944.081467
67.17,-85.053133,-563.123333,-994.838867,996.081467
67.18,-92.053133,-404.123333,-1049.838867,1048.081467
67.19,-120.053133,-202.123333,-1205.838867,1072.081467
67.20,-149.053133,27.876667,-1452.838867,1049.081467
67.21,-168.053133,256.876667,-1757.838867,982.081467
67.22,-171.053133,431.876667,-2042.838867,898.081467
67.23,-165.053133,553.876667,-2282.838867,824.081467
67.24,-157.053133,618.876667,-2435.838867,799.081467
67.25,-167.053133,653.876667,-2514.838867,841.081467
67.26,-180.053133,644.876667,-2522.838867,954.081467
67.27,-209.053133,595.876667,-2480.838867,1138.081467
67.28,-234.053133,496.876667,-2392.838867,1369.081467
67.29,-244.053133,326.876667,-2244.838867,1628.081467
67.30,-248.053133,112.876667,-2029.838867,1890.081467
67.31,-231.053133,-147.123333,-1719.838867,2121.081467
67.32,-218.053133,-428.123333,-1345.838867,2327.081467
67.33,-216.053133,-692.123333,-940.838867,2511.081467
67.34,-216.053133,-918.123333,-554.838867,2684.081467
67.35,-226.053133,-1080.123333,-245.838867,2860.081467
67.36,-220.053133,-1150.123333,-71.838867,3034.081467
67.37,-195.053133,-1123.123333,-63.838867,3196.081467
67.38,-173.053133,-990.123333,-189.838867,3295.081467
67.39,-124.053133,-774.123333,-392.838867,3296.081467
67.40,-74.053133,-522.123333,-605.838867,3189.081467
67.41,-17.053133,-268.123333,-783.838867,3000.081467
67.42,25.946867,-54.123333,-892.838867,2770.081467
67.43,67.946867,63.876667,-946.838867,2533.081467
67.44,93.946867,84.876667,-993.838867,2308.081467
67.45,117.946867,27.876667,-1047.838867,2095.081467
67.46,156.946867,-77.123333,-1148.838867,1872.081467
67.47,198.946867,-166.123333,-1253.838867,1610.081467
67.48,251.946867,-206.123333,-1353.838867,1280.081467
67.49,295.946867,-178.123333,-1417.838867,887.081467
67.50,309.946867,-87.123333,-1423.838867,473.081467
67.51,309.946867,36.876667,-1388.838867,71.081467
67.52,287.946867,162.876667,-1339.838867,-282.918533
67.53,250.946867,258.876667,-1295.838867,-573.918533
67.54,222.946867,311.876667,-1273.838867,-802.918533
67.55,186.946867,348.876667,-1289.838867,-1004.918533
67.56,157.946867,381.876667,-1330.838867,-1210.918533
67.57,126.946867,418.876667,-1371.838867,-1447.918533
67.58,94.946867,450.876667,-1392.838867,-1736.918533
67.59,70.946867,457.876667,-1373.838867,-2075.918533
67.60,52.946867,411.876667,-1305.838867,-2437.918533
67.61,38.946867,324.876667,-1178.838867,-2805.918533
67.62,15.946867,204.876667,-1032.838867,-3147.918533
67.63,-6.053133,70.876667,-880.838867,-3418.918533
67.64,-33.053133,-41.123333,-779.838867,-3576.918533
67.65,-47.053133,-102.123333,-764.838867,-3606.918533
67.66,-35.053133,-132.123333,-848.838867,-3519.918533
67.67,-5.053133,-143.123333,-995.838867,-3361.918533
67.68,26.946867,-181.123333,-1164.838867,-3163.918533
67.69,65.946867,-257.123333,-1312.838867,-2944.918533
67.70,113.946867,-384.123333,-1410.838867,-2723.918533
67.71,168.946867,-544.123333,-1436.838867,-2532.918533
67.72,220.946867,-722.123333,-1405.838867,-2372.918533
67.73,250.946867,-883.123333,-1315.838867,-2210.918533
67.74,256.946867,-999.123333,-1174.838867,-1990.918533
67.75,223.946867,-1067.123333,-1039.838867,-1672.918533
67.76,177.946867,-1108.123333,-929.838867,-1213.918533
67.77,133.946867,-1121.123333,-848.838867,-621.918533
67.78,101.946867,-1130.123333,-837.838867,59.081467
67.79,77.946867,-1138.123333,-873.838867,804.081467
67.80,50.946867,-1127.123333,-957.838867,1582.081467
67.81,19.946867,-1077.123333,-1078.838867,2374.081467
67.82,-28.053133,-1006.123333,-1243.838867,3146.081467
67.83,-71.053133,-922.123333,-1433.838867,3888.081467
67.84,-100.053133,-832.123333,-1612.838867,4547.081467
67.85,-115.053133,-752.123333,-1762.838867,5064.081467
67.86,-122.053133,-703.123333,-1819.838867,5412.081467
67.87,-102.053133,-674.123333,-1772.838867,5606.081467
67.88,-68.053133,-690.123333,-1573.838867,5691.081467
67.89,-43.053133,-711.123333,-1254.838867,5730.081467
67.90,-33.053133,-765.123333,-898.838867,5772.081467
67.91,-38.053133,-804.123333,-579.838867,5803.081467
67.92,-48.053133,-791.123333,-332.838867,5756.081467
67.93,-53.053133,-744.123333,-202.838867,5580.081467
67.94,-41.053133,-648.123333,-183.838867,5265.081467
67.95,-18.053133,-540.123333,-231.838867,4821.081467
67.96,13.946867,-459.123333,-309.838867,4305.081467
67.97,47.946867,-418.123333,-406.838867,3782.081467
67.98,90.946867,-427.123333,-542.838867,3284.081467
67.99,124.946867,-496.123333,-705.838867,2800.081467
68.00,163.946867,-568.123333,-898.838867,2300.081467
68.01,179.946867,-638.123333,-1119.838867,1777.081467
68.02,199.946867,-684.123333,-1350.838867,1259.081467
68.03,222.946867,-720.123333,-1521.838867,747.081467
68.04,254.946867,-763.123333,-1639.838867,230.081467
68.05,285.946867,-823.123333,-1712.838867,-292.918533
68.06,308.946867,-887.123333,-1753.838867,-823.918533
68.07,319.946867,-926.123333,-1793.838867,-1353.918533
68.08,319.946867,-919.123333,-1848.838867,-1847.918533
68.09,318.946867,-841.123333,-1923.838867,-2279.918533
68.10,329.946867,-700.123333,-2002.838867,-2645.918533
68.11,336.946867,-527.123333,-2058.838867,-2935.918533
68.12,351.946867,-360.123333,-2075.838867,-3154.918533
68.13,359.946867,-231.123333,-2039.838867,-3346.918533
68.14,354.946867,-154.123333,-1959.838867,-3520.918533
68.15,343.946867,-119.123333,-1824.838867,-3675.918533
68.16,335.946867,-130.123333,-1664.838867,-3782.918533
68.17,314.946867,-188.123333,-1469.838867,-3806.918533
68.18,301.946867,-290.123333,-1235.838867,-3756.918533
68.19,274.946867,-453.123333,-970.838867,-3656.918533
68.20,243.946867,-663.123333,-681.838867,-3536.918533
68.21,214.946867,-896.123333,-430.838867,-3396.918533
68.22,191.946867,-1148.123333,-258.838867,-3214.918533
68.23,177.946867,-1370.123333,-193.838867,-2972.918533
68.24,161.946867,-1546.123333,-245.838867,-2681.918533
68.25,148.946867,-1651.123333,-341.838867,-2372.918533
68.26,139.946867,-1668.123333,-450.838867,-2060.918533
68.27,126.946867,-1612.123333,-522.838867,-1782.918533
68.28,115.946867,-1500.123333,-561.838867,-1560.918533
68.29,87.946867,-1342.123333,-557.838867,-1418.918533
68.30,50.946867,-1178.123333,-570.838867,-1340.918533
68.31,15.946867,-1022.123333,-641.838867,-1303.918533
68.32,-11.053133,-876.123333,-746.838867,-1255.918533
68.33,-35.053133,-755.123333,-901.838867,-1186.918533
68.34,-25.053133,-646.123333,-1031.838867,-1070.918533
68.35,-14.053133,-560.123333,-1127.838867,-895.918533
68.36,-4.053133,-490.123333,-1179.838867,-647.918533
68.37,-11.053133,-439.123333,-1196.838867,-371.918533
68.38,-18.053133,-419.123333,-1201.838867,-108.918533
68.39,-38.053133,-433.123333,-1181.838867,111.081467
68.40,-47.053133,-480.123333,-1159.838867,311.081467
68.41,-63.053133,-561.123333,-1129.838867,556.081467
68.42,-67.053133,-696.123333,-1114.838867,904.081467
68.43,-86.053133,-878.123333,-1128.838867,1355.081467
68.44,-95.053133,-1096.123333,-1177.838867,1877.081467
68.45,-101.053133,-1321.123333,-1251.838867,2370.081467
68.46,-99.053133,-1540.123333,-1320.838867,2756.081467
68.47,-98.053133,-1729.123333,-1359.838867,2984.081467
68.48,-97.053133,-1866.123333,-1313.838867,3051.081467
68.49,-115.053133,-1971.123333,-1214.838867,2984.081467
68.50,-141.053133,-2016.123333,-1046.838867,2862.081467
68.51,-183.053133,-2002.123333,-886.838867,2744.081467
68.52,-239.053133,-1913.123333,-779.838867,2665.081467
68.53,-307.053133,-1733.123333,-746.838867,2631.081467
68.54,-372.053133,-1468.123333,-771.838867,2619.081467
68.55,-420.053133,-1160.123333,-813.838867,2594.081467
68.56,-453.053133,-840.123333,-804.838867,2554.081467
68.57,-477.053133,-545.123333,-706.838867,2502.081467
68.58,-487.053133,-294.123333,-547.838867,2441.081467
68.59,-495.053133,-101.123333,-348.838867,2395.081467
68.60,-509.053133,54.876667,-212.838867,2377.081467
68.61,-522.053133,183.876667,-159.838867,2360.081467
68.62,-513.053133,320.876667,-220.838867,2313.081467
68.63,-480.053133,471.876667,-378.838867,2241.081467
68.64,-426.053133,631.876667,-614.838867,2179.081467
68.65,-356.053133,763.876667,-881.838867,2164.081467
68.66,-285.053133,814.876667,-1132.838867,2191.081467
68.67,-210.053133,762.876667,-1321.838867,2259.081467
68.68,-150.053133,611.876667,-1418.838867,2360.081467
68.69,-97.053133,377.876667,-1453.838867,2478.081467
68.70,-50.053133,80.876667,-1457.838867,2595.081467
68.71,-10.053133,-206.123333,-1457.838867,2684.081467
68.72,27.946867,-445.123333,-1490.838867,2710.081467
68.73,63.946867,-618.123333,-1573.838867,2659.081467
68.74,93.946867,-741.123333,-1662.838867,2555.081467
68.75,114.946867,-844.123333,-1752.838867,2428.081467
68.76,137.946867,-939.123333,-1796.838867,2304.081467
68.77,149.946867,-1030.123333,-1755.838867,2194.081467
68.78,148.946867,-1098.123333,-1642.838867,2082.081467
68.79,118.946867,-1133.123333,-1501.838867,1954.081467
68.80,74.946867,-1108.123333,-1332.838867,1779.081467
68.81,42.946867,-1017.123333,-1200.838867,1534.081467
68.82,25.946867,-886.123333,-1097.838867,1219.081467
68.83,18.946867,-724.123333,-1033.838867,834.081467
68.84,32.946867,-578.123333,-1001.838867,385.081467
68.85,41.946867,-473.123333,-937.838867,-89.918533
68.86,56.946867,-397.123333,-852.838867,-525.918533
68.87,53.946867,-361.123333,-764.838867,-865.918533
68.88,57.946867,-369.123333,-703.838867,-1065.918533
68.89,57.946867,-406.123333,-685.838867,-1121.918533
68.90,61.946867,-474.123333,-750.838867,-1056.918533
68.91,77.946867,-548.123333,-879.838867,-910.918533
68.92,102.946867,-600.123333,-1055.838867,-726.918533
68.93,133.946867,-622.123333,-1230.838867,-549.918533
68.94,165.946867,-612.123333,-1361.838867,-385.918533
68.95,177.946867,-587.123333,-1418.838867,-227.918533
68.96,183.946867,-563.123333,-1418.838867,-64.918533
68.97,183.946867,-538.123333,-1363.838867,124.081467
68.98,176.946867,-506.123333,-1291.838867,337.081467
68.99,179.946867,-451.123333,-1188.838867,575.081467
69.00,171.946867,-366.123333,-1090.838867,825.081467
69.01,155.946867,-216.123333,-982.838867,1083.081467
69.02,128.946867,-20.123333,-874.838867,1340.081467
69.03,96.946867,211.876667,-747.838867,1590.081467
69.04,56.946867,442.876667,-595.838867,1813.081467
69.05,6.946867,640.876667,-421.838867,1995.081467
69.06,-59.053133,765.876667,-229.838867,2147.081467
69.07,-137.053133,805.876667,-61.838867,2264.081467
69.08,-217.053133,778.876667,18.161133,2340.081467
69.09,-281.053133,707.876667,-24.838867,2354.081467
69.10,-324.053133,602.876667,-217.838867,2289.081467
69.11,-345.053133,489.876667,-540.838867,2139.081467
69.12,-330.053133,402.876667,-942.838867,1895.081467
69.13,-303.053133,339.876667,-1362.838867,1559.081467
69.14,-259.053133,303.876667,-1765.838867,1136.081467
69.15,-228.053133,256.876667,-2126.838867,640.081467
69.16,-195.053133,168.876667,-2454.838867,86.081467
69.17,-182.053133,30.876667,-2705.838867,-497.918533
69.18,-158.053133,-147.123333,-2881.838867,-1109.918533
69.19,-123.053133,-344.123333,-2995.838867,-1732.918533
69.20,-91.053133,-518.123333,-3027.838867,-2337.918533
69.21,-66.053133,-639.123333,-2957.838867,-2909.918533
69.22,-42.053133,-707.123333,-2814.838867,-3409.918533
69.23,-36.053133,-722.123333,-2611.838867,-3821.918533
69.24,-29.053133,-715.123333,-2407.838867,-4168.918533
69.25,-26.053133,-715.123333,-2242.838867,-4489.918533
69.26,-12.053133,-721.123333,-2134.838867,-4829.918533
69.27,5.946867,-738.123333,-2103.838867,-5229.918533
69.28,43.946867,-727.123333,-2115.838867,-5680.918533
69.29,74.946867,-670.123333,-2163.838867,-6150.918533
69.30,111.946867,-564.123333,-2194.838867,-6570.918533
69.31,136.946867,-431.123333,-2173.838867,-6894.918533
69.32,140.946867,-299.123333,-2098.838867,-7115.918533
69.33,113.946867,-221.123333,-1947.838867,-7239.918533
69.34,85.946867,-195.123333,-1736.838867,-7271.918533
69.35,39.946867,-239.123333,-1515.838867,-7210.918533
69.36,-12.053133,-333.123333,-1331.838867,-7061.918533
69.37,-73.053133,-472.123333,-1221.838867,-6839.918533
69.38,-125.053133,-622.123333,-1200.838867,-6602.918533
69.39,-162.053133,-768.123333,-1250.838867,-6400.918533
69.40,-181.053133,-909.123333,-1355.838867,-6259.918533
69.41,-200.053133,-1020.123333,-1477.838867,-6187.918533
69.42,-215.053133,-1079.123333,-1590.838867,-6178.918533
69.43,-246.053133,-1085.123333,-1661.838867,-6215.918533
69.44,-280.053133,-1036.123333,-1643.838867,-6273.918533
69.45,-310.053133,-928.123333,-1564.838867,-6323.918533
69.46,-330.053133,-781.123333,-1456.838867,-6335.918533
69.47,-324.053133,-591.123333,-1336.838867,-6303.918533
69.48,-313.053133,-355.123333,-1249.838867,-6275.918533
69.49,-286.053133,-108.123333,-1163.838867,-6284.918533
69.50,-246.053133,158.876667,-1080.838867,-6370.918533
69.51,-195.053133,404.876667,-966.838867,-6541.918533
69.52,-143.053133,608.876667,-814.838867,-6759.918533
69.53,-93.053133,770.876667,-659.838867,-6986.918533
69.54,-55.053133,873.876667,-500.838867,-7193.918533
69.55,-38.053133,926.876667,-346.838867,-7358.918533
69.56,-34.053133,958.876667,-228.838867,-7485.918533
69.57,-39.053133,968.876667,-176.838867,-7573.918533
69.58,-56.053133,945.876667,-190.838867,-7647.918533
69.59,-65.053133,892.876667,-250.838867,-7710.918533
69.60,-79.053133,796.876667,-372.838867,-7789.918533
69.61,-103.053133,635.876667,-529.838867,-7905.918533
69.62,-118.053133,438.876667,-674.838867,-8070.918533
69.63,-148.053133,207.876667,-800.838867,-8303.918533
69.64,-181.053133,-19.123333,-883.838867,-8598.918533
69.65,-230.053133,-214.123333,-911.838867,-8915.918533
69.66,-282.053133,-349.123333,-912.838867,-9187.918533
69.67,-329.053133,-428.123333,-898.838867,-9346.918533
69.68,-375.053133,-440.123333,-904.838867,-9308.918533
69.69,-386.053133,-415.123333,-923.838867,-9040.918533
69.70,-375.053133,-368.123333,-955.838867,-8542.918533
69.71,-348.053133,-308.123333,-1002.838867,-7849.918533
69.72,-309.053133,-220.123333,-1031.838867,-7042.918533
69.73,-274.053133,-133.123333,-1075.838867,-6198.918533
69.74,-244.053133,-49.123333,-1116.838867,-5366.918533
69.75,-202.053133,27.876667,-1207.838867,-4561.918533
69.76,-145.053133,61.876667,-1318.838867,-3788.918533
69.77,-69.053133,50.876667,-1464.838867,-3039.918533
69.78,22.946867,-3.123333,-1603.838867,-2305.918533
69.79,115.946867,-82.123333,-1715.838867,-1600.918533
69.80,204.946867,-173.123333,-1754.838867,-930.918533
69.81,269.946867,-228.123333,-1694.838867,-285.918533
69.82,310.946867,-244.123333,-1560.838867,349.081467
69.83,315.946867,-224.123333,-1386.838867,1017.081467
69.84,290.946867,-181.123333,-1237.838867,1758.081467
69.85,249.946867,-155.123333,-1155.838867,2579.081467
69.86,200.946867,-164.123333,-1174.838867,3464.081467
69.87,155.946867,-227.123333,-1273.838867,4349.081467
69.88,104.946867,-341.123333,-1421.838867,5161.081467
69.89,62.946867,-492.123333,-1586.838867,5804.081467
69.90,22.946867,-668.123333,-1742.838867,6238.081467
69.91,-12.053133,-898.123333,-1856.838867,6485.081467
69.92,-38.053133,-1135.123333,-1935.838867,6568.081467
69.93,-58.053133,-1386.123333,-1951.838867,6512.081467
69.94,-60.053133,-1626.123333,-1908.838867,6342.081467
69.95,-56.053133,-1847.123333,-1825.838867,6092.081467
69.96,-45.053133,-2001.123333,-1739.838867,5800.081467
69.97,-34.053133,-2082.123333,-1641.838867,5504.081467
69.98,-18.053133,-2066.123333,-1546.838867,5210.081467
69.99,5.946867,-1986.123333,-1444.838867,4935.081467
70.00,21.946867,-1850.123333,-1311.838867,4711.081467
70.01,39.946867,-1666.123333,-1179.838867,4564.081467
70.02,49.946867,-1463.123333,-995.838867,4524.081467
70.03,74.946867,-1229.123333,-799.838867,4588.081467
70.04,100.946867,-981.123333,-585.838867,4741.081467
70.05,128.946867,-740.123333,-364.838867,4967.081467
70.06,155.946867,-515.123333,-176.838867,5240.081467
70.07,177.946867,-321.123333,-45.838867,5540.081467
70.08,186.946867,-166.123333,19.161133,5828.081467
70.09,211.946867,-70.123333,-18.838867,6055.081467
70.10,238.946867,-28.123333,-119.838867,6200.081467
70.11,261.946867,-24.123333,-289.838867,6251.081467
70.12,284.946867,-53.123333,-493.838867,6213.081467
70.13,301.946867,-88.123333,-703.838867,6100.081467
70.14,306.946867,-106.123333,-883.838867,5917.081467
70.15,308.946867,-123.123333,-1036.838867,5688.081467
70.16,282.946867,-113.123333,-1176.838867,5441.081467
70.17,252.946867,-122.123333,-1300.838867,5193.081467
70.18,211.946867,-157.123333,-1414.838867,4944.081467
70.19,190.946867,-216.123333,-1531.838867,4687.081467
70.20,189.946867,-292.123333,-1613.838867,4405.081467
70.21,191.946867,-376.123333,-1668.838867,4087.081467
70.22,201.946867,-470.123333,-1677.838867,3733.081467
70.23,192.946867,-575.123333,-1656.838867,3339.081467
70.24,169.946867,-678.123333,-1607.838867,2945.081467
70.25,154.946867,-805.123333,-1529.838867,2570.081467
70.26,147.946867,-943.123333,-1408.838867,2246.081467
70.27,152.946867,-1080.123333,-1229.838867,2016.081467
70.28,159.946867,-1212.123333,-997.838867,1938.081467
70.29,164.946867,-1305.123333,-683.838867,2060.081467
70.30,173.946867,-1331.123333,-304.838867,2406.081467
70.31,162.946867,-1276.123333,68.161133,2976.081467
70.32,143.946867,-1149.123333,381.161133,3766.081467
70.33,127.946867,-967.123333,548.161133,4714.081467
70.34,111.946867,-781.123333,550.161133,5724.081467
70.35,108.946867,-600.123333,414.161133,6687.081467
70.36,109.946867,-445.123333,172.161133,7514.081467
70.37,124.946867,-316.123333,-111.838867,8189.081467
70.38,130.946867,-218.123333,-399.838867,8748.081467
70.39,116.946867,-180.123333,-676.838867,9234.081467
70.40,90.946867,-207.123333,-940.838867,9641.081467
70.41,48.946867,-304.123333,-1193.838867,9953.081467
70.42,2.946867,-452.123333,-1425.838867,10158.081467
70.43,-30.053133,-627.123333,-1598.838867,10270.081467
70.44,-40.053133,-806.123333,-1720.838867,10309.081467
70.45,-43.053133,-964.123333,-1771.838867,10332.081467
70.46,-55.053133,-1076.123333,-1749.838867,10374.081467
70.47,-88.053133,-1111.123333,-1656.838867,10465.081467
70.48,-131.053133,-1067.123333,-1520.838867,10612.081467
70.49,-171.053133,-959.123333,-1361.838867,10816.081467
70.50,-213.053133,-801.123333,-1192.838867,11067.081467
70.51,-237.053133,-642.123333,-1071.838867,11344.081467
70.52,-252.053133,-501.123333,-982.838867,11602.081467
70.53,-251.053133,-380.123333,-948.838867,11804.081467
70.54,-230.053133,-288.123333,-950.838867,11926.081467
70.55,-204.053133,-218.123333,-1002.838867,11974.081467
70.56,-163.053133,-187.123333,-1096.838867,11949.081467
70.57,-125.053133,-203.123333,-1210.838867,11876.081467
70.58,-79.053133,-275.123333,-1325.838867,11791.081467
70.59,-38.053133,-404.123333,-1426.838867,11705.081467
70.60,-5.053133,-562.123333,-1492.838867,11636.081467
70.61,7.946867,-721.123333,-1503.838867,11589.081467
70.62,18.946867,-863.123333,-1494.838867,11570.081467
70.63,14.946867,-954.123333,-1498.838867,11548.081467
70.64,17.946867,-1032.123333,-1506.838867,11508.081467
70.65,18.946867,-1095.123333,-1526.838867,11430.081467
70.66,32.946867,-1184.123333,-1545.838867,11328.081467
70.67,53.946867,-1310.123333,-1554.838867,11210.081467
70.68,68.946867,-1482.123333,-1540.838867,11088.081467
70.69,89.946867,-1667.123333,-1486.838867,10968.081467
70.70,110.946867,-1855.123333,-1414.838867,10838.081467
70.71,121.946867,-1995.123333,-1318.838867,10685.081467
70.72,130.946867,-2080.123333,-1188.838867,10502.081467
70.73,141.946867,-2103.123333,-1086.838867,10274.081467
70.74,155.946867,-2064.123333,-1004.838867,9996.081467
70.75,168.946867,-1953.123333,-953.838867,9687.081467
70.76,182.946867,-1756.123333,-933.838867,9350.081467
70.77,214.946867,-1497.123333,-895.838867,9004.081467
70.78,221.946867,-1196.123333,-820.838867,8657.081467
70.79,223.946867,-898.123333,-664.838867,8329.081467
70.80,203.946867,-650.123333,-467.838867,8018.081467
70.81,168.946867,-478.123333,-266.838867,7707.081467
70.82,127.946867,-386.123333,-126.838867,7372.081467
70.83,82.946867,-351.123333,-97.838867,7015.081467
70.84,50.946867,-341.123333,-217.838867,6658.081467
70.85,37.946867,-316.123333,-469.838867,6329.081467
70.86,32.946867,-282.123333,-806.838867,6045.081467
70.87,33.946867,-266.123333,-1165.838867,5783.081467
70.88,27.946867,-277.123333,-1513.838867,5523.081467
70.89,5.946867,-338.123333,-1804.838867,5220.081467
70.90,-31.053133,-474.123333,-2005.838867,4850.081467
70.91,-69.053133,-656.123333,-2114.838867,4423.081467
70.92,-111.053133,-850.123333,-2111.838867,3952.081467
70.93,-158.053133,-1013.123333,-2017.838867,3454.081467
70.94,-224.053133,-1116.123333,-1849.838867,2922.081467
70.95,-297.053133,-1143.123333,-1629.838867,2371.081467
70.96,-375.053133,-1113.123333,-1387.838867,1775.081467
70.97,-437.053133,-1048.123333,-1154.838867,1152.081467
70.98,-483.053133,-986.123333,-941.838867,521.081467
70.99,-513.053133,-933.123333,-765.838867,-95.918533
71.00,-537.053133,-916.123333,-650.838867,-667.918533
71.01,-546.053133,-920.123333,-603.838867,-1178.918533
71.02,-533.053133,-916.123333,-656.838867,-1651.918533
71.03,-506.053133,-868.123333,-793.838867,-2115.918533
71.04,-461.053133,-764.123333,-1029.838867,-2608.918533
71.05,-410.053133,-604.123333,-1325.838867,-3125.918533
71.06,-349.053133,-429.123333,-1617.838867,-3625.918533
71.07,-288.053133,-283.123333,-1871.838867,-4068.918533
71.08,-228.053133,-192.123333,-2065.838867,-4413.918533
71.09,-169.053133,-192.123333,-2185.838867,-4631.918533
71.10,-129.053133,-246.123333,-2239.838867,-4698.918533
71.11,-98.053133,-312.123333,-2292.838867,-4648.918533
71.12,-78.053133,-356.123333,-2348.838867,-4511.918533
71.13,-61.053133,-361.123333,-2441.838867,-4342.918533
71.14,-37.053133,-329.123333,-2522.838867,-4182.918533
71.15,-13.053133,-305.123333,-2593.838867,-4066.918533
71.16,7.946867,-304.123333,-2613.838867,-4002.918533
71.17,30.946867,-344.123333,-2537.838867,-3986.918533
71.18,45.946867,-407.123333,-2384.838867,-4019.918533
71.19,49.946867,-479.123333,-2129.838867,-4098.918533
71.20,43.946867,-517.123333,-1803.838867,-4244.918533
71.21,33.946867,-520.123333,-1469.838867,-4471.918533
71.22,15.946867,-476.123333,-1126.838867,-4767.918533
71.23,11.946867,-413.123333,-817.838867,-5124.918533
71.24,0.946867,-368.123333,-564.838867,-5513.918533
71.25,6.946867,-360.123333,-359.838867,-5902.918533
71.26,13.946867,-420.123333,-221.838867,-6264.918533
71.27,20.946867,-546.123333,-123.838867,-6560.918533
71.28,33.946867,-724.123333,-70.838867,-6797.918533
71.29,40.946867,-948.123333,-85.838867,-6960.918533
71.30,41.946867,-1183.123333,-136.838867,-7047.918533
71.31,47.946867,-1409.123333,-243.838867,-7062.918533
71.32,56.946867,-1627.123333,-401.838867,-7016.918533
71.33,65.946867,-1843.123333,-560.838867,-6922.918533
71.34,78.946867,-2032.123333,-691.838867,-6805.918533
71.35,92.946867,-2214.123333,-768.838867,-6704.918533
71.36,78.946867,-2376.123333,-778.838867,-6637.918533
71.37,47.946867,-2510.123333,-764.838867,-6636.918533
71.38,3.946867,-2606.123333,-779.838867,-6712.918533
71.39,-40.053133,-2629.123333,-837.838867,-6854.918533
71.40,-61.053133,-2603.123333,-989.838867,-7058.918533
71.41,-68.053133,-2515.123333,-1196.838867,-7313.918533
71.42,-53.053133,-2371.123333,-1420.838867,-7611.918533
71.43,-21.053133,-2183.123333,-1614.838867,-7924.918533
71.44,13.946867,-1934.123333,-1715.838867,-8236.918533
71.45,39.946867,-1635.123333,-1686.838867,-8545.918533
71.46,54.946867,-1272.123333,-1523.838867,-8850.918533
71.47,55.946867,-877.123333,-1245.838867,-9142.918533
71.48,57.946867,-478.123333,-920.838867,-9412.918533
71.49,64.946867,-99.123333,-575.838867,-9631.918533
71.50,86.946867,223.876667,-311.838867,-9778.918533
71.51,109.946867,466.876667,-162.838867,-9821.918533
71.52,143.946867,645.876667,-159.838867,-9753.918533
71.53,173.946867,739.876667,-277.838867,-9578.918533
71.54,202.946867,760.876667,-469.838867,-9337.918533
71.55,228.946867,692.876667,-673.838867,-9070.918533
71.56,240.946867,544.876667,-835.838867,-8813.918533
71.57,228.946867,320.876667,-930.838867,-8592.918533
71.58,220.946867,49.876667,-992.838867,-8425.918533
71.59,206.946867,-254.123333,-1005.838867,-8310.918533
71.60,190.946867,-525.123333,-1024.838867,-8224.918533
71.61,155.946867,-718.123333,-1064.838867,-8141.918533
71.62,127.946867,-804.123333,-1132.838867,-8037.918533
71.63,87.946867,-788.123333,-1223.838867,-7912.918533
71.64,57.946867,-696.123333,-1321.838867,-7794.918533
71.65,41.946867,-562.123333,-1399.838867,-7707.918533
71.66,38.946867,-421.123333,-1417.838867,-7638.918533
71.67,52.946867,-313.123333,-1354.838867,-7566.918533
71.68,79.946867,-233.123333,-1178.838867,-7486.918533
71.69,102.946867,-169.123333,-898.838867,-7404.918533
71.70,116.946867,-125.123333,-547.838867,-7334.918533
71.71,132.946867,-92.123333,-144.838867,-7279.918533
71.72,141.946867,-84.123333,235.161133,-7240.918533
71.73,159.946867,-97.123333,558.161133,-7202.918533
71.74,192.946867,-111.123333,776.161133,-7148.918533
71.75,242.946867,-122.123333,843.161133,-7041.918533
71.76,304.946867,-105.123333,772.161133,-6852.918533
71.77,377.946867,-44.123333,554.161133,-6574.918533
71.78,446.946867,37.876667,235.161133,-6247.918533
71.79,511.946867,124.876667,-132.838867,-5919.918533
71.80,560.946867,184.876667,-475.838867,-5645.918533
71.81,585.946867,199.876667,-771.838867,-5461.918533
71.82,598.946867,161.876667,-1005.838867,-5357.918533
71.83,597.946867,66.876667,-1187.838867,-5304.918533
71.84,583.946867,-67.123333,-1348.838867,-5240.918533
71.85,570.946867,-235.123333,-1502.838867,-5146.918533
71.86,568.946867,-441.123333,-1630.838867,-5032.918533
71.87,563.946867,-663.123333,-1718.838867,-4933.918533
71.88,559.946867,-886.123333,-1752.838867,-4898.918533
71.89,539.946867,-1082.123333,-1708.838867,-4945.918533
71.90,498.946867,-1232.123333,-1591.838867,-5077.918533
71.91,460.946867,-1315.123333,-1449.838867,-5270.918533
71.92,406.946867,-1328.123333,-1281.838867,-5501.918533
71.93,359.946867,-1277.123333,-1101.838867,-5752.918533
71.94,309.946867,-1182.123333,-890.838867,-6012.918533
71.95,272.946867,-1051.123333,-631.838867,-6266.918533
71.96,229.946867,-911.123333,-311.838867,-6491.918533
71.97,191.946867,-768.123333,27.161133,-6668.918533
71.98,150.946867,-603.123333,358.161133,-6803.918533
71.99,115.946867,-424.123333,632.161133,-6932.918533
72.00,83.946867,-196.123333,792.161133,-7095.918533
72.01,62.946867,60.876667,820.161133,-7307.918533
72.02,63.946867,317.876667,707.161133,-7583.918533
72.03,76.946867,523.876667,493.161133,-7932.918533
72.04,109.946867,636.876667,212.161133,-8332.918533
72.05,158.946867,647.876667,-96.838867,-8750.918533
72.06,194.946867,573.876667,-389.838867,-9117.918533
72.07,226.946867,451.876667,-644.838867,-9364.918533
72.08,248.946867,326.876667,-846.838867,-9437.918533
72.09,257.946867,232.876667,-966.838867,-9323.918533
72.10,249.946867,166.876667,-1003.838867,-9046.918533
72.11,230.946867,138.876667,-928.838867,-8626.918533
72.12,195.946867,125.876667,-778.838867,-8109.918533
72.13,143.946867,107.876667,-612.838867,-7536.918533
72.14,84.946867,102.876667,-466.838867,-6956.918533
72.15,28.946867,110.876667,-380.838867,-6408.918533
72.16,-25.053133,131.876667,-341.838867,-5920.918533
72.17,-58.053133,176.876667,-342.838867,-5513.918533
72.18,-90.053133,235.876667,-355.838867,-5200.918533
72.19,-115.053133,274.876667,-348.838867,-4987.918533
72.20,-146.053133,281.876667,-338.838867,-4877.918533
72.21,-189.053133,251.876667,-337.838867,-4854.918533
72.22,-224.053133,182.876667,-366.838867,-4892.918533
72.23,-250.053133,98.876667,-410.838867,-4966.918533
72.24,-276.053133,24.876667,-459.838867,-5042.918533
72.25,-289.053133,-29.123333,-466.838867,-5100.918533
72.26,-297.053133,-40.123333,-432.838867,-5109.918533
72.27,-297.053133,-24.123333,-356.838867,-5050.918533
72.28,-313.053133,4.876667,-264.838867,-4915.918533
72.29,-329.053133,29.876667,-188.838867,-4692.918533
72.30,-339.053133,65.876667,-163.838867,-4375.918533
72.31,-349.053133,114.876667,-207.838867,-3979.918533
72.32,-357.053133,163.876667,-328.838867,-3511.918533
72.33,-368.053133,227.876667,-499.838867,-2981.918533
72.34,-368.053133,283.876667,-731.838867,-2404.918533
72.35,-367.053133,321.876667,-954.838867,-1791.918533
72.36,-359.053133,334.876667,-1138.838867,-1140.918533
72.37,-359.053133,337.876667,-1268.838867,-431.918533
72.38,-367.053133,324.876667,-1317.838867,333.081467
72.39,-383.053133,298.876667,-1298.838867,1172.081467
72.40,-405.053133,244.876667,-1232.838867,2072.081467
72.41,-412.053133,148.876667,-1131.838867,3021.081467
72.42,-413.053133,25.876667,-993.838867,3990.081467
72.43,-407.053133,-130.123333,-811.838867,4935.081467
72.44,-400.053133,-285.123333,-570.838867,5812.081467
72.45,-391.053133,-429.123333,-296.838867,6580.081467
72.46,-397.053133,-525.123333,-7.838867,7214.081467
72.47,-417.053133,-565.123333,269.161133,7719.081467
72.48,-443.053133,-543.123333,454.161133,8085.081467
72.49,-468.053133,-474.123333,479.161133,8343.081467
72.50,-493.053133,-361.123333,326.161133,8523.081467
72.51,-497.053133,-220.123333,-6.838867,8636.081467
72.52,-472.053133,-64.123333,-465.838867,8694.081467
72.53,-436.053133,85.876667,-954.838867,8716.081467
72.54,-398.053133,207.876667,-1398.838867,8717.081467
72.55,-361.053133,284.876667,-1769.838867,8708.081467
72.56,-350.053133,279.876667,-2008.838867,8691.081467
72.57,-342.053133,220.876667,-2183.838867,8653.081467
72.58,-340.053133,135.876667,-2277.838867,8602.081467
72.59,-328.053133,78.876667,-2309.838867,8521.081467
72.60,-315.053133,88.876667,-2295.838867,8413.081467
72.61,-304.053133,183.876667,-2234.838867,8258.081467
72.62,-299.053133,324.876667,-2098.838867,8026.081467
72.63,-302.053133,463.876667,-1933.838867,7702.081467
72.64,-319.053133,573.876667,-1745.838867,7279.081467
72.65,-337.053133,633.876667,-1591.838867,6760.081467
72.66,-344.053133,639.876667,-1473.838867,6161.081467
72.67,-333.053133,619.876667,-1408.838867,5497.081467
72.68,-306.053133,577.876667,-1374.838867,4801.081467
72.69,-266.053133,538.876667,-1354.838867,4095.081467
72.70,-237.053133,486.876667,-1310.838867,3419.081467
72.71,-200.053133,409.876667,-1231.838867,2791.081467
72.72,-170.053133,297.876667,-1121.838867,2218.081467
72.73,-146.053133,155.876667,-957.838867,1674.081467
72.74,-125.053133,-30.123333,-762.838867,1132.081467
72.75,-118.053133,-247.123333,-575.838867,577.081467
72.76,-121.053133,-487.123333,-416.838867,9.081467
72.77,-125.053133,-724.123333,-358.838867,-566.918533
72.78,-116.053133,-935.123333,-407.838867,-1124.918533
72.79,-108.053133,-1095.123333,-531.838867,-1616.918533
72.80,-93.053133,-1203.123333,-754.838867,-1991.918533
72.81,-75.053133,-1248.123333,-1007.838867,-2221.918533
72.82,-53.053133,-1235.123333,-1297.838867,-2303.918533
72.83,-40.053133,-1186.123333,-1579.838867,-2268.918533
72.84,-31.053133,-1111.123333,-1826.838867,-2137.918533
72.85,-36.053133,-1022.123333,-2045.838867,-1961.918533
72.86,-49.053133,-943.123333,-2229.838867,-1791.918533
72.87,-68.053133,-864.123333,-2356.838867,-1674.918533
72.88,-93.053133,-804.123333,-2450.838867,-1648.918533
72.89,-123.053133,-751.123333,-2500.838867,-1709.918533
72.90,-162.053133,-709.123333,-2516.838867,-1839.918533
72.91,-184.053133,-679.123333,-2474.838867,-1999.918533
72.92,-201.053133,-691.123333,-2382.838867,-2142.918533
72.93,-215.053133,-749.123333,-2224.838867,-2217.918533
72.94,-224.053133,-860.123333,-2048.838867,-2184.918533
72.95,-235.053133,-1038.123333,-1863.838867,-2021.918533
72.96,-255.053133,-1249.123333,-1740.838867,-1699.918533
72.97,-258.053133,-1452.123333,-1714.838867,-1247.918533
72.98,-253.053133,-1626.123333,-1771.838867,-708.918533
72.99,-245.053133,-1757.123333,-1895.838867,-116.918533
73.00,-212.053133,-1840.123333,-2059.838867,519.081467
73.01,-185.053133,-1877.123333,-2222.838867,1212.081467
73.02,-164.053133,-1874.123333,-2334.838867,1965.081467
73.03,-145.053133,-1833.123333,-2391.838867,2770.081467
73.04,-133.053133,-1755.123333,-2412.838867,3613.081467
73.05,-122.053133,-1635.123333,-2429.838867,4480.081467
73.06,-113.053133,-1483.123333,-2492.838867,5349.081467
73.07,-108.053133,-1290.123333,-2617.838867,6205.081467
73.08,-95.053133,-1073.123333,-2803.838867,7009.081467
73.09,-74.053133,-852.123333,-3006.838867,7754.081467
73.10,-47.053133,-640.123333,-3170.838867,8456.081467
73.11,-32.053133,-447.123333,-3254.838867,9140.081467
73.12,-22.053133,-284.123333,-3229.838867,9838.081467
73.13,-26.053133,-134.123333,-3092.838867,10560.081467
73.14,-40.053133,-22.123333,-2919.838867,11272.081467
73.15,-50.053133,70.876667,-2735.838867,11938.081467
73.16,-49.053133,136.876667,-2558.838867,12525.081467
73.17,-28.053133,179.876667,-2416.838867,13040.081467
73.18,9.946867,222.876667,-2297.838867,13494.081467
73.19,47.946867,257.876667,-2210.838867,13893.081467
73.20,82.946867,268.876667,-2136.838867,14233.081467
73.21,114.946867,264.876667,-2032.838867,14506.081467
73.22,142.946867,226.876667,-1888.838867,14709.081467
73.23,170.946867,159.876667,-1680.838867,14841.081467
73.24,188.946867,67.876667,-1427.838867,14890.081467
73.25,191.946867,-49.123333,-1162.838867,14821.081467
73.26,188.946867,-171.123333,-912.838867,14640.081467
73.27,163.946867,-285.123333,-717.838867,14366.081467
73.28,127.946867,-380.123333,-597.838867,14023.081467
73.29,89.946867,-473.123333,-536.838867,13640.081467
73.30,60.946867,-566.123333,-501.838867,13273.081467
73.31,26.946867,-723.123333,-469.838867,12942.081467
73.32,3.946867,-929.123333,-416.838867,12641.081467
73.33,-17.053133,-1188.123333,-381.838867,12312.081467
73.34,-43.053133,-1459.123333,-338.838867,11927.081467
73.35,-69.053133,-1696.123333,-330.838867,11499.081467
73.36,-83.053133,-1870.123333,-342.838867,11076.081467
73.37,-85.053133,-1949.123333,-415.838867,10707.081467
73.38,-83.053133,-1941.123333,-537.838867,10421.081467
73.39,-71.053133,-1867.123333,-696.838867,10217.081467
73.40,-52.053133,-1774.123333,-877.838867,10077.081467
73.41,-18.053133,-1714.123333,-1006.838867,9975.081467
73.42,15.946867,-1690.123333,-1085.838867,9897.081467
73.43,48.946867,-1733.123333,-1106.838867,9842.081467
73.44,70.946867,-1828.123333,-1093.838867,9798.081467
73.45,93.946867,-1947.123333,-1102.838867,9771.081467
73.46,109.946867,-2070.123333,-1147.838867,9731.081467
73.47,143.946867,-2170.123333,-1241.838867,9644.081467
73.48,184.946867,-2232.123333,-1369.838867,9471.081467
73.49,229.946867,-2242.123333,-1521.838867,9192.081467
73.50,271.946867,-2187.123333,-1665.838867,8811.081467
73.51,300.946867,-2043.123333,-1785.838867,8367.081467
73.52,310.946867,-1815.123333,-1877.838867,7909.081467
73.53,308.946867,-1510.123333,-1907.838867,7464.081467
73.54,294.946867,-1152.123333,-1896.838867,7052.081467
73.55,275.946867,-769.123333,-1861.838867,6661.081467
73.56,251.946867,-416.123333,-1798.838867,6294.081467
73.57,204.946867,-105.123333,-1728.838867,5932.081467
73.58,168.946867,147.876667,-1667.838867,5544.081467
73.59,125.946867,334.876667,-1612.838867,5136.081467
73.60,94.946867,444.876667,-1551.838867,4718.081467
73.61,74.946867,452.876667,-1496.838867,4314.081467
73.62,75.946867,382.876667,-1437.838867,3926.081467
73.63,72.946867,224.876667,-1352.838867,3578.081467
73.64,67.946867,-0.123333,-1242.838867,3288.081467
73.65,57.946867,-250.123333,-1127.838867,3078.081467
73.66,38.946867,-505.123333,-1040.838867,2968.081467
73.67,8.946867,-728.123333,-989.838867,2974.081467
73.68,-16.053133,-886.123333,-977.838867,3089.081467
73.69,-23.053133,-969.123333,-1012.838867,3296.081467
73.70,-10.053133,-986.123333,-1051.838867,3553.081467
73.71,6.946867,-960.123333,-1087.838867,3821.081467
73.72,28.946867,-882.123333,-1051.838867,4066.081467
73.73,44.946867,-798.123333,-936.838867,4258.081467
73.74,49.946867,-707.123333,-730.838867,4395.081467
73.75,38.946867,-611.123333,-473.838867,4466.081467
73.76,13.946867,-499.123333,-216.838867,4482.081467
73.77,-10.053133,-375.123333,-10.838867,4468.081467
73.78,-33.053133,-231.123333,115.161133,4466.081467
73.79,-42.053133,-63.123333,145.161133,4511.081467
73.80,-30.053133,106.876667,117.161133,4614.081467
73.81,-11.053133,251.876667,70.161133,4765.081467
73.82,7.946867,353.876667,52.161133,4945.081467
73.83,19.946867,386.876667,78.161133,5121.081467
73.84,33.946867,367.876667,157.161133,5271.081467
73.85,39.946867,326.876667,241.161133,5360.081467
73.86,56.946867,260.876667,337.161133,5359.081467
73.87,87.946867,200.876667,424.161133,5259.081467
73.88,127.946867,146.876667,489.161133,5038.081467
73.89,158.946867,106.876667,532.161133,4714.081467
73.90,186.946867,50.876667,592.161133,4319.081467
73.91,223.946867,-15.123333,668.161133,3893.081467
73.92,240.946867,-124.123333,743.161133,3479.081467
73.93,230.946867,-274.123333,792.161133,3100.081467
73.94,217.946867,-439.123333,795.161133,2786.081467
73.95,212.946867,-601.123333,741.161133,2540.081467
73.96,205.946867,-762.123333,618.161133,2356.081467
73.97,208.946867,-881.123333,456.161133,2216.081467
73.98,204.946867,-966.123333,267.161133,2108.081467
73.99,207.946867,-981.123333,96.161133,2035.081467
74.00,203.946867,-920.123333,-53.838867,1997.081467
74.01,181.946867,-802.123333,-168.838867,1963.081467
74.02,166.946867,-651.123333,-255.838867,1891.081467
74.03,141.946867,-500.123333,-323.838867,1720.081467
74.04,110.946867,-373.123333,-376.838867,1397.081467
74.05,88.946867,-279.123333,-420.838867,891.081467
74.06,69.946867,-214.123333,-452.838867,182.081467
74.07,55.946867,-173.123333,-454.838867,-705.918533
74.08,54.946867,-140.123333,-428.838867,-1718.918533
74.09,52.946867,-149.123333,-360.838867,-2795.918533
74.10,46.946867,-193.123333,-254.838867,-3840.918533
74.11,35.946867,-305.123333,-116.838867,-4763.918533
74.12,20.946867,-469.123333,33.161133,-5483.918533
74.13,-5.053133,-629.123333,151.161133,-5965.918533
74.14,-32.053133,-769.123333,229.161133,-6174.918533
74.15,-58.053133,-829.123333,240.161133,-6113.918533
74.16,-77.053133,-801.123333,204.161133,-5829.918533
74.17,-91.053133,-706.123333,105.161133,-5382.918533
74.18,-106.053133,-572.123333,-20.838867,-4843.918533
74.19,-109.053133,-429.123333,-167.838867,-4287.918533
74.20,-112.053133,-309.123333,-293.838867,-3771.918533
74.21,-108.053133,-199.123333,-418.838867,-3332.918533
74.22,-94.053133,-113.123333,-513.838867,-2984.918533
74.23,-88.053133,-28.123333,-613.838867,-2713.918533
74.24,-69.053133,34.876667,-706.838867,-2500.918533
74.25,-60.053133,42.876667,-803.838867,-2335.918533
74.26,-53.053133,-0.123333,-913.838867,-2214.918533
74.27,-55.053133,-124.123333,-1015.838867,-2136.918533
74.28,-55.053133,-307.123333,-1111.838867,-2101.918533
74.29,-53.053133,-524.123333,-1167.838867,-2090.918533
74.30,-52.053133,-751.123333,-1178.838867,-2104.918533
74.31,-61.053133,-957.123333,-1164.838867,-2134.918533
74.32,-79.053133,-1137.123333,-1148.838867,-2182.918533
74.33,-109.053133,-1282.123333,-1153.838867,-2247.918533
74.34,-136.053133,-1383.123333,-1223.838867,-2342.918533
74.35,-163.053133,-1447.123333,-1348.838867,-2486.918533
74.36,-170.053133,-1477.123333,-1525.838867,-2685.918533
74.37,-142.053133,-1476.123333,-1690.838867,-2927.918533
74.38,-111.053133,-1443.123333,-1789.838867,-3186.918533
74.39,-79.053133,-1384.123333,-1791.838867,-3432.918533
74.40,-58.053133,-1322.123333,-1675.838867,-3622.918533
74.41,-35.053133,-1254.123333,-1498.838867,-3742.918533
74.42,-29.053133,-1164.123333,-1329.838867,-3806.918533
74.43,-10.053133,-1067.123333,-1193.838867,-3828.918533
74.44,20.946867,-970.123333,-1111.838867,-3834.918533
74.45,66.946867,-869.123333,-1073.838867,-3848.918533
74.46,113.946867,-770.123333,-1020.838867,-3898.918533
74.47,151.946867,-666.123333,-914.838867,-3995.918533
74.48,183.946867,-554.123333,-732.838867,-4144.918533
74.49,215.946867,-429.123333,-458.838867,-4351.918533
74.50,223.946867,-296.123333,-144.838867,-4615.918533
74.51,224.946867,-159.123333,134.161133,-4927.918533
74.52,213.946867,-25.123333,321.161133,-5270.918533
74.53,209.946867,75.876667,394.161133,-5608.918533
74.54,208.946867,130.876667,352.161133,-5892.918533
74.55,224.946867,128.876667,225.161133,-6093.918533
74.56,247.946867,45.876667,85.161133,-6176.918533
74.57,276.946867,-103.123333,-46.838867,-6137.918533
74.58,287.946867,-316.123333,-126.838867,-5976.918533
74.59,284.946867,-577.123333,-178.838867,-5720.918533
74.60,252.946867,-858.123333,-204.838867,-5392.918533
74.61,204.946867,-1124.123333,-239.838867,-5003.918533
74.62,145.946867,-1365.123333,-296.838867,-4577.918533
74.63,94.946867,-1539.123333,-370.838867,-4124.918533
74.64,41.946867,-1641.123333,-469.838867,-3690.918533
74.65,-13.053133,-1664.123333,-576.838867,-3312.918533
74.66,-72.053133,-1623.123333,-699.838867,-2998.918533
74.67,-121.053133,-1527.123333,-823.838867,-2759.918533
74.68,-159.053133,-1377.123333,-966.838867,-2607.918533
74.69,-186.053133,-1191.123333,-1107.838867,-2547.918533
74.70,-201.053133,-969.123333,-1205.838867,-2558.918533
74.71,-198.053133,-732.123333,-1238.838867,-2617.918533
74.72,-173.053133,-514.123333,-1218.838867,-2660.918533
74.73,-145.053133,-318.123333,-1105.838867,-2615.918533
74.74,-115.053133,-166.123333,-947.838867,-2436.918533
74.75,-102.053133,-63.123333,-771.838867,-2116.918533
74.76,-90.053133,10.876667,-615.838867,-1682.918533
74.77,-87.053133,67.876667,-505.838867,-1161.918533
74.78,-81.053133,149.876667,-459.838867,-593.918533
74.79,-74.053133,242.876667,-481.838867,-36.918533
74.80,-66.053133,354.876667,-553.838867,457.081467
74.81,-52.053133,473.876667,-641.838867,856.081467
74.82,-37.053133,600.876667,-703.838867,1160.081467
74.83,-28.053133,718.876667,-765.838867,1365.081467
74.84,-25.053133,816.876667,-802.838867,1497.081467
74.85,-21.053133,859.876667,-836.838867,1573.081467
74.86,-29.053133,852.876667,-848.838867,1611.081467
74.87,-30.053133,758.876667,-828.838867,1618.081467
74.88,-41.053133,605.876667,-791.838867,1595.081467
74.89,-56.053133,393.876667,-732.838867,1536.081467
74.90,-65.053133,182.876667,-669.838867,1449.081467
74.91,-80.053133,-0.123333,-635.838867,1334.081467
74.92,-95.053133,-133.123333,-598.838867,1193.081467
74.93,-115.053133,-227.123333,-581.838867,1048.081467
74.94,-126.053133,-324.123333,-608.838867,925.081467
74.95,-130.053133,-431.123333,-673.838867,839.081467
74.96,-131.053133,-568.123333,-792.838867,761.081467
74.97,-113.053133,-708.123333,-946.838867,693.081467
74.98,-88.053133,-830.123333,-1137.838867,638.081467
74.99,-57.053133,-900.123333,-1318.838867,612.081467
75.00,-47.053133,-894.123333,-1461.838867,631.081467
75.01,-44.053133,-817.123333,-1552.838867,690.081467
75.02,-53.053133,-705.123333,-1593.838867,796.081467
75.03,-69.053133,-587.123333,-1583.838867,937.081467
75.04,-84.053133,-480.123333,-1553.838867,1097.081467
75.05,-94.053133,-399.123333,-1499.838867,1260.081467
75.06,-100.053133,-339.123333,-1435.838867,1417.081467
75.07,-105.053133,-277.123333,-1380.838867,1550.081467
75.08,-119.053133,-173.123333,-1341.838867,1659.081467
75.09,-142.053133,-42.123333,-1318.838867,1724.081467
75.10,-158.053133,123.876667,-1306.838867,1741.081467
75.11,-168.053133,276.876667,-1297.838867,1713.081467
75.12,-175.053133,402.876667,-1285.838867,1648.081467
75.13,-170.053133,465.876667,-1271.838867,1560.081467
75.14,-162.053133,460.876667,-1246.838867,1454.081467
75.15,-151.053133,398.876667,-1179.838867,1351.081467
75.16,-142.053133,280.876667,-1092.838867,1254.081467
75.17,-124.053133,139.876667,-966.838867,1195.081467
75.18,-117.053133,-4.123333,-815.838867,1189.081467
75.19,-112.053133,-146.123333,-668.838867,1223.081467
75.20,-98.053133,-266.123333,-576.838867,1266.081467
75.21,-98.053133,-376.123333,-528.838867,1306.081467
75.22,-89.053133,-484.123333,-535.838867,1329.081467
75.23,-70.053133,-591.123333,-583.838867,1340.081467
75.24,-60.053133,-719.123333,-690.838867,1348.081467
75.25,-45.053133,-863.123333,-817.838867,1348.081467
75.26,-23.053133,-1004.123333,-973.838867,1321.081467
75.27,-15.053133,-1152.123333,-1146.838867,1264.081467
75.28,-16.053133,-1269.123333,-1318.838867,1173.081467
75.29,-18.053133,-1321.123333,-1464.838867,1058.081467
75.30,-26.053133,-1322.123333,-1576.838867,918.081467
75.31,-43.053133,-1268.123333,-1665.838867,789.081467
75.32,-46.053133,-1167.123333,-1691.838867,679.081467
75.33,-61.053133,-1031.123333,-1657.838867,588.081467
75.34,-86.053133,-860.123333,-1574.838867,502.081467
75.35,-105.053133,-661.123333,-1436.838867,413.081467
75.36,-119.053133,-415.123333,-1280.838867,307.081467
75.37,-141.053133,-147.123333,-1151.838867,160.081467
75.38,-162.053133,128.876667,-1040.838867,-49.918533
75.39,-192.053133,372.876667,-998.838867,-307.918533
75.40,-203.053133,552.876667,-1030.838867,-589.918533
75.41,-202.053133,645.876667,-1115.838867,-864.918533
75.42,-172.053133,640.876667,-1240.838867,-1099.918533
75.43,-119.053133,571.876667,-1368.838867,-1284.918533
75.44,-70.053133,469.876667,-1460.838867,-1420.918533
75.45,-25.053133,354.876667,-1529.838867,-1525.918533
75.46,0.946867,236.876667,-1549.838867,-1602.918533
75.47,14.946867,143.876667,-1540.838867,-1659.918533
75.48,18.946867,26.876667,-1527.838867,-1710.918533
75.49,23.946867,-104.123333,-1499.838867,-1758.918533
75.50,33.946867,-274.123333,-1487.838867,-1801.918533
75.51,48.946867,-485.123333,-1481.838867,-1814.918533
75.52,62.946867,-708.123333,-1462.838867,-1771.918533
75.53,85.946867,-905.123333,-1413.838867,-1660.918533
75.54,98.946867,-1038.123333,-1318.838867,-1496.918533
75.55,98.946867,-1122.123333,-1190.838867,-1310.918533
75.56,81.946867,-1161.123333,-1031.838867,-1108.918533
75.57,56.946867,-1194.123333,-852.838867,-898.918533
75.58,33.946867,-1235.123333,-710.838867,-686.918533
75.59,6.946867,-1300.123333,-617.838867,-477.918533
75.60,-10.053133,-1355.123333,-567.838867,-271.918533
75.61,-15.053133,-1397.123333,-567.838867,-68.918533
75.62,-8.053133,-1368.123333,-560.838867,145.081467
75.63,-6.053133,-1287.123333,-559.838867,364.081467
75.64,-23.053133,-1158.123333,-526.838867,614.081467
75.65,-38.053133,-1000.123333,-458.838867,878.081467
75.66,-64.053133,-880.123333,-360.838867,1120.081467
75.67,-90.053133,-791.123333,-274.838867,1315.081467
75.68,-112.053133,-759.123333,-217.838867,1453.081467
75.69,-132.053133,-749.123333,-182.838867,1525.081467
75.70,-151.053133,-738.123333,-189.838867,1529.081467
75.71,-169.053133,-704.123333,-259.838867,1478.081467
75.72,-186.053133,-635.123333,-366.838867,1399.081467
75.73,-195.053133,-552.123333,-519.838867,1314.081467
75.74,-196.053133,-456.123333,-706.838867,1228.081467
75.75,-175.053133,-363.123333,-910.838867,1142.081467
75.76,-155.053133,-274.123333,-1112.838867,1066.081467
75.77,-135.053133,-179.123333,-1286.838867,1010.081467
75.78,-119.053133,-62.123333,-1425.838867,979.081467
75.79,-112.053133,88.876667,-1520.838867,964.081467
75.80,-113.053133,269.876667,-1570.838867,919.081467
75.81,-114.053133,453.876667,-1558.838867,809.081467
75.82,-113.053133,618.876667,-1509.838867,615.081467
75.83,-114.053133,747.876667,-1412.838867,358.081467
75.84,-119.053133,823.876667,-1279.838867,52.081467
75.85,-126.053133,850.876667,-1134.838867,-266.918533
75.86,-141.053133,834.876667,-996.838867,-564.918533
75.87,-153.053133,787.876667,-895.838867,-838.918533
75.88,-165.053133,719.876667,-815.838867,-1102.918533
75.89,-164.053133,617.876667,-773.838867,-1371.918533
75.90,-150.053133,483.876667,-769.838867,-1636.918533
75.91,-137.053133,333.876667,-757.838867,-1910.918533
75.92,-113.053133,157.876667,-755.838867,-2202.918533
75.93,-98.053133,-19.123333,-765.838867,-2505.918533
75.94,-91.053133,-187.123333,-791.838867,-2810.918533
75.95,-84.053133,-326.123333,-833.838867,-3099.918533
75.96,-80.053133,-428.123333,-876.838867,-3354.918533
75.97,-83.053133,-515.123333,-931.838867,-3544.918533
75.98,-87.053133,-586.123333,-967.838867,-3651.918533
75.99,-94.053133,-662.123333,-975.838867,-3673.918533
76.00,-92.053133,-746.123333,-959.838867,-3623.918533
76.01,-90.053133,-815.123333,-896.838867,-3502.918533
76.02,-95.053133,-866.123333,-796.838867,-3340.918533
76.03,-107.053133,-874.123333,-679.838867,-3162.918533
76.04,-114.053133,-834.123333,-548.838867,-2980.918533
76.05,-122.053133,-746.123333,-432.838867,-2831.918533
76.06,-119.053133,-642.123333,-347.838867,-2711.918533
76.07,-94.053133,-564.123333,-284.838867,-2598.918533
76.08,-56.053133,-507.123333,-224.838867,-2458.918533
76.09,-11.053133,-492.123333,-157.838867,-2278.918533
76.10,24.946867,-509.123333,-97.838867,-2070.918533
76.11,50.946867,-562.123333,-64.838867,-1841.918533
76.12,63.946867,-625.123333,-80.838867,-1591.918533
76.13,74.946867,-688.123333,-144.838867,-1322.918533
76.14,86.946867,-752.123333,-285.838867,-1040.918533
76.15,85.946867,-825.123333,-490.838867,-728.918533
76.16,92.946867,-907.123333,-711.838867,-386.918533
76.17,99.946867,-1003.123333,-923.838867,-37.918533
76.18,107.946867,-1089.123333,-1091.838867,298.081467
76.19,101.946867,-1146.123333,-1177.838867,587.081467
76.20,82.946867,-1169.123333,-1176.838867,798.081467
76.21,54.946867,-1119.123333,-1130.838867,894.081467
76.22,13.946867,-1018.123333,-1087.838867,829.081467
76.23,-28.053133,-865.123333,-1095.838867,585.081467
76.24,-73.053133,-702.123333,-1193.838867,172.081467
76.25,-98.053133,-546.123333,-1368.838867,-388.918533
76.26,-100.053133,-438.123333,-1622.838867,-1077.918533
76.27,-73.053133,-377.123333,-1903.838867,-1835.918533
76.28,-35.053133,-363.123333,-2148.838867,-2611.918533
76.29,5.946867,-397.123333,-2338.838867,-3339.918533
76.30,21.946867,-445.123333,-2441.838867,-3998.918533
76.31,28.946867,-512.123333,-2474.838867,-4559.918533
76.32,27.946867,-601.123333,-2480.838867,-5003.918533
76.33,36.946867,-721.123333,-2453.838867,-5310.918533
76.34,53.946867,-856.123333,-2417.838867,-5463.918533
76.35,74.946867,-1021.123333,-2372.838867,-5452.918533
76.36,100.946867,-1178.123333,-2265.838867,-5267.918533
76.37,127.946867,-1309.123333,-2107.838867,-4917.918533
76.38,128.946867,-1403.123333,-1891.838867,-4445.918533
76.39,138.946867,-1444.123333,-1666.838867,-3904.918533
76.40,132.946867,-1410.123333,-1467.838867,-3351.918533
76.41,130.946867,-1320.123333,-1314.838867,-2836.918533
76.42,137.946867,-1201.123333,-1232.838867,-2389.918533
76.43,149.946867,-1090.123333,-1184.838867,-2000.918533
76.44,174.946867,-986.123333,-1136.838867,-1675.918533
76.45,198.946867,-914.123333,-1049.838867,-1428.918533
76.46,217.946867,-877.123333,-908.838867,-1251.918533
76.47,224.946867,-860.123333,-702.838867,-1106.918533
76.48,220.946867,-845.123333,-424.838867,-935.918533
76.49,208.946867,-824.123333,-114.838867,-683.918533
76.50,191.946867,-794.123333,190.161133,-320.918533
76.51,163.946867,-769.123333,467.161133,183.081467
76.52,132.946867,-761.123333,706.161133,819.081467
76.53,105.946867,-761.123333,888.161133,1556.081467
76.54,94.946867,-782.123333,1014.161133,2356.081467
76.55,78.946867,-793.123333,1109.161133,3182.081467
76.56,79.946867,-804.123333,1179.161133,3995.081467
76.57,64.946867,-798.123333,1247.161133,4760.081467
76.58,54.946867,-785.123333,1310.161133,5446.081467
76.59,19.946867,-768.123333,1331.161133,6052.081467
76.60,-9.053133,-766.123333,1277.161133,6575.081467
76.61,-30.053133,-806.123333,1130.161133,7017.081467
76.62,-38.053133,-851.123333,894.161133,7380.081467
76.63,-40.053133,-907.123333,628.161133,7654.081467
76.64,-33.053133,-942.123333,380.161133,7838.081467
76.65,-11.053133,-942.123333,137.161133,7926.081467
76.66,3.946867,-917.123333,-43.838867,7913.081467
76.67,13.946867,-869.123333,-179.838867,7807.081467
76.68,44.946867,-816.123333,-268.838867,7616.081467
76.69,64.946867,-767.123333,-323.838867,7363.081467
76.70,74.946867,-731.123333,-337.838867,7065.081467
76.71,86.946867,-729.123333,-358.838867,6736.081467
76.72,100.946867,-750.123333,-389.838867,6406.081467
76.73,109.946867,-813.123333,-454.838867,6110.081467
76.74,134.946867,-897.123333,-561.838867,5871.081467
76.75,158.946867,-986.123333,-727.838867,5698.081467
76.76,188.946867,-1064.123333,-929.838867,5586.081467
76.77,212.946867,-1134.123333,-1133.838867,5534.081467
76.78,227.946867,-1192.123333,-1340.838867,5530.081467
76.79,231.946867,-1233.123333,-1479.838867,5573.081467
76.80,229.946867,-1251.123333,-1573.838867,5644.081467
76.81,212.946867,-1251.123333,-1622.838867,5723.081467
76.82,192.946867,-1206.123333,-1633.838867,5805.081467
76.83,159.946867,-1115.123333,-1659.838867,5873.081467
76.84,131.946867,-982.123333,-1685.838867,5925.081467
76.85,102.946867,-813.123333,-1723.838867,5950.081467
76.86,71.946867,-627.123333,-1766.838867,5959.081467
76.87,48.946867,-436.123333,-1794.838867,5956.081467
76.88,32.946867,-265.123333,-1804.838867,5942.081467
76.89,21.946867,-138.123333,-1803.838867,5924.081467
76.90,16.946867,-68.123333,-1800.838867,5901.081467
76.91,31.946867,-51.123333,-1816.838867,5857.081467
76.92,55.946867,-91.123333,-1863.838867,5767.081467
76.93,96.946867,-159.123333,-1903.838867,5643.081467
76.94,158.946867,-239.123333,-1932.838867,5501.081467
76.95,213.946867,-328.123333,-1919.838867,5357.081467
76.96,264.946867,-424.123333,-1826.838867,5247.081467
76.97,305.946867,-522.123333,-1645.838867,5184.081467
76.98,337.946867,-619.123333,-1421.838867,5180.081467
76.99,343.946867,-734.123333,-1187.838867,5239.081467
77.00,343.946867,-828.123333,-969.838867,5345.081467
77.01,330.946867,-899.123333,-836.838867,5461.081467
77.02,328.946867,-943.123333,-796.838867,5564.081467
77.03,327.946867,-945.123333,-835.838867,5648.081467
77.04,327.946867,-897.123333,-892.838867,5703.081467
77.05,335.946867,-830.123333,-960.838867,5705.081467
77.06,338.946867,-744.123333,-978.838867,5636.081467
77.07,327.946867,-649.123333,-922.838867,5473.081467
77.08,305.946867,-556.123333,-809.838867,5219.081467
77.09,280.946867,-454.123333,-673.838867,4873.081467
77.10,247.946867,-352.123333,-541.838867,4454.081467
77.11,209.946867,-222.123333,-441.838867,3985.081467
77.12,176.946867,-84.123333,-416.838867,3480.081467
77.13,153.946867,54.876667,-441.838867,2967.081467
77.14,143.946867,173.876667,-507.838867,2486.081467
77.15,143.946867,242.876667,-607.838867,2096.081467
77.16,149.946867,275.876667,-714.838867,1835.081467
77.17,162.946867,251.876667,-803.838867,1728.081467
77.18,170.946867,203.876667,-849.838867,1782.081467
77.19,168.946867,157.876667,-862.838867,2006.081467
77.20,173.946867,133.876667,-849.838867,2390.081467
77.21,161.946867,120.876667,-838.838867,2907.081467
77.22,144.946867,128.876667,-867.838867,3499.081467
77.23,121.946867,130.876667,-967.838867,4093.081467
77.24,103.946867,90.876667,-1101.838867,4626.081467
77.25,97.946867,44.876667,-1293.838867,5034.081467
77.26,102.946867,-17.123333,-1473.838867,5292.081467
77.27,105.946867,-64.123333,-1595.838867,5419.081467
77.28,98.946867,-103.123333,-1627.838867,5444.081467
77.29,75.946867,-103.123333,-1575.838867,5403.081467
77.30,43.946867,-69.123333,-1432.838867,5317.081467
77.31,-9.053133,-35.123333,-1239.838867,5203.081467
77.32,-59.053133,-14.123333,-1039.838867,5087.081467
77.33,-107.053133,-5.123333,-866.838867,4973.081467
77.34,-150.053133,-7.123333,-751.838867,4860.081467
77.35,-180.053133,-11.123333,-692.838867,4753.081467
77.36,-188.053133,-21.123333,-644.838867,4646.081467
77.37,-192.053133,-23.123333,-586.838867,4552.081467
77.38,-193.053133,-29.123333,-494.838867,4466.081467
77.39,-200.053133,-17.123333,-354.838867,4373.081467
77.40,-212.053133,1.876667,-213.838867,4252.081467
77.41,-231.053133,14.876667,-93.838867,4060.081467
77.42,-242.053133,73.876667,-28.838867,3772.081467
77.43,-237.053133,141.876667,-34.838867,3368.081467
77.44,-220.053133,250.876667,-94.838867,2871.081467
77.45,-198.053133,388.876667,-183.838867,2314.081467
77.46,-162.053133,514.876667,-275.838867,1739.081467
77.47,-137.053133,628.876667,-353.838867,1191.081467
77.48,-122.053133,658.876667,-412.838867,674.081467
77.49,-110.053133,602.876667,-457.838867,207.081467
77.50,-88.053133,468.876667,-530.838867,-234.918533
77.51,-54.053133,266.876667,-615.838867,-651.918533
77.52,-11.053133,61.876667,-711.838867,-1063.918533
77.53,30.946867,-139.123333,-817.838867,-1461.918533
77.54,59.946867,-319.123333,-916.838867,-1837.918533
77.55,93.946867,-471.123333,-1024.838867,-2167.918533
77.56,116.946867,-616.123333,-1148.838867,-2420.918533
77.57,141.946867,-762.123333,-1279.838867,-2578.918533
77.58,161.946867,-904.123333,-1398.838867,-2628.918533
77.59,186.946867,-1039.123333,-1491.838867,-2591.918533
77.60,202.946867,-1155.123333,-1553.838867,-2486.918533
77.61,206.946867,-1234.123333,-1566.838867,-2338.918533
77.62,202.946867,-1259.123333,-1532.838867,-2158.918533
77.63,175.946867,-1236.123333,-1466.838867,-1955.918533
77.64,130.946867,-1169.123333,-1375.838867,-1724.918533
77.65,75.946867,-1085.123333,-1262.838867,-1491.918533
77.66,24.946867,-997.123333,-1092.838867,-1274.918533
77.67,-30.053133,-920.123333,-873.838867,-1061.918533
77.68,-77.053133,-833.123333,-613.838867,-856.918533
77.69,-133.053133,-725.123333,-314.838867,-634.918533
77.70,-185.053133,-587.123333,-38.838867,-392.918533
77.71,-255.053133,-426.123333,188.161133,-124.918533
77.72,-305.053133,-239.123333,330.161133,187.081467
77.73,-348.053133,-42.123333,384.161133,518.081467
77.74,-369.053133,137.876667,392.161133,826.081467
77.75,-359.053133,273.876667,377.161133,1093.081467
77.76,-330.053133,384.876667,393.161133,1297.081467
77.77,-295.053133,445.876667,457.161133,1428.081467
77.78,-261.053133,508.876667,577.161133,1505.081467
77.79,-240.053133,550.876667,723.161133,1550.081467
77.80,-220.053133,601.876667,873.161133,1572.081467
77.81,-219.053133,639.876667,963.161133,1580.081467
77.82,-208.053133,658.876667,975.161133,1554.081467
77.83,-190.053133,649.876667,935.161133,1497.081467
77.84,-173.053133,605.876667,850.161133,1402.081467
77.85,-144.053133,533.876667,773.161133,1282.081467
77.86,-133.053133,431.876667,689.161133,1145.081467
77.87,-133.053133,302.876667,631.161133,1014.081467
77.88,-146.053133,177.876667,601.161133,918.081467
77.89,-177.053133,80.876667,564.161133,859.081467
77.90,-212.053133,13.876667,528.161133,841.081467
77.91,-245.053133,-27.123333,447.161133,857.081467
77.92,-275.053133,-17.123333,346.161133,912.081467
77.93,-291.053133,21.876667,222.161133,993.081467
77.94,-317.053133,96.876667,104.161133,1089.081467
77.95,-341.053133,178.876667,9.161133,1177.081467
77.96,-367.053133,235.876667,-59.838867,1276.081467
77.97,-399.053133,275.876667,-121.838867,1382.081467
77.98,-429.053133,287.876667,-207.838867,1497.081467
77.99,-462.053133,285.876667,-320.838867,1619.081467
78.00,-480.053133,279.876667,-463.838867,1734.081467
78.01,-482.053133,265.876667,-637.838867,1837.081467
78.02,-478.053133,249.876667,-796.838867,1917.081467
78.03,-454.053133,201.876667,-931.838867,1945.081467
78.04,-433.053133,96.876667,-1024.838867,1922.081467
78.05,-391.053133,-48.123333,-1048.838867,1836.081467
78.06,-351.053133,-257.123333,-1021.838867,1689.081467
78.07,-307.053133,-501.123333,-978.838867,1486.081467
78.08,-263.053133,-746.123333,-940.838867,1237.081467
78.09,-215.053133,-962.123333,-948.838867,946.081467
78.10,-171.053133,-1123.123333,-1019.838867,616.081467
78.11,-118.053133,-1227.123333,-1145.838867,239.081467
78.12,-70.053133,-1283.123333,-1275.838867,-192.918533
78.13,-14.053133,-1329.123333,-1394.838867,-661.918533
78.14,38.946867,-1361.123333,-1471.838867,-1142.918533
78.15,73.946867,-1399.123333,-1477.838867,-1606.918533
78.16,84.946867,-1430.123333,-1415.838867,-2021.918533
78.17,78.946867,-1449.123333,-1307.838867,-2383.918533
78.18,43.946867,-1435.123333,-1187.838867,-2666.918533
78.19,7.946867,-1374.123333,-1110.838867,-2870.918533
78.20,-40.053133,-1288.123333,-1117.838867,-3007.918533
78.21,-78.053133,-1140.123333,-1204.838867,-3089.918533
78.22,-101.053133,-967.123333,-1323.838867,-3134.918533
78.23,-122.053133,-771.123333,-1444.838867,-3168.918533
78.24,-145.053133,-545.123333,-1527.838867,-3205.918533
78.25,-172.053133,-306.123333,-1525.838867,-3262.918533
78.26,-205.053133,-49.123333,-1446.838867,-3367.918533
78.27,-253.053133,201.876667,-1296.838867,-3516.918533
78.28,-308.053133,423.876667,-1106.838867,-3695.918533
78.29,-355.053133,591.876667,-897.838867,-3877.918533
78.30,-399.053133,721.876667,-690.838867,-4036.918533
78.31,-424.053133,798.876667,-480.838867,-4152.918533
78.32,-439.053133,838.876667,-283.838867,-4209.918533
78.33,-451.053133,868.876667,-80.838867,-4203.918533
78.34,-449.053133,887.876667,115.161133,-4137.918533
78.35,-455.053133,919.876667,311.161133,-4018.918533
78.36,-446.053133,927.876667,455.161133,-3872.918533
78.37,-435.053133,914.876667,544.161133,-3727.918533
78.38,-416.053133,838.876667,563.161133,-3639.918533
78.39,-379.053133,682.876667,516.161133,-3633.918533
78.40,-340.053133,468.876667,400.161133,-3724.918533
78.41,-281.053133,189.876667,237.161133,-3906.918533
78.42,-214.053133,-102.123333,86.161133,-4167.918533
78.43,-145.053133,-380.123333,-56.838867,-4474.918533
78.44,-91.053133,-628.123333,-169.838867,-4791.918533
78.45,-55.053133,-832.123333,-262.838867,-5073.918533
78.46,-25.053133,-993.123333,-344.838867,-5293.918533
78.47,4.946867,-1143.123333,-436.838867,-5443.918533
78.48,36.946867,-1270.123333,-535.838867,-5534.918533
78.49,68.946867,-1383.123333,-621.838867,-5586.918533
78.50,85.946867,-1466.123333,-650.838867,-5597.918533
78.51,92.946867,-1510.123333,-650.838867,-5590.918533
78.52,81.946867,-1534.123333,-622.838867,-5568.918533
78.53,54.946867,-1525.123333,-620.838867,-5525.918533
78.54,31.946867,-1496.123333,-667.838867,-5466.918533
78.55,6.946867,-1465.123333,-774.838867,-5412.918533
78.56,-12.053133,-1420.123333,-962.838867,-5378.918533
78.57,-23.053133,-1379.123333,-1181.838867,-5357.918533
78.58,-28.053133,-1338.123333,-1403.838867,-5336.918533
78.59,-27.053133,-1289.123333,-1602.838867,-5320.918533
78.60,-32.053133,-1234.123333,-1761.838867,-5286.918533
78.61,-42.053133,-1181.123333,-1905.838867,-5228.918533
78.62,-52.053133,-1133.123333,-2035.838867,-5132.918533
78.63,-46.053133,-1088.123333,-2160.838867,-4988.918533
78.64,-35.053133,-1070.123333,-2313.838867,-4812.918533
78.65,-8.053133,-1052.123333,-2414.838867,-4611.918533
78.66,19.946867,-1018.123333,-2476.838867,-4418.918533
78.67,43.946867,-968.123333,-2462.838867,-4264.918533
78.68,72.946867,-873.123333,-2390.838867,-4154.918533
78.69,89.946867,-748.123333,-2264.838867,-4088.918533
78.70,98.946867,-598.123333,-2103.838867,-4056.918533
78.71,108.946867,-459.123333,-1952.838867,-4032.918533
78.72,120.946867,-340.123333,-1834.838867,-4000.918533
78.73,131.946867,-269.123333,-1752.838867,-3925.918533
78.74,151.946867,-232.123333,-1710.838867,-3775.918533
78.75,180.946867,-226.123333,-1690.838867,-3537.918533
78.76,209.946867,-235.123333,-1663.838867,-3207.918533
78.77,226.946867,-255.123333,-1607.838867,-2797.918533
78.78,232.946867,-291.123333,-1521.838867,-2308.918533
78.79,229.946867,-329.123333,-1426.838867,-1748.918533
78.80,220.946867,-375.123333,-1317.838867,-1136.918533
78.81,195.946867,-427.123333,-1212.838867,-490.918533
78.82,175.946867,-465.123333,-1131.838867,173.081467
78.83,158.946867,-473.123333,-1084.838867,847.081467
78.84,133.946867,-444.123333,-1086.838867,1533.081467
78.85,116.946867,-379.123333,-1128.838867,2225.081467
78.86,91.946867,-285.123333,-1209.838867,2923.081467
78.87,81.946867,-176.123333,-1314.838867,3607.081467
78.88,87.946867,-82.123333,-1402.838867,4256.081467
78.89,106.946867,-1.123333,-1453.838867,4860.081467
78.90,129.946867,70.876667,-1437.838867,5405.081467
78.91,154.946867,137.876667,-1339.838867,5885.081467
78.92,180.946867,189.876667,-1189.838867,6292.081467
78.93,199.946867,260.876667,-1012.838867,6612.081467
78.94,219.946867,304.876667,-849.838867,6830.081467
78.95,245.946867,339.876667,-730.838867,6964.081467
78.96,267.946867,325.876667,-667.838867,7024.081467
78.97,305.946867,273.876667,-641.838867,7046.081467
78.98,352.946867,188.876667,-646.838867,7077.081467
78.99,395.946867,80.876667,-641.838867,7160.081467
79.00,430.946867,-42.123333,-637.838867,7321.081467
79.01,451.946867,-174.123333,-601.838867,7585.081467
79.02,456.946867,-322.123333,-553.838867,7968.081467
79.03,452.946867,-483.123333,-502.838867,8448.081467
79.04,440.946867,-660.123333,-462.838867,9011.081467
79.05,437.946867,-843.123333,-452.838867,9632.081467
79.06,428.946867,-1026.123333,-464.838867,10277.081467
79.07,416.946867,-1187.123333,-489.838867,10920.081467
79.08,404.946867,-1302.123333,-507.838867,11541.081467
79.09,392.946867,-1374.123333,-511.838867,12116.081467
79.10,366.946867,-1383.123333,-495.838867,12632.081467
79.11,335.946867,-1339.123333,-462.838867,13070.081467
79.12,313.946867,-1239.123333,-417.838867,13409.081467
79.13,297.946867,-1108.123333,-356.838867,13638.081467
79.14,289.946867,-949.123333,-271.838867,13759.081467
79.15,276.946867,-771.123333,-157.838867,13781.081467
79.16,268.946867,-574.123333,-25.838867,13706.081467
79.17,248.946867,-381.123333,98.161133,13562.081467
79.18,218.946867,-183.123333,204.161133,13371.081467
79.19,184.946867,13.876667,271.161133,13157.081467
79.20,158.946867,191.876667,290.161133,12916.081467
79.21,127.946867,337.876667,234.161133,12627.081467
79.22,100.946867,436.876667,109.161133,12250.081467
79.23,83.946867,492.876667,-48.838867,11771.081467
79.24,71.946867,502.876667,-220.838867,11177.081467
79.25,66.946867,470.876667,-380.838867,10479.081467
79.26,60.946867,382.876667,-497.838867,9712.081467
79.27,52.946867,254.876667,-561.838867,8922.081467
79.28,28.946867,96.876667,-581.838867,8142.081467
79.29,1.946867,-83.123333,-570.838867,7383.081467
79.30,-30.053133,-272.123333,-546.838867,6663.081467
79.31,-59.053133,-481.123333,-545.838867,5995.081467
79.32,-101.053133,-685.123333,-563.838867,5378.081467
79.33,-134.053133,-875.123333,-584.838867,4811.081467
79.34,-174.053133,-1061.123333,-620.838867,4300.081467
79.35,-202.053133,-1219.123333,-648.838867,3849.081467
79.36,-227.053133,-1352.123333,-642.838867,3447.081467
79.37,-245.053133,-1444.123333,-615.838867,3093.081467
79.38,-257.053133,-1491.123333,-563.838867,2779.081467
79.39,-268.053133,-1491.123333,-510.838867,2501.081467
79.40,-285.053133,-1424.123333,-458.838867,2235.081467
79.41,-289.053133,-1319.123333,-432.838867,1950.081467
79.42,-296.053133,-1174.123333,-421.838867,1622.081467
79.43,-298.053133,-1029.123333,-420.838867,1256.081467
79.44,-301.053133,-880.123333,-435.838867,855.081467
79.45,-290.053133,-751.123333,-465.838867,418.081467
79.46,-275.053133,-653.123333,-495.838867,-67.918533
79.47,-252.053133,-605.123333,-547.838867,-583.918533
79.48,-224.053133,-579.123333,-623.838867,-1090.918533
79.49,-188.053133,-571.123333,-734.838867,-1542.918533
79.50,-163.053133,-556.123333,-845.838867,-1902.918533
79.51,-139.053133,-542.123333,-941.838867,-2147.918533
79.52,-108.053133,-529.123333,-975.838867,-2271.918533
79.53,-94.053133,-527.123333,-949.838867,-2271.918533
79.54,-84.053133,-535.123333,-877.838867,-2148.918533
79.55,-89.053133,-551.123333,-796.838867,-1927.918533
79.56,-105.053133,-579.123333,-735.838867,-1616.918533
79.57,-131.053133,-599.123333,-715.838867,-1227.918533
79.58,-144.053133,-607.123333,-764.838867,-778.918533
79.59,-154.053133,-602.123333,-855.838867,-294.918533
79.60,-148.053133,-608.123333,-958.838867,204.081467
79.61,-139.053133,-633.123333,-1044.838867,694.081467
79.62,-127.053133,-691.123333,-1120.838867,1131.081467
79.63,-124.053133,-799.123333,-1138.838867,1497.081467
79.64,-128.053133,-928.123333,-1135.838867,1776.081467
79.65,-132.053133,-1056.123333,-1084.838867,1966.081467
79.66,-146.053133,-1151.123333,-1009.838867,2065.081467
79.67,-160.053133,-1208.123333,-904.838867,2074.081467
79.68,-176.053133,-1204.123333,-773.838867,2018.081467
79.69,-198.053133,-1148.123333,-651.838867,1931.081467
79.70,-220.053133,-1039.123333,-534.838867,1849.081467
79.71,-243.053133,-899.123333,-443.838867,1808.081467
79.72,-245.053133,-700.123333,-371.838867,1829.081467
79.73,-256.053133,-478.123333,-340.838867,1914.081467
79.74,-255.053133,-244.123333,-351.838867,2054.081467
79.75,-260.053133,-0.123333,-394.838867,2239.081467
79.76,-250.053133,216.876667,-469.838867,2457.081467
79.77,-240.053133,404.876667,-571.838867,2696.081467
79.78,-211.053133,527.876667,-680.838867,2945.081467
79.79,-179.053133,588.876667,-806.838867,3183.081467
79.80,-132.053133,589.876667,-929.838867,3394.081467
79.81,-92.053133,557.876667,-1029.838867,3575.081467
79.82,-53.053133,516.876667,-1087.838867,3713.081467
79.83,-25.053133,496.876667,-1090.838867,3804.081467
79.84,10.946867,503.876667,-1037.838867,3839.081467
79.85,27.946867,551.876667,-940.838867,3795.081467
79.86,44.946867,618.876667,-817.838867,3661.081467
79.87,58.946867,692.876667,-669.838867,3445.081467
79.88,62.946867,740.876667,-482.838867,3157.081467
79.89,55.946867,759.876667,-281.838867,2836.081467
79.90,49.946867,741.876667,-61.838867,2501.081467
79.91,43.946867,689.876667,157.161133,2166.081467
79.92,30.946867,624.876667,338.161133,1837.081467
79.93,10.946867,543.876667,485.161133,1528.081467
79.94,-14.053133,451.876667,568.161133,1252.081467
79.95,-34.053133,356.876667,590.161133,1017.081467
79.96,-51.053133,272.876667,562.161133,837.081467
79.97,-56.053133,187.876667,501.161133,707.081467
79.98,-67.053133,131.876667,452.161133,623.081467
79.99,-70.053133,106.876667,417.161133,592.081467
80.00,-84.053133,113.876667,411.161133,628.081467
80.01,-101.053133,163.876667,427.161133,741.081467
80.02,-116.053133,212.876667,450.161133,916.081467
80.03,-139.053133,244.876667,426.161133,1144.081467
80.04,-158.053133,222.876667,332.161133,1403.081467
80.05,-173.053133,148.876667,170.161133,1670.081467
80.06,-175.053133,15.876667,-69.838867,1911.081467
80.07,-162.053133,-151.123333,-361.838867,2112.081467
80.08,-128.053133,-342.123333,-673.838867,2247.081467
80.09,-97.053133,-533.123333,-973.838867,2302.081467
80.10,-76.053133,-706.123333,-1266.838867,2265.081467
80.11,-54.053133,-850.123333,-1534.838867,2144.081467
80.12,-40.053133,-953.123333,-1784.838867,1976.081467
80.13,-33.053133,-1002.123333,-1998.838867,1778.081467
80.14,-18.053133,-1002.123333,-2139.838867,1574.081467
80.15,-10.053133,-939.123333,-2202.838867,1373.081467
80.16,-16.053133,-829.123333,-2163.838867,1183.081467
80.17,-26.053133,-670.123333,-2015.838867,1031.081467
80.18,-55.053133,-480.123333,-1771.838867,932.081467
80.19,-82.053133,-302.123333,-1462.838867,885.081467
80.20,-121.053133,-150.123333,-1136.838867,883.081467
80.21,-163.053133,-56.123333,-834.838867,915.081467
80.22,-198.053133,-20.123333,-557.838867,963.081467
80.23,-218.053133,-55.123333,-355.838867,1024.081467
80.24,-225.053133,-140.123333,-210.838867,1089.081467
80.25,-225.053133,-253.123333,-128.838867,1158.081467
80.26,-223.053133,-379.123333,-77.838867,1248.081467
80.27,-211.053133,-517.123333,-64.838867,1373.081467
80.28,-204.053133,-659.123333,-61.838867,1540.081467
80.29,-194.053133,-813.123333,-57.838867,1745.081467
80.30,-188.053133,-969.123333,-44.838867,1968.081467
80.31,-187.053133,-1133.123333,-40.838867,2191.081467
80.32,-185.053133,-1302.123333,-50.838867,2396.081467
80.33,-176.053133,-1464.123333,-59.838867,2583.081467
80.34,-178.053133,-1613.123333,-126.838867,2743.081467
80.35,-174.053133,-1752.123333,-225.838867,2899.081467
80.36,-174.053133,-1866.123333,-385.838867,3052.081467
80.37,-175.053133,-1975.123333,-565.838867,3203.081467
80.38,-173.053133,-2077.123333,-787.838867,3334.081467
80.39,-167.053133,-2169.123333,-1009.838867,3438.081467
80.40,-164.053133,-2255.123333,-1217.838867,3514.081467
80.41,-147.053133,-2322.123333,-1386.838867,3560.081467
80.42,-132.053133,-2358.123333,-1517.838867,3571.081467
80.43,-109.053133,-2355.123333,-1587.838867,3558.081467
80.44,-96.053133,-2311.123333,-1607.838867,3518.081467
80.45,-86.053133,-2215.123333,-1587.838867,3446.081467
80.46,-73.053133,-2069.123333,-1496.838867,3354.081467
80.47,-64.053133,-1873.123333,-1347.838867,3250.081467
80.48,-62.053133,-1616.123333,-1137.838867,3131.081467
80.49,-72.053133,-1326.123333,-899.838867,2988.081467
80.50,-72.053133,-1029.123333,-623.838867,2821.081467
80.51,-89.053133,-747.123333,-343.838867,2630.081467
80.52,-96.053133,-485.123333,-67.838867,2421.081467
80.53,-120.053133,-258.123333,168.161133,2198.081467
80.54,-137.053133,-64.123333,346.161133,1967.081467
80.55,-156.053133,92.876667,437.161133,1748.081467
80.56,-166.053133,244.876667,450.161133,1542.081467
80.57,-169.053133,397.876667,411.161133,1331.081467
80.58,-167.053133,564.876667,304.161133,1097.081467
80.59,-159.053133,710.876667,162.161133,832.081467
80.60,-135.053133,837.876667,-15.838867,517.081467
80.61,-110.053133,938.876667,-199.838867,161.081467
80.62,-66.053133,1017.876667,-404.838867,-219.918533
80.63,-13.053133,1080.876667,-614.838867,-601.918533
80.64,41.946867,1156.876667,-837.838867,-976.918533
80.65,87.946867,1212.876667,-1053.838867,-1327.918533
80.66,138.946867,1250.876667,-1252.838867,-1613.918533
80.67,180.946867,1234.876667,-1442.838867,-1814.918533
80.68,227.946867,1152.876667,-1610.838867,-1917.918533
80.69,265.946867,1005.876667,-1758.838867,-1924.918533
80.70,302.946867,800.876667,-1878.838867,-1850.918533
80.71,332.946867,567.876667,-1960.838867,-1698.918533
80.72,344.946867,329.876667,-2010.838867,-1469.918533
80.73,354.946867,115.876667,-2021.838867,-1167.918533
80.74,355.946867,-50.123333,-1998.838867,-806.918533
80.75,340.946867,-168.123333,-1945.838867,-385.918533
80.76,313.946867,-235.123333,-1877.838867,80.081467
80.77,285.946867,-251.123333,-1807.838867,591.081467
80.78,244.946867,-254.123333,-1726.838867,1136.081467
80.79,211.946867,-238.123333,-1639.838867,1725.081467
80.80,172.946867,-229.123333,-1541.838867,2380.081467
80.81,130.946867,-244.123333,-1436.838867,3099.081467
80.82,83.946867,-263.123333,-1321.838867,3859.081467
80.83,33.946867,-320.123333,-1188.838867,4637.081467
80.84,-17.053133,-396.123333,-1030.838867,5411.081467
80.85,-61.053133,-513.123333,-866.838867,6180.081467
80.86,-99.053133,-650.123333,-694.838867,6944.081467
80.87,-136.053133,-809.123333,-540.838867,7681.081467
80.88,-151.053133,-966.123333,-416.838867,8374.081467
80.89,-165.053133,-1097.123333,-312.838867,8999.081467
80.90,-176.053133,-1166.123333,-244.838867,9534.081467
80.91,-166.053133,-1178.123333,-199.838867,9956.081467
80.92,-155.053133,-1140.123333,-181.838867,10253.081467
80.93,-134.053133,-1052.123333,-176.838867,10413.081467
80.94,-105.053133,-927.123333,-162.838867,10427.081467
80.95,-72.053133,-780.123333,-139.838867,10288.081467
80.96,-26.053133,-606.123333,-107.838867,9989.081467
80.97,16.946867,-426.123333,-51.838867,9558.081467
80.98,58.946867,-221.123333,11.161133,9007.081467
80.99,101.946867,-15.123333,59.161133,8356.081467
81.00,136.946867,186.876667,73.161133,7633.081467
81.01,171.946867,367.876667,28.161133,6850.081467
81.02,218.946867,524.876667,-71.838867,6009.081467
81.03,263.946867,655.876667,-232.838867,5119.081467
81.04,310.946867,757.876667,-450.838867,4186.081467
81.05,351.946867,846.876667,-689.838867,3199.081467
81.06,386.946867,907.876667,-934.838867,2160.081467
81.07,407.946867,945.876667,-1180.838867,1070.081467
81.08,428.946867,948.876667,-1388.838867,-70.918533
81.09,433.946867,942.876667,-1563.838867,-1245.918533
81.10,441.946867,898.876667,-1676.838867,-2444.918533
81.11,444.946867,858.876667,-1733.838867,-3669.918533
81.12,452.946867,826.876667,-1713.838867,-4917.918533
81.13,458.946867,794.876667,-1625.838867,-6176.918533
81.14,470.946867,772.876667,-1442.838867,-7430.918533
81.15,471.946867,750.876667,-1168.838867,-8666.918533
81.16,465.946867,694.876667,-861.838867,-9861.918533
81.17,458.946867,611.876667,-542.838867,-10989.918533
81.18,461.946867,507.876667,-220.838867,-12023.918533
81.19,462.946867,367.876667,81.161133,-12943.918533
81.20,471.946867,222.876667,366.161133,-13736.918533
81.21,479.946867,74.876667,659.161133,-14382.918533
81.22,476.946867,-64.123333,940.161133,-14869.918533
81.23,468.946867,-183.123333,1213.161133,-15194.918533
81.24,450.946867,-296.123333,1468.161133,-15369.918533
81.25,426.946867,-413.123333,1680.161133,-15415.918533
81.26,397.946867,-528.123333,1835.161133,-15355.918533
81.27,375.946867,-644.123333,1895.161133,-15231.918533
81.28,352.946867,-755.123333,1864.161133,-15061.918533
81.29,335.946867,-848.123333,1725.161133,-14843.918533
81.30,324.946867,-921.123333,1513.161133,-14589.918533
81.31,314.946867,-993.123333,1271.161133,-14290.918533
81.32,300.946867,-1045.123333,1011.161133,-13938.918533
81.33,285.946867,-1091.123333,759.161133,-13524.918533
81.34,240.946867,-1145.123333,537.161133,-13050.918533
81.35,180.946867,-1199.123333,330.161133,-12504.918533
81.36,120.946867,-1229.123333,114.161133,-11894.918533
81.37,49.946867,-1251.123333,-104.838867,-11255.918533
81.38,-3.053133,-1230.123333,-328.838867,-10610.918533
81.39,-51.053133,-1182.123333,-565.838867,-10005.918533
81.40,-93.053133,-1102.123333,-801.838867,-9457.918533
81.41,-131.053133,-1008.123333,-1023.838867,-8968.918533
81.42,-157.053133,-901.123333,-1234.838867,-8557.918533
81.43,-169.053133,-810.123333,-1426.838867,-8203.918533
81.44,-181.053133,-727.123333,-1590.838867,-7912.918533
81.45,-180.053133,-647.123333,-1711.838867,-7671.918533
81.46,-177.053133,-576.123333,-1788.838867,-7444.918533
81.47,-171.053133,-506.123333,-1807.838867,-7218.918533
81.48,-158.053133,-433.123333,-1779.838867,-6959.918533
81.49,-145.053133,-378.123333,-1713.838867,-6644.918533
81.50,-140.053133,-349.123333,-1619.838867,-6255.918533
81.51,-142.053133,-343.123333,-1506.838867,-5805.918533
81.52,-136.053133,-365.123333,-1392.838867,-5324.918533
81.53,-133.053133,-387.123333,-1294.838867,-4853.918533
81.54,-134.053133,-391.123333,-1215.838867,-4431.918533
81.55,-133.053133,-371.123333,-1154.838867,-4070.918533
81.56,-137.053133,-328.123333,-1098.838867,-3775.918533
81.57,-132.053133,-294.123333,-1040.838867,-3525.918533
81.58,-133.053133,-263.123333,-968.838867,-3295.918533
81.59,-125.053133,-250.123333,-866.838867,-3063.918533
81.60,-112.053133,-231.123333,-746.838867,-2825.918533
81.61,-98.053133,-205.123333,-608.838867,-2581.918533
81.62,-89.053133,-151.123333,-459.838867,-2340.918533
81.63,-83.053133,-84.123333,-312.838867,-2090.918533
81.64,-72.053133,3.876667,-177.838867,-1806.918533
81.65,-63.053133,105.876667,-26.838867,-1476.918533
81.66,-56.053133,204.876667,111.161133,-1085.918533
81.67,-48.053133,298.876667,231.161133,-626.918533
81.68,-38.053133,383.876667,336.161133,-108.918533
81.69,-34.053133,440.876667,426.161133,473.081467
81.70,-20.053133,462.876667,500.161133,1114.081467
81.71,-17.053133,417.876667,551.161133,1797.081467
81.72,-6.053133,326.876667,570.161133,2497.081467
81.73,-5.053133,173.876667,588.161133,3198.081467
81.74,-12.053133,-16.123333,601.161133,3887.081467
81.75,-7.053133,-215.123333,567.161133,4540.081467
81.76,-5.053133,-380.123333,508.161133,5153.081467
81.77,5.946867,-521.123333,432.161133,5718.081467
81.78,2.946867,-603.123333,321.161133,6209.081467
81.79,8.946867,-654.123333,196.161133,6633.081467
81.80,2.946867,-678.123333,43.161133,6985.081467
81.81,9.946867,-700.123333,-108.838867,7265.081467
81.82,23.946867,-743.123333,-294.838867,7464.081467
81.83,42.946867,-820.123333,-480.838867,7583.081467
81.84,67.946867,-918.123333,-675.838867,7647.081467
81.85,105.946867,-1034.123333,-852.838867,7681.081467
81.86,134.946867,-1162.123333,-1009.838867,7721.081467
81.87,170.946867,-1284.123333,-1145.838867,7773.081467
81.88,203.946867,-1404.123333,-1277.838867,7844.081467
81.89,233.946867,-1547.123333,-1385.838867,7956.081467
81.90,273.946867,-1718.123333,-1489.838867,8102.081467
81.91,315.946867,-1880.123333,-1563.838867,8284.081467
81.92,353.946867,-2034.123333,-1609.838867,8481.081467
81.93,398.946867,-2157.123333,-1606.838867,8690.081467
81.94,423.946867,-2236.123333,-1559.838867,8926.081467
81.95,430.946867,-2248.123333,-1455.838867,9202.081467
81.96,444.946867,-2210.123333,-1318.838867,9516.081467
81.97,447.946867,-2138.123333,-1166.838867,9863.081467
81.98,440.946867,-2044.123333,-1020.838867,10236.081467
81.99,420.946867,-1938.123333,-867.838867,10641.081467
82.00,392.946867,-1814.123333,-719.838867,11054.081467
82.01,370.946867,-1670.123333,-573.838867,11448.081467
82.02,346.946867,-1487.123333,-379.838867,11802.081467
82.03,313.946867,-1271.123333,-173.838867,12091.081467
82.04,268.946867,-1031.123333,69.161133,12311.081467
82.05,209.946867,-793.123333,295.161133,12465.081467
82.06,144.946867,-567.123333,501.161133,12567.081467
82.07,83.946867,-376.123333,635.161133,12618.081467
82.08,27.946867,-216.123333,722.161133,12650.081467
82.09,-18.053133,-74.123333,751.161133,12669.081467
82.10,-51.053133,35.876667,764.161133,12686.081467
82.11,-89.053133,142.876667,772.161133,12696.081467
82.12,-126.053133,236.876667,817.161133,12695.081467
82.13,-156.053133,314.876667,880.161133,12684.081467
82.14,-190.053133,389.876667,938.161133,12670.081467
82.15,-222.053133,460.876667,965.161133,12666.081467
82.16,-252.053133,513.876667,938.161133,12673.081467
82.17,-277.053133,576.876667,847.161133,12663.081467
82.18,-292.053133,637.876667,683.161133,12622.081467
82.19,-294.053133,710.876667,455.161133,12522.081467
82.20,-290.053133,801.876667,203.161133,12350.081467
82.21,-274.053133,896.876667,-70.838867,12104.081467
82.22,-251.053133,992.876667,-340.838867,11786.081467
82.23,-235.053133,1069.876667,-579.838867,11410.081467
82.24,-217.053133,1140.876667,-778.838867,10981.081467
82.25,-204.053133,1189.876667,-923.838867,10483.081467
82.26,-187.053133,1225.876667,-1041.838867,9905.081467
82.27,-164.053133,1247.876667,-1119.838867,9238.081467
82.28,-133.053133,1233.876667,-1153.838867,8490.081467
82.29,-109.053133,1208.876667,-1163.838867,7686.081467
82.30,-71.053133,1130.876667,-1141.838867,6869.081467
82.31,-40.053133,1001.876667,-1112.838867,6099.081467
82.32,-18.053133,829.876667,-1048.838867,5414.081467
82.33,0.946867,618.876667,-987.838867,4857.081467
82.34,17.946867,385.876667,-908.838867,4440.081467
82.35,28.946867,148.876667,-763.838867,4168.081467
82.36,30.946867,-60.123333,-600.838867,4024.081467
82.37,21.946867,-235.123333,-390.838867,3994.081467
82.38,3.946867,-408.123333,-158.838867,4051.081467
82.39,-29.053133,-563.123333,81.161133,4171.081467
82.40,-61.053133,-729.123333,295.161133,4318.081467
82.41,-101.053133,-887.123333,453.161133,4447.081467
82.42,-134.053133,-1058.123333,534.161133,4532.081467
82.43,-158.053133,-1220.123333,534.161133,4546.081467
82.44,-167.053133,-1359.123333,452.161133,4468.081467
82.45,-177.053133,-1462.123333,304.161133,4279.081467
82.46,-184.053133,-1541.123333,121.161133,3973.081467
82.47,-173.053133,-1604.123333,-77.838867,3556.081467
82.48,-167.053133,-1656.123333,-268.838867,3058.081467
82.49,-159.053133,-1682.123333,-429.838867,2485.081467
82.50,-153.053133,-1699.123333,-566.838867,1847.081467
82.51,-156.053133,-1687.123333,-671.838867,1157.081467
82.52,-169.053133,-1631.123333,-744.838867,440.081467
82.53,-180.053133,-1522.123333,-791.838867,-298.918533
82.54,-200.053133,-1386.123333,-838.838867,-1038.918533
82.55,-214.053133,-1218.123333,-908.838867,-1775.918533
82.56,-228.053133,-1041.123333,-989.838867,-2501.918533
82.57,-227.053133,-875.123333,-1098.838867,-3217.918533
82.58,-222.053133,-721.123333,-1226.838867,-3949.918533
82.59,-213.053133,-590.123333,-1365.838867,-4729.918533
82.60,-203.053133,-471.123333,-1489.838867,-5579.918533
82.61,-188.053133,-355.123333,-1600.838867,-6502.918533
82.62,-175.053133,-242.123333,-1702.838867,-7488.918533
82.63,-159.053133,-130.123333,-1776.838867,-8511.918533
82.64,-152.053133,-27.123333,-1832.838867,-9546.918533
82.65,-133.053133,61.876667,-1871.838867,-10568.918533
82.66,-117.053133,133.876667,-1890.838867,-11557.918533
82.67,-104.053133,183.876667,-1872.838867,-12494.918533
82.68,-78.053133,219.876667,-1821.838867,-13363.918533
82.69,-63.053133,240.876667,-1746.838867,-14140.918533
82.70,-46.053133,244.876667,-1664.838867,-14813.918533
82.71,-37.053133,248.876667,-1592.838867,-15381.918533
82.72,-29.053133,235.876667,-1534.838867,-15844.918533
82.73,-32.053133,219.876667,-1512.838867,-16177.918533
82.74,-26.053133,195.876667,-1505.838867,-16357.918533
82.75,-24.053133,155.876667,-1509.838867,-16373.918533
82.76,2.946867,126.876667,-1505.838867,-16235.918533
82.77,17.946867,82.876667,-1488.838867,-15960.918533
82.78,30.946867,53.876667,-1447.838867,-15561.918533
82.79,46.946867,33.876667,-1391.838867,-15057.918533
82.80,45.946867,24.876667,-1325.838867,-14468.918533
82.81,39.946867,16.876667,-1272.838867,-13800.918533
82.82,40.946867,-0.123333,-1252.838867,-13063.918533
82.83,39.946867,-21.123333,-1240.838867,-12267.918533
82.84,35.946867,-32.123333,-1238.838867,-11421.918533
82.85,36.946867,-57.123333,-1247.838867,-10559.918533
82.86,24.946867,-73.123333,-1269.838867,-9669.918533
82.87,7.946867,-64.123333,-1306.838867,-8759.918533
82.88,-14.053133,-53.123333,-1370.838867,-7848.918533
82.89,-46.053133,-42.123333,-1450.838867,-6929.918533
82.90,-65.053133,-59.123333,-1522.838867,-6002.918533
82.91,-86.053133,-102.123333,-1595.838867,-5077.918533
82.92,-85.053133,-178.123333,-1614.838867,-4171.918533
82.93,-93.053133,-289.123333,-1608.838867,-3318.918533
82.94,-94.053133,-422.123333,-1567.838867,-2539.918533
82.95,-100.053133,-587.123333,-1482.838867,-1851.918533
82.96,-103.053133,-757.123333,-1388.838867,-1258.918533
82.97,-117.053133,-941.123333,-1290.838867,-767.918533
82.98,-119.053133,-1129.123333,-1197.838867,-383.918533
82.99,-123.053133,-1306.123333,-1129.838867,-104.918533
83.00,-131.053133,-1454.123333,-1062.838867,76.081467
83.01,-132.053133,-1572.123333,-1005.838867,155.081467
83.02,-124.053133,-1642.123333,-920.838867,129.081467
83.03,-128.053133,-1661.123333,-812.838867,18.081467
83.04,-136.053133,-1615.123333,-674.838867,-146.918533
83.05,-162.053133,-1523.123333,-548.838867,-369.918533
83.06,-187.053133,-1382.123333,-444.838867,-635.918533
83.07,-200.053133,-1202.123333,-376.838867,-927.918533
83.08,-200.053133,-999.123333,-354.838867,-1217.918533
83.09,-185.053133,-763.123333,-358.838867,-1483.918533
83.10,-165.053133,-496.123333,-378.838867,-1695.918533
83.11,-140.053133,-198.123333,-387.838867,-1819.918533
83.12,-116.053133,111.876667,-401.838867,-1834.918533
83.13,-112.053133,425.876667,-401.838867,-1738.918533
83.14,-97.053133,719.876667,-410.838867,-1537.918533
83.15,-92.053133,982.876667,-413.838867,-1234.918533
83.16,-87.053133,1207.876667,-416.838867,-854.918533
83.17,-79.053133,1394.876667,-436.838867,-409.918533
83.18,-69.053133,1555.876667,-455.838867,73.081467
83.19,-65.053133,1676.876667,-483.838867,579.081467
83.20,-59.053133,1765.876667,-558.838867,1093.081467
83.21,-54.053133,1821.876667,-652.838867,1621.081467
83.22,-46.053133,1843.876667,-782.838867,2157.081467
83.23,-34.053133,1827.876667,-930.838867,2692.081467
83.24,-18.053133,1760.876667,-1079.838867,3224.081467
83.25,-3.053133,1647.876667,-1216.838867,3759.081467
83.26,-0.053133,1492.876667,-1337.838867,4275.081467
83.27,-0.053133,1313.876667,-1414.838867,4742.081467
83.28,-15.053133,1104.876667,-1460.838867,5137.081467
83.29,-32.053133,903.876667,-1468.838867,5447.081467
83.30,-51.053133,702.876667,-1431.838867,5674.081467
83.31,-70.053133,510.876667,-1364.838867,5826.081467
83.32,-87.053133,329.876667,-1271.838867,5888.081467
83.33,-94.053133,127.876667,-1153.838867,5878.081467
83.34,-114.053133,-73.123333,-1010.838867,5805.081467
83.35,-106.053133,-283.123333,-863.838867,5669.081467
83.36,-102.053133,-467.123333,-724.838867,5475.081467
83.37,-90.053133,-653.123333,-609.838867,5210.081467
83.38,-67.053133,-811.123333,-534.838867,4874.081467
83.39,-41.053133,-949.123333,-467.838867,4465.081467
83.40,-9.053133,-1065.123333,-410.838867,3983.081467
83.41,27.946867,-1190.123333,-366.838867,3442.081467
83.42,57.946867,-1304.123333,-301.838867,2866.081467
83.43,100.946867,-1412.123333,-203.838867,2272.081467
83.44,129.946867,-1516.123333,-67.838867,1674.081467
83.45,151.946867,-1602.123333,80.161133,1090.081467
83.46,171.946867,-1657.123333,231.161133,542.081467
83.47,183.946867,-1686.123333,384.161133,55.081467
83.48,193.946867,-1698.123333,503.161133,-342.918533
83.49,207.946867,-1691.123333,603.161133,-614.918533
83.50,215.946867,-1658.123333,686.161133,-720.918533
83.51,218.946867,-1618.123333,759.161133,-668.918533
83.52,222.946867,-1567.123333,823.161133,-464.918533
83.53,208.946867,-1520.123333,849.161133,-120.918533
83.54,187.946867,-1462.123333,851.161133,357.081467
83.55,159.946867,-1399.123333,802.161133,937.081467
83.56,129.946867,-1329.123333,696.161133,1610.081467
83.57,96.946867,-1233.123333,565.161133,2362.081467
83.58,56.946867,-1109.123333,413.161133,3177.081467
83.59,20.946867,-976.123333,260.161133,4028.081467
83.60,-25.053133,-847.123333,112.161133,4890.081467
83.61,-67.053133,-740.123333,-49.838867,5743.081467
83.62,-112.053133,-654.123333,-202.838867,6561.081467
83.63,-156.053133,-621.123333,-355.838867,7328.081467
83.64,-183.053133,-622.123333,-513.838867,8039.081467
83.65,-209.053133,-662.123333,-662.838867,8685.081467
83.66,-229.053133,-702.123333,-806.838867,9273.081467
83.67,-232.053133,-736.123333,-934.838867,9805.081467
83.68,-234.053133,-778.123333,-1054.838867,10278.081467
83.69,-230.053133,-802.123333,-1167.838867,10696.081467
83.70,-225.053133,-814.123333,-1271.838867,11047.081467
83.71,-224.053133,-805.123333,-1358.838867,11329.081467
83.72,-198.053133,-777.123333,-1422.838867,11536.081467
83.73,-179.053133,-730.123333,-1465.838867,11668.081467
83.74,-155.053133,-651.123333,-1489.838867,11727.081467
83.75,-129.053133,-552.123333,-1485.838867,11713.081467
83.76,-102.053133,-454.123333,-1478.838867,11622.081467
83.77,-87.053133,-354.123333,-1474.838867,11435.081467
83.78,-68.053133,-270.123333,-1455.838867,11127.081467
83.79,-45.053133,-234.123333,-1442.838867,10695.081467
83.80,-16.053133,-207.123333,-1409.838867,10138.081467
83.81,13.946867,-200.123333,-1371.838867,9466.081467
83.82,45.946867,-176.123333,-1296.838867,8714.081467
83.83,68.946867,-126.123333,-1194.838867,7906.081467
83.84,81.946867,-55.123333,-1071.838867,7068.081467
83.85,92.946867,35.876667,-931.838867,6236.081467
83.86,94.946867,117.876667,-781.838867,5452.081467
83.87,102.946867,190.876667,-634.838867,4734.081467
83.88,114.946867,222.876667,-487.838867,4111.081467
83.89,121.946867,229.876667,-323.838867,3588.081467
83.90,139.946867,204.876667,-142.838867,3156.081467
83.91,134.946867,159.876667,62.161133,2807.081467
83.92,138.946867,119.876667,282.161133,2517.081467
83.93,130.946867,94.876667,503.161133,2268.081467
83.94,115.946867,93.876667,697.161133,2022.081467
83.95,99.946867,129.876667,839.161133,1742.081467
83.96,74.946867,171.876667,950.161133,1406.081467
83.97,59.946867,223.876667,1024.161133,1034.081467
83.98,47.946867,283.876667,1093.161133,638.081467
83.99,34.946867,340.876667,1133.161133,215.081467
84.00,23.946867,399.876667,1140.161133,-237.918533
84.01,7.946867,468.876667,1114.161133,-725.918533
84.02,-0.053133,551.876667,1035.161133,-1241.918533
84.03,-3.053133,633.876667,898.161133,-1786.918533
84.04,0.946867,701.876667,729.161133,-2346.918533
84.05,6.946867,753.876667,512.161133,-2898.918533
84.06,22.946867,783.876667,305.161133,-3441.918533
84.07,34.946867,797.876667,116.161133,-3980.918533
84.08,47.946867,776.876667,-46.838867,-4505.918533
84.09,58.946867,737.876667,-154.838867,-5007.918533
84.10,69.946867,676.876667,-232.838867,-5469.918533
84.11,62.946867,596.876667,-293.838867,-5857.918533
84.12,63.946867,517.876667,-346.838867,-6149.918533
84.13,59.946867,436.876667,-403.838867,-6324.918533
84.14,63.946867,366.876667,-489.838867,-6379.918533
84.15,66.946867,307.876667,-584.838867,-6310.918533
84.16,64.946867,255.876667,-672.838867,-6116.918533
84.17,60.946867,226.876667,-760.838867,-5819.918533
84.18,53.946867,190.876667,-813.838867,-5431.918533
84.19,37.946867,162.876667,-838.838867,-4964.918533
84.20,-0.053133,153.876667,-831.838867,-4441.918533
84.21,-35.053133,155.876667,-804.838867,-3896.918533
84.22,-70.053133,167.876667,-739.838867,-3353.918533
84.23,-110.053133,199.876667,-671.838867,-2825.918533
84.24,-149.053133,232.876667,-600.838867,-2318.918533
84.25,-191.053133,295.876667,-542.838867,-1817.918533
84.26,-231.053133,363.876667,-490.838867,-1306.918533
84.27,-276.053133,446.876667,-465.838867,-768.918533
84.28,-314.053133,535.876667,-473.838867,-184.918533
84.29,-351.053133,620.876667,-530.838867,458.081467
84.30,-379.053133,698.876667,-623.838867,1162.081467
84.31,-387.053133,773.876667,-743.838867,1906.081467
84.32,-398.053133,835.876667,-868.838867,2681.081467
84.33,-403.053133,889.876667,-959.838867,3471.081467
84.34,-410.053133,929.876667,-1009.838867,4263.081467
84.35,-410.053133,935.876667,-1011.838867,5065.081467
84.36,-414.053133,892.876667,-960.838867,5879.081467
84.37,-410.053133,809.876667,-896.838867,6705.081467
84.38,-405.053133,690.876667,-795.838867,7542.081467
84.39,-386.053133,557.876667,-700.838867,8373.081467
84.40,-371.053133,419.876667,-635.838867,9186.081467
84.41,-357.053133,309.876667,-598.838867,9970.081467
84.42,-345.053133,240.876667,-602.838867,10682.081467
84.43,-334.053133,200.876667,-645.838867,11287.081467
84.44,-327.053133,166.876667,-699.838867,11773.081467
84.45,-326.053133,128.876667,-758.838867,12133.081467
84.46,-329.053133,72.876667,-805.838867,12373.081467
84.47,-318.053133,-15.123333,-846.838867,12490.081467
84.48,-317.053133,-126.123333,-861.838867,12498.081467
84.49,-321.053133,-248.123333,-837.838867,12412.081467
84.50,-323.053133,-362.123333,-759.838867,12260.081467
84.51,-333.053133,-453.123333,-630.838867,12083.081467
84.52,-346.053133,-524.123333,-461.838867,11939.081467
84.53,-360.053133,-573.123333,-247.838867,11867.081467
84.54,-378.053133,-583.123333,-19.838867,11889.081467
84.55,-390.053133,-576.123333,208.161133,12004.081467
84.56,-402.053133,-530.123333,444.161133,12214.081467
84.57,-417.053133,-475.123333,634.161133,12504.081467
84.58,-412.053133,-367.123333,769.161133,12864.081467
84.59,-410.053133,-231.123333,869.161133,13270.081467
84.60,-386.053133,-78.123333,920.161133,13687.081467
84.61,-358.053133,67.876667,939.161133,14101.081467
84.62,-323.053133,182.876667,954.161133,14494.081467
84.63,-280.053133,235.876667,939.161133,14848.081467
84.64,-242.053133,235.876667,923.161133,15151.081467
84.65,-196.053133,168.876667,873.161133,15392.081467
84.66,-163.053133,67.876667,801.161133,15559.081467
84.67,-121.053133,-37.123333,712.161133,15634.081467
84.68,-90.053133,-140.123333,561.161133,15618.081467
84.69,-52.053133,-235.123333,408.161133,15523.081467
84.70,-13.053133,-326.123333,230.161133,15354.081467
84.71,19.946867,-429.123333,71.161133,15124.081467
84.72,39.946867,-527.123333,-71.838867,14826.081467
84.73,51.946867,-636.123333,-183.838867,14454.081467
84.74,44.946867,-756.123333,-274.838867,14010.081467
84.75,28.946867,-874.123333,-353.838867,13509.081467
84.76,5.946867,-984.123333,-433.838867,12956.081467
84.77,-30.053133,-1099.123333,-505.838867,12375.081467
84.78,-69.053133,-1195.123333,-588.838867,11772.081467
84.79,-107.053133,-1278.123333,-681.838867,11150.081467
84.80,-132.053133,-1345.123333,-753.838867,10502.081467
84.81,-162.053133,-1408.123333,-801.838867,9839.081467
84.82,-183.053133,-1459.123333,-814.838867,9154.081467
84.83,-204.053133,-1516.123333,-796.838867,8443.081467
84.84,-224.053133,-1557.123333,-733.838867,7720.081467
84.85,-238.053133,-1576.123333,-619.838867,6992.081467
84.86,-247.053133,-1561.123333,-484.838867,6255.081467
84.87,-250.053133,-1509.123333,-321.838867,5530.081467
84.88,-243.053133,-1409.123333,-174.838867,4835.081467
84.89,-227.053133,-1256.123333,-45.838867,4162.081467
84.90,-200.053133,-1080.123333,78.161133,3502.081467
84.91,-168.053133,-871.123333,181.161133,2856.081467
84.92,-123.053133,-666.123333,272.161133,2223.081467
84.93,-66.053133,-461.123333,372.161133,1602.081467
84.94,-8.053133,-265.123333,461.161133,982.081467
84.95,60.946867,-82.123333,543.161133,363.081467
84.96,121.946867,97.876667,603.161133,-269.918533
84.97,178.946867,278.876667,636.161133,-926.918533
84.98,240.946867,434.876667,661.161133,-1613.918533
84.99,302.946867,586.876667,662.161133,-2333.918533
85.00,353.946867,708.876667,655.161133,-3072.918533
85.01,400.946867,806.876667,653.161133,-3818.918533
85.02,433.946867,868.876667,644.161133,-4562.918533
85.03,466.946867,895.876667,642.161133,-5314.918533
85.04,493.946867,881.876667,627.161133,-6052.918533
85.05,512.946867,857.876667,590.161133,-6751.918533
85.06,527.946867,818.876667,541.161133,-7419.918533
85.07,542.946867,757.876667,477.161133,-8025.918533
85.08,553.946867,692.876667,395.161133,-8565.918533
85.09,557.946867,622.876667,292.161133,-9040.918533
85.10,556.946867,561.876667,172.161133,-9432.918533
85.11,551.946867,513.876667,38.161133,-9746.918533
85.12,549.946867,494.876667,-100.838867,-9992.918533
85.13,540.946867,496.876667,-258.838867,-10166.918533
85.14,528.946867,539.876667,-411.838867,-10284.918533
85.15,518.946867,586.876667,-576.838867,-10355.918533
85.16,519.946867,655.876667,-736.838867,-10392.918533
85.17,508.946867,727.876667,-888.838867,-10407.918533
85.18,503.946867,793.876667,-1004.838867,-10398.918533
85.19,490.946867,855.876667,-1098.838867,-10372.918533
85.20,484.946867,901.876667,-1158.838867,-10341.918533
85.21,481.946867,933.876667,-1178.838867,-10299.918533
85.22,472.946867,924.876667,-1186.838867,-10260.918533
85.23,462.946867,878.876667,-1170.838867,-10230.918533
85.24,453.946867,788.876667,-1143.838867,-10218.918533
85.25,456.946867,666.876667,-1118.838867,-10227.918533
85.26,463.946867,529.876667,-1079.838867,-10254.918533
85.27,470.946867,388.876667,-1032.838867,-10301.918533
85.28,463.946867,250.876667,-976.838867,-10348.918533
85.29,453.946867,138.876667,-912.838867,-10382.918533
85.30,429.946867,36.876667,-858.838867,-10386.918533
85.31,397.946867,-48.123333,-803.838867,-10338.918533
85.32,349.946867,-122.123333,-729.838867,-10209.918533
85.33,309.946867,-199.123333,-668.838867,-9982.918533
85.34,268.946867,-283.123333,-586.838867,-9652.918533
85.35,217.946867,-346.123333,-494.838867,-9212.918533
85.36,147.946867,-414.123333,-383.838867,-8678.918533
85.37,76.946867,-463.123333,-248.838867,-8076.918533
85.38,-1.053133,-495.123333,-119.838867,-7430.918533
85.39,-92.053133,-531.123333,12.161133,-6756.918533
85.40,-171.053133,-562.123333,140.161133,-6085.918533
85.41,-249.053133,-608.123333,232.161133,-5441.918533
85.42,-318.053133,-674.123333,315.161133,-4838.918533
85.43,-384.053133,-749.123333,374.161133,-4276.918533
85.44,-437.053133,-824.123333,407.161133,-3765.918533
85.45,-479.053133,-888.123333,418.161133,-3302.918533
85.46,-519.053133,-940.123333,406.161133,-2875.918533
85.47,-553.053133,-976.123333,386.161133,-2476.918533
85.48,-583.053133,-984.123333,358.161133,-2117.918533
85.49,-596.053133,-987.123333,293.161133,-1801.918533
85.50,-616.053133,-998.123333,228.161133,-1516.918533
85.51,-620.053133,-1009.123333,159.161133,-1261.918533
85.52,-615.053133,-1052.123333,70.161133,-1046.918533
85.53,-608.053133,-1123.123333,-22.838867,-858.918533
85.54,-590.053133,-1213.123333,-116.838867,-679.918533
85.55,-568.053133,-1322.123333,-205.838867,-502.918533
85.56,-544.053133,-1433.123333,-306.838867,-316.918533
85.57,-516.053133,-1539.123333,-416.838867,-117.918533
85.58,-489.053133,-1646.123333,-542.838867,89.081467
85.59,-465.053133,-1752.123333,-666.838867,305.081467
85.60,-427.053133,-1858.123333,-800.838867,520.081467
85.61,-386.053133,-1954.123333,-956.838867,734.081467
85.62,-338.053133,-2037.123333,-1106.838867,958.081467
85.63,-299.053133,-2105.123333,-1252.838867,1196.081467
85.64,-254.053133,-2153.123333,-1399.838867,1451.081467
85.65,-216.053133,-2190.123333,-1529.838867,1750.081467
85.66,-182.053133,-2196.123333,-1634.838867,2093.081467
85.67,-149.053133,-2175.123333,-1712.838867,2493.081467
85.68,-122.053133,-2134.123333,-1753.838867,2942.081467
85.69,-105.053133,-2056.123333,-1773.838867,3432.081467
85.70,-82.053133,-1940.123333,-1755.838867,3946.081467
85.71,-67.053133,-1790.123333,-1706.838867,4472.081467
85.72,-48.053133,-1611.123333,-1640.838867,5006.081467
85.73,-30.053133,-1410.123333,-1571.838867,5559.081467
85.74,-17.053133,-1191.123333,-1501.838867,6134.081467
85.75,-4.053133,-956.123333,-1455.838867,6734.081467
85.76,15.946867,-722.123333,-1416.838867,7357.081467
85.77,27.946867,-483.123333,-1379.838867,7974.081467
85.78,58.946867,-251.123333,-1321.838867,8562.081467
85.79,82.946867,-26.123333,-1246.838867,9095.081467
85.80,103.946867,185.876667,-1165.838867,9560.081467
85.81,124.946867,377.876667,-1067.838867,9947.081467
85.82,143.946867,574.876667,-972.838867,10243.081467
85.83,148.946867,756.876667,-898.838867,10439.081467
85.84,169.946867,954.876667,-832.838867,10523.081467
85.85,181.946867,1141.876667,-777.838867,10487.081467
85.86,199.946867,1326.876667,-714.838867,10325.081467
85.87,226.946867,1505.876667,-654.838867,10044.081467
85.88,244.946867,1662.876667,-585.838867,9637.081467
85.89,278.946867,1811.876667,-538.838867,9113.081467
85.90,301.946867,1929.876667,-505.838867,8482.081467
85.91,321.946867,2034.876667,-488.838867,7769.081467
85.92,340.946867,2124.876667,-505.838867,6989.081467
85.93,373.946867,2196.876667,-542.838867,6180.081467
85.94,409.946867,2234.876667,-599.838867,5382.081467
85.95,433.946867,2223.876667,-637.838867,4645.081467
85.96,471.946867,2147.876667,-679.838867,4010.081467
85.97,514.946867,2012.876667,-704.838867,3509.081467
85.98,556.946867,1809.876667,-703.838867,3151.081467
85.99,585.946867,1566.876667,-708.838867,2926.081467
86.00,622.946867,1286.876667,-698.838867,2808.081467
86.01,651.946867,1011.876667,-710.838867,2769.081467
86.02,677.946867,721.876667,-735.838867,2789.081467
86.03,705.946867,453.876667,-800.838867,2854.081467
86.04,730.946867,194.876667,-883.838867,2957.081467
86.05,750.946867,-58.123333,-995.838867,3078.081467
86.06,764.946867,-285.123333,-1098.838867,3224.081467
86.07,770.946867,-511.123333,-1206.838867,3382.081467
86.08,766.946867,-718.123333,-1297.838867,3542.081467
86.09,767.946867,-923.123333,-1375.838867,3706.081467
86.10,752.946867,-1113.123333,-1429.838867,3878.081467
86.11,744.946867,-1298.123333,-1449.838867,4054.081467
86.12,733.946867,-1447.123333,-1438.838867,4236.081467
86.13,721.946867,-1557.123333,-1408.838867,4426.081467
86.14,698.946867,-1640.123333,-1319.838867,4622.081467
86.15,678.946867,-1673.123333,-1209.838867,4818.081467
86.16,642.946867,-1677.123333,-1052.838867,5009.081467
86.17,605.946867,-1640.123333,-863.838867,5195.081467
86.18,554.946867,-1585.123333,-652.838867,5353.081467
86.19,514.946867,-1521.123333,-440.838867,5485.081467
86.20,458.946867,-1442.123333,-239.838867,5575.081467
86.21,404.946867,-1371.123333,-43.838867,5606.081467
86.22,355.946867,-1284.123333,130.161133,5569.081467
86.23,309.946867,-1208.123333,304.161133,5471.081467
86.24,261.946867,-1133.123333,467.161133,5321.081467
86.25,210.946867,-1079.123333,598.161133,5146.081467
86.26,149.946867,-1022.123333,724.161133,4952.081467
86.27,87.946867,-981.123333,820.161133,4742.081467
86.28,25.946867,-939.123333,863.161133,4517.081467
86.29,-43.053133,-891.123333,859.161133,4293.081467
86.30,-108.053133,-835.123333,825.161133,4078.081467
86.31,-174.053133,-762.123333,758.161133,3888.081467
86.32,-233.053133,-665.123333,683.161133,3737.081467
86.33,-305.053133,-556.123333,591.161133,3620.081467
86.34,-372.053133,-431.123333,509.161133,3544.081467
86.35,-439.053133,-282.123333,417.161133,3498.081467
86.36,-505.053133,-124.123333,320.161133,3472.081467
86.37,-570.053133,42.876667,225.161133,3458.081467
86.38,-635.053133,215.876667,147.161133,3443.081467
86.39,-693.053133,362.876667,52.161133,3408.081467
86.40,-738.053133,479.876667,-47.838867,3357.081467
86.41,-783.053133,566.876667,-151.838867,3295.081467
86.42,-814.053133,621.876667,-263.838867,3218.081467
86.43,-842.053133,651.876667,-359.838867,3138.081467
86.44,-868.053133,659.876667,-474.838867,3067.081467
86.45,-883.053133,658.876667,-595.838867,3014.081467
86.46,-885.053133,664.876667,-713.838867,2965.081467
86.47,-878.053133,674.876667,-820.838867,2923.081467
86.48,-866.053133,668.876667,-927.838867,2876.081467
86.49,-846.053133,671.876667,-1020.838867,2829.081467
86.50,-825.053133,666.876667,-1090.838867,2765.081467
86.51,-793.053133,655.876667,-1156.838867,2685.081467
86.52,-764.053133,621.876667,-1218.838867,2596.081467
86.53,-724.053133,579.876667,-1293.838867,2515.081467
86.54,-683.053133,509.876667,-1380.838867,2445.081467
86.55,-622.053133,418.876667,-1479.838867,2390.081467
86.56,-565.053133,306.876667,-1556.838867,2358.081467
86.57,-500.053133,188.876667,-1603.838867,2341.081467
86.58,-443.053133,58.876667,-1624.838867,2330.081467
86.59,-383.053133,-73.123333,-1624.838867,2317.081467
86.60,-331.053133,-209.123333,-1590.838867,2304.081467
86.61,-270.053133,-336.123333,-1557.838867,2278.081467
86.62,-214.053133,-465.123333,-1524.838867,2224.081467
86.63,-156.053133,-588.123333,-1478.838867,2136.081467
86.64,-97.053133,-710.123333,-1423.838867,1994.081467
86.65,-41.053133,-802.123333,-1337.838867,1791.081467
86.66,17.946867,-879.123333,-1263.838867,1525.081467
86.67,66.946867,-939.123333,-1174.838867,1216.081467
86.68,116.946867,-961.123333,-1088.838867,881.081467
86.69,157.946867,-966.123333,-1017.838867,536.081467
86.70,200.946867,-958.123333,-933.838867,200.081467
86.71,234.946867,-955.123333,-853.838867,-122.918533
86.72,267.946867,-941.123333,-765.838867,-424.918533
86.73,293.946867,-936.123333,-644.838867,-720.918533
86.74,313.946867,-938.123333,-522.838867,-1048.918533
86.75,326.946867,-924.123333,-399.838867,-1425.918533
86.76,337.946867,-908.123333,-254.838867,-1880.918533
86.77,345.946867,-858.123333,-125.838867,-2431.918533
86.78,343.946867,-804.123333,5.161133,-3068.918533
86.79,338.946867,-706.123333,134.161133,-3778.918533
86.80,329.946867,-608.123333,237.161133,-4544.918533
86.81,326.946867,-495.123333,329.161133,-5349.918533
86.82,313.946867,-375.123333,421.161133,-6175.918533
86.83,302.946867,-260.123333,505.161133,-6992.918533
86.84,292.946867,-149.123333,598.161133,-7784.918533
86.85,271.946867,-37.123333,699.161133,-8546.918533
86.86,246.946867,59.876667,813.161133,-9249.918533
86.87,212.946867,154.876667,918.161133,-9886.918533
86.88,181.946867,240.876667,1018.161133,-10445.918533
86.89,142.946867,322.876667,1112.161133,-10929.918533
86.90,100.946867,389.876667,1178.161133,-11344.918533
86.91,56.946867,452.876667,1217.161133,-11689.918533
86.92,10.946867,504.876667,1198.161133,-11958.918533
86.93,-41.053133,550.876667,1156.161133,-12150.918533
86.94,-83.053133,592.876667,1038.161133,-12275.918533
86.95,-132.053133,634.876667,901.161133,-12345.918533
86.96,-174.053133,684.876667,743.161133,-12361.918533
86.97,-207.053133,737.876667,581.161133,-12339.918533
86.98,-236.053133,789.876667,422.161133,-12275.918533
86.99,-266.053133,831.876667,283.161133,-12169.918533
87.00,-297.053133,855.876667,148.161133,-12006.918533
87.01,-327.053133,862.876667,20.161133,-11779.918533
87.02,-345.053133,855.876667,-131.838867,-11467.918533
87.03,-359.053133,823.876667,-295.838867,-11078.918533
87.04,-365.053133,807.876667,-475.838867,-10626.918533
87.05,-349.053133,791.876667,-661.838867,-10133.918533
87.06,-327.053133,785.876667,-835.838867,-9620.918533
87.07,-293.053133,785.876667,-1000.838867,-9096.918533
87.08,-249.053133,790.876667,-1151.838867,-8569.918533
87.09,-204.053133,783.876667,-1283.838867,-8065.918533
87.10,-152.053133,769.876667,-1396.838867,-7607.918533
87.11,-92.053133,727.876667,-1470.838867,-7211.918533
87.12,-27.053133,673.876667,-1550.838867,-6877.918533
87.13,50.946867,603.876667,-1594.838867,-6599.918533
87.14,136.946867,511.876667,-1598.838867,-6344.918533
87.15,220.946867,426.876667,-1574.838867,-6095.918533
87.16,295.946867,325.876667,-1529.838867,-5817.918533
87.17,371.946867,215.876667,-1437.838867,-5492.918533
87.18,431.946867,107.876667,-1320.838867,-5102.918533
87.19,488.946867,-1.123333,-1177.838867,-4622.918533
87.20,547.946867,-107.123333,-1018.838867,-4036.918533
87.21,598.946867,-205.123333,-865.838867,-3348.918533
87.22,637.946867,-278.123333,-700.838867,-2569.918533
87.23,659.946867,-324.123333,-550.838867,-1716.918533
87.24,673.946867,-338.123333,-422.838867,-814.918533
87.25,679.946867,-320.123333,-319.838867,132.081467
87.26,668.946867,-298.123333,-234.838867,1101.081467
87.27,652.946867,-259.123333,-185.838867,2092.081467
87.28,628.946867,-216.123333,-137.838867,3083.081467
87.29,598.946867,-182.123333,-103.838867,4054.081467
87.30,565.946867,-154.123333,-59.838867,5003.081467
87.31,526.946867,-126.123333,3.161133,5943.081467
87.32,472.946867,-91.123333,91.161133,6856.081467
87.33,415.946867,-47.123333,174.161133,7719.081467
87.34,351.946867,-11.123333,257.161133,8521.081467
87.35,284.946867,25.876667,333.161133,9254.081467
87.36,222.946867,70.876667,377.161133,9909.081467
87.37,158.946867,111.876667,407.161133,10469.081467
87.38,100.946867,155.876667,426.161133,10923.081467
87.39,45.946867,201.876667,466.161133,11276.081467
87.40,-17.053133,257.876667,514.161133,11528.081467
87.41,-86.053133,312.876667,575.161133,11685.081467
87.42,-157.053133,354.876667,648.161133,11761.081467
87.43,-221.053133,370.876667,717.161133,11760.081467
87.44,-282.053133,370.876667,786.161133,11686.081467
87.45,-346.053133,343.876667,831.161133,11550.081467
87.46,-401.053133,308.876667,860.161133,11372.081467
87.47,-453.053133,256.876667,881.161133,11155.081467
87.48,-496.053133,210.876667,895.161133,10919.081467
87.49,-537.053133,160.876667,945.161133,10677.081467
87.50,-571.053133,102.876667,1004.161133,10430.081467
87.51,-607.053133,34.876667,1103.161133,10192.081467
87.52,-639.053133,-32.123333,1215.161133,9963.081467
87.53,-677.053133,-95.123333,1328.161133,9727.081467
87.54,-705.053133,-148.123333,1421.161133,9482.081467
87.55,-733.053133,-184.123333,1486.161133,9221.081467
87.56,-738.053133,-204.123333,1490.161133,8929.081467
87.57,-742.053133,-211.123333,1460.161133,8598.081467
87.58,-726.053133,-228.123333,1387.161133,8221.081467
87.59,-703.053133,-266.123333,1290.161133,7804.081467
87.60,-668.053133,-318.123333,1186.161133,7347.081467
87.61,-624.053133,-392.123333,1073.161133,6866.081467
87.62,-572.053133,-474.123333,952.161133,6363.081467
87.63,-516.053133,-570.123333,860.161133,5879.081467
87.64,-457.053133,-657.123333,751.161133,5402.081467
87.65,-387.053133,-742.123333,646.161133,4942.081467
87.66,-322.053133,-827.123333,532.161133,4505.081467
87.67,-248.053133,-911.123333,405.161133,4105.081467
87.68,-185.053133,-985.123333,278.161133,3737.081467
87.69,-111.053133,-1069.123333,165.161133,3429.081467
87.70,-48.053133,-1129.123333,61.161133,3167.081467
87.71,19.946867,-1205.123333,-32.838867,2957.081467
87.72,81.946867,-1272.123333,-100.838867,2817.081467
87.73,134.946867,-1354.123333,-161.838867,2759.081467
87.74,183.946867,-1412.123333,-228.838867,2776.081467
87.75,225.946867,-1479.123333,-298.838867,2865.081467
87.76,267.946867,-1528.123333,-382.838867,2986.081467
87.77,295.946867,-1570.123333,-474.838867,3127.081467
87.78,326.946867,-1577.123333,-560.838867,3266.081467
87.79,349.946867,-1579.123333,-661.838867,3389.081467
87.80,374.946867,-1576.123333,-749.838867,3509.081467
87.81,388.946867,-1554.123333,-836.838867,3623.081467
87.82,396.946867,-1511.123333,-905.838867,3725.081467
87.83,401.946867,-1462.123333,-962.838867,3822.081467
87.84,400.946867,-1377.123333,-987.838867,3904.081467
87.85,399.946867,-1267.123333,-1014.838867,3956.081467
87.86,397.946867,-1132.123333,-1017.838867,3979.081467
87.87,392.946867,-971.123333,-1021.838867,3951.081467
87.88,384.946867,-809.123333,-1025.838867,3863.081467
87.89,377.946867,-641.123333,-1025.838867,3715.081467
87.90,366.946867,-497.123333,-1007.838867,3514.081467
87.91,351.946867,-346.123333,-983.838867,3268.081467
87.92,339.946867,-213.123333,-909.838867,2978.081467
87.93,322.946867,-99.123333,-820.838867,2638.081467
87.94,312.946867,17.876667,-735.838867,2243.081467
87.95,292.946867,117.876667,-645.838867,1814.081467
87.96,276.946867,205.876667,-573.838867,1353.081467
87.97,268.946867,277.876667,-492.838867,867.081467
87.98,256.946867,349.876667,-398.838867,360.081467
87.99,252.946867,407.876667,-265.838867,-150.918533
88.00,240.946867,454.876667,-119.838867,-676.918533
88.01,219.946867,475.876667,39.161133,-1183.918533
88.02,192.946867,477.876667,203.161133,-1665.918533
88.03,161.946867,461.876667,336.161133,-2088.918533
88.04,134.946867,428.876667,452.161133,-2441.918533
88.05,103.946867,380.876667,520.161133,-2715.918533
88.06,85.946867,322.876667,560.161133,-2899.918533
88.07,61.946867,272.876667,615.161133,-2983.918533
88.08,43.946867,204.876667,672.161133,-2987.918533
88.09,21.946867,145.876667,728.161133,-2912.918533
88.10,-2.053133,55.876667,784.161133,-2797.918533
88.11,-22.053133,-34.123333,827.161133,-2645.918533
88.12,-42.053133,-157.123333,845.161133,-2451.918533
88.13,-49.053133,-278.123333,842.161133,-2228.918533
88.14,-46.053133,-398.123333,794.161133,-2003.918533
88.15,-40.053133,-495.123333,738.161133,-1792.918533
88.16,-34.053133,-562.123333,638.161133,-1608.918533
88.17,-25.053133,-603.123333,540.161133,-1467.918533
88.18,-19.053133,-616.123333,427.161133,-1374.918533
88.19,-22.053133,-630.123333,314.161133,-1328.918533
88.20,-23.053133,-641.123333,214.161133,-1317.918533
88.21,-27.053133,-656.123333,107.161133,-1336.918533
88.22,-23.053133,-662.123333,20.161133,-1381.918533
88.23,-30.053133,-650.123333,-72.838867,-1476.918533
88.24,-39.053133,-611.123333,-169.838867,-1621.918533
88.25,-43.053133,-510.123333,-279.838867,-1816.918533
88.26,-62.053133,-394.123333,-400.838867,-2049.918533
88.27,-83.053133,-256.123333,-531.838867,-2305.918533
88.28,-108.053133,-130.123333,-655.838867,-2572.918533
88.29,-128.053133,-14.123333,-765.838867,-2850.918533
88.30,-152.053133,75.876667,-830.838867,-3137.918533
88.31,-179.053133,155.876667,-839.838867,-3434.918533
88.32,-201.053133,240.876667,-814.838867,-3746.918533
88.33,-241.053133,358.876667,-748.838867,-4077.918533
88.34,-281.053133,504.876667,-678.838867,-4409.918533
88.35,-329.053133,679.876667,-610.838867,-4737.918533
88.36,-375.053133,861.876667,-560.838867,-5038.918533
88.37,-409.053133,1044.876667,-523.838867,-5302.918533
88.38,-439.053133,1211.876667,-501.838867,-5523.918533
88.39,-455.053133,1359.876667,-455.838867,-5686.918533
88.40,-471.053133,1486.876667,-378.838867,-5795.918533
88.41,-492.053133,1613.876667,-284.838867,-5840.918533
88.42,-516.053133,1729.876667,-169.838867,-5821.918533
88.43,-544.053133,1837.876667,-63.838867,-5728.918533
88.44,-572.053133,1942.876667,1.161133,-5568.918533
88.45,-589.053133,2030.876667,22.161133,-5350.918533
88.46,-593.053133,2104.876667,0.161133,-5083.918533
88.47,-590.053133,2160.876667,-80.838867,-4789.918533
88.48,-574.053133,2195.876667,-179.838867,-4470.918533
88.49,-554.053133,2226.876667,-279.838867,-4108.918533
88.50,-539.053133,2245.876667,-406.838867,-3718.918533
88.51,-521.053133,2224.876667,-525.838867,-3288.918533
88.52,-499.053133,2173.876667,-653.838867,-2822.918533
88.53,-476.053133,2073.876667,-794.838867,-2336.918533
88.54,-437.053133,1904.876667,-930.838867,-1838.918533
88.55,-392.053133,1678.876667,-1077.838867,-1354.918533
88.56,-338.053133,1408.876667,-1216.838867,-893.918533
88.57,-285.053133,1092.876667,-1331.838867,-475.918533
88.58,-222.053133,756.876667,-1426.838867,-103.918533
88.59,-164.053133,404.876667,-1505.838867,232.081467
88.60,-109.053133,60.876667,-1556.838867,538.081467
88.61,-48.053133,-279.123333,-1578.838867,828.081467
88.62,8.946867,-607.123333,-1574.838867,1092.081467
88.63,73.946867,-915.123333,-1566.838867,1334.081467
88.64,134.946867,-1201.123333,-1515.838867,1555.081467
88.65,198.946867,-1456.123333,-1443.838867,1759.081467
88.66,259.946867,-1672.123333,-1332.838867,1939.081467
88.67,312.946867,-1854.123333,-1191.838867,2100.081467
88.68,350.946867,-2007.123333,-1047.838867,2242.081467
88.69,381.946867,-2123.123333,-892.838867,2363.081467
88.70,408.946867,-2225.123333,-770.838867,2462.081467
88.71,432.946867,-2307.123333,-687.838867,2561.081467
88.72,453.946867,-2368.123333,-618.838867,2675.081467
88.73,470.946867,-2406.123333,-572.838867,2810.081467
88.74,479.946867,-2419.123333,-538.838867,2963.081467
88.75,473.946867,-2391.123333,-532.838867,3133.081467
88.76,466.946867,-2332.123333,-524.838867,3316.081467
88.77,446.946867,-2253.123333,-530.838867,3492.081467
88.78,435.946867,-2153.123333,-553.838867,3660.081467
88.79,421.946867,-2050.123333,-591.838867,3807.081467
88.80,396.946867,-1947.123333,-653.838867,3917.081467
88.81,371.946867,-1833.123333,-734.838867,3971.081467
88.82,352.946867,-1723.123333,-837.838867,3959.081467
88.83,334.946867,-1594.123333,-933.838867,3885.081467
88.84,312.946867,-1475.123333,-1017.838867,3762.081467
88.85,294.946867,-1367.123333,-1098.838867,3619.081467
88.86,269.946867,-1282.123333,-1145.838867,3478.081467
88.87,248.946867,-1220.123333,-1159.838867,3360.081467
88.88,224.946867,-1195.123333,-1149.838867,3277.081467
88.89,206.946867,-1183.123333,-1098.838867,3236.081467
88.90,195.946867,-1170.123333,-1044.838867,3243.081467
88.91,181.946867,-1134.123333,-979.838867,3283.081467
88.92,168.946867,-1065.123333,-919.838867,3354.081467
88.93,152.946867,-978.123333,-860.838867,3445.081467
88.94,147.946867,-891.123333,-772.838867,3542.081467
88.95,142.946867,-818.123333,-679.838867,3631.081467
88.96,143.946867,-766.123333,-552.838867,3700.081467
88.97,145.946867,-749.123333,-417.838867,3744.081467
88.98,148.946867,-739.123333,-274.838867,3764.081467
88.99,163.946867,-723.123333,-145.838867,3749.081467
89.00,169.946867,-698.123333,-44.838867,3709.081467
89.01,182.946867,-658.123333,30.161133,3644.081467
89.02,204.946867,-612.123333,62.161133,3566.081467
89.03,229.946867,-552.123333,79.161133,3498.081467
89.04,252.946867,-498.123333,87.161133,3460.081467
89.05,275.946867,-466.123333,91.161133,3464.081467
89.06,293.946867,-424.123333,104.161133,3498.081467
89.07,306.946867,-389.123333,134.161133,3567.081467
89.08,307.946867,-342.123333,195.161133,3660.081467
89.09,295.946867,-313.123333,266.161133,3771.081467
89.10,280.946867,-284.123333,351.161133,3908.081467
89.11,251.946867,-274.123333,432.161133,4080.081467
89.12,227.946867,-279.123333,496.161133,4284.081467
89.13,188.946867,-299.123333,559.161133,4525.081467
89.14,146.946867,-337.123333,601.161133,4809.081467
89.15,95.946867,-374.123333,648.161133,5125.081467
89.16,32.946867,-410.123333,664.161133,5458.081467
89.17,-43.053133,-428.123333,686.161133,5799.081467
89.18,-134.053133,-423.123333,694.161133,6138.081467
89.19,-220.053133,-416.123333,694.161133,6468.081467
89.20,-312.053133,-384.123333,689.161133,6803.081467
89.21,-406.053133,-354.123333,689.161133,7139.081467
89.22,-506.053133,-315.123333,694.161133,7482.081467
89.23,-603.053133,-265.123333,690.161133,7834.081467
89.24,-701.053133,-218.123333,685.161133,8174.081467
89.25,-794.053133,-168.123333,681.161133,8502.081467
89.26,-884.053133,-124.123333,647.161133,8808.081467
89.27,-958.053133,-83.123333,599.161133,9092.081467
89.28,-1018.053133,-53.123333,532.161133,9338.081467
89.29,-1067.053133,-18.123333,430.161133,9544.081467
89.30,-1103.053133,23.876667,318.161133,9712.081467
89.31,-1117.053133,77.876667,199.161133,9850.081467
89.32,-1132.053133,152.876667,98.161133,9954.081467
89.33,-1128.053133,236.876667,4.161133,10028.081467
89.34,-1115.053133,337.876667,-46.838867,10065.081467
89.35,-1100.053133,428.876667,-50.838867,10059.081467
89.36,-1071.053133,505.876667,-30.838867,9995.081467
89.37,-1037.053133,559.876667,6.161133,9869.081467
89.38,-984.053133,591.876667,60.161133,9676.081467
89.39,-928.053133,605.876667,100.161133,9413.081467
89.40,-858.053133,603.876667,126.161133,9086.081467
89.41,-791.053133,581.876667,116.161133,8690.081467
89.42,-706.053133,552.876667,89.161133,8228.081467
89.43,-627.053133,499.876667,78.161133,7713.081467
89.44,-539.053133,441.876667,62.161133,7153.081467
89.45,-445.053133,384.876667,73.161133,6572.081467
89.46,-361.053133,335.876667,89.161133,5995.081467
89.47,-284.053133,292.876667,112.161133,5460.081467
89.48,-208.053133,264.876667,121.161133,4989.081467
89.49,-138.053133,240.876667,99.161133,4590.081467
89.50,-60.053133,216.876667,68.161133,4269.081467
89.51,7.946867,192.876667,38.161133,4027.081467
89.52,80.946867,158.876667,6.161133,3850.081467
89.53,138.946867,118.876667,-17.838867,3736.081467
89.54,189.946867,93.876667,-32.838867,3678.081467
89.55,245.946867,78.876667,-47.838867,3652.081467
89.56,284.946867,95.876667,-62.838867,3646.081467
89.57,319.946867,136.876667,-77.838867,3654.081467
89.58,353.946867,217.876667,-111.838867,3659.081467
89.59,378.946867,319.876667,-135.838867,3663.081467
89.60,406.946867,422.876667,-157.838867,3683.081467
89.61,429.946867,524.876667,-174.838867,3723.081467
89.62,448.946867,630.876667,-175.838867,3782.081467
89.63,454.946867,710.876667,-148.838867,3854.081467
89.64,462.946867,787.876667,-117.838867,3936.081467
89.65,463.946867,875.876667,-96.838867,4031.081467
89.66,449.946867,981.876667,-77.838867,4134.081467
89.67,436.946867,1099.876667,-87.838867,4221.081467
89.68,430.946867,1227.876667,-126.838867,4290.081467
89.69,410.946867,1350.876667,-209.838867,4331.081467
89.70,393.946867,1472.876667,-313.838867,4340.081467
89.71,375.946867,1569.876667,-437.838867,4302.081467
89.72,354.946867,1660.876667,-593.838867,4221.081467
89.73,331.946867,1738.876667,-761.838867,4100.081467
89.74,317.946867,1802.876667,-931.838867,3958.081467
89.75,292.946867,1848.876667,-1088.838867,3828.081467
89.76,275.946867,1896.876667,-1230.838867,3724.081467
89.77,250.946867,1909.876667,-1340.838867,3676.081467
89.78,232.946867,1894.876667,-1434.838867,3686.081467
89.79,204.946867,1844.876667,-1507.838867,3746.081467
89.80,186.946867,1760.876667,-1553.838867,3850.081467
89.81,166.946867,1655.876667,-1579.838867,3991.081467
89.82,139.946867,1525.876667,-1590.838867,4169.081467
89.83,113.946867,1370.876667,-1575.838867,4375.081467
89.84,89.946867,1214.876667,-1549.838867,4598.081467
89.85,59.946867,1044.876667,-1517.838867,4823.081467
89.86,37.946867,874.876667,-1480.838867,5050.081467
89.87,15.946867,723.876667,-1434.838867,5263.081467
89.88,-5.053133,574.876667,-1387.838867,5456.081467
89.89,-32.053133,443.876667,-1339.838867,5631.081467
89.90,-50.053133,332.876667,-1273.838867,5785.081467
89.91,-65.053133,236.876667,-1195.838867,5904.081467
89.92,-71.053133,164.876667,-1096.838867,5986.081467
89.93,-81.053133,102.876667,-969.838867,6023.081467
89.94,-85.053133,43.876667,-823.838867,6013.081467
89.95,-95.053133,-18.123333,-629.838867,5970.081467
89.96,-102.053133,-67.123333,-420.838867,5902.081467
89.97,-124.053133,-121.123333,-174.838867,5816.081467
89.98,-137.053133,-168.123333,80.161133,5707.081467
89.99,-155.053133,-215.123333,341.161133,5586.081467
90.00,-178.053133,-239.123333,599.161133,5452.081467
90.01,-196.053133,-256.123333,864.161133,5311.081467
90.02,-210.053133,-258.123333,1113.161133,5173.081467
90.03,-233.053133,-237.123333,1359.161133,5044.081467
90.04,-251.053133,-197.123333,1581.161133,4913.081467
90.05,-278.053133,-146.123333,1791.161133,4790.081467
90.06,-296.053133,-74.123333,1999.161133,4673.081467
90.07,-314.053133,-7.123333,2191.161133,4560.081467
90.08,-332.053133,62.876667,2366.161133,4450.081467
90.09,-355.053133,133.876667,2532.161133,4350.081467
90.10,-381.053133,190.876667,2678.161133,4252.081467
90.11,-404.053133,245.876667,2789.161133,4159.081467
90.12,-435.053133,288.876667,2884.161133,4069.081467
90.13,-468.053133,330.876667,2904.161133,3987.081467
90.14,-495.053133,372.876667,2900.161133,3924.081467
90.15,-518.053133,415.876667,2849.161133,3891.081467
90.16,-537.053133,459.876667,2779.161133,3896.081467
90.17,-560.053133,501.876667,2671.161133,3932.081467
90.18,-583.053133,513.876667,2530.161133,3993.081467
90.19,-606.053133,515.876667,2376.161133,4077.081467
90.20,-622.053133,502.876667,2177.161133,4172.081467
90.21,-630.053133,452.876667,1954.161133,4275.081467
90.22,-623.053133,395.876667,1699.161133,4379.081467
90.23,-609.053133,325.876667,1426.161133,4477.081467
90.24,-582.053133,230.876667,1164.161133,4563.081467
90.25,-552.053133,135.876667,905.161133,4629.081467
90.26,-527.053133,38.876667,658.161133,4658.081467
90.27,-481.053133,-38.123333,414.161133,4643.081467
90.28,-439.053133,-91.123333,190.161133,4592.081467
90.29,-383.053133,-118.123333,-29.838867,4516.081467
90.30,-329.053133,-117.123333,-233.838867,4414.081467
90.31,-266.053133,-116.123333,-429.838867,4281.081467
90.32,-198.053133,-110.123333,-628.838867,4118.081467
90.33,-123.053133,-120.123333,-810.838867,3940.081467
90.34,-44.053133,-133.123333,-981.838867,3757.081467
90.35,38.946867,-142.123333,-1142.838867,3592.081467
90.36,114.946867,-135.123333,-1261.838867,3451.081467
90.37,197.946867,-106.123333,-1361.838867,3330.081467
90.38,270.946867,-64.123333,-1428.838867,3243.081467
90.39,333.946867,-9.123333,-1465.838867,3186.081467
90.40,400.946867,33.876667,-1501.838867,3149.081467
90.41,447.946867,65.876667,-1518.838867,3157.081467
90.42,485.946867,105.876667,-1534.838867,3193.081467
90.43,527.946867,150.876667,-1565.838867,3250.081467
90.44,549.946867,191.876667,-1592.838867,3332.081467
90.45,568.946867,236.876667,-1622.838867,3431.081467
90.46,570.946867,273.876667,-1650.838867,3539.081467
90.47,572.946867,297.876667,-1665.838867,3653.081467
90.48,559.946867,294.876667,-1687.838867,3763.081467
90.49,549.946867,272.876667,-1698.838867,3879.081467
90.50,527.946867,228.876667,-1663.838867,3999.081467
90.51,498.946867,180.876667,-1611.838867,4119.081467
90.52,459.946867,139.876667,-1541.838867,4221.081467
90.53,416.946867,97.876667,-1433.838867,4302.081467
90.54,365.946867,46.876667,-1326.838867,4361.081467
90.55,308.946867,-3.123333,-1219.838867,4401.081467
90.56,263.946867,-69.123333,-1113.838867,4430.081467
90.57,217.946867,-145.123333,-1023.838867,4431.081467
90.58,189.946867,-225.123333,-951.838867,4399.081467
90.59,155.946867,-306.123333,-897.838867,4330.081467
90.60,131.946867,-389.123333,-871.838867,4223.081467
90.61,122.946867,-484.123333,-851.838867,4078.081467
90.62,122.946867,-578.123333,-826.838867,3895.081467
90.63,131.946867,-681.123333,-798.838867,3668.081467
90.64,148.946867,-793.123333,-746.838867,3392.081467
90.65,168.946867,-922.123333,-667.838867,3050.081467
90.66,203.946867,-1040.123333,-582.838867,2625.081467
90.67,248.946867,-1168.123333,-497.838867,2118.081467
90.68,283.946867,-1273.123333,-411.838867,1553.081467
90.69,328.946867,-1364.123333,-344.838867,952.081467
90.70,381.946867,-1435.123333,-295.838867,343.081467
90.71,429.946867,-1474.123333,-260.838867,-249.918533
90.72,479.946867,-1507.123333,-240.838867,-818.918533
90.73,531.946867,-1525.123333,-222.838867,-1350.918533
90.74,579.946867,-1532.123333,-205.838867,-1840.918533
90.75,626.946867,-1538.123333,-187.838867,-2280.918533
90.76,669.946867,-1537.123333,-174.838867,-2664.918533
90.77,705.946867,-1532.123333,-159.838867,-3001.918533
90.78,735.946867,-1514.123333,-138.838867,-3294.918533
90.79,767.946867,-1505.123333,-90.838867,-3554.918533
90.80,794.946867,-1485.123333,-30.838867,-3788.918533
90.81,816.946867,-1457.123333,59.161133,-4004.918533
90.82,832.946867,-1419.123333,158.161133,-4218.918533
90.83,835.946867,-1371.123333,262.161133,-4431.918533
90.84,826.946867,-1311.123333,379.161133,-4644.918533
90.85,822.946867,-1229.123333,489.161133,-4850.918533
90.86,804.946867,-1123.123333,595.161133,-5046.918533
90.87,782.946867,-1016.123333,694.161133,-5226.918533
90.88,745.946867,-906.123333,788.161133,-5366.918533
90.89,709.946867,-787.123333,880.161133,-5456.918533
90.90,654.946867,-676.123333,942.161133,-5512.918533
90.91,595.946867,-571.123333,1009.161133,-5526.918533
90.92,532.946867,-454.123333,1059.161133,-5508.918533
90.93,467.946867,-339.123333,1105.161133,-5467.918533
90.94,400.946867,-210.123333,1161.161133,-5416.918533
90.95,325.946867,-86.123333,1225.161133,-5375.918533
90.96,249.946867,35.876667,1284.161133,-5347.918533
90.97,164.946867,155.876667,1340.161133,-5328.918533
90.98,74.946867,260.876667,1385.161133,-5334.918533
90.99,-6.053133,372.876667,1398.161133,-5365.918533
91.00,-88.053133,471.876667,1389.161133,-5407.918533
91.01,-159.053133,584.876667,1349.161133,-5464.918533
91.02,-234.053133,704.876667,1295.161133,-5538.918533
91.03,-301.053133,828.876667,1224.161133,-5613.918533
91.04,-374.053133,947.876667,1172.161133,-5693.918533
91.05,-434.053133,1041.876667,1108.161133,-5779.918533
91.06,-487.053133,1105.876667,1041.161133,-5871.918533
91.07,-539.053133,1154.876667,945.161133,-5961.918533
91.08,-567.053133,1169.876667,816.161133,-6050.918533
91.09,-586.053133,1160.876667,664.161133,-6106.918533
91.10,-592.053133,1150.876667,488.161133,-6116.918533
91.11,-583.053133,1128.876667,301.161133,-6093.918533
91.12,-569.053133,1088.876667,90.161133,-6034.918533
91.13,-549.053133,1051.876667,-114.838867,-5925.918533
91.14,-525.053133,994.876667,-334.838867,-5771.918533
91.15,-491.053133,930.876667,-532.838867,-5562.918533
91.16,-441.053133,850.876667,-729.838867,-5308.918533
91.17,-393.053133,772.876667,-930.838867,-5013.918533
91.18,-337.053133,695.876667,-1107.838867,-4671.918533
91.19,-267.053133,626.876667,-1259.838867,-4280.918533
91.20,-208.053133,559.876667,-1394.838867,-3854.918533
91.21,-143.053133,494.876667,-1489.838867,-3395.918533
91.22,-74.053133,421.876667,-1551.838867,-2927.918533
91.23,-3.053133,352.876667,-1586.838867,-2455.918533
91.24,63.946867,265.876667,-1603.838867,-1977.918533
91.25,125.946867,174.876667,-1583.838867,-1494.918533
91.26,189.946867,78.876667,-1536.838867,-1009.918533
91.27,243.946867,-0.123333,-1487.838867,-541.918533
91.28,289.946867,-63.123333,-1434.838867,-114.918533
91.29,332.946867,-102.123333,-1370.838867,275.081467
91.30,366.946867,-115.123333,-1309.838867,614.081467
91.31,395.946867,-97.123333,-1265.838867,899.081467
91.32,431.946867,-67.123333,-1185.838867,1141.081467
91.33,455.946867,-27.123333,-1087.838867,1324.081467
91.34,484.946867,16.876667,-964.838867,1460.081467
91.35,506.946867,65.876667,-815.838867,1553.081467
91.36,504.946867,121.876667,-658.838867,1616.081467
91.37,518.946867,186.876667,-490.838867,1659.081467
91.38,518.946867,260.876667,-340.838867,1706.081467
91.39,526.946867,347.876667,-210.838867,1769.081467
91.40,528.946867,440.876667,-106.838867,1850.081467
91.41,524.946867,536.876667,-8.838867,1935.081467
91.42,528.946867,631.876667,81.161133,2005.081467
91.43,522.946867,715.876667,165.161133,2076.081467
91.44,511.946867,795.876667,260.161133,2145.081467
91.45,491.946867,866.876667,348.161133,2198.081467
91.46,478.946867,939.876667,421.161133,2234.081467
91.47,454.946867,1019.876667,511.161133,2236.081467
91.48,431.946867,1088.876667,567.161133,2205.081467
91.49,396.946867,1167.876667,624.161133,2129.081467
91.50,368.946867,1241.876667,645.161133,2001.081467
91.51,337.946867,1309.876667,648.161133,1810.081467
91.52,313.946867,1356.876667,634.161133,1565.081467
91.53,279.946867,1406.876667,604.161133,1266.081467
91.54,244.946867,1440.876667,572.161133,919.081467
91.55,211.946867,1461.876667,540.161133,544.081467
91.56,163.946867,1502.876667,494.161133,158.081467
91.57,118.946867,1531.876667,433.161133,-228.918533
91.58,69.946867,1547.876667,380.161133,-615.918533
91.59,14.946867,1568.876667,330.161133,-986.918533
91.60,-33.053133,1565.876667,265.161133,-1344.918533
91.61,-80.053133,1569.876667,191.161133,-1674.918533
91.62,-124.053133,1557.876667,98.161133,-1969.918533
91.63,-163.053133,1533.876667,-26.838867,-2211.918533
91.64,-197.053133,1521.876667,-173.838867,-2398.918533
91.65,-229.053133,1497.876667,-334.838867,-2539.918533
91.66,-249.053133,1461.876667,-516.838867,-2635.918533
91.67,-259.053133,1408.876667,-695.838867,-2694.918533
91.68,-261.053133,1334.876667,-881.838867,-2718.918533
91.69,-264.053133,1236.876667,-1064.838867,-2722.918533
91.70,-254.053133,1119.876667,-1229.838867,-2703.918533
91.71,-241.053133,996.876667,-1392.838867,-2648.918533
91.72,-229.053133,857.876667,-1545.838867,-2548.918533
91.73,-207.053133,721.876667,-1673.838867,-2393.918533
91.74,-187.053133,584.876667,-1793.838867,-2188.918533
91.75,-153.053133,447.876667,-1898.838867,-1952.918533
91.76,-116.053133,314.876667,-1981.838867,-1702.918533
91.77,-83.053133,200.876667,-2068.838867,-1454.918533
91.78,-53.053133,77.876667,-2146.838867,-1216.918533
91.79,-18.053133,-30.123333,-2225.838867,-993.918533
91.80,5.946867,-121.123333,-2301.838867,-787.918533
91.81,34.946867,-203.123333,-2377.838867,-627.918533
91.82,60.946867,-277.123333,-2434.838867,-512.918533
91.83,93.946867,-354.123333,-2480.838867,-456.918533
91.84,119.946867,-426.123333,-2494.838867,-456.918533
91.85,145.946867,-504.123333,-2483.838867,-531.918533
91.86,162.946867,-582.123333,-2443.838867,-672.918533
91.87,173.946867,-648.123333,-2367.838867,-876.918533
91.88,181.946867,-711.123333,-2266.838867,-1115.918533
91.89,188.946867,-754.123333,-2146.838867,-1381.918533
91.90,188.946867,-803.123333,-2022.838867,-1661.918533
91.91,190.946867,-822.123333,-1908.838867,-1943.918533
91.92,183.946867,-839.123333,-1773.838867,-2204.918533
91.93,187.946867,-834.123333,-1661.838867,-2437.918533
91.94,182.946867,-817.123333,-1532.838867,-2618.918533
91.95,182.946867,-799.123333,-1403.838867,-2742.918533
91.96,180.946867,-777.123333,-1256.838867,-2825.918533
91.97,179.946867,-763.123333,-1084.838867,-2875.918533
91.98,171.946867,-754.123333,-911.838867,-2910.918533
91.99,165.946867,-751.123333,-737.838867,-2933.918533
92.00,170.946867,-756.123333,-571.838867,-2954.918533
92.01,174.946867,-755.123333,-416.838867,-2970.918533
92.02,174.946867,-763.123333,-292.838867,-2978.918533
92.03,172.946867,-764.123333,-211.838867,-2978.918533
92.04,175.946867,-783.123333,-147.838867,-2970.918533
92.05,158.946867,-804.123333,-117.838867,-2958.918533
92.06,147.946867,-824.123333,-102.838867,-2944.918533
92.07,148.946867,-855.123333,-91.838867,-2930.918533
92.08,133.946867,-895.123333,-82.838867,-2907.918533
92.09,106.946867,-941.123333,-52.838867,-2874.918533
92.10,80.946867,-981.123333,-26.838867,-2834.918533
92.11,37.946867,-1027.123333,16.161133,-2774.918533
92.12,-1.053133,-1071.123333,70.161133,-2700.918533
92.13,-46.053133,-1123.123333,111.161133,-2605.918533
92.14,-96.053133,-1171.123333,156.161133,-2488.918533
92.15,-146.053133,-1213.123333,203.161133,-2354.918533
92.16,-189.053133,-1255.123333,244.161133,-2216.918533
92.17,-240.053133,-1278.123333,283.161133,-2077.918533
92.18,-296.053133,-1302.123333,313.161133,-1937.918533
92.19,-339.053133,-1288.123333,324.161133,-1796.918533
92.20,-389.053133,-1243.123333,325.161133,-1662.918533
92.21,-426.053133,-1181.123333,311.161133,-1542.918533
92.22,-456.053133,-1098.123333,297.161133,-1430.918533
92.23,-481.053133,-1020.123333,269.161133,-1322.918533
92.24,-493.053133,-954.123333,255.161133,-1213.918533
92.25,-506.053133,-904.123333,253.161133,-1105.918533
92.26,-506.053133,-877.123333,265.161133,-998.918533
92.27,-499.053133,-858.123333,292.161133,-888.918533
92.28,-488.053133,-853.123333,342.161133,-780.918533
92.29,-466.053133,-854.123333,397.161133,-673.918533
92.30,-450.053133,-857.123333,458.161133,-557.918533
92.31,-426.053133,-872.123333,513.161133,-435.918533
92.32,-395.053133,-904.123333,546.161133,-301.918533
92.33,-370.053133,-943.123333,566.161133,-157.918533
92.34,-337.053133,-1000.123333,584.161133,-0.918533
92.35,-322.053133,-1052.123333,576.161133,157.081467
92.36,-288.053133,-1090.123333,571.161133,295.081467
92.37,-260.053133,-1138.123333,559.161133,392.081467
92.38,-233.053133,-1179.123333,546.161133,450.081467
92.39,-211.053133,-1208.123333,515.161133,475.081467
92.40,-188.053133,-1243.123333,506.161133,471.081467
92.41,-164.053133,-1263.123333,496.161133,428.081467
92.42,-139.053133,-1278.123333,483.161133,350.081467
92.43,-111.053133,-1286.123333,482.161133,240.081467
92.44,-89.053133,-1254.123333,483.161133,98.081467
92.45,-72.053133,-1208.123333,495.161133,-69.918533
92.46,-53.053133,-1126.123333,513.161133,-255.918533
92.47,-42.053133,-1020.123333,535.161133,-444.918533
92.48,-28.053133,-883.123333,553.161133,-632.918533
92.49,-14.053133,-725.123333,566.161133,-829.918533
92.50,2.946867,-550.123333,575.161133,-1031.918533
92.51,19.946867,-364.123333,592.161133,-1229.918533
92.52,40.946867,-187.123333,608.161133,-1422.918533
92.53,57.946867,-16.123333,627.161133,-1616.918533
92.54,77.946867,143.876667,650.161133,-1804.918533
92.55,97.946867,289.876667,671.161133,-1964.918533
92.56,122.946867,421.876667,681.161133,-2105.918533
92.57,140.946867,552.876667,687.161133,-2225.918533
92.58,161.946867,649.876667,666.161133,-2322.918533
92.59,169.946867,748.876667,661.161133,-2404.918533
92.60,181.946867,836.876667,642.161133,-2489.918533
92.61,183.946867,919.876667,607.161133,-2594.918533
92.62,186.946867,987.876667,572.161133,-2712.918533
92.63,177.946867,1052.876667,519.161133,-2842.918533
92.64,169.946867,1111.876667,469.161133,-2977.918533
92.65,166.946867,1150.876667,410.161133,-3116.918533
92.66,150.946867,1161.876667,371.161133,-3247.918533
92.67,145.946867,1144.876667,319.161133,-3377.918533
92.68,133.946867,1104.876667,275.161133,-3507.918533
92.69,119.946867,1033.876667,230.161133,-3623.918533
92.70,104.946867,943.876667,214.161133,-3710.918533
92.71,91.946867,845.876667,194.161133,-3758.918533
92.72,70.946867,736.876667,157.161133,-3766.918533
92.73,49.946867,629.876667,122.161133,-3731.918533
92.74,36.946867,538.876667,82.161133,-3651.918533
92.75,19.946867,459.876667,37.161133,-3537.918533
92.76,-2.053133,402.876667,6.161133,-3380.918533
92.77,-12.053133,372.876667,-11.838867,-3179.918533
92.78,-25.053133,349.876667,-14.838867,-2925.918533
92.79,-48.053133,359.876667,12.161133,-2625.918533
92.80,-67.053133,358.876667,58.161133,-2294.918533
92.81,-85.053133,357.876667,125.161133,-1937.918533
92.82,-97.053133,354.876667,198.161133,-1570.918533
92.83,-116.053133,338.876667,273.161133,-1197.918533
92.84,-132.053133,311.876667,345.161133,-815.918533
92.85,-151.053133,293.876667,423.161133,-428.918533
92.86,-165.053133,279.876667,522.161133,-50.918533
92.87,-192.053133,263.876667,613.161133,317.081467
92.88,-210.053133,241.876667,687.161133,678.081467
92.89,-233.053133,229.876667,749.161133,1041.081467
92.90,-250.053133,217.876667,798.161133,1404.081467
92.91,-261.053133,216.876667,831.161133,1767.081467
92.92,-264.053133,228.876667,866.161133,2134.081467
92.93,-273.053133,257.876667,891.161133,2490.081467
92.94,-275.053133,293.876667,902.161133,2818.081467
92.95,-275.053133,339.876667,925.161133,3118.081467
92.96,-278.053133,391.876667,932.161133,3383.081467
92.97,-273.053133,432.876667,939.161133,3647.081467
92.98,-274.053133,467.876667,944.161133,3926.081467
92.99,-269.053133,504.876667,947.161133,4238.081467
93.00,-258.053133,541.876667,931.161133,4571.081467
93.01,-248.053133,572.876667,901.161133,4910.081467
93.02,-237.053133,615.876667,871.161133,5249.081467
93.03,-231.053133,658.876667,835.161133,5575.081467
93.04,-228.053133,701.876667,805.161133,5876.081467
93.05,-228.053133,752.876667,763.161133,6147.081467
93.06,-228.053133,782.876667,730.161133,6404.081467
93.07,-228.053133,788.876667,714.161133,6645.081467
93.08,-225.053133,785.876667,687.161133,6867.081467
93.09,-230.053133,751.876667,680.161133,7067.081467
93.10,-237.053133,700.876667,678.161133,7252.081467
93.11,-248.053133,635.876667,677.161133,7420.081467
93.12,-256.053133,567.876667,677.161133,7559.081467
93.13,-269.053133,497.876667,652.161133,7670.081467
93.14,-283.053133,420.876667,623.161133,7768.081467
93.15,-301.053133,355.876667,610.161133,7860.081467
93.16,-314.053133,293.876667,580.161133,7928.081467
93.17,-334.053133,244.876667,561.161133,7966.081467
93.18,-341.053133,204.876667,538.161133,7978.081467
93.19,-343.053133,164.876667,512.161133,7978.081467
93.20,-362.053133,142.876667,493.161133,7978.081467
93.21,-362.053133,118.876667,455.161133,7978.081467
93.22,-361.053133,106.876667,435.161133,8001.081467
93.23,-352.053133,108.876667,399.161133,8047.081467
93.24,-344.053133,114.876667,381.161133,8107.081467
93.25,-322.053133,117.876667,364.161133,8175.081467
93.26,-301.053133,105.876667,354.161133,8246.081467
93.27,-270.053133,85.876667,345.161133,8312.081467
93.28,-243.053133,42.876667,336.161133,8362.081467
93.29,-213.053133,-0.123333,332.161133,8393.081467
93.30,-182.053133,-48.123333,322.161133,8400.081467
93.31,-144.053133,-85.123333,338.161133,8371.081467
93.32,-113.053133,-112.123333,331.161133,8304.081467
93.33,-79.053133,-120.123333,326.161133,8204.081467
93.34,-46.053133,-108.123333,320.161133,8065.081467
93.35,-17.053133,-82.123333,317.161133,7904.081467
93.36,8.946867,-36.123333,310.161133,7720.081467
93.37,26.946867,20.876667,299.161133,7525.081467
93.38,49.946867,63.876667,293.161133,7340.081467
93.39,68.946867,127.876667,297.161133,7166.081467
93.40,77.946867,191.876667,306.161133,7004.081467
93.41,89.946867,263.876667,330.161133,6852.081467
93.42,94.946867,341.876667,341.161133,6699.081467
93.43,87.946867,423.876667,349.161133,6563.081467
93.44,85.946867,513.876667,344.161133,6439.081467
93.45,80.946867,601.876667,321.161133,6328.081467
93.46,76.946867,694.876667,281.161133,6226.081467
93.47,68.946867,789.876667,233.161133,6128.081467
93.48,60.946867,889.876667,157.161133,6047.081467
93.49,51.946867,990.876667,90.161133,5993.081467
93.50,45.946867,1096.876667,19.161133,5963.081467
93.51,42.946867,1190.876667,-58.838867,5947.081467
93.52,28.946867,1273.876667,-111.838867,5947.081467
93.53,24.946867,1340.876667,-151.838867,5955.081467
93.54,20.946867,1386.876667,-166.838867,5977.081467
93.55,14.946867,1429.876667,-167.838867,6010.081467
93.56,0.946867,1448.876667,-152.838867,6047.081467
93.57,-12.053133,1463.876667,-127.838867,6099.081467
93.58,-33.053133,1476.876667,-103.838867,6165.081467
93.59,-52.053133,1483.876667,-65.838867,6227.081467
93.60,-75.053133,1482.876667,-48.838867,6290.081467
93.61,-102.053133,1470.876667,-7.838867,6349.081467
93.62,-127.053133,1454.876667,29.161133,6395.081467
93.63,-139.053133,1427.876667,70.161133,6406.081467
93.64,-160.053133,1375.876667,122.161133,6399.081467
93.65,-177.053133,1327.876667,183.161133,6374.081467
93.66,-205.053133,1270.876667,250.161133,6333.081467
93.67,-239.053133,1201.876667,333.161133,6274.081467
93.68,-269.053133,1131.876667,394.161133,6203.081467
93.69,-292.053133,1060.876667,453.161133,6117.081467
93.70,-321.053133,978.876667,485.161133,6022.081467
93.71,-337.053133,897.876667,513.161133,5921.081467
93.72,-358.053133,802.876667,526.161133,5809.081467
93.73,-373.053133,721.876667,533.161133,5686.081467
93.74,-387.053133,625.876667,514.161133,5561.081467
93.75,-397.053133,538.876667,472.161133,5465.081467
93.76,-406.053133,456.876667,423.161133,5396.081467
93.77,-414.053133,380.876667,360.161133,5348.081467
93.78,-423.053133,304.876667,270.161133,5321.081467
93.79,-425.053133,233.876667,167.161133,5304.081467
93.80,-420.053133,160.876667,73.161133,5305.081467
93.81,-406.053133,97.876667,-19.838867,5312.081467
93.82,-409.053133,44.876667,-88.838867,5321.081467
93.83,-393.053133,-7.123333,-138.838867,5321.081467
93.84,-387.053133,-48.123333,-174.838867,5309.081467
93.85,-381.053133,-73.123333,-194.838867,5288.081467
93.86,-372.053133,-85.123333,-194.838867,5252.081467
93.87,-357.053133,-91.123333,-198.838867,5212.081467
93.88,-345.053133,-85.123333,-187.838867,5168.081467
93.89,-324.053133,-78.123333,-165.838867,5117.081467
93.90,-303.053133,-70.123333,-136.838867,5066.081467
93.91,-277.053133,-64.123333,-88.838867,5014.081467
93.92,-249.053133,-55.123333,-35.838867,4957.081467
93.93,-232.053133,-50.123333,35.161133,4910.081467
93.94,-210.053133,-54.123333,115.161133,4880.081467
93.95,-183.053133,-78.123333,164.161133,4867.081467
93.96,-159.053133,-117.123333,224.161133,4891.081467
93.97,-127.053133,-179.123333,260.161133,4948.081467
93.98,-87.053133,-270.123333,269.161133,5036.081467
93.99,-39.053133,-386.123333,254.161133,5155.081467
94.00,4.946867,-514.123333,230.161133,5313.081467
94.01,56.946867,-652.123333,194.161133,5495.081467
94.02,103.946867,-786.123333,150.161133,5702.081467
94.03,143.946867,-913.123333,113.161133,5938.081467
94.04,186.946867,-1037.123333,84.161133,6192.081467
94.05,215.946867,-1137.123333,63.161133,6474.081467
94.06,257.946867,-1215.123333,35.161133,6767.081467
94.07,281.946867,-1286.123333,-2.838867,7066.081467
94.08,319.946867,-1337.123333,-22.838867,7377.081467
94.09,342.946867,-1366.123333,-38.838867,7695.081467
94.10,356.946867,-1357.123333,-56.838867,8017.081467
94.11,369.946867,-1325.123333,-71.838867,8341.081467
94.12,373.946867,-1281.123333,-93.838867,8669.081467
94.13,374.946867,-1215.123333,-138.838867,8996.081467
94.14,377.946867,-1136.123333,-190.838867,9321.081467
94.15,370.946867,-1074.123333,-248.838867,9642.081467
94.16,367.946867,-1010.123333,-310.838867,9959.081467
94.17,356.946867,-965.123333,-380.838867,10262.081467
94.18,348.946867,-948.123333,-422.838867,10547.081467
94.19,335.946867,-931.123333,-475.838867,10800.081467
94.20,314.946867,-951.123333,-522.838867,11011.081467
94.21,286.946867,-955.123333,-543.838867,11190.081467
94.22,266.946867,-964.123333,-565.838867,11324.081467
94.23,240.946867,-957.123333,-585.838867,11414.081467
94.24,208.946867,-940.123333,-585.838867,11468.081467
94.25,180.946867,-901.123333,-588.838867,11494.081467
94.26,150.946867,-839.123333,-586.838867,11497.081467
94.27,116.946867,-768.123333,-560.838867,11473.081467
94.28,87.946867,-685.123333,-545.838867,11408.081467
94.29,56.946867,-618.123333,-515.838867,11318.081467
94.30,21.946867,-560.123333,-488.838867,11197.081467
94.31,-7.053133,-511.123333,-442.838867,11056.081467
94.32,-36.053133,-485.123333,-397.838867,10890.081467
94.33,-64.053133,-470.123333,-363.838867,10707.081467
94.34,-79.053133,-468.123333,-318.838867,10520.081467
94.35,-104.053133,-449.123333,-278.838867,10323.081467
94.36,-122.053133,-436.123333,-247.838867,10102.081467
94.37,-124.053133,-390.123333,-210.838867,9860.081467
94.38,-134.053133,-340.123333,-187.838867,9594.081467
94.39,-147.053133,-266.123333,-167.838867,9310.081467
94.40,-157.053133,-180.123333,-159.838867,9014.081467
94.41,-160.053133,-99.123333,-147.838867,8711.081467
94.42,-165.053133,-22.123333,-129.838867,8413.081467
94.43,-165.053133,46.876667,-134.838867,8116.081467
94.44,-168.053133,116.876667,-128.838867,7820.081467
94.45,-161.053133,175.876667,-120.838867,7501.081467
94.46,-164.053133,229.876667,-119.838867,7140.081467
94.47,-162.053133,285.876667,-121.838867,6738.081467
94.48,-163.053133,338.876667,-130.838867,6283.081467
94.49,-155.053133,384.876667,-163.838867,5778.081467
94.50,-140.053133,425.876667,-188.838867,5234.081467
94.51,-131.053133,468.876667,-217.838867,4649.081467
94.52,-114.053133,516.876667,-236.838867,4033.081467
94.53,-104.053133,571.876667,-240.838867,3388.081467
94.54,-88.053133,639.876667,-217.838867,2722.081467
94.55,-81.053133,706.876667,-177.838867,2026.081467
94.56,-75.053133,789.876667,-108.838867,1305.081467
94.57,-68.053133,861.876667,-27.838867,552.081467
94.58,-61.053133,927.876667,67.161133,-205.918533
94.59,-61.053133,982.876667,186.161133,-950.918533
94.60,-54.053133,1025.876667,288.161133,-1669.918533
94.61,-47.053133,1063.876667,389.161133,-2330.918533
94.62,-45.053133,1086.876667,485.161133,-2919.918533
94.63,-47.053133,1106.876667,562.161133,-3420.918533
94.64,-50.053133,1108.876667,627.161133,-3820.918533
94.65,-53.053133,1125.876667,663.161133,-4111.918533
94.66,-52.053133,1135.876667,668.161133,-4298.918533
94.67,-50.053133,1147.876667,664.161133,-4372.918533
94.68,-43.053133,1171.876667,639.161133,-4361.918533
94.69,-38.053133,1197.876667,594.161133,-4282.918533
94.70,-33.053133,1226.876667,556.161133,-4141.918533
94.71,-28.053133,1275.876667,528.161133,-3950.918533
94.72,-22.053133,1325.876667,520.161133,-3709.918533
94.73,-20.053133,1369.876667,516.161133,-3428.918533
94.74,-16.053133,1433.876667,556.161133,-3109.918533
94.75,-15.053133,1481.876667,569.161133,-2763.918533
94.76,-14.053133,1531.876667,594.161133,-2385.918533
94.77,-3.053133,1575.876667,593.161133,-1988.918533
94.78,11.946867,1612.876667,593.161133,-1582.918533
94.79,31.946867,1645.876667,585.161133,-1173.918533
94.80,52.946867,1680.876667,563.161133,-781.918533
94.81,74.946867,1700.876667,544.161133,-413.918533
94.82,100.946867,1724.876667,539.161133,-44.918533
94.83,116.946867,1742.876667,564.161133,322.081467
94.84,140.946867,1763.876667,597.161133,696.081467
94.85,152.946867,1771.876667,643.161133,1076.081467
94.86,164.946867,1779.876667,689.161133,1469.081467
94.87,177.946867,1776.876667,739.161133,1854.081467
94.88,183.946867,1751.876667,785.161133,2224.081467
94.89,201.946867,1716.876667,833.161133,2572.081467
94.90,201.946867,1659.876667,864.161133,2882.081467
94.91,213.946867,1578.876667,885.161133,3143.081467
94.92,220.946867,1484.876667,888.161133,3363.081467
94.93,234.946867,1386.876667,874.161133,3540.081467
94.94,243.946867,1289.876667,829.161133,3674.081467
94.95,260.946867,1194.876667,773.161133,3758.081467
94.96,275.946867,1098.876667,709.161133,3794.081467
94.97,282.946867,995.876667,656.161133,3786.081467
94.98,292.946867,892.876667,606.161133,3722.081467
94.99,305.946867,775.876667,577.161133,3614.081467
95.00,303.946867,676.876667,554.161133,3473.081467
95.01,307.946867,588.876667,531.161133,3310.081467
95.02,302.946867,531.876667,499.161133,3155.081467
95.03,292.946867,502.876667,457.161133,3014.081467
95.04,286.946867,495.876667,396.161133,2898.081467
95.05,274.946867,519.876667,322.161133,2804.081467
95.06,263.946867,547.876667,249.161133,2742.081467
95.07,251.946867,583.876667,195.161133,2730.081467
95.08,242.946867,618.876667,160.161133,2766.081467
95.09,219.946867,653.876667,161.161133,2850.081467
95.10,192.946867,677.876667,212.161133,2982.081467
95.11,156.946867,694.876667,294.161133,3152.081467
95.12,128.946867,703.876667,419.161133,3352.081467
95.13,94.946867,704.876667,548.161133,3571.081467
95.14,62.946867,699.876667,667.161133,3798.081467
95.15,32.946867,708.876667,760.161133,4014.081467
95.16,2.946867,719.876667,817.161133,4219.081467
95.17,-25.053133,741.876667,853.161133,4403.081467
95.18,-43.053133,775.876667,853.161133,4545.081467
95.19,-63.053133,807.876667,851.161133,4652.081467
95.20,-81.053133,849.876667,853.161133,4714.081467
95.21,-101.053133,883.876667,853.161133,4713.081467
95.22,-112.053133,898.876667,849.161133,4640.081467
95.23,-125.053133,891.876667,861.161133,4505.081467
95.24,-128.053133,851.876667,868.161133,4316.081467
95.25,-127.053133,802.876667,861.161133,4085.081467
95.26,-123.053133,726.876667,876.161133,3804.081467
95.27,-116.053133,620.876667,874.161133,3482.081467
95.28,-112.053133,506.876667,874.161133,3113.081467
95.29,-97.053133,389.876667,861.161133,2700.081467
95.30,-84.053133,279.876667,849.161133,2244.081467
95.31,-67.053133,167.876667,828.161133,1767.081467
95.32,-51.053133,72.876667,797.161133,1287.081467
95.33,-38.053133,-14.123333,762.161133,814.081467
95.34,-25.053133,-88.123333,725.161133,361.081467
95.35,-8.053133,-162.123333,697.161133,-60.918533
95.36,5.946867,-238.123333,673.161133,-454.918533
95.37,17.946867,-320.123333,652.161133,-810.918533
95.38,33.946867,-414.123333,636.161133,-1129.918533
95.39,36.946867,-516.123333,625.161133,-1402.918533
95.40,42.946867,-620.123333,600.161133,-1630.918533
95.41,46.946867,-725.123333,565.161133,-1801.918533
95.42,47.946867,-823.123333,516.161133,-1927.918533
95.43,40.946867,-910.123333,455.161133,-2013.918533
95.44,36.946867,-994.123333,380.161133,-2087.918533
95.45,29.946867,-1086.123333,282.161133,-2160.918533
95.46,20.946867,-1174.123333,185.161133,-2237.918533
95.47,0.946867,-1257.123333,95.161133,-2334.918533
95.48,-17.053133,-1339.123333,2.161133,-2445.918533
95.49,-39.053133,-1423.123333,-77.838867,-2578.918533
95.50,-55.053133,-1497.123333,-133.838867,-2720.918533
95.51,-73.053133,-1566.123333,-167.838867,-2891.918533
95.52,-99.053133,-1635.123333,-192.838867,-3077.918533
95.53,-121.053133,-1699.123333,-200.838867,-3279.918533
95.54,-134.053133,-1753.123333,-205.838867,-3502.918533
95.55,-148.053133,-1796.123333,-203.838867,-3738.918533
95.56,-161.053133,-1818.123333,-210.838867,-3989.918533
95.57,-174.053133,-1819.123333,-233.838867,-4246.918533
95.58,-186.053133,-1776.123333,-262.838867,-4495.918533
95.59,-195.053133,-1692.123333,-309.838867,-4737.918533
95.60,-203.053133,-1586.123333,-367.838867,-4966.918533
95.61,-215.053133,-1453.123333,-425.838867,-5153.918533
95.62,-229.053133,-1312.123333,-469.838867,-5302.918533
95.63,-244.053133,-1154.123333,-503.838867,-5415.918533
95.64,-260.053133,-994.123333,-518.838867,-5495.918533
95.65,-266.053133,-847.123333,-504.838867,-5546.918533
95.66,-279.053133,-697.123333,-485.838867,-5582.918533
95.67,-291.053133,-566.123333,-458.838867,-5601.918533
95.68,-313.053133,-445.123333,-437.838867,-5600.918533
95.69,-322.053133,-333.123333,-408.838867,-5576.918533
95.70,-327.053133,-235.123333,-400.838867,-5520.918533
95.71,-332.053133,-143.123333,-394.838867,-5435.918533
95.72,-334.053133,-53.123333,-399.838867,-5326.918533
95.73,-329.053133,32.876667,-410.838867,-5197.918533
95.74,-328.053133,114.876667,-441.838867,-5045.918533
95.75,-326.053133,189.876667,-492.838867,-4877.918533
95.76,-317.053133,259.876667,-566.838867,-4692.918533
95.77,-309.053133,310.876667,-650.838867,-4509.918533
95.78,-298.053133,336.876667,-752.838867,-4320.918533
95.79,-283.053133,356.876667,-838.838867,-4128.918533
95.80,-264.053133,357.876667,-946.838867,-3952.918533
95.81,-241.053133,340.876667,-1039.838867,-3800.918533
95.82,-215.053133,329.876667,-1126.838867,-3669.918533
95.83,-184.053133,316.876667,-1211.838867,-3565.918533
95.84,-146.053133,320.876667,-1284.838867,-3500.918533
95.85,-109.053133,327.876667,-1352.838867,-3467.918533
95.86,-72.053133,334.876667,-1389.838867,-3465.918533
95.87,-37.053133,335.876667,-1400.838867,-3498.918533
95.88,-5.053133,331.876667,-1390.838867,-3555.918533
95.89,32.946867,316.876667,-1365.838867,-3630.918533
95.90,62.946867,291.876667,-1316.838867,-3714.918533
95.91,88.946867,262.876667,-1276.838867,-3786.918533
95.92,110.946867,223.876667,-1242.838867,-3844.918533
95.93,137.946867,185.876667,-1227.838867,-3878.918533
95.94,156.946867,138.876667,-1204.838867,-3891.918533
95.95,180.946867,84.876667,-1172.838867,-3890.918533
95.96,207.946867,11.876667,-1124.838867,-3866.918533
95.97,233.946867,-68.123333,-1053.838867,-3829.918533
95.98,257.946867,-145.123333,-962.838867,-3780.918533
95.99,271.946867,-211.123333,-843.838867,-3716.918533
96.00,283.946867,-266.123333,-711.838867,-3633.918533
96.01,288.946867,-303.123333,-584.838867,-3520.918533
96.02,285.946867,-333.123333,-448.838867,-3381.918533
96.03,283.946867,-355.123333,-341.838867,-3206.918533
96.04,284.946867,-378.123333,-222.838867,-2987.918533
96.05,282.946867,-395.123333,-121.838867,-2736.918533
96.06,291.946867,-413.123333,-21.838867,-2471.918533
96.07,287.946867,-431.123333,64.161133,-2202.918533
96.08,293.946867,-452.123333,142.161133,-1942.918533
96.09,292.946867,-466.123333,190.161133,-1686.918533
96.10,302.946867,-468.123333,219.161133,-1439.918533
96.11,312.946867,-466.123333,238.161133,-1196.918533
96.12,317.946867,-470.123333,247.161133,-951.918533
96.13,327.946867,-468.123333,232.161133,-717.918533
96.14,342.946867,-469.123333,214.161133,-502.918533
96.15,354.946867,-475.123333,203.161133,-317.918533
96.16,360.946867,-481.123333,176.161133,-172.918533
96.17,366.946867,-490.123333,159.161133,-66.918533
96.18,363.946867,-488.123333,149.161133,-6.918533
96.19,368.946867,-484.123333,122.161133,5.081467
96.20,370.946867,-466.123333,72.161133,-24.918533
96.21,362.946867,-436.123333,15.161133,-89.918533
96.22,363.946867,-405.123333,-68.838867,-191.918533
96.23,359.946867,-366.123333,-155.838867,-330.918533
96.24,354.946867,-332.123333,-230.838867,-499.918533
96.25,352.946867,-304.123333,-294.838867,-686.918533
96.26,339.946867,-259.123333,-316.838867,-890.918533
96.27,325.946867,-201.123333,-302.838867,-1093.918533
96.28,308.946867,-127.123333,-237.838867,-1279.918533
96.29,288.946867,-43.123333,-150.838867,-1441.918533
96.30,260.946867,53.876667,-40.838867,-1558.918533
96.31,232.946867,173.876667,68.161133,-1639.918533
96.32,206.946867,294.876667,170.161133,-1700.918533
96.33,187.946867,419.876667,285.161133,-1735.918533
96.34,173.946867,557.876667,376.161133,-1747.918533
96.35,156.946867,706.876667,461.161133,-1740.918533
96.36,147.946867,855.876667,534.161133,-1705.918533
96.37,137.946867,1012.876667,604.161133,-1638.918533
96.38,136.946867,1152.876667,679.161133,-1530.918533
96.39,140.946867,1286.876667,736.161133,-1395.918533
96.40,142.946867,1423.876667,767.161133,-1239.918533
96.41,142.946867,1536.876667,785.161133,-1072.918533
96.42,157.946867,1645.876667,784.161133,-908.918533
96.43,168.946867,1730.876667,754.161133,-757.918533
96.44,174.946867,1818.876667,712.161133,-621.918533
96.45,195.946867,1887.876667,646.161133,-507.918533
96.46,218.946867,1938.876667,584.161133,-417.918533
96.47,244.946867,1978.876667,512.161133,-347.918533
96.48,273.946867,2008.876667,439.161133,-292.918533
96.49,295.946867,2014.876667,353.161133,-250.918533
96.50,317.946867,2001.876667,262.161133,-215.918533
96.51,341.946867,1965.876667,157.161133,-186.918533
96.52,368.946867,1912.876667,38.161133,-162.918533
96.53,393.946867,1846.876667,-65.838867,-162.918533
96.54,423.946867,1754.876667,-166.838867,-199.918533
96.55,440.946867,1654.876667,-248.838867,-279.918533
96.56,470.946867,1532.876667,-327.838867,-407.918533
96.57,489.946867,1407.876667,-380.838867,-581.918533
96.58,511.946867,1262.876667,-413.838867,-805.918533
96.59,531.946867,1126.876667,-431.838867,-1091.918533
96.60,547.946867,979.876667,-433.838867,-1433.918533
96.61,560.946867,825.876667,-413.838867,-1820.918533
96.62,574.946867,667.876667,-362.838867,-2239.918533
96.63,585.946867,512.876667,-302.838867,-2689.918533
96.64,596.946867,374.876667,-232.838867,-3152.918533
96.65,604.946867,244.876667,-151.838867,-3612.918533
96.66,607.946867,153.876667,-74.838867,-4074.918533
96.67,614.946867,79.876667,-1.838867,-4534.918533
96.68,606.946867,35.876667,69.161133,-4982.918533
96.69,604.946867,12.876667,141.161133,-5405.918533
96.70,602.946867,-12.123333,208.161133,-5799.918533
96.71,596.946867,-23.123333,294.161133,-6150.918533
96.72,596.946867,-36.123333,384.161133,-6459.918533
96.73,594.946867,-50.123333,485.161133,-6732.918533
96.74,581.946867,-50.123333,580.161133,-6980.918533
96.75,572.946867,-51.123333,661.161133,-7201.918533
96.76,554.946867,-46.123333,743.161133,-7387.918533
96.77,535.946867,-41.123333,801.161133,-7530.918533
96.78,509.946867,-28.123333,853.161133,-7636.918533
96.79,484.946867,-3.123333,886.161133,-7714.918533
96.80,452.946867,5.876667,920.161133,-7756.918533
96.81,414.946867,30.876667,923.161133,-7776.918533
96.82,379.946867,61.876667,930.161133,-7777.918533
96.83,338.946867,91.876667,929.161133,-7763.918533
96.84,287.946867,112.876667,919.161133,-7734.918533
96.85,246.946867,138.876667,909.161133,-7694.918533
96.86,202.946867,154.876667,907.161133,-7642.918533
96.87,149.946867,172.876667,893.161133,-7581.918533
96.88,105.946867,179.876667,876.161133,-7523.918533
96.89,47.946867,186.876667,854.161133,-7462.918533
96.90,0.946867,187.876667,823.161133,-7401.918533
96.91,-55.053133,187.876667,796.161133,-7329.918533
96.92,-104.053133,181.876667,766.161133,-7236.918533
96.93,-163.053133,188.876667,757.161133,-7116.918533
96.94,-209.053133,205.876667,753.161133,-6970.918533
96.95,-260.053133,228.876667,750.161133,-6799.918533
96.96,-306.053133,267.876667,771.161133,-6595.918533
96.97,-349.053133,319.876667,785.161133,-6361.918533
96.98,-387.053133,367.876667,787.161133,-6091.918533
96.99,-419.053133,421.876667,796.161133,-5765.918533
97.00,-436.053133,470.876667,799.161133,-5381.918533
97.01,-449.053133,508.876667,803.161133,-4942.918533
97.02,-453.053133,542.876667,806.161133,-4433.918533
97.03,-451.053133,556.876667,827.161133,-3861.918533
97.04,-443.053133,562.876667,848.161133,-3239.918533
97.05,-421.053133,558.876667,868.161133,-2577.918533
97.06,-405.053133,540.876667,883.161133,-1872.918533
97.07,-381.053133,527.876667,899.161133,-1120.918533
97.08,-355.053133,502.876667,901.161133,-338.918533
97.09,-319.053133,482.876667,906.161133,489.081467
97.10,-283.053133,480.876667,914.161133,1349.081467
97.11,-252.053133,466.876667,936.161133,2238.081467
97.12,-225.053133,459.876667,957.161133,3157.081467
97.13,-199.053133,447.876667,981.161133,4098.081467
97.14,-178.053133,420.876667,1017.161133,5052.081467
97.15,-156.053133,372.876667,1038.161133,5996.081467
97.16,-140.053133,309.876667,1052.161133,6926.081467
97.17,-128.053133,238.876667,1052.161133,7818.081467
97.18,-114.053133,153.876667,1037.161133,8670.081467
97.19,-104.053133,73.876667,1025.161133,9483.081467
97.20,-106.053133,6.876667,1017.161133,10253.081467
97.21,-112.053133,-56.123333,1010.161133,10979.081467
97.22,-129.053133,-108.123333,1007.161133,11652.081467
97.23,-156.053133,-142.123333,1024.161133,12263.081467
97.24,-177.053133,-179.123333,1033.161133,12802.081467
97.25,-214.053133,-196.123333,1040.161133,13257.081467
97.26,-242.053133,-214.123333,1054.161133,13629.081467
97.27,-274.053133,-225.123333,1074.161133,13918.081467
97.28,-302.053133,-224.123333,1103.161133,14130.081467
97.29,-338.053133,-235.123333,1142.161133,14277.081467
97.30,-370.053133,-226.123333,1188.161133,14378.081467
97.31,-396.053133,-229.123333,1231.161133,14438.081467
97.32,-422.053133,-231.123333,1260.161133,14489.081467
97.33,-442.053133,-219.123333,1279.161133,14524.081467
97.34,-460.053133,-205.123333,1281.161133,14551.081467
97.35,-467.053133,-185.123333,1270.161133,14570.081467
97.36,-472.053133,-170.123333,1248.161133,14577.081467
97.37,-465.053133,-149.123333,1221.161133,14582.081467
97.38,-466.053133,-125.123333,1199.161133,14585.081467
97.39,-464.053133,-106.123333,1174.161133,14576.081467
97.40,-459.053133,-107.123333,1146.161133,14559.081467
97.41,-449.053133,-114.123333,1112.161133,14547.081467
97.42,-435.053133,-122.123333,1065.161133,14529.081467
97.43,-419.053133,-138.123333,1021.161133,14524.081467
97.44,-408.053133,-128.123333,958.161133,14520.081467
97.45,-396.053133,-108.123333,893.161133,14519.081467
97.46,-384.053133,-67.123333,810.161133,14520.081467
97.47,-382.053133,-20.123333,716.161133,14515.081467
97.48,-374.053133,33.876667,630.161133,14511.081467
97.49,-370.053133,82.876667,537.161133,14493.081467
97.50,-367.053133,125.876667,441.161133,14462.081467
97.51,-366.053133,162.876667,350.161133,14411.081467
97.52,-359.053133,193.876667,253.161133,14334.081467
97.53,-354.053133,210.876667,160.161133,14219.081467
97.54,-348.053133,221.876667,74.161133,14068.081467
97.55,-340.053133,232.876667,-22.838867,13885.081467
97.56,-331.053133,227.876667,-127.838867,13655.081467
97.57,-329.053133,217.876667,-235.838867,13395.081467
97.58,-318.053133,212.876667,-339.838867,13090.081467
97.59,-312.053133,199.876667,-447.838867,12737.081467
97.60,-293.053133,193.876667,-570.838867,12340.081467
97.61,-284.053133,188.876667,-677.838867,11909.081467
97.62,-270.053133,192.876667,-776.838867,11456.081467
97.63,-252.053133,209.876667,-872.838867,10987.081467
97.64,-241.053133,234.876667,-946.838867,10506.081467
97.65,-229.053133,263.876667,-1006.838867,9992.081467
97.66,-214.053133,295.876667,-1059.838867,9460.081467
97.67,-203.053133,322.876667,-1093.838867,8926.081467
97.68,-189.053133,347.876667,-1118.838867,8407.081467
97.69,-168.053133,377.876667,-1127.838867,7908.081467
97.70,-152.053133,422.876667,-1144.838867,7437.081467
97.71,-136.053133,460.876667,-1141.838867,6999.081467
97.72,-117.053133,501.876667,-1146.838867,6608.081467
97.73,-107.053133,541.876667,-1151.838867,6264.081467
97.74,-98.053133,560.876667,-1148.838867,5967.081467
97.75,-89.053133,573.876667,-1143.838867,5714.081467
97.76,-81.053133,560.876667,-1122.838867,5507.081467
97.77,-66.053133,540.876667,-1096.838867,5330.081467
97.78,-53.053133,510.876667,-1054.838867,5176.081467
97.79,-44.053133,463.876667,-1009.838867,5045.081467
97.80,-44.053133,417.876667,-939.838867,4927.081467
97.81,-42.053133,358.876667,-878.838867,4827.081467
97.82,-44.053133,286.876667,-804.838867,4742.081467
97.83,-49.053133,206.876667,-720.838867,4676.081467
97.84,-47.053133,126.876667,-641.838867,4626.081467
97.85,-52.053133,62.876667,-556.838867,4582.081467
97.86,-67.053133,-12.123333,-463.838867,4539.081467
97.87,-74.053133,-77.123333,-355.838867,4517.081467
97.88,-90.053133,-142.123333,-263.838867,4513.081467
97.89,-114.053133,-194.123333,-158.838867,4531.081467
97.90,-131.053133,-250.123333,-75.838867,4554.081467
97.91,-156.053133,-288.123333,2.161133,4582.081467
97.92,-174.053133,-324.123333,76.161133,4617.081467
97.93,-194.053133,-345.123333,138.161133,4651.081467
97.94,-210.053133,-358.123333,212.161133,4682.081467
97.95,-227.053133,-370.123333,284.161133,4707.081467
97.96,-251.053133,-393.123333,347.161133,4735.081467
97.97,-267.053133,-422.123333,421.161133,4764.081467
97.98,-274.053133,-451.123333,467.161133,4788.081467
97.99,-293.053133,-481.123333,500.161133,4809.081467
98.00,-300.053133,-515.123333,534.161133,4821.081467
98.01,-307.053133,-533.123333,551.161133,4829.081467
98.02,-308.053133,-536.123333,545.161133,4815.081467
98.03,-303.053133,-537.123333,550.161133,4791.081467
98.04,-298.053133,-515.123333,529.161133,4750.081467
98.05,-289.053133,-508.123333,508.161133,4700.081467
98.06,-283.053133,-489.123333,475.161133,4646.081467
98.07,-274.053133,-477.123333,440.161133,4598.081467
98.08,-262.053133,-459.123333,397.161133,4562.081467
98.09,-239.053133,-448.123333,359.161133,4538.081467
98.10,-222.053133,-437.123333,329.161133,4524.081467
98.11,-203.053133,-418.123333,310.161133,4515.081467
98.12,-189.053133,-398.123333,292.161133,4502.081467
98.13,-168.053133,-384.123333,282.161133,4488.081467
98.14,-143.053133,-356.123333,288.161133,4464.081467
98.15,-126.053133,-321.123333,285.161133,4420.081467
98.16,-101.053133,-284.123333,304.161133,4370.081467
98.17,-74.053133,-229.123333,325.161133,4316.081467
98.18,-50.053133,-157.123333,349.161133,4260.081467
98.19,-27.053133,-71.123333,389.161133,4208.081467
98.20,-3.053133,19.876667,435.161133,4164.081467
98.21,19.946867,111.876667,472.161133,4116.081467
98.22,42.946867,191.876667,500.161133,4063.081467
98.23,69.946867,275.876667,539.161133,4000.081467
98.24,98.946867,358.876667,555.161133,3907.081467
98.25,118.946867,430.876667,585.161133,3778.081467
98.26,143.946867,514.876667,605.161133,3625.081467
98.27,172.946867,598.876667,625.161133,3447.081467
98.28,190.946867,677.876667,634.161133,3253.081467
98.29,216.946867,756.876667,655.161133,3045.081467
98.30,236.946867,819.876667,669.161133,2828.081467
98.31,250.946867,875.876667,687.161133,2598.081467
98.32,264.946867,931.876667,671.161133,2358.081467
98.33,287.946867,973.876667,661.161133,2108.081467
98.34,300.946867,1044.876667,625.161133,1844.081467
98.35,317.946867,1116.876667,574.161133,1574.081467
98.36,325.946867,1200.876667,519.161133,1306.081467
98.37,335.946867,1286.876667,447.161133,1032.081467
98.38,335.946867,1370.876667,364.161133,745.081467
98.39,351.946867,1436.876667,278.161133,444.081467
98.40,352.946867,1490.876667,211.161133,132.081467
98.41,353.946867,1536.876667,154.161133,-192.918533
98.42,356.946867,1564.876667,130.161133,-549.918533
98.43,355.946867,1586.876667,122.161133,-941.918533
98.44,348.946867,1610.876667,137.161133,-1351.918533
98.45,334.946867,1637.876667,170.161133,-1766.918533
98.46,322.946867,1657.876667,206.161133,-2176.918533
98.47,310.946867,1659.876667,251.161133,-2568.918533
98.48,286.946867,1660.876667,293.161133,-2930.918533
98.49,270.946867,1654.876667,332.161133,-3273.918533
98.50,250.946867,1650.876667,372.161133,-3600.918533
98.51,229.946867,1639.876667,391.161133,-3905.918533
98.52,199.946867,1632.876667,419.161133,-4185.918533
98.53,169.946867,1625.876667,443.161133,-4449.918533
98.54,142.946867,1599.876667,467.161133,-4703.918533
98.55,112.946867,1558.876667,511.161133,-4951.918533
98.56,80.946867,1482.876667,545.161133,-5193.918533
98.57,51.946867,1389.876667,597.161133,-5425.918533
98.58,30.946867,1274.876667,643.161133,-5639.918533
98.59,5.946867,1147.876667,685.161133,-5835.918533
98.60,-14.053133,1030.876667,731.161133,-6009.918533
98.61,-32.053133,915.876667,771.161133,-6185.918533
98.62,-45.053133,807.876667,800.161133,-6366.918533
98.63,-61.053133,692.876667,825.161133,-6551.918533
98.64,-71.053133,595.876667,853.161133,-6725.918533
98.65,-71.053133,499.876667,871.161133,-6881.918533
98.66,-77.053133,407.876667,901.161133,-7029.918533
98.67,-76.053133,330.876667,930.161133,-7165.918533
98.68,-74.053133,256.876667,970.161133,-7295.918533
98.69,-72.053133,197.876667,1023.161133,-7413.918533
98.70,-62.053133,151.876667,1086.161133,-7522.918533
98.71,-55.053133,99.876667,1146.161133,-7615.918533
98.72,-50.053133,46.876667,1208.161133,-7690.918533
98.73,-31.053133,-2.123333,1267.161133,-7757.918533
98.74,-25.053133,-55.123333,1325.161133,-7815.918533
98.75,-7.053133,-104.123333,1372.161133,-7864.918533
98.76,7.946867,-156.123333,1418.161133,-7901.918533
98.77,26.946867,-198.123333,1457.161133,-7927.918533
98.78,48.946867,-229.123333,1502.161133,-7935.918533
98.79,59.946867,-255.123333,1537.161133,-7923.918533
98.80,70.946867,-269.123333,1546.161133,-7904.918533
98.81,77.946867,-268.123333,1549.161133,-7879.918533
98.82,94.946867,-258.123333,1536.161133,-7855.918533
98.83,95.946867,-233.123333,1521.161133,-7819.918533
98.84,116.946867,-193.123333,1502.161133,-7785.918533
98.85,132.946867,-143.123333,1491.161133,-7757.918533
98.86,146.946867,-91.123333,1490.161133,-7726.918533
98.87,157.946867,-30.123333,1491.161133,-7695.918533
98.88,164.946867,29.876667,1496.161133,-7651.918533
98.89,177.946867,86.876667,1497.161133,-7579.918533
98.90,184.946867,158.876667,1505.161133,-7482.918533
98.91,194.946867,224.876667,1499.161133,-7360.918533
98.92,200.946867,300.876667,1481.161133,-7202.918533
98.93,207.946867,369.876667,1456.161133,-7014.918533
98.94,201.946867,437.876667,1402.161133,-6786.918533
98.95,198.946867,503.876667,1332.161133,-6512.918533
98.96,197.946867,577.876667,1253.161133,-6193.918533
98.97,186.946867,635.876667,1177.161133,-5836.918533
98.98,169.946867,692.876667,1104.161133,-5434.918533
98.99,143.946867,753.876667,1047.161133,-5015.918533
99.00,120.946867,813.876667,989.161133,-4583.918533
99.01,97.946867,872.876667,925.161133,-4147.918533
99.02,68.946867,922.876667,857.161133,-3711.918533
99.03,39.946867,962.876667,791.161133,-3279.918533
99.04,6.946867,1012.876667,721.161133,-2838.918533
99.05,-26.053133,1055.876667,663.161133,-2402.918533
99.06,-57.053133,1098.876667,607.161133,-1993.918533
99.07,-80.053133,1127.876667,553.161133,-1590.918533
99.08,-113.053133,1161.876667,513.161133,-1201.918533
99.09,-141.053133,1187.876667,485.161133,-826.918533
99.10,-170.053133,1206.876667,461.161133,-475.918533
99.11,-195.053133,1225.876667,426.161133,-159.918533
99.12,-224.053133,1236.876667,391.161133,122.081467
99.13,-245.053133,1242.876667,364.161133,381.081467
99.14,-265.053133,1251.876667,336.161133,619.081467
99.15,-274.053133,1272.876667,319.161133,826.081467
99.16,-281.053133,1273.876667,295.161133,997.081467
99.17,-282.053133,1285.876667,274.161133,1143.081467
99.18,-272.053133,1279.876667,238.161133,1267.081467
99.19,-266.053133,1263.876667,211.161133,1385.081467
99.20,-254.053133,1225.876667,165.161133,1496.081467
99.21,-243.053133,1176.876667,126.161133,1613.081467
99.22,-227.053133,1112.876667,91.161133,1736.081467
99.23,-211.053133,1048.876667,42.161133,1871.081467
99.24,-195.053133,982.876667,-12.838867,2015.081467
99.25,-170.053133,915.876667,-58.838867,2172.081467
99.26,-154.053133,858.876667,-110.838867,2346.081467
99.27,-131.053133,792.876667,-171.838867,2538.081467
99.28,-106.053133,725.876667,-220.838867,2746.081467
99.29,-84.053133,652.876667,-281.838867,2977.081467
99.30,-58.053133,592.876667,-331.838867,3217.081467
99.31,-29.053133,534.876667,-362.838867,3478.081467
99.32,-11.053133,490.876667,-382.838867,3751.081467
99.33,12.946867,444.876667,-411.838867,4028.081467
99.34,32.946867,423.876667,-411.838867,4303.081467
99.35,55.946867,391.876667,-410.838867,4567.081467
99.36,78.946867,368.876667,-395.838867,4822.081467
99.37,108.946867,345.876667,-360.838867,5071.081467
99.38,129.946867,330.876667,-320.838867,5312.081467
99.39,154.946867,321.876667,-267.838867,5529.081467
99.40,176.946867,312.876667,-201.838867,5706.081467
99.41,192.946867,318.876667,-131.838867,5844.081467
99.42,211.946867,325.876667,-68.838867,5941.081467
99.43,235.946867,336.876667,11.161133,5998.081467
99.44,259.946867,358.876667,84.161133,6023.081467
99.45,287.946867,367.876667,140.161133,6013.081467
99.46,315.946867,380.876667,216.161133,5967.081467
99.47,334.946867,388.876667,287.161133,5882.081467
99.48,357.946867,388.876667,363.161133,5759.081467
99.49,378.946867,375.876667,451.161133,5601.081467
99.50,396.946867,366.876667,526.161133,5414.081467
99.51,407.946867,330.876667,603.161133,5208.081467
99.52,422.946867,302.876667,675.161133,4989.081467
99.53,432.946867,257.876667,743.161133,4761.081467
99.54,436.946867,206.876667,793.161133,4536.081467
99.55,454.946867,147.876667,842.161133,4321.081467
99.56,455.946867,93.876667,862.161133,4125.081467
99.57,468.946867,40.876667,885.161133,3959.081467
99.58,474.946867,-19.123333,900.161133,3818.081467
99.59,480.946867,-74.123333,907.161133,3692.081467
99.60,485.946867,-135.123333,901.161133,3579.081467
99.61,479.946867,-212.123333,889.161133,3474.081467
99.62,478.946867,-300.123333,861.161133,3381.081467
99.63,470.946867,-391.123333,818.161133,3309.081467
99.64,473.946867,-484.123333,750.161133,3257.081467
99.65,457.946867,-564.123333,669.161133,3224.081467
99.66,455.946867,-651.123333,570.161133,3212.081467
99.67,451.946867,-737.123333,471.161133,3215.081467
99.68,445.946867,-826.123333,367.161133,3235.081467
99.69,432.946867,-903.123333,255.161133,3284.081467
99.70,418.946867,-975.123333,162.161133,3356.081467
99.71,409.946867,-1022.123333,51.161133,3436.081467
99.72,389.946867,-1053.123333,-42.838867,3534.081467
99.73,369.946867,-1040.123333,-107.838867,3642.081467
99.74,350.946867,-1009.123333,-177.838867,3755.081467
99.75,315.946867,-947.123333,-208.838867,3867.081467
99.76,294.946867,-883.123333,-242.838867,3971.081467
99.77,269.946867,-796.123333,-277.838867,4081.081467
99.78,246.946867,-716.123333,-300.838867,4189.081467
99.79,210.946867,-625.123333,-318.838867,4305.081467
99.80,182.946867,-526.123333,-337.838867,4437.081467
99.81,147.946867,-404.123333,-349.838867,4574.081467
99.82,122.946867,-272.123333,-360.838867,4713.081467
99.83,90.946867,-126.123333,-364.838867,4855.081467
99.84,67.946867,32.876667,-362.838867,4995.081467
99.85,36.946867,179.876667,-346.838867,5129.081467
99.86,13.946867,335.876667,-305.838867,5254.081467
99.87,-9.053133,478.876667,-265.838867,5362.081467
99.88,-30.053133,614.876667,-196.838867,5457.081467
99.89,-51.053133,749.876667,-115.838867,5545.081467
99.90,-71.053133,885.876667,-28.838867,5621.081467
99.91,-95.053133,1015.876667,55.161133,5688.081467
99.92,-111.053133,1146.876667,137.161133,5756.081467
99.93,-129.053133,1251.876667,222.161133,5816.081467
99.94,-142.053133,1348.876667,295.161133,5864.081467
99.95,-161.053133,1417.876667,375.161133,5905.081467
99.96,-168.053133,1464.876667,443.161133,5927.081467
99.97,-177.053133,1495.876667,518.161133,5949.081467
99.98,-184.053133,1514.876667,583.161133,5969.081467
99.99,-193.053133,1520.876667,649.161133,5980.081467
100.00,-206.053133,1532.876667,706.161133,5980.081467
100.01,-216.053133,1531.876667,762.161133,5954.081467
100.02,-228.053133,1521.876667,809.161133,5910.081467
100.03,-239.053133,1503.876667,850.161133,5844.081467
100.04,-255.053133,1492.876667,900.161133,5753.081467
100.05,-264.053133,1462.876667,962.161133,5651.081467
100.06,-280.053133,1426.876667,1014.161133,5539.081467
100.07,-293.053133,1387.876667,1071.161133,5435.081467
100.08,-309.053133,1343.876667,1113.161133,5339.081467
100.09,-321.053133,1302.876667,1149.161133,5238.081467
100.10,-334.053133,1241.876667,1163.161133,5136.081467
100.11,-341.053133,1190.876667,1177.161133,5054.081467
100.12,-342.053133,1122.876667,1170.161133,4989.081467
100.13,-341.053133,1053.876667,1179.161133,4949.081467
100.14,-343.053133,991.876667,1177.161133,4931.081467
100.15,-344.053133,917.876667,1165.161133,4930.081467
100.16,-347.053133,859.876667,1157.161133,4948.081467
100.17,-340.053133,805.876667,1130.161133,4970.081467
100.18,-336.053133,768.876667,1090.161133,4991.081467
100.19,-322.053133,726.876667,1050.161133,5015.081467
100.20,-306.053133,697.876667,998.161133,5031.081467
100.21,-290.053133,670.876667,962.161133,5042.081467
100.22,-275.053133,632.876667,932.161133,5048.081467
100.23,-249.053133,602.876667,921.161133,5046.081467
100.24,-232.053133,561.876667,906.161133,5023.081467
100.25,-217.053133,518.876667,909.161133,4977.081467
100.26,-187.053133,467.876667,918.161133,4914.081467
100.27,-159.053133,427.876667,940.161133,4829.081467
100.28,-145.053133,388.876667,954.161133,4718.081467
100.29,-128.053133,354.876667,977.161133,4576.081467
100.30,-114.053133,323.876667,985.161133,4398.081467
100.31,-85.053133,294.876667,1005.161133,4194.081467
100.32,-64.053133,271.876667,1027.161133,3973.081467
100.33,-47.053133,239.876667,1050.161133,3732.081467
100.34,-28.053133,203.876667,1077.161133,3475.081467
100.35,-11.053133,155.876667,1119.161133,3211.081467
100.36,10.946867,97.876667,1181.161133,2961.081467
100.37,20.946867,42.876667,1247.161133,2725.081467
100.38,34.946867,-14.123333,1313.161133,2512.081467
100.39,48.946867,-70.123333,1385.161133,2315.081467
100.40,62.946867,-129.123333,1456.161133,2135.081467
100.41,79.946867,-194.123333,1503.161133,1974.081467
100.42,89.946867,-265.123333,1559.161133,1841.081467
100.43,109.946867,-339.123333,1600.161133,1732.081467
100.44,119.946867,-425.123333,1627.161133,1636.081467
100.45,124.946867,-502.123333,1647.161133,1564.081467
100.46,132.946867,-574.123333,1651.161133,1506.081467
100.47,139.946867,-645.123333,1644.161133,1464.081467
100.48,140.946867,-715.123333,1629.161133,1439.081467
100.49,140.946867,-780.123333,1605.161133,1428.081467
100.50,147.946867,-853.123333,1565.161133,1426.081467
100.51,138.946867,-920.123333,1523.161133,1433.081467
100.52,134.946867,-981.123333,1470.161133,1443.081467
100.53,132.946867,-1048.123333,1420.161133,1460.081467
100.54,128.946867,-1080.123333,1357.161133,1471.081467
100.55,115.946867,-1114.123333,1303.161133,1473.081467
100.56,105.946867,-1134.123333,1232.161133,1462.081467
100.57,97.946867,-1158.123333,1159.161133,1455.081467
100.58,75.946867,-1174.123333,1080.161133,1442.081467
100.59,67.946867,-1170.123333,999.161133,1430.081467
100.60,51.946867,-1169.123333,919.161133,1416.081467
100.61,41.946867,-1143.123333,851.161133,1410.081467
100.62,17.946867,-1091.123333,778.161133,1397.081467
100.63,-3.053133,-1030.123333,719.161133,1369.081467
100.64,-34.053133,-955.123333,652.161133,1325.081467
100.65,-52.053133,-875.123333,602.161133,1271.081467
100.66,-84.053133,-787.123333,564.161133,1204.081467
100.67,-114.053133,-696.123333,526.161133,1127.081467
100.68,-145.053133,-594.123333,517.161133,1036.081467
100.69,-179.053133,-494.123333,512.161133,926.081467
100.70,-209.053133,-392.123333,508.161133,800.081467
100.71,-248.053133,-287.123333,508.161133,672.081467
100.72,-280.053133,-163.123333,512.161133,537.081467
100.73,-309.053133,-56.123333,506.161133,399.081467
100.74,-339.053133,53.876667,500.161133,274.081467
100.75,-370.053133,177.876667,507.161133,173.081467
100.76,-392.053133,313.876667,512.161133,85.081467
100.77,-425.053133,439.876667,521.161133,17.081467
100.78,-458.053133,579.876667,539.161133,-26.918533
100.79,-491.053133,701.876667,548.161133,-49.918533
100.80,-513.053133,815.876667,552.161133,-55.918533
100.81,-532.053133,929.876667,565.161133,-51.918533
100.82,-542.053133,1036.876667,572.161133,-36.918533
100.83,-555.053133,1133.876667,580.161133,-22.918533
100.84,-571.053133,1223.876667,587.161133,4.081467
100.85,-581.053133,1310.876667,601.161133,52.081467
100.86,-587.053133,1373.876667,603.161133,120.081467
100.87,-595.053133,1425.876667,605.161133,224.081467
100.88,-600.053133,1454.876667,589.161133,351.081467
100.89,-599.053133,1470.876667,580.161133,507.081467
100.90,-593.053133,1458.876667,568.161133,674.081467
100.91,-580.053133,1431.876667,553.161133,849.081467
100.92,-572.053133,1395.876667,536.161133,1018.081467
100.93,-553.053133,1343.876667,535.161133,1183.081467
100.94,-539.053133,1290.876667,532.161133,1339.081467
100.95,-512.053133,1236.876667,533.161133,1495.081467
100.96,-499.053133,1173.876667,535.161133,1640.081467
100.97,-475.053133,1101.876667,534.161133,1767.081467
100.98,-453.053133,1031.876667,533.161133,1887.081467
100.99,-431.053133,959.876667,538.161133,1990.081467
101.00,-404.053133,877.876667,529.161133,2075.081467
101.01,-370.053133,809.876667,526.161133,2155.081467
101.02,-331.053133,736.876667,527.161133,2227.081467
101.03,-297.053133,676.876667,529.161133,2291.081467
101.04,-261.053133,616.876667,545.161133,2356.081467
101.05,-231.053133,559.876667,557.161133,2415.081467
101.06,-190.053133,520.876667,554.161133,2460.081467
101.07,-163.053133,486.876667,568.161133,2503.081467
101.08,-120.053133,463.876667,573.161133,2537.081467
101.09,-76.053133,439.876667,577.161133,2559.081467
101.10,-35.053133,424.876667,592.161133,2581.081467
101.11,2.946867,410.876667,604.161133,2592.081467
101.12,34.946867,392.876667,610.161133,2594.081467
101.13,61.946867,378.876667,618.161133,2590.081467
101.14,93.946867,378.876667,626.161133,2578.081467
101.15,119.946867,384.876667,618.161133,2551.081467
101.16,142.946867,406.876667,614.161133,2508.081467
101.17,164.946867,442.876667,593.161133,2445.081467
101.18,177.946867,483.876667,565.161133,2371.081467
101.19,200.946867,541.876667,535.161133,2272.081467
101.20,205.946867,596.876667,489.161133,2147.081467
101.21,218.946867,647.876667,426.161133,2001.081467
101.22,225.946867,699.876667,359.161133,1848.081467
101.23,226.946867,757.876667,293.161133,1703.081467
101.24,224.946867,804.876667,219.161133,1555.081467
101.25,228.946867,840.876667,153.161133,1412.081467
101.26,221.946867,861.876667,91.161133,1273.081467
101.27,217.946867,877.876667,40.161133,1134.081467
101.28,206.946867,882.876667,-1.838867,988.081467
101.29,192.946867,887.876667,-42.838867,834.081467
101.30,176.946867,893.876667,-77.838867,676.081467
101.31,161.946867,898.876667,-113.838867,512.081467
101.32,152.946867,915.876667,-161.838867,343.081467
101.33,141.946867,924.876667,-187.838867,162.081467
101.34,123.946867,934.876667,-207.838867,-18.918533
101.35,103.946867,928.876667,-233.838867,-189.918533
101.36,91.946867,920.876667,-249.838867,-339.918533
101.37,73.946867,895.876667,-250.838867,-480.918533
101.38,67.946867,856.876667,-258.838867,-613.918533
101.39,53.946867,813.876667,-243.838867,-730.918533
101.40,40.946867,759.876667,-233.838867,-835.918533
101.41,37.946867,716.876667,-210.838867,-945.918533
101.42,23.946867,662.876667,-195.838867,-1061.918533
101.43,21.946867,606.876667,-195.838867,-1182.918533
101.44,15.946867,549.876667,-181.838867,-1311.918533
101.45,12.946867,498.876667,-187.838867,-1460.918533
101.46,19.946867,428.876667,-188.838867,-1618.918533
101.47,24.946867,376.876667,-173.838867,-1767.918533
101.48,34.946867,316.876667,-149.838867,-1915.918533
101.49,36.946867,270.876667,-112.838867,-2057.918533
101.50,27.946867,240.876667,-71.838867,-2194.918533
101.51,32.946867,210.876667,-17.838867,-2332.918533
101.52,31.946867,188.876667,15.161133,-2466.918533
101.53,35.946867,173.876667,42.161133,-2602.918533
101.54,44.946867,161.876667,66.161133,-2735.918533
101.55,53.946867,161.876667,105.161133,-2864.918533
101.56,60.946867,171.876667,154.161133,-2982.918533
101.57,62.946867,190.876667,205.161133,-3086.918533
101.58,64.946867,228.876667,274.161133,-3182.918533
101.59,59.946867,272.876667,337.161133,-3268.918533
101.60,60.946867,317.876667,420.161133,-3347.918533
101.61,50.946867,368.876667,493.161133,-3412.918533
101.62,50.946867,416.876667,563.161133,-3474.918533
101.63,32.946867,459.876667,619.161133,-3534.918533
101.64,38.946867,501.876667,670.161133,-3576.918533
101.65,35.946867,545.876667,722.161133,-3599.918533
101.66,30.946867,598.876667,774.161133,-3600.918533
101.67,30.946867,652.876667,826.161133,-3582.918533
101.68,25.946867,709.876667,876.161133,-3549.918533
101.69,18.946867,770.876667,922.161133,-3495.918533
101.70,2.946867,823.876667,969.161133,-3422.918533
101.71,-9.053133,878.876667,1000.161133,-3319.918533
101.72,-20.053133,924.876667,1053.161133,-3178.918533
101.73,-29.053133,963.876667,1093.161133,-2996.918533
101.74,-36.053133,1007.876667,1122.161133,-2773.918533
101.75,-44.053133,1044.876667,1147.161133,-2535.918533
101.76,-52.053133,1084.876667,1157.161133,-2288.918533
101.77,-60.053133,1126.876667,1157.161133,-2029.918533
101.78,-69.053133,1170.876667,1155.161133,-1754.918533
101.79,-83.053133,1213.876667,1134.161133,-1457.918533
101.80,-87.053133,1267.876667,1120.161133,-1155.918533
101.81,-93.053133,1314.876667,1090.161133,-867.918533
101.82,-92.053133,1357.876667,1062.161133,-592.918533
101.83,-91.053133,1394.876667,1030.161133,-355.918533
101.84,-89.053133,1428.876667,994.161133,-162.918533
101.85,-85.053133,1441.876667,973.161133,-5.918533
101.86,-85.053133,1451.876667,952.161133,113.081467
101.87,-81.053133,1438.876667,930.161133,198.081467
101.88,-75.053133,1399.876667,903.161133,251.081467
101.89,-68.053133,1359.876667,875.161133,271.081467
101.90,-56.053133,1307.876667,852.161133,254.081467
101.91,-46.053133,1243.876667,810.161133,206.081467
101.92,-41.053133,1170.876667,774.161133,136.081467
101.93,-25.053133,1092.876667,733.161133,41.081467
101.94,-14.053133,1018.876667,686.161133,-67.918533
101.95,-6.053133,949.876667,665.161133,-182.918533
101.96,2.946867,894.876667,629.161133,-306.918533
101.97,9.946867,832.876667,617.161133,-437.918533
101.98,14.946867,786.876667,617.161133,-559.918533
101.99,18.946867,738.876667,623.161133,-677.918533
102.00,26.946867,697.876667,624.161133,-778.918533
102.01,19.946867,652.876667,638.161133,-857.918533
102.02,22.946867,617.876667,651.161133,-917.918533
102.03,22.946867,574.876667,668.161133,-960.918533
102.04,12.946867,528.876667,686.161133,-981.918533
102.05,4.946867,492.876667,713.161133,-980.918533
102.06,-3.053133,460.876667,739.161133,-962.918533
102.07,-16.053133,433.876667,766.161133,-925.918533
102.08,-37.053133,418.876667,801.161133,-875.918533
102.09,-55.053133,413.876667,845.161133,-815.918533
102.10,-73.053133,402.876667,884.161133,-737.918533
102.11,-94.053133,387.876667,930.161133,-640.918533
102.12,-121.053133,375.876667,969.161133,-522.918533
102.13,-156.053133,360.876667,1015.161133,-378.918533
102.14,-182.053133,346.876667,1058.161133,-201.918533
102.15,-207.053133,329.876667,1107.161133,1.081467
102.16,-235.053133,319.876667,1136.161133,233.081467
102.17,-267.053133,307.876667,1171.161133,492.081467
102.18,-294.053133,310.876667,1212.161133,762.081467
102.19,-321.053133,297.876667,1252.161133,1052.081467
102.20,-344.053133,294.876667,1284.161133,1356.081467
102.21,-362.053133,292.876667,1323.161133,1671.081467
102.22,-383.053133,283.876667,1353.161133,1975.081467
102.23,-394.053133,277.876667,1384.161133,2279.081467
102.24,-408.053133,280.876667,1405.161133,2577.081467
102.25,-424.053133,293.876667,1419.161133,2864.081467
102.26,-427.053133,301.876667,1434.161133,3142.081467
102.27,-435.053133,305.876667,1436.161133,3423.081467
102.28,-430.053133,301.876667,1434.161133,3711.081467
102.29,-421.053133,297.876667,1442.161133,4003.081467
102.30,-407.053133,288.876667,1435.161133,4284.081467
102.31,-384.053133,266.876667,1429.161133,4547.081467
102.32,-362.053133,250.876667,1432.161133,4799.081467
102.33,-341.053133,240.876667,1410.161133,5031.081467
102.34,-315.053133,239.876667,1378.161133,5235.081467
102.35,-285.053133,223.876667,1340.161133,5420.081467
102.36,-250.053133,217.876667,1313.161133,5582.081467
102.37,-226.053133,201.876667,1276.161133,5725.081467
102.38,-197.053133,190.876667,1263.161133,5856.081467
102.39,-172.053133,175.876667,1250.161133,5970.081467
102.40,-143.053133,163.876667,1248.161133,6067.081467
102.41,-123.053133,152.876667,1237.161133,6150.081467
102.42,-103.053133,127.876667,1219.161133,6231.081467
102.43,-90.053133,116.876667,1166.161133,6295.081467
102.44,-72.053133,99.876667,1110.161133,6348.081467
102.45,-49.053133,84.876667,1053.161133,6381.081467
102.46,-39.053133,77.876667,980.161133,6396.081467
102.47,-26.053133,55.876667,914.161133,6406.081467
102.48,-19.053133,45.876667,855.161133,6407.081467
102.49,-11.053133,31.876667,790.161133,6409.081467
102.50,-8.053133,9.876667,743.161133,6424.081467
102.51,-13.053133,-20.123333,691.161133,6451.081467
102.52,-11.053133,-48.123333,639.161133,6482.081467
102.53,-16.053133,-87.123333,588.161133,6521.081467
102.54,-15.053133,-131.123333,536.161133,6558.081467
102.55,-22.053133,-170.123333,468.161133,6600.081467
102.56,-25.053133,-197.123333,394.161133,6638.081467
102.57,-29.053133,-220.123333,310.161133,6679.081467
102.58,-28.053133,-236.123333,222.161133,6718.081467
102.59,-23.053133,-237.123333,119.161133,6765.081467
102.60,-21.053133,-221.123333,17.161133,6826.081467
102.61,-17.053133,-198.123333,-71.838867,6883.081467
102.62,-15.053133,-178.123333,-166.838867,6932.081467
102.63,-6.053133,-154.123333,-244.838867,6985.081467
102.64,6.946867,-131.123333,-302.838867,7040.081467
102.65,14.946867,-107.123333,-337.838867,7096.081467
102.66,30.946867,-79.123333,-342.838867,7152.081467
102.67,41.946867,-57.123333,-337.838867,7210.081467
102.68,52.946867,-18.123333,-321.838867,7274.081467
102.69,74.946867,16.876667,-311.838867,7344.081467
102.70,92.946867,66.876667,-288.838867,7410.081467
102.71,106.946867,113.876667,-268.838867,7475.081467
102.72,131.946867,177.876667,-235.838867,7546.081467
102.73,161.946867,255.876667,-190.838867,7615.081467
102.74,180.946867,333.876667,-156.838867,7685.081467
102.75,204.946867,418.876667,-86.838867,7758.081467
102.76,229.946867,507.876667,-39.838867,7820.081467
102.77,245.946867,599.876667,37.161133,7873.081467
102.78,273.946867,678.876667,103.161133,7899.081467
102.79,292.946867,760.876667,166.161133,7897.081467
102.80,318.946867,841.876667,237.161133,7875.081467
102.81,337.946867,902.876667,318.161133,7826.081467
102.82,350.946867,959.876667,407.161133,7761.081467
102.83,371.946867,1010.876667,493.161133,7681.081467
102.84,384.946867,1051.876667,580.161133,7598.081467
102.85,394.946867,1108.876667,657.161133,7498.081467
102.86,405.946867,1156.876667,743.161133,7380.081467
102.87,411.946867,1205.876667,804.161133,7237.081467
102.88,413.946867,1253.876667,871.161133,7086.081467
102.89,406.946867,1300.876667,946.161133,6928.081467
102.90,402.946867,1351.876667,993.161133,6764.081467
102.91,391.946867,1389.876667,1044.161133,6597.081467
102.92,371.946867,1421.876667,1089.161133,6445.081467
102.93,358.946867,1460.876667,1125.161133,6315.081467
102.94,338.946867,1485.876667,1151.161133,6196.081467
102.95,321.946867,1502.876667,1169.161133,6106.081467
102.96,299.946867,1508.876667,1205.161133,6033.081467
102.97,276.946867,1500.876667,1212.161133,5977.081467
102.98,258.946867,1485.876667,1238.161133,5938.081467
102.99,231.946867,1475.876667,1253.161133,5907.081467
103.00,204.946867,1467.876667,1256.161133,5893.081467
103.01,180.946867,1464.876667,1262.161133,5892.081467
103.02,155.946867,1463.876667,1245.161133,5905.081467
103.03,129.946867,1455.876667,1243.161133,5927.081467
103.04,100.946867,1446.876667,1223.161133,5956.081467
103.05,77.946867,1422.876667,1197.161133,5997.081467
103.06,59.946867,1396.876667,1157.161133,6047.081467
103.07,38.946867,1347.876667,1105.161133,6106.081467
103.08,21.946867,1310.876667,1044.161133,6173.081467
103.09,7.946867,1257.876667,977.161133,6240.081467
103.10,1.946867,1196.876667,887.161133,6310.081467
103.11,-9.053133,1134.876667,806.161133,6370.081467
103.12,-9.053133,1051.876667,727.161133,6409.081467
103.13,-10.053133,971.876667,642.161133,6425.081467
103.14,-10.053133,888.876667,553.161133,6423.081467
103.15,-13.053133,818.876667,464.161133,6409.081467
103.16,-10.053133,744.876667,380.161133,6389.081467
103.17,-5.053133,686.876667,279.161133,6376.081467
103.18,-4.053133,607.876667,168.161133,6363.081467
103.19,7.946867,546.876667,69.161133,6350.081467
103.20,15.946867,466.876667,-14.838867,6334.081467
103.21,25.946867,387.876667,-96.838867,6303.081467
103.22,36.946867,303.876667,-157.838867,6262.081467
103.23,48.946867,222.876667,-215.838867,6216.081467
103.24,56.946867,151.876667,-250.838867,6169.081467
103.25,65.946867,88.876667,-279.838867,6126.081467
103.26,81.946867,22.876667,-303.838867,6087.081467
103.27,92.946867,-40.123333,-312.838867,6046.081467
103.28,106.946867,-101.123333,-311.838867,6005.081467
103.29,119.946867,-146.123333,-286.838867,5958.081467
103.30,137.946867,-184.123333,-229.838867,5912.081467
103.31,136.946867,-203.123333,-165.838867,5862.081467
103.32,143.946867,-210.123333,-81.838867,5801.081467
103.33,140.946867,-204.123333,-0.838867,5722.081467
103.34,142.946867,-190.123333,90.161133,5633.081467
103.35,145.946867,-185.123333,170.161133,5529.081467
103.36,142.946867,-174.123333,252.161133,5414.081467
103.37,151.946867,-175.123333,331.161133,5283.081467
103.38,155.946867,-169.123333,418.161133,5149.081467
103.39,155.946867,-157.123333,492.161133,5010.081467
103.40,157.946867,-137.123333,580.161133,4871.081467
103.41,155.946867,-111.123333,674.161133,4724.081467
103.42,151.946867,-89.123333,755.161133,4574.081467
103.43,151.946867,-49.123333,827.161133,4424.081467
103.44,142.946867,-26.123333,888.161133,4276.081467
103.45,136.946867,6.876667,951.161133,4137.081467
103.46,135.946867,35.876667,997.161133,3997.081467
103.47,129.946867,64.876667,1050.161133,3858.081467
103.48,120.946867,97.876667,1095.161133,3732.081467
103.49,110.946867,136.876667,1136.161133,3610.081467
103.50,102.946867,184.876667,1172.161133,3498.081467
103.51,92.946867,227.876667,1182.161133,3385.081467
103.52,88.946867,273.876667,1190.161133,3277.081467
103.53,73.946867,316.876667,1174.161133,3176.081467
103.54,59.946867,389.876667,1140.161133,3081.081467
103.55,43.946867,471.876667,1105.161133,2986.081467
103.56,32.946867,572.876667,1066.161133,2882.081467
103.57,17.946867,683.876667,1014.161133,2773.081467
103.58,7.946867,799.876667,982.161133,2661.081467
103.59,-4.053133,916.876667,952.161133,2546.081467
103.60,-15.053133,1033.876667,926.161133,2419.081467
103.61,-15.053133,1140.876667,906.161133,2277.081467
103.62,-18.053133,1234.876667,890.161133,2121.081467
103.63,-22.053133,1329.876667,862.161133,1958.081467
103.64,-21.053133,1420.876667,852.161133,1791.081467
103.65,-9.053133,1508.876667,839.161133,1621.081467
103.66,-6.053133,1585.876667,834.161133,1454.081467
103.67,2.946867,1666.876667,838.161133,1279.081467
103.68,7.946867,1736.876667,852.161133,1090.081467
103.69,23.946867,1790.876667,861.161133,892.081467
103.70,35.946867,1830.876667,865.161133,689.081467
103.71,39.946867,1863.876667,869.161133,485.081467
103.72,58.946867,1868.876667,880.161133,280.081467
103.73,72.946867,1878.876667,875.161133,88.081467
103.74,84.946867,1873.876667,887.161133,-101.918533
103.75,96.946867,1864.876667,905.161133,-288.918533
103.76,109.946867,1833.876667,934.161133,-482.918533
103.77,124.946867,1791.876667,961.161133,-691.918533
103.78,131.946867,1730.876667,986.161133,-914.918533
103.79,135.946867,1655.876667,1017.161133,-1151.918533
103.80,149.946867,1572.876667,1045.161133,-1403.918533
103.81,153.946867,1475.876667,1086.161133,-1668.918533
103.82,158.946867,1370.876667,1118.161133,-1939.918533
103.83,157.946867,1272.876667,1151.161133,-2221.918533
103.84,154.946867,1160.876667,1181.161133,-2511.918533
103.85,154.946867,1033.876667,1226.161133,-2791.918533
103.86,142.946867,910.876667,1266.161133,-3050.918533
103.87,139.946867,779.876667,1295.161133,-3297.918533
103.88,129.946867,648.876667,1327.161133,-3527.918533
103.89,115.946867,519.876667,1358.161133,-3730.918533
103.90,99.946867,397.876667,1400.161133,-3897.918533
103.91,84.946867,291.876667,1443.161133,-4024.918533
103.92,68.946867,193.876667,1472.161133,-4115.918533
103.93,53.946867,105.876667,1516.161133,-4184.918533
103.94,35.946867,24.876667,1529.161133,-4244.918533
103.95,17.946867,-39.123333,1548.161133,-4295.918533
103.96,1.946867,-100.123333,1534.161133,-4336.918533
103.97,-18.053133,-151.123333,1534.161133,-4372.918533
103.98,-32.053133,-196.123333,1521.161133,-4403.918533
103.99,-46.053133,-236.123333,1499.161133,-4433.918533
104.00,-63.053133,-286.123333,1482.161133,-4462.918533
104.01,-79.053133,-324.123333,1457.161133,-4497.918533
104.02,-82.053133,-369.123333,1429.161133,-4546.918533
104.03,-91.053133,-423.123333,1417.161133,-4610.918533
104.04,-92.053133,-471.123333,1400.161133,-4682.918533
104.05,-104.053133,-523.123333,1402.161133,-4764.918533
104.06,-105.053133,-558.123333,1407.161133,-4859.918533
104.07,-116.053133,-587.123333,1411.161133,-4962.918533
104.08,-130.053133,-621.123333,1419.161133,-5076.918533
104.09,-144.053133,-648.123333,1430.161133,-5203.918533
104.10,-151.053133,-661.123333,1426.161133,-5360.918533
104.11,-164.053133,-688.123333,1432.161133,-5526.918533
104.12,-174.053133,-703.123333,1438.161133,-5700.918533
104.13,-188.053133,-708.123333,1439.161133,-5876.918533
104.14,-197.053133,-710.123333,1450.161133,-6045.918533
104.15,-208.053133,-700.123333,1462.161133,-6202.918533
104.16,-225.053133,-676.123333,1469.161133,-6349.918533
104.17,-230.053133,-646.123333,1470.161133,-6482.918533
104.18,-235.053133,-604.123333,1463.161133,-6599.918533
104.19,-244.053133,-553.123333,1453.161133,-6684.918533
104.20,-249.053133,-492.123333,1443.161133,-6741.918533
104.21,-253.053133,-424.123333,1426.161133,-6771.918533
104.22,-256.053133,-349.123333,1422.161133,-6790.918533
104.23,-260.053133,-272.123333,1423.161133,-6788.918533
104.24,-253.053133,-214.123333,1426.161133,-6772.918533
104.25,-257.053133,-160.123333,1435.161133,-6734.918533
104.26,-258.053133,-108.123333,1448.161133,-6673.918533
104.27,-257.053133,-61.123333,1453.161133,-6592.918533
104.28,-253.053133,-15.123333,1456.161133,-6498.918533
104.29,-246.053133,21.876667,1446.161133,-6389.918533
104.30,-228.053133,67.876667,1444.161133,-6260.918533
104.31,-220.053133,111.876667,1436.161133,-6121.918533
104.32,-213.053133,163.876667,1440.161133,-5966.918533
104.33,-195.053133,208.876667,1430.161133,-5807.918533
104.34,-196.053133,258.876667,1423.161133,-5622.918533
104.35,-183.053133,313.876667,1421.161133,-5408.918533
104.36,-173.053133,386.876667,1410.161133,-5183.918533
104.37,-172.053133,455.876667,1393.161133,-4935.918533
104.38,-170.053133,537.876667,1388.161133,-4673.918533
104.39,-169.053133,624.876667,1390.161133,-4402.918533
104.40,-169.053133,707.876667,1376.161133,-4114.918533
104.41,-167.053133,782.876667,1372.161133,-3806.918533
104.42,-175.053133,862.876667,1375.161133,-3483.918533
104.43,-181.053133,934.876667,1386.161133,-3151.918533
104.44,-180.053133,1008.876667,1403.161133,-2815.918533
104.45,-189.053133,1072.876667,1393.161133,-2484.918533
104.46,-191.053133,1160.876667,1398.161133,-2154.918533
104.47,-197.053133,1245.876667,1386.161133,-1829.918533
104.48,-201.053133,1343.876667,1386.161133,-1510.918533
104.49,-205.053133,1442.876667,1373.161133,-1196.918533
104.50,-211.053133,1541.876667,1357.161133,-880.918533
104.51,-216.053133,1639.876667,1330.161133,-576.918533
104.52,-220.053133,1720.876667,1297.161133,-276.918533
104.53,-222.053133,1800.876667,1268.161133,12.081467
104.54,-218.053133,1863.876667,1242.161133,287.081467
104.55,-213.053133,1916.876667,1209.161133,543.081467
104.56,-205.053133,1959.876667,1168.161133,778.081467
104.57,-193.053133,2001.876667,1118.161133,993.081467
104.58,-182.053133,2019.876667,1078.161133,1179.081467
104.59,-168.053133,2032.876667,1019.161133,1339.081467
104.60,-147.053133,2030.876667,962.161133,1483.081467
104.61,-123.053133,2017.876667,891.161133,1605.081467
104.62,-95.053133,1996.876667,834.161133,1704.081467
104.63,-66.053133,1967.876667,770.161133,1781.081467
104.64,-35.053133,1932.876667,718.161133,1853.081467
104.65,-2.053133,1891.876667,661.161133,1915.081467
104.66,31.946867,1840.876667,608.161133,1970.081467
104.67,65.946867,1779.876667,565.161133,2030.081467
104.68,108.946867,1713.876667,511.161133,2105.081467
104.69,150.946867,1637.876667,467.161133,2184.081467
104.70,191.946867,1547.876667,427.161133,2268.081467
104.71,234.946867,1442.876667,394.161133,2360.081467
104.72,284.946867,1346.876667,365.161133,2461.081467
104.73,326.946867,1249.876667,343.161133,2552.081467
104.74,368.946867,1152.876667,329.161133,2646.081467
104.75,403.946867,1056.876667,328.161133,2732.081467
104.76,436.946867,964.876667,340.161133,2816.081467
104.77,474.946867,876.876667,357.161133,2904.081467
104.78,504.946867,787.876667,382.161133,2987.081467
104.79,538.946867,713.876667,410.161133,3062.081467
104.80,566.946867,648.876667,444.161133,3137.081467
104.81,599.946867,595.876667,482.161133,3214.081467
104.82,621.946867,559.876667,511.161133,3303.081467
104.83,643.946867,522.876667,559.161133,3401.081467
104.84,661.946867,499.876667,596.161133,3511.081467
104.85,674.946867,474.876667,637.161133,3626.081467
104.86,687.946867,454.876667,687.161133,3732.081467
104.87,691.946867,429.876667,745.161133,3831.081467
104.88,687.946867,408.876667,808.161133,3921.081467
104.89,679.946867,392.876667,871.161133,4011.081467
104.90,663.946867,373.876667,947.161133,4101.081467
104.91,643.946867,354.876667,1003.161133,4187.081467
104.92,616.946867,341.876667,1057.161133,4272.081467
104.93,591.946867,328.876667,1106.161133,4361.081467
104.94,564.946867,315.876667,1131.161133,4444.081467
104.95,530.946867,300.876667,1138.161133,4531.081467
104.96,499.946867,290.876667,1142.161133,4624.081467
104.97,470.946867,280.876667,1138.161133,4730.081467
104.98,430.946867,274.876667,1123.161133,4842.081467
104.99,398.946867,271.876667,1114.161133,4974.081467
105.00,359.946867,277.876667,1098.161133,5108.081467
105.01,316.946867,282.876667,1088.161133,5234.081467
105.02,280.946867,291.876667,1069.161133,5347.081467
105.03,249.946867,307.876667,1052.161133,5435.081467
105.04,212.946867,309.876667,1017.161133,5508.081467
105.05,182.946867,332.876667,984.161133,5566.081467
105.06,164.946867,339.876667,945.161133,5600.081467
105.07,138.946867,351.876667,892.161133,5621.081467
105.08,121.946867,366.876667,828.161133,5634.081467
105.09,102.946867,381.876667,756.161133,5648.081467
105.10,87.946867,389.876667,661.161133,5664.081467
105.11,84.946867,389.876667,570.161133,5686.081467
105.12,83.946867,390.876667,501.161133,5717.081467
105.13,86.946867,383.876667,433.161133,5750.081467
105.14,90.946867,373.876667,369.161133,5781.081467
105.15,89.946867,373.876667,322.161133,5818.081467
105.16,90.946867,375.876667,272.161133,5844.081467
105.17,99.946867,376.876667,238.161133,5871.081467
105.18,106.946867,386.876667,214.161133,5897.081467
105.19,113.946867,395.876667,181.161133,5916.081467
105.20,118.946867,411.876667,159.161133,5931.081467
105.21,124.946867,427.876667,149.161133,5913.081467
105.22,129.946867,433.876667,154.161133,5870.081467
105.23,134.946867,432.876667,151.161133,5805.081467
105.24,147.946867,431.876667,155.161133,5723.081467
105.25,149.946867,432.876667,162.161133,5619.081467
105.26,153.946867,423.876667,184.161133,5503.081467
105.27,167.946867,422.876667,211.161133,5360.081467
105.28,173.946867,409.876667,247.161133,5200.081467
105.29,174.946867,394.876667,278.161133,5019.081467
105.30,181.946867,390.876667,327.161133,4838.081467
105.31,183.946867,390.876667,370.161133,4664.081467
105.32,189.946867,390.876667,414.161133,4496.081467
105.33,190.946867,403.876667,464.161133,4331.081467
105.34,195.946867,405.876667,519.161133,4163.081467
105.35,200.946867,425.876667,585.161133,3986.081467
105.36,191.946867,438.876667,641.161133,3805.081467
105.37,200.946867,451.876667,698.161133,3618.081467
105.38,193.946867,465.876667,751.161133,3422.081467
105.39,194.946867,466.876667,789.161133,3224.081467
105.40,194.946867,452.876667,817.161133,3032.081467
105.41,195.946867,427.876667,846.161133,2862.081467
105.42,196.946867,389.876667,850.161133,2702.081467
105.43,192.946867,337.876667,868.161133,2549.081467
105.44,193.946867,287.876667,868.161133,2411.081467
105.45,195.946867,236.876667,874.161133,2277.081467
105.46,194.946867,200.876667,863.161133,2144.081467
105.47,189.946867,162.876667,865.161133,2014.081467
105.48,188.946867,138.876667,862.161133,1888.081467
105.49,177.946867,116.876667,857.161133,1765.081467
105.50,164.946867,92.876667,868.161133,1656.081467
105.51,150.946867,73.876667,877.161133,1560.081467
105.52,142.946867,58.876667,903.161133,1462.081467
105.53,128.946867,37.876667,911.161133,1377.081467
105.54,115.946867,23.876667,927.161133,1305.081467
105.55,101.946867,11.876667,939.161133,1234.081467
105.56,95.946867,3.876667,948.161133,1155.081467
105.57,94.946867,-8.123333,957.161133,1061.081467
105.58,89.946867,-32.123333,969.161133,951.081467
105.59,78.946867,-60.123333,991.161133,827.081467
105.60,78.946867,-86.123333,1006.161133,703.081467
105.61,69.946867,-108.123333,1053.161133,577.081467
105.62,69.946867,-131.123333,1098.161133,454.081467
105.63,65.946867,-149.123333,1143.161133,345.081467
105.64,70.946867,-160.123333,1190.161133,239.081467
105.65,68.946867,-169.123333,1228.161133,142.081467
105.66,74.946867,-169.123333,1291.161133,48.081467
105.67,74.946867,-172.123333,1340.161133,-32.918533
105.68,83.946867,-179.123333,1384.161133,-109.918533
105.69,91.946867,-185.123333,1420.161133,-173.918533
105.70,84.946867,-180.123333,1468.161133,-217.918533
105.71,89.946867,-176.123333,1501.161133,-245.918533
105.72,88.946867,-166.123333,1519.161133,-256.918533
105.73,90.946867,-151.123333,1525.161133,-244.918533
105.74,98.946867,-129.123333,1520.161133,-213.918533
105.75,105.946867,-94.123333,1491.161133,-163.918533
105.76,105.946867,-38.123333,1453.161133,-92.918533
105.77,112.946867,22.876667,1409.161133,-14.918533
105.78,114.946867,94.876667,1350.161133,63.081467
105.79,105.946867,181.876667,1284.161133,146.081467
105.80,102.946867,270.876667,1219.161133,235.081467
105.81,92.946867,366.876667,1152.161133,321.081467
105.82,84.946867,459.876667,1085.161133,401.081467
105.83,82.946867,559.876667,1029.161133,476.081467
105.84,79.946867,652.876667,981.161133,531.081467
105.85,75.946867,746.876667,941.161133,569.081467
105.86,71.946867,828.876667,915.161133,588.081467
105.87,63.946867,913.876667,894.161133,599.081467
105.88,53.946867,992.876667,883.161133,609.081467
105.89,45.946867,1077.876667,867.161133,612.081467
105.90,37.946867,1156.876667,854.161133,605.081467
105.91,26.946867,1226.876667,855.161133,596.081467
105.92,19.946867,1303.876667,859.161133,588.081467
105.93,16.946867,1376.876667,865.161133,565.081467
105.94,12.946867,1436.876667,898.161133,526.081467
105.95,11.946867,1490.876667,944.161133,475.081467
105.96,4.946867,1529.876667,1001.161133,404.081467
105.97,-2.053133,1570.876667,1077.161133,332.081467
105.98,-7.053133,1600.876667,1156.161133,257.081467
105.99,-12.053133,1629.876667,1222.161133,182.081467
106.00,-14.053133,1659.876667,1293.161133,114.081467
106.01,-20.053133,1669.876667,1359.161133,45.081467
106.02,-27.053133,1697.876667,1422.161133,-23.918533
106.03,-28.053133,1707.876667,1475.161133,-102.918533
106.04,-34.053133,1699.876667,1524.161133,-178.918533
106.05,-35.053133,1698.876667,1570.161133,-253.918533
106.06,-35.053133,1680.876667,1624.161133,-340.918533
106.07,-40.053133,1654.876667,1669.161133,-438.918533
106.08,-42.053133,1627.876667,1729.161133,-548.918533
106.09,-51.053133,1587.876667,1775.161133,-661.918533
106.10,-55.053133,1554.876667,1816.161133,-775.918533
106.11,-66.053133,1505.876667,1853.161133,-877.918533
106.12,-74.053133,1460.876667,1889.161133,-969.918533
106.13,-83.053133,1404.876667,1917.161133,-1056.918533
106.14,-98.053133,1363.876667,1948.161133,-1144.918533
106.15,-109.053133,1317.876667,1960.161133,-1223.918533
106.16,-116.053133,1279.876667,1973.161133,-1307.918533
106.17,-127.053133,1253.876667,1955.161133,-1380.918533
106.18,-134.053133,1238.876667,1950.161133,-1448.918533
106.19,-154.053133,1225.876667,1937.161133,-1501.918533
106.20,-165.053133,1216.876667,1907.161133,-1545.918533
106.21,-178.053133,1190.876667,1884.161133,-1571.918533
106.22,-194.053133,1162.876667,1866.161133,-1578.918533
106.23,-204.053133,1128.876667,1843.161133,-1589.918533
106.24,-221.053133,1083.876667,1828.161133,-1607.918533
106.25,-230.053133,1035.876667,1820.161133,-1640.918533
106.26,-241.053133,993.876667,1814.161133,-1681.918533
106.27,-256.053133,954.876667,1795.161133,-1722.918533
106.28,-272.053133,927.876667,1787.161133,-1771.918533
106.29,-284.053133,890.876667,1770.161133,-1818.918533
106.30,-286.053133,860.876667,1747.161133,-1880.918533
106.31,-290.053133,822.876667,1720.161133,-1956.918533
106.32,-288.053133,776.876667,1695.161133,-2032.918533
106.33,-291.053133,727.876667,1687.161133,-2107.918533
106.34,-291.053133,664.876667,1668.161133,-2186.918533
106.35,-286.053133,601.876667,1661.161133,-2260.918533
106.36,-275.053133,532.876667,1652.161133,-2339.918533
106.37,-264.053133,461.876667,1641.161133,-2421.918533
106.38,-258.053133,385.876667,1621.161133,-2509.918533
106.39,-241.053133,326.876667,1593.161133,-2596.918533
106.40,-223.053133,252.876667,1561.161133,-2676.918533
106.41,-211.053133,183.876667,1515.161133,-2730.918533
106.42,-190.053133,131.876667,1462.161133,-2756.918533
106.43,-163.053133,89.876667,1403.161133,-2757.918533
106.44,-146.053133,55.876667,1351.161133,-2735.918533
106.45,-110.053133,32.876667,1282.161133,-2692.918533
106.46,-91.053133,21.876667,1229.161133,-2636.918533
106.47,-66.053133,15.876667,1183.161133,-2568.918533
106.48,-36.053133,24.876667,1129.161133,-2489.918533
106.49,-8.053133,28.876667,1085.161133,-2415.918533
106.50,17.946867,38.876667,1039.161133,-2340.918533
106.51,45.946867,52.876667,1004.161133,-2268.918533
106.52,65.946867,69.876667,985.161133,-2187.918533
106.53,81.946867,91.876667,963.161133,-2095.918533
106.54,98.946867,125.876667,953.161133,-1993.918533
106.55,122.946867,170.876667,950.161133,-1897.918533
106.56,135.946867,230.876667,951.161133,-1810.918533
106.57,147.946867,310.876667,960.161133,-1732.918533
106.58,162.946867,393.876667,972.161133,-1670.918533
106.59,172.946867,482.876667,989.161133,-1605.918533
106.60,175.946867,575.876667,1018.161133,-1552.918533
106.61,172.946867,665.876667,1059.161133,-1506.918533
106.62,169.946867,750.876667,1105.161133,-1479.918533
106.63,162.946867,829.876667,1166.161133,-1474.918533
106.64,157.946867,895.876667,1233.161133,-1479.918533
106.65,150.946867,966.876667,1303.161133,-1495.918533
106.66,139.946867,1030.876667,1385.161133,-1521.918533
106.67,118.946867,1100.876667,1461.161133,-1560.918533
106.68,94.946867,1174.876667,1530.161133,-1600.918533
106.69,75.946867,1243.876667,1585.161133,-1646.918533
106.70,49.946867,1318.876667,1637.161133,-1685.918533
106.71,24.946867,1393.876667,1669.161133,-1716.918533
106.72,-14.053133,1471.876667,1694.161133,-1732.918533
106.73,-41.053133,1536.876667,1733.161133,-1731.918533
106.74,-67.053133,1604.876667,1749.161133,-1714.918533
106.75,-106.053133,1660.876667,1757.161133,-1678.918533
106.76,-145.053133,1712.876667,1784.161133,-1618.918533
106.77,-180.053133,1754.876667,1806.161133,-1547.918533
106.78,-209.053133,1778.876667,1840.161133,-1460.918533
106.79,-240.053133,1793.876667,1855.161133,-1348.918533
106.80,-270.053133,1797.876667,1867.161133,-1218.918533
106.81,-305.053133,1789.876667,1876.161133,-1062.918533
106.82,-330.053133,1781.876667,1861.161133,-875.918533
106.83,-352.053133,1758.876667,1842.161133,-665.918533
106.84,-377.053133,1735.876667,1804.161133,-435.918533
106.85,-400.053133,1700.876667,1759.161133,-191.918533
106.86,-425.053133,1668.876667,1702.161133,62.081467
106.87,-444.053133,1621.876667,1629.161133,318.081467
106.88,-463.053133,1567.876667,1572.161133,562.081467
106.89,-478.053133,1499.876667,1501.161133,803.081467
106.90,-489.053133,1426.876667,1419.161133,1040.081467
106.91,-503.053133,1340.876667,1366.161133,1262.081467
106.92,-515.053133,1234.876667,1275.161133,1476.081467
106.93,-527.053133,1127.876667,1191.161133,1689.081467
106.94,-531.053133,1013.876667,1105.161133,1908.081467
106.95,-533.053133,911.876667,1030.161133,2111.081467
106.96,-537.053133,797.876667,950.161133,2302.081467
106.97,-538.053133,699.876667,881.161133,2478.081467
106.98,-541.053133,601.876667,819.161133,2634.081467
106.99,-539.053133,496.876667,770.161133,2778.081467
107.00,-537.053133,395.876667,744.161133,2908.081467
107.01,-531.053133,290.876667,710.161133,3014.081467
107.02,-525.053133,190.876667,699.161133,3108.081467
107.03,-523.053133,89.876667,696.161133,3195.081467
107.04,-512.053133,-7.123333,693.161133,3270.081467
107.05,-508.053133,-99.123333,695.161133,3339.081467
107.06,-493.053133,-173.123333,709.161133,3395.081467
107.07,-486.053133,-235.123333,717.161133,3444.081467
107.08,-474.053133,-292.123333,742.161133,3487.081467
107.09,-457.053133,-319.123333,758.161133,3521.081467
107.10,-456.053133,-344.123333,795.161133,3546.081467
107.11,-443.053133,-365.123333,823.161133,3563.081467
107.12,-438.053133,-366.123333,858.161133,3571.081467
107.13,-422.053133,-370.123333,875.161133,3561.081467
107.14,-410.053133,-356.123333,898.161133,3537.081467
107.15,-401.053133,-344.123333,921.161133,3503.081467
107.16,-385.053133,-320.123333,938.161133,3461.081467
107.17,-372.053133,-296.123333,950.161133,3408.081467
107.18,-358.053133,-271.123333,957.161133,3338.081467
107.19,-341.053133,-256.123333,954.161133,3263.081467
107.20,-317.053133,-239.123333,953.161133,3188.081467
107.21,-298.053133,-217.123333,942.161133,3116.081467
107.22,-277.053133,-195.123333,922.161133,3042.081467
107.23,-258.053133,-171.123333,906.161133,2974.081467
107.24,-234.053133,-141.123333,883.161133,2903.081467
107.25,-213.053133,-102.123333,855.161133,2839.081467
107.26,-189.053133,-68.123333,832.161133,2781.081467
107.27,-165.053133,-30.123333,792.161133,2733.081467
107.28,-141.053133,6.876667,749.161133,2704.081467
107.29,-122.053133,47.876667,721.161133,2692.081467
107.30,-98.053133,96.876667,680.161133,2690.081467
107.31,-75.053133,137.876667,631.161133,2705.081467
107.32,-52.053133,173.876667,604.161133,2729.081467
107.33,-29.053133,210.876667,559.161133,2753.081467
107.34,-5.053133,221.876667,523.161133,2785.081467
107.35,21.946867,241.876667,499.161133,2826.081467
107.36,42.946867,257.876667,481.161133,2871.081467
107.37,63.946867,262.876667,455.161133,2912.081467
107.38,88.946867,282.876667,451.161133,2969.081467
107.39,109.946867,291.876667,445.161133,3028.081467
107.40,122.946867,310.876667,444.161133,3099.081467
107.41,143.946867,320.876667,463.161133,3187.081467
107.42,161.946867,336.876667,465.161133,3291.081467
107.43,175.946867,355.876667,490.161133,3409.081467
107.44,194.946867,384.876667,527.161133,3539.081467
107.45,214.946867,413.876667,549.161133,3668.081467
107.46,234.946867,445.876667,581.161133,3794.081467
107.47,251.946867,482.876667,635.161133,3924.081467
107.48,269.946867,500.876667,663.161133,4053.081467
107.49,278.946867,513.876667,704.161133,4191.081467
107.50,287.946867,519.876667,757.161133,4333.081467
107.51,301.946867,510.876667,794.161133,4466.081467
107.52,306.946867,507.876667,850.161133,4598.081467
107.53,315.946867,516.876667,897.161133,4721.081467
107.54,320.946867,511.876667,953.161133,4819.081467
107.55,316.946867,517.876667,1001.161133,4906.081467
107.56,315.946867,512.876667,1071.161133,4983.081467
107.57,309.946867,515.876667,1125.161133,5044.081467
107.58,305.946867,507.876667,1182.161133,5088.081467
107.59,301.946867,506.876667,1249.161133,5118.081467
107.60,292.946867,501.876667,1303.161133,5129.081467
107.61,281.946867,499.876667,1361.161133,5123.081467
107.62,270.946867,506.876667,1409.161133,5098.081467
107.63,257.946867,504.876667,1454.161133,5062.081467
107.64,243.946867,504.876667,1490.161133,5012.081467
107.65,227.946867,497.876667,1515.161133,4948.081467
107.66,214.946867,497.876667,1530.161133,4868.081467
107.67,199.946867,481.876667,1555.161133,4770.081467
107.68,177.946867,468.876667,1572.161133,4658.081467
107.69,170.946867,456.876667,1585.161133,4528.081467
107.70,157.946867,436.876667,1608.161133,4393.081467
107.71,144.946867,424.876667,1602.161133,4247.081467
107.72,137.946867,409.876667,1609.161133,4095.081467
107.73,123.946867,388.876667,1614.161133,3942.081467
107.74,121.946867,384.876667,1598.161133,3797.081467
107.75,109.946867,384.876667,1584.161133,3667.081467
107.76,94.946867,384.876667,1562.161133,3551.081467
107.77,88.946867,399.876667,1527.161133,3451.081467
107.78,80.946867,417.876667,1488.161133,3352.081467
107.79,70.946867,425.876667,1446.161133,3263.081467
107.80,63.946867,444.876667,1406.161133,3185.081467
107.81,47.946867,462.876667,1363.161133,3116.081467
107.82,43.946867,472.876667,1320.161133,3052.081467
107.83,31.946867,488.876667,1291.161133,3006.081467
107.84,21.946867,510.876667,1266.161133,2983.081467
107.85,12.946867,544.876667,1247.161133,2971.081467
107.86,-5.053133,583.876667,1221.161133,2966.081467
107.87,-20.053133,624.876667,1218.161133,2967.081467
107.88,-37.053133,675.876667,1210.161133,2975.081467
107.89,-39.053133,734.876667,1202.161133,2984.081467
107.90,-60.053133,781.876667,1192.161133,2990.081467
107.91,-73.053133,832.876667,1191.161133,3000.081467
107.92,-82.053133,883.876667,1168.161133,3009.081467
107.93,-103.053133,943.876667,1152.161133,3025.081467
107.94,-110.053133,991.876667,1135.161133,3041.081467
107.95,-120.053133,1033.876667,1131.161133,3064.081467
107.96,-132.053133,1070.876667,1114.161133,3083.081467
107.97,-134.053133,1104.876667,1103.161133,3094.081467
107.98,-142.053133,1122.876667,1115.161133,3107.081467
107.99,-140.053133,1134.876667,1122.161133,3132.081467
108.00,-144.053133,1143.876667,1136.161133,3168.081467
108.01,-154.053133,1155.876667,1165.161133,3219.081467
108.02,-154.053133,1161.876667,1175.161133,3270.081467
108.03,-156.053133,1176.876667,1204.161133,3316.081467
108.04,-157.053133,1176.876667,1236.161133,3349.081467
108.05,-162.053133,1177.876667,1250.161133,3368.081467
108.06,-156.053133,1180.876667,1267.161133,3377.081467
108.07,-150.053133,1173.876667,1279.161133,3387.081467
108.08,-134.053133,1170.876667,1320.161133,3404.081467
108.09,-136.053133,1169.876667,1332.161133,3423.081467
108.10,-129.053133,1173.876667,1355.161133,3443.081467
108.11,-124.053133,1192.876667,1379.161133,3461.081467
108.12,-116.053133,1202.876667,1384.161133,3481.081467
108.13,-108.053133,1215.876667,1383.161133,3505.081467
108.14,-93.053133,1232.876667,1381.161133,3541.081467
108.15,-78.053133,1257.876667,1377.161133,3570.081467
108.16,-69.053133,1258.876667,1381.161133,3595.081467
108.17,-60.053133,1270.876667,1381.161133,3616.081467
108.18,-45.053133,1272.876667,1363.161133,3634.081467
108.19,-35.053133,1275.876667,1353.161133,3647.081467
108.20,-25.053133,1276.876667,1345.161133,3655.081467
108.21,-14.053133,1259.876667,1320.161133,3649.081467
108.22,2.946867,1241.876667,1306.161133,3635.081467
108.23,17.946867,1209.876667,1283.161133,3609.081467
108.24,34.946867,1162.876667,1265.161133,3577.081467
108.25,56.946867,1115.876667,1239.161133,3546.081467
108.26,78.946867,1068.876667,1227.161133,3521.081467
108.27,95.946867,1021.876667,1205.161133,3499.081467
108.28,109.946867,982.876667,1193.161133,3488.081467
108.29,124.946867,939.876667,1189.161133,3475.081467
108.30,137.946867,895.876667,1191.161133,3453.081467
108.31,146.946867,854.876667,1220.161133,3423.081467
108.32,155.946867,805.876667,1237.161133,3385.081467
108.33,156.946867,753.876667,1256.161133,3344.081467
108.34,162.946867,696.876667,1289.161133,3313.081467
108.35,164.946867,635.876667,1317.161133,3285.081467
108.36,153.946867,568.876667,1356.161133,3263.081467
108.37,153.946867,495.876667,1397.161133,3251.081467
108.38,147.946867,425.876667,1425.161133,3254.081467
108.39,132.946867,362.876667,1448.161133,3277.081467
108.40,125.946867,309.876667,1476.161133,3332.081467
108.41,116.946867,273.876667,1488.161133,3400.081467
108.42,98.946867,231.876667,1501.161133,3479.081467
108.43,79.946867,208.876667,1510.161133,3568.081467
108.44,62.946867,195.876667,1521.161133,3667.081467
108.45,39.946867,188.876667,1518.161133,3774.081467
108.46,16.946867,191.876667,1518.161133,3892.081467
108.47,-9.053133,200.876667,1522.161133,4026.081467
108.48,-32.053133,215.876667,1532.161133,4170.081467
108.49,-60.053133,235.876667,1530.161133,4309.081467
108.50,-78.053133,259.876667,1538.161133,4449.081467
108.51,-109.053133,270.876667,1530.161133,4579.081467
108.52,-127.053133,272.876667,1530.161133,4703.081467
108.53,-149.053133,276.876667,1526.161133,4829.081467
108.54,-156.053133,276.876667,1513.161133,4945.081467
108.55,-177.053133,291.876667,1495.161133,5055.081467
108.56,-188.053133,314.876667,1478.161133,5161.081467
108.57,-196.053133,340.876667,1441.161133,5281.081467
108.58,-206.053133,369.876667,1409.161133,5412.081467
108.59,-220.053133,411.876667,1384.161133,5540.081467
108.60,-221.053133,454.876667,1350.161133,5663.081467
108.61,-234.053133,486.876667,1329.161133,5788.081467
108.62,-231.053133,521.876667,1317.161133,5918.081467
108.63,-239.053133,551.876667,1303.161133,6053.081467
108.64,-244.053133,591.876667,1309.161133,6193.081467
108.65,-243.053133,629.876667,1309.161133,6322.081467
108.66,-238.053133,673.876667,1299.161133,6443.081467
108.67,-230.053133,710.876667,1294.161133,6555.081467
108.68,-225.053133,761.876667,1291.161133,6654.081467
108.69,-219.053133,822.876667,1266.161133,6749.081467
108.70,-196.053133,882.876667,1240.161133,6834.081467
108.71,-184.053133,952.876667,1207.161133,6909.081467
108.72,-162.053133,1030.876667,1187.161133,6971.081467
108.73,-140.053133,1108.876667,1164.161133,7024.081467
108.74,-121.053133,1173.876667,1150.161133,7066.081467
108.75,-97.053133,1234.876667,1137.161133,7086.081467
108.76,-67.053133,1271.876667,1126.161133,7088.081467
108.77,-36.053133,1301.876667,1122.161133,7088.081467
108.78,-3.053133,1321.876667,1114.161133,7072.081467
108.79,26.946867,1338.876667,1112.161133,7046.081467
108.80,60.946867,1344.876667,1115.161133,7018.081467
108.81,90.946867,1348.876667,1119.161133,6985.081467
108.82,115.946867,1344.876667,1117.161133,6944.081467
108.83,144.946867,1335.876667,1103.161133,6894.081467
108.84,171.946867,1314.876667,1097.161133,6837.081467
108.85,194.946867,1293.876667,1081.161133,6777.081467
108.86,223.946867,1279.876667,1078.161133,6715.081467
108.87,237.946867,1251.876667,1084.161133,6655.081467
108.88,251.946867,1227.876667,1105.161133,6590.081467
108.89,256.946867,1206.876667,1143.161133,6520.081467
108.90,259.946867,1170.876667,1189.161133,6450.081467
108.91,259.946867,1136.876667,1257.161133,6385.081467
108.92,260.946867,1093.876667,1318.161133,6313.081467
108.93,259.946867,1040.876667,1396.161133,6235.081467
108.94,259.946867,988.876667,1472.161133,6152.081467
108.95,247.946867,938.876667,1549.161133,6069.081467
108.96,232.946867,900.876667,1634.161133,5987.081467
108.97,215.946867,870.876667,1721.161133,5898.081467
108.98,209.946867,838.876667,1790.161133,5799.081467
108.99,184.946867,813.876667,1861.161133,5699.081467
109.00,171.946867,792.876667,1925.161133,5589.081467
109.01,145.946867,765.876667,1997.161133,5474.081467
109.02,130.946867,755.876667,2055.161133,5364.081467
109.03,104.946867,747.876667,2115.161133,5260.081467
109.04,86.946867,743.876667,2167.161133,5166.081467
109.05,64.946867,747.876667,2229.161133,5080.081467
109.06,46.946867,759.876667,2296.161133,5000.081467
109.07,26.946867,764.876667,2339.161133,4915.081467
109.08,11.946867,766.876667,2384.161133,4817.081467
109.09,-2.053133,761.876667,2402.161133,4703.081467
109.10,-21.053133,759.876667,2420.161133,4578.081467
109.11,-36.053133,753.876667,2426.161133,4450.081467
109.12,-47.053133,759.876667,2420.161133,4310.081467
109.13,-62.053133,768.876667,2401.161133,4149.081467
109.14,-74.053133,791.876667,2378.161133,3964.081467
109.15,-86.053133,805.876667,2349.161133,3766.081467
109.16,-94.053133,820.876667,2312.161133,3562.081467
109.17,-107.053133,839.876667,2288.161133,3369.081467
109.18,-112.053133,862.876667,2247.161133,3184.081467
109.19,-121.053133,881.876667,2199.161133,3011.081467
109.20,-126.053133,906.876667,2155.161133,2849.081467
109.21,-137.053133,927.876667,2110.161133,2700.081467
109.22,-134.053133,947.876667,2056.161133,2543.081467
109.23,-144.053133,961.876667,1998.161133,2380.081467
109.24,-148.053133,965.876667,1943.161133,2222.081467
109.25,-149.053133,952.876667,1877.161133,2080.081467
109.26,-156.053133,952.876667,1821.161133,1947.081467
109.27,-163.053133,944.876667,1769.161133,1835.081467
109.28,-162.053133,945.876667,1702.161133,1727.081467
109.29,-172.053133,941.876667,1636.161133,1630.081467
109.30,-177.053133,942.876667,1568.161133,1545.081467
109.31,-184.053133,943.876667,1509.161133,1476.081467
109.32,-185.053133,937.876667,1460.161133,1416.081467
109.33,-190.053133,931.876667,1397.161133,1369.081467
109.34,-192.053133,931.876667,1334.161133,1320.081467
109.35,-192.053133,924.876667,1278.161133,1269.081467
109.36,-187.053133,919.876667,1218.161133,1211.081467
109.37,-188.053133,906.876667,1138.161133,1149.081467
109.38,-186.053133,895.876667,1072.161133,1081.081467
109.39,-188.053133,872.876667,1006.161133,1008.081467
109.40,-186.053133,834.876667,926.161133,927.081467
109.41,-180.053133,796.876667,863.161133,837.081467
109.42,-172.053133,742.876667,797.161133,738.081467
109.43,-165.053133,694.876667,714.161133,641.081467
109.44,-158.053133,650.876667,652.161133,547.081467
109.45,-144.053133,612.876667,605.161133,463.081467
109.46,-144.053133,571.876667,568.161133,368.081467
109.47,-140.053133,527.876667,532.161133,266.081467
109.48,-134.053133,473.876667,504.161133,152.081467
109.49,-111.053133,433.876667,478.161133,31.081467
109.50,-101.053133,381.876667,455.161133,-102.918533
109.51,-86.053133,339.876667,441.161133,-249.918533
109.52,-80.053133,297.876667,422.161133,-402.918533
109.53,-65.053133,254.876667,416.161133,-563.918533
109.54,-54.053133,232.876667,416.161133,-727.918533
109.55,-38.053133,194.876667,421.161133,-894.918533
109.56,-33.053133,170.876667,433.161133,-1047.918533
109.57,-16.053133,147.876667,458.161133,-1193.918533
109.58,2.946867,123.876667,486.161133,-1332.918533
109.59,18.946867,113.876667,518.161133,-1458.918533
109.60,33.946867,109.876667,543.161133,-1577.918533
109.61,45.946867,122.876667,588.161133,-1689.918533
109.62,52.946867,143.876667,627.161133,-1808.918533
109.63,67.946867,165.876667,657.161133,-1916.918533
109.64,74.946867,202.876667,712.161133,-2012.918533
109.65,81.946867,231.876667,762.161133,-2090.918533
109.66,86.946867,260.876667,821.161133,-2152.918533
109.67,94.946867,295.876667,873.161133,-2200.918533
109.68,100.946867,324.876667,913.161133,-2224.918533
109.69,109.946867,361.876667,971.161133,-2228.918533
109.70,116.946867,403.876667,1024.161133,-2222.918533
109.71,115.946867,451.876667,1064.161133,-2216.918533
109.72,114.946867,508.876667,1112.161133,-2197.918533
109.73,119.946867,570.876667,1172.161133,-2171.918533
109.74,124.946867,632.876667,1234.161133,-2154.918533
109.75,126.946867,688.876667,1304.161133,-2141.918533
109.76,126.946867,755.876667,1373.161133,-2131.918533
109.77,121.946867,813.876667,1456.161133,-2120.918533
109.78,115.946867,858.876667,1532.161133,-2109.918533
109.79,118.946867,903.876667,1615.161133,-2101.918533
109.80,117.946867,941.876667,1697.161133,-2101.918533
109.81,123.946867,973.876667,1769.161133,-2109.918533
109.82,120.946867,999.876667,1842.161133,-2128.918533
109.83,124.946867,1033.876667,1934.161133,-2156.918533
109.84,122.946867,1059.876667,2011.161133,-2195.918533
109.85,128.946867,1085.876667,2089.161133,-2255.918533
109.86,129.946867,1120.876667,2153.161133,-2326.918533
109.87,135.946867,1143.876667,2203.161133,-2400.918533
109.88,140.946867,1165.876667,2237.161133,-2471.918533
109.89,150.946867,1196.876667,2251.161133,-2547.918533
109.90,159.946867,1217.876667,2248.161133,-2624.918533
109.91,169.946867,1244.876667,2240.161133,-2698.918533
109.92,179.946867,1275.876667,2232.161133,-2767.918533
109.93,185.946867,1300.876667,2216.161133,-2830.918533
109.94,200.946867,1317.876667,2203.161133,-2899.918533
109.95,209.946867,1325.876667,2184.161133,-2956.918533
109.96,218.946867,1321.876667,2166.161133,-3003.918533
109.97,224.946867,1307.876667,2137.161133,-3034.918533
109.98,235.946867,1281.876667,2097.161133,-3051.918533
109.99,242.946867,1258.876667,2052.161133,-3045.918533
110.00,248.946867,1225.876667,2018.161133,-3020.918533
110.01,262.946867,1182.876667,1975.161133,-2976.918533
110.02,267.946867,1149.876667,1936.161133,-2921.918533
110.03,263.946867,1103.876667,1899.161133,-2863.918533
110.04,272.946867,1057.876667,1861.161133,-2798.918533
110.05,270.946867,992.876667,1815.161133,-2733.918533
110.06,277.946867,913.876667,1782.161133,-2661.918533
110.07,282.946867,832.876667,1751.161133,-2590.918533
110.08,290.946867,749.876667,1726.161133,-2521.918533
110.09,293.946867,666.876667,1695.161133,-2457.918533
110.10,292.946867,590.876667,1681.161133,-2397.918533
110.11,294.946867,526.876667,1663.161133,-2341.918533
110.12,298.946867,454.876667,1664.161133,-2291.918533
110.13,290.946867,382.876667,1657.161133,-2236.918533
110.14,283.946867,317.876667,1670.161133,-2175.918533
110.15,283.946867,248.876667,1673.161133,-2106.918533
110.16,275.946867,181.876667,1676.161133,-2047.918533
110.17,267.946867,126.876667,1683.161133,-1999.918533
110.18,265.946867,81.876667,1674.161133,-1968.918533
110.19,257.946867,43.876667,1669.161133,-1949.918533
110.20,242.946867,13.876667,1673.161133,-1929.918533
110.21,237.946867,-7.123333,1683.161133,-1893.918533
110.22,227.946867,-17.123333,1688.161133,-1851.918533
110.23,210.946867,-21.123333,1714.161133,-1811.918533
110.24,198.946867,-21.123333,1725.161133,-1774.918533
110.25,175.946867,-18.123333,1739.161133,-1731.918533
110.26,162.946867,-12.123333,1750.161133,-1689.918533
110.27,150.946867,4.876667,1756.161133,-1649.918533
110.28,129.946867,14.876667,1781.161133,-1610.918533
110.29,118.946867,29.876667,1809.161133,-1580.918533
110.30,106.946867,38.876667,1835.161133,-1551.918533
110.31,91.946867,47.876667,1854.161133,-1523.918533
110.32,68.946867,59.876667,1888.161133,-1488.918533
110.33,59.946867,68.876667,1910.161133,-1443.918533
110.34,37.946867,67.876667,1936.161133,-1392.918533
110.35,27.946867,63.876667,1968.161133,-1322.918533
110.36,11.946867,57.876667,2002.161133,-1235.918533
110.37,-6.053133,52.876667,2043.161133,-1121.918533
110.38,-20.053133,44.876667,2073.161133,-983.918533
110.39,-38.053133,35.876667,2120.161133,-822.918533
110.40,-53.053133,22.876667,2149.161133,-642.918533
110.41,-66.053133,12.876667,2163.161133,-448.918533
110.42,-81.053133,-3.123333,2172.161133,-237.918533
110.43,-97.053133,-8.123333,2190.161133,-11.918533
110.44,-106.053133,-27.123333,2192.161133,222.081467
110.45,-117.053133,-36.123333,2193.161133,458.081467
110.46,-130.053133,-56.123333,2198.161133,699.081467
110.47,-147.053133,-75.123333,2197.161133,939.081467
110.48,-155.053133,-93.123333,2194.161133,1180.081467
110.49,-164.053133,-110.123333,2193.161133,1425.081467
110.50,-182.053133,-129.123333,2182.161133,1669.081467
110.51,-190.053133,-141.123333,2170.161133,1910.081467
110.52,-198.053133,-159.123333,2169.161133,2155.081467
110.53,-207.053133,-164.123333,2146.161133,2403.081467
110.54,-214.053133,-171.123333,2125.161133,2657.081467
110.55,-217.053133,-164.123333,2105.161133,2914.081467
110.56,-219.053133,-160.123333,2084.161133,3170.081467
110.57,-232.053133,-145.123333,2044.161133,3421.081467
110.58,-235.053133,-114.123333,2009.161133,3664.081467
110.59,-244.053133,-72.123333,1972.161133,3889.081467
110.60,-247.053133,-26.123333,1935.161133,4106.081467
110.61,-261.053133,26.876667,1889.161133,4312.081467
110.62,-270.053133,84.876667,1850.161133,4520.081467
110.63,-273.053133,146.876667,1794.161133,4736.081467
110.64,-276.053133,206.876667,1746.161133,4960.081467
110.65,-282.053133,264.876667,1688.161133,5188.081467
110.66,-281.053133,328.876667,1642.161133,5424.081467
110.67,-291.053133,388.876667,1597.161133,5657.081467
110.68,-291.053133,444.876667,1538.161133,5886.081467
110.69,-293.053133,500.876667,1495.161133,6110.081467
110.70,-295.053133,555.876667,1445.161133,6313.081467
110.71,-284.053133,618.876667,1395.161133,6508.081467
110.72,-278.053133,668.876667,1360.161133,6686.081467
110.73,-272.053133,710.876667,1323.161133,6853.081467
110.74,-263.053133,749.876667,1306.161133,7009.081467
110.75,-248.053133,795.876667,1297.161133,7150.081467
110.76,-238.053133,837.876667,1300.161133,7274.081467
110.77,-225.053133,865.876667,1297.161133,7386.081467
110.78,-214.053133,905.876667,1280.161133,7489.081467
110.79,-205.053133,943.876667,1282.161133,7588.081467
110.80,-175.053133,970.876667,1260.161133,7675.081467
110.81,-156.053133,1003.876667,1238.161133,7743.081467
110.82,-137.053133,1029.876667,1220.161133,7788.081467
110.83,-117.053133,1060.876667,1196.161133,7811.081467
110.84,-96.053133,1084.876667,1169.161133,7805.081467
110.85,-72.053133,1103.876667,1154.161133,7780.081467
110.86,-43.053133,1128.876667,1139.161133,7744.081467
110.87,-16.053133,1141.876667,1134.161133,7688.081467
110.88,9.946867,1165.876667,1138.161133,7620.081467
110.89,29.946867,1201.876667,1145.161133,7547.081467
110.90,53.946867,1240.876667,1163.161133,7463.081467
110.91,74.946867,1293.876667,1190.161133,7362.081467
110.92,93.946867,1343.876667,1214.161133,7242.081467
110.93,108.946867,1393.876667,1243.161133,7111.081467
110.94,132.946867,1441.876667,1279.161133,6977.081467
110.95,150.946867,1479.876667,1310.161133,6826.081467
110.96,165.946867,1509.876667,1341.161133,6678.081467
110.97,176.946867,1551.876667,1381.161133,6534.081467
110.98,185.946867,1587.876667,1428.161133,6382.081467
110.99,195.946867,1627.876667,1475.161133,6220.081467
111.00,197.946867,1672.876667,1515.161133,6053.081467
111.01,200.946867,1731.876667,1574.161133,5888.081467
111.02,198.946867,1778.876667,1638.161133,5727.081467
111.03,194.946867,1827.876667,1690.161133,5572.081467
111.04,189.946867,1885.876667,1741.161133,5435.081467
111.05,178.946867,1949.876667,1787.161133,5296.081467
111.06,165.946867,2009.876667,1821.161133,5158.081467
111.07,166.946867,2071.876667,1846.161133,5017.081467
111.08,154.946867,2141.876667,1887.161133,4874.081467
111.09,146.946867,2201.876667,1914.161133,4729.081467
111.10,146.946867,2251.876667,1940.161133,4578.081467
111.11,141.946867,2282.876667,1952.161133,4419.081467
111.12,133.946867,2310.876667,1970.161133,4252.081467
111.13,125.946867,2323.876667,1972.161133,4083.081467
111.14,119.946867,2333.876667,1959.161133,3914.081467
111.15,113.946867,2338.876667,1928.161133,3755.081467
111.16,109.946867,2341.876667,1892.161133,3609.081467
111.17,107.946867,2341.876667,1841.161133,3466.081467
111.18,105.946867,2337.876667,1797.161133,3330.081467
111.19,103.946867,2333.876667,1733.161133,3180.081467
111.20,105.946867,2314.876667,1672.161133,3033.081467
111.21,104.946867,2290.876667,1601.161133,2892.081467
111.22,98.946867,2270.876667,1539.161133,2755.081467
111.23,101.946867,2227.876667,1468.161133,2608.081467
111.24,104.946867,2184.876667,1400.161133,2459.081467
111.25,111.946867,2126.876667,1332.161133,2313.081467
111.26,112.946867,2052.876667,1273.161133,2173.081467
111.27,105.946867,1977.876667,1213.161133,2021.081467
111.28,116.946867,1892.876667,1166.161133,1870.081467
111.29,121.946867,1788.876667,1103.161133,1719.081467
111.30,126.946867,1687.876667,1069.161133,1576.081467
111.31,119.946867,1591.876667,1025.161133,1436.081467
111.32,124.946867,1481.876667,975.161133,1312.081467
111.33,124.946867,1388.876667,934.161133,1196.081467
111.34,127.946867,1303.876667,902.161133,1091.081467
111.35,129.946867,1214.876667,864.161133,987.081467
111.36,136.946867,1127.876667,837.161133,885.081467
111.37,142.946867,1023.876667,821.161133,796.081467
111.38,145.946867,943.876667,819.161133,725.081467
111.39,151.946867,846.876667,812.161133,660.081467
111.40,156.946867,760.876667,820.161133,607.081467
111.41,162.946867,667.876667,833.161133,581.081467
111.42,159.946867,581.876667,838.161133,579.081467
111.43,159.946867,500.876667,854.161133,593.081467
111.44,160.946867,413.876667,860.161133,624.081467
111.45,167.946867,326.876667,865.161133,669.081467
111.46,172.946867,248.876667,869.161133,727.081467
111.47,178.946867,175.876667,879.161133,795.081467
111.48,184.946867,115.876667,891.161133,871.081467
111.49,185.946867,60.876667,902.161133,970.081467
111.50,190.946867,24.876667,928.161133,1085.081467
111.51,195.946867,-1.123333,955.161133,1214.081467
111.52,196.946867,-23.123333,997.161133,1350.081467
111.53,198.946867,-39.123333,1032.161133,1492.081467
111.54,193.946867,-45.123333,1069.161133,1638.081467
111.55,189.946867,-45.123333,1110.161133,1784.081467
111.56,186.946867,-31.123333,1180.161133,1936.081467
111.57,176.946867,-15.123333,1223.161133,2089.081467
111.58,173.946867,8.876667,1278.161133,2246.081467
111.59,163.946867,47.876667,1338.161133,2405.081467
111.60,159.946867,87.876667,1388.161133,2560.081467
111.61,143.946867,143.876667,1434.161133,2704.081467
111.62,139.946867,180.876667,1487.161133,2844.081467
111.63,131.946867,239.876667,1532.161133,2972.081467
111.64,125.946867,282.876667,1576.161133,3086.081467
111.65,119.946867,335.876667,1612.161133,3189.081467
111.66,113.946867,378.876667,1655.161133,3269.081467
111.67,105.946867,422.876667,1692.161133,3332.081467
111.68,104.946867,463.876667,1721.161133,3380.081467
111.69,97.946867,507.876667,1747.161133,3410.081467
111.70,101.946867,546.876667,1770.161133,3428.081467
111.71,98.946867,583.876667,1789.161133,3430.081467
111.72,95.946867,605.876667,1806.161133,3397.081467
111.73,100.946867,620.876667,1815.161133,3356.081467
111.74,102.946867,629.876667,1817.161133,3298.081467
111.75,111.946867,632.876667,1813.161133,3219.081467
111.76,116.946867,624.876667,1813.161133,3119.081467
111.77,123.946867,618.876667,1807.161133,2993.081467
111.78,122.946867,603.876667,1814.161133,2846.081467
111.79,139.946867,587.876667,1819.161133,2686.081467
111.80,142.946867,579.876667,1827.161133,2511.081467
111.81,150.946867,554.876667,1836.161133,2332.081467
111.82,167.946867,530.876667,1841.161133,2148.081467
111.83,169.946867,505.876667,1847.161133,1956.081467
111.84,186.946867,481.876667,1839.161133,1759.081467
111.85,189.946867,462.876667,1839.161133,1562.081467
111.86,206.946867,435.876667,1828.161133,1354.081467
111.87,208.946867,419.876667,1827.161133,1140.081467
111.88,216.946867,383.876667,1821.161133,930.081467
111.89,222.946867,356.876667,1826.161133,734.081467
111.90,236.946867,319.876667,1844.161133,552.081467
111.91,239.946867,286.876667,1864.161133,390.081467
111.92,247.946867,242.876667,1890.161133,238.081467
111.93,253.946867,207.876667,1922.161133,104.081467
111.94,259.946867,184.876667,1967.161133,-16.918533
111.95,263.946867,158.876667,2003.161133,-128.918533
111.96,265.946867,133.876667,2040.161133,-227.918533
111.97,257.946867,115.876667,2098.161133,-311.918533
111.98,256.946867,99.876667,2142.161133,-390.918533
111.99,252.946867,79.876667,2191.161133,-466.918533
112.00,239.946867,69.876667,2242.161133,-531.918533
112.01,237.946867,49.876667,2280.161133,-599.918533
112.02,222.946867,33.876667,2301.161133,-664.918533
112.03,207.946867,19.876667,2321.161133,-725.918533
112.04,197.946867,6.876667,2337.161133,-790.918533
112.05,178.946867,-10.123333,2356.161133,-853.918533
112.06,160.946867,-8.123333,2381.161133,-915.918533
112.07,142.946867,-11.123333,2410.161133,-988.918533
112.08,114.946867,-7.123333,2431.161133,-1081.918533
112.09,84.946867,6.876667,2449.161133,-1194.918533
112.10,64.946867,19.876667,2466.161133,-1327.918533
112.11,38.946867,36.876667,2470.161133,-1461.918533
112.12,1.946867,63.876667,2477.161133,-1611.918533
112.13,-27.053133,90.876667,2476.161133,-1769.918533
112.14,-64.053133,118.876667,2486.161133,-1932.918533
112.15,-93.053133,159.876667,2472.161133,-2111.918533
112.16,-125.053133,204.876667,2460.161133,-2304.918533
112.17,-162.053133,248.876667,2441.161133,-2500.918533
112.18,-188.053133,308.876667,2422.161133,-2704.918533
112.19,-224.053133,360.876667,2391.161133,-2923.918533
112.20,-248.053133,417.876667,2350.161133,-3156.918533
112.21,-284.053133,481.876667,2309.161133,-3393.918533
112.22,-309.053133,552.876667,2257.161133,-3623.918533
112.23,-330.053133,610.876667,2203.161133,-3848.918533
112.24,-352.053133,687.876667,2150.161133,-4057.918533
112.25,-376.053133,759.876667,2088.161133,-4267.918533
112.26,-397.053133,832.876667,2027.161133,-4474.918533
112.27,-421.053133,899.876667,1970.161133,-4682.918533
112.28,-438.053133,964.876667,1913.161133,-4895.918533
112.29,-450.053133,1023.876667,1869.161133,-5113.918533
112.30,-470.053133,1082.876667,1834.161133,-5344.918533
112.31,-472.053133,1129.876667,1800.161133,-5578.918533
112.32,-490.053133,1172.876667,1773.161133,-5807.918533
112.33,-493.053133,1214.876667,1764.161133,-6023.918533
112.34,-492.053133,1250.876667,1743.161133,-6221.918533
112.35,-494.053133,1279.876667,1736.161133,-6396.918533
112.36,-496.053133,1299.876667,1723.161133,-6550.918533
112.37,-489.053133,1321.876667,1721.161133,-6685.918533
112.38,-489.053133,1339.876667,1722.161133,-6800.918533
112.39,-477.053133,1358.876667,1717.161133,-6891.918533
112.40,-475.053133,1380.876667,1730.161133,-6962.918533
112.41,-467.053133,1389.876667,1745.161133,-7008.918533
112.42,-465.053133,1404.876667,1761.161133,-7035.918533
112.43,-454.053133,1405.876667,1778.161133,-7044.918533
112.44,-446.053133,1403.876667,1808.161133,-7018.918533
112.45,-433.053133,1393.876667,1827.161133,-6972.918533
112.46,-419.053133,1389.876667,1844.161133,-6912.918533
112.47,-413.053133,1388.876667,1861.161133,-6839.918533
112.48,-396.053133,1387.876667,1893.161133,-6757.918533
112.49,-388.053133,1377.876667,1910.161133,-6656.918533
112.50,-374.053133,1375.876667,1934.161133,-6539.918533
112.51,-364.053133,1362.876667,1941.161133,-6414.918533
112.52,-346.053133,1349.876667,1959.161133,-6266.918533
112.53,-335.053133,1336.876667,1971.161133,-6098.918533
112.54,-323.053133,1332.876667,1975.161133,-5920.918533
112.55,-317.053133,1320.876667,1980.161133,-5731.918533
112.56,-309.053133,1314.876667,1997.161133,-5535.918533
112.57,-301.053133,1312.876667,2015.161133,-5343.918533
112.58,-294.053133,1307.876667,2026.161133,-5152.918533
112.59,-286.053133,1306.876667,2043.161133,-4961.918533
112.60,-282.053133,1292.876667,2052.161133,-4773.918533
112.61,-276.053133,1282.876667,2070.161133,-4590.918533
112.62,-271.053133,1265.876667,2080.161133,-4414.918533
112.63,-269.053133,1236.876667,2106.161133,-4247.918533
112.64,-267.053133,1208.876667,2123.161133,-4081.918533
112.65,-264.053133,1191.876667,2149.161133,-3917.918533
112.66,-270.053133,1174.876667,2164.161133,-3759.918533
112.67,-270.053133,1161.876667,2176.161133,-3608.918533
112.68,-276.053133,1149.876667,2195.161133,-3459.918533
112.69,-273.053133,1134.876667,2214.161133,-3313.918533
112.70,-277.053133,1124.876667,2233.161133,-3161.918533
112.71,-282.053133,1117.876667,2241.161133,-2997.918533
112.72,-291.053133,1116.876667,2250.161133,-2818.918533
112.73,-293.053133,1113.876667,2249.161133,-2626.918533
112.74,-301.053133,1126.876667,2251.161133,-2420.918533
112.75,-307.053133,1140.876667,2238.161133,-2210.918533
112.76,-313.053133,1155.876667,2216.161133,-2003.918533
112.77,-313.053133,1161.876667,2192.161133,-1799.918533
112.78,-312.053133,1158.876667,2160.161133,-1596.918533
112.79,-307.053133,1166.876667,2146.161133,-1406.918533
112.80,-302.053133,1180.876667,2121.161133,-1235.918533
112.81,-298.053133,1193.876667,2086.161133,-1081.918533
112.82,-283.053133,1209.876667,2063.161133,-939.918533
112.83,-270.053133,1251.876667,2022.161133,-816.918533
112.84,-256.053133,1283.876667,1990.161133,-708.918533
112.85,-233.053133,1316.876667,1951.161133,-603.918533
112.86,-213.053133,1356.876667,1907.161133,-504.918533
112.87,-195.053133,1392.876667,1875.161133,-403.918533
112.88,-170.053133,1431.876667,1816.161133,-315.918533
112.89,-132.053133,1470.876667,1762.161133,-239.918533
112.90,-99.053133,1508.876667,1698.161133,-172.918533
112.91,-69.053133,1546.876667,1637.161133,-118.918533
112.92,-29.053133,1566.876667,1564.161133,-78.918533
112.93,-0.053133,1585.876667,1485.161133,-50.918533
112.94,43.946867,1581.876667,1415.161133,-25.918533
112.95,79.946867,1573.876667,1344.161133,0.081467
112.96,119.946867,1556.876667,1277.161133,29.081467
112.97,154.946867,1535.876667,1215.161133,51.081467
112.98,194.946867,1512.876667,1173.161133,71.081467
112.99,226.946867,1485.876667,1136.161133,80.081467
113.00,258.946867,1454.876667,1109.161133,71.081467
113.01,291.946867,1425.876667,1090.161133,52.081467
113.02,317.946867,1384.876667,1093.161133,24.081467
113.03,345.946867,1355.876667,1093.161133,-18.918533
113.04,376.946867,1315.876667,1092.161133,-76.918533
113.05,395.946867,1276.876667,1103.161133,-137.918533
113.06,416.946867,1236.876667,1108.161133,-210.918533
113.07,440.946867,1186.876667,1116.161133,-289.918533
113.08,452.946867,1130.876667,1138.161133,-365.918533
113.09,471.946867,1081.876667,1162.161133,-431.918533
113.10,481.946867,1022.876667,1195.161133,-506.918533
113.11,491.946867,971.876667,1232.161133,-584.918533
113.12,493.946867,912.876667,1270.161133,-657.918533
113.13,495.946867,868.876667,1312.161133,-720.918533
113.14,499.946867,823.876667,1349.161133,-763.918533
113.15,495.946867,794.876667,1395.161133,-790.918533
113.16,493.946867,758.876667,1437.161133,-802.918533
113.17,489.946867,738.876667,1497.161133,-795.918533
113.18,478.946867,712.876667,1547.161133,-783.918533
113.19,458.946867,694.876667,1612.161133,-760.918533
113.20,442.946867,661.876667,1663.161133,-737.918533
113.21,424.946867,634.876667,1716.161133,-705.918533
113.22,406.946867,599.876667,1768.161133,-668.918533
113.23,390.946867,565.876667,1818.161133,-622.918533
113.24,364.946867,523.876667,1857.161133,-560.918533
113.25,348.946867,489.876667,1889.161133,-497.918533
113.26,320.946867,458.876667,1917.161133,-436.918533
113.27,301.946867,435.876667,1946.161133,-376.918533
113.28,280.946867,413.876667,1974.161133,-311.918533
113.29,251.946867,398.876667,1992.161133,-249.918533
113.30,222.946867,391.876667,2012.161133,-190.918533
113.31,201.946867,384.876667,2031.161133,-120.918533
113.32,171.946867,382.876667,2051.161133,-39.918533
113.33,151.946867,395.876667,2068.161133,42.081467
113.34,128.946867,385.876667,2084.161133,124.081467
113.35,100.946867,386.876667,2104.161133,216.081467
113.36,85.946867,386.876667,2107.161133,317.081467
113.37,60.946867,385.876667,2123.161133,421.081467
113.38,42.946867,376.876667,2150.161133,537.081467
113.39,27.946867,366.876667,2151.161133,659.081467
113.40,10.946867,360.876667,2168.161133,788.081467
113.41,-2.053133,342.876667,2167.161133,923.081467
113.42,-13.053133,332.876667,2160.161133,1069.081467
113.43,-23.053133,314.876667,2163.161133,1221.081467
113.44,-36.053133,297.876667,2160.161133,1380.081467
113.45,-41.053133,287.876667,2157.161133,1537.081467
113.46,-45.053133,271.876667,2151.161133,1685.081467
113.47,-49.053133,265.876667,2143.161133,1834.081467
113.48,-54.053133,255.876667,2136.161133,1984.081467
113.49,-60.053133,252.876667,2127.161133,2128.081467
113.50,-63.053133,243.876667,2121.161133,2277.081467
113.51,-71.053133,240.876667,2095.161133,2435.081467
113.52,-67.053133,239.876667,2082.161133,2602.081467
113.53,-67.053133,244.876667,2050.161133,2775.081467
113.54,-75.053133,257.876667,2028.161133,2954.081467
113.55,-79.053133,262.876667,2006.161133,3137.081467
113.56,-86.053133,280.876667,1980.161133,3325.081467
113.57,-84.053133,302.876667,1950.161133,3511.081467
113.58,-89.053133,315.876667,1913.161133,3692.081467
113.59,-92.053133,322.876667,1885.161133,3870.081467
113.60,-94.053133,328.876667,1859.161133,4037.081467
113.61,-94.053133,327.876667,1834.161133,4202.081467
113.62,-86.053133,325.876667,1818.161133,4350.081467
113.63,-85.053133,328.876667,1800.161133,4492.081467
113.64,-83.053133,335.876667,1809.161133,4627.081467
113.65,-86.053133,348.876667,1796.161133,4764.081467
113.66,-87.053133,362.876667,1797.161133,4915.081467
113.67,-81.053133,376.876667,1786.161133,5066.081467
113.68,-77.053133,387.876667,1764.161133,5215.081467
113.69,-65.053133,389.876667,1750.161133,5365.081467
113.70,-57.053133,410.876667,1719.161133,5523.081467
113.71,-51.053133,432.876667,1696.161133,5690.081467
113.72,-43.053133,450.876667,1667.161133,5860.081467
113.73,-35.053133,478.876667,1646.161133,6028.081467
113.74,-25.053133,498.876667,1623.161133,6200.081467
113.75,-17.053133,525.876667,1608.161133,6369.081467
113.76,-6.053133,544.876667,1615.161133,6539.081467
113.77,-2.053133,565.876667,1617.161133,6707.081467
113.78,10.946867,581.876667,1617.161133,6872.081467
113.79,19.946867,591.876667,1622.161133,7034.081467
113.80,28.946867,609.876667,1619.161133,7202.081467
113.81,40.946867,641.876667,1609.161133,7365.081467
113.82,49.946867,661.876667,1609.161133,7524.081467
113.83,64.946867,686.876667,1596.161133,7685.081467
113.84,73.946867,708.876667,1603.161133,7850.081467
113.85,88.946867,728.876667,1617.161133,8011.081467
113.86,104.946867,742.876667,1629.161133,8159.081467
113.87,119.946867,748.876667,1638.161133,8290.081467
113.88,129.946867,749.876667,1655.161133,8410.081467
113.89,140.946867,746.876667,1682.161133,8525.081467
113.90,147.946867,754.876667,1714.161133,8630.081467
113.91,159.946867,759.876667,1751.161133,8718.081467
113.92,169.946867,760.876667,1794.161133,8794.081467
113.93,171.946867,769.876667,1825.161133,8852.081467
113.94,175.946867,773.876667,1878.161133,8893.081467
113.95,179.946867,764.876667,1913.161133,8925.081467
113.96,183.946867,768.876667,1953.161133,8952.081467
113.97,184.946867,763.876667,1999.161133,8975.081467
113.98,191.946867,761.876667,2037.161133,8987.081467
113.99,192.946867,763.876667,2097.161133,8986.081467
114.00,198.946867,759.876667,2141.161133,8976.081467
114.01,197.946867,748.876667,2199.161133,8955.081467
114.02,198.946867,734.876667,2262.161133,8921.081467
114.03,200.946867,723.876667,2327.161133,8888.081467
114.04,198.946867,707.876667,2382.161133,8859.081467
114.05,193.946867,695.876667,2444.161133,8840.081467
114.06,190.946867,693.876667,2513.161133,8830.081467
114.07,186.946867,692.876667,2569.161133,8815.081467
114.08,175.946867,701.876667,2618.161133,8777.081467
114.09,170.946867,706.876667,2648.161133,8729.081467
114.10,163.946867,712.876667,2684.161133,8673.081467
114.11,154.946867,724.876667,2708.161133,8614.081467
114.12,143.946867,736.876667,2740.161133,8545.081467
114.13,127.946867,746.876667,2744.161133,8470.081467
114.14,115.946867,747.876667,2754.161133,8385.081467
114.15,103.946867,739.876667,2763.161133,8305.081467
114.16,91.946867,751.876667,2773.161133,8228.081467
114.17,76.946867,748.876667,2769.161133,8147.081467
114.18,62.946867,745.876667,2772.161133,8079.081467
114.19,44.946867,757.876667,2764.161133,8010.081467
114.20,29.946867,776.876667,2762.161133,7939.081467
114.21,13.946867,785.876667,2738.161133,7872.081467
114.22,0.946867,807.876667,2708.161133,7805.081467
114.23,-19.053133,825.876667,2682.161133,7746.081467
114.24,-29.053133,845.876667,2644.161133,7688.081467
114.25,-44.053133,858.876667,2602.161133,7618.081467
114.26,-62.053133,874.876667,2565.161133,7540.081467
114.27,-71.053133,894.876667,2531.161133,7443.081467
114.28,-81.053133,897.876667,2499.161133,7330.081467
114.29,-89.053133,906.876667,2465.161133,7216.081467
114.30,-97.053133,903.876667,2435.161133,7106.081467
114.31,-103.053133,900.876667,2404.161133,7004.081467
114.32,-106.053133,893.876667,2379.161133,6906.081467
114.33,-108.053133,878.876667,2362.161133,6825.081467
114.34,-116.053133,869.876667,2343.161133,6759.081467
114.35,-122.053133,860.876667,2327.161133,6712.081467
114.36,-127.053133,857.876667,2315.161133,6681.081467
114.37,-128.053133,853.876667,2290.161133,6662.081467
114.38,-127.053133,862.876667,2262.161133,6656.081467
114.39,-129.053133,865.876667,2240.161133,6661.081467
114.40,-128.053133,871.876667,2222.161133,6664.081467
114.41,-130.053133,883.876667,2182.161133,6667.081467
114.42,-133.053133,883.876667,2156.161133,6672.081467
114.43,-137.053133,893.876667,2121.161133,6688.081467
114.44,-143.053133,911.876667,2108.161133,6711.081467
114.45,-153.053133,927.876667,2077.161133,6736.081467
114.46,-159.053133,943.876667,2054.161133,6770.081467
114.47,-167.053133,971.876667,2028.161133,6815.081467
114.48,-174.053133,994.876667,2011.161133,6857.081467
114.49,-179.053133,1020.876667,1991.161133,6905.081467
114.50,-186.053133,1050.876667,1988.161133,6952.081467
114.51,-193.053133,1083.876667,1984.161133,7006.081467
114.52,-201.053133,1122.876667,1976.161133,7056.081467
114.53,-219.053133,1157.876667,1971.161133,7106.081467
114.54,-230.053133,1192.876667,1950.161133,7152.081467
114.55,-244.053133,1228.876667,1944.161133,7189.081467
114.56,-252.053133,1240.876667,1912.161133,7218.081467
114.57,-249.053133,1254.876667,1888.161133,7241.081467
114.58,-248.053133,1276.876667,1862.161133,7267.081467
114.59,-256.053133,1281.876667,1838.161133,7291.081467
114.60,-258.053133,1286.876667,1809.161133,7303.081467
114.61,-261.053133,1291.876667,1792.161133,7303.081467
114.62,-256.053133,1296.876667,1766.161133,7295.081467
114.63,-257.053133,1299.876667,1743.161133,7278.081467
114.64,-251.053133,1291.876667,1724.161133,7259.081467
114.65,-245.053133,1279.876667,1724.161133,7227.081467
114.66,-239.053133,1258.876667,1716.161133,7189.081467
114.67,-231.053133,1229.876667,1705.161133,7127.081467
114.68,-215.053133,1196.876667,1685.161133,7056.081467
114.69,-208.053133,1174.876667,1658.161133,6979.081467
114.70,-187.053133,1141.876667,1636.161133,6908.081467
114.71,-170.053133,1104.876667,1607.161133,6837.081467
114.72,-155.053133,1064.876667,1570.161133,6782.081467
114.73,-137.053133,1025.876667,1557.161133,6736.081467
114.74,-109.053133,983.876667,1538.161133,6685.081467
114.75,-89.053133,935.876667,1530.161133,6631.081467
114.76,-61.053133,897.876667,1524.161133,6577.081467
114.77,-34.053133,859.876667,1526.161133,6520.081467
114.78,-6.053133,816.876667,1526.161133,6459.081467
114.79,22.946867,777.876667,1539.161133,6394.081467
114.80,47.946867,751.876667,1548.161133,6330.081467
114.81,69.946867,721.876667,1560.161133,6259.081467
114.82,95.946867,695.876667,1568.161133,6176.081467
114.83,123.946867,667.876667,1582.161133,6089.081467
114.84,140.946867,651.876667,1579.161133,5996.081467
114.85,162.946867,641.876667,1573.161133,5913.081467
114.86,185.946867,637.876667,1564.161133,5844.081467
114.87,203.946867,626.876667,1574.161133,5789.081467
114.88,216.946867,626.876667,1578.161133,5739.081467
114.89,235.946867,614.876667,1596.161133,5704.081467
114.90,245.946867,607.876667,1599.161133,5666.081467
114.91,254.946867,604.876667,1626.161133,5638.081467
114.92,264.946867,601.876667,1649.161133,5611.081467
114.93,270.946867,603.876667,1668.161133,5573.081467
114.94,271.946867,613.876667,1677.161133,5527.081467
114.95,268.946867,614.876667,1694.161133,5474.081467
114.96,265.946867,625.876667,1715.161133,5410.081467
114.97,258.946867,625.876667,1725.161133,5341.081467
114.98,250.946867,648.876667,1755.161133,5270.081467
114.99,234.946867,670.876667,1789.161133,5179.081467
115.00,220.946867,689.876667,1820.161133,5080.081467
115.01,201.946867,712.876667,1855.161133,4982.081467
115.02,181.946867,733.876667,1904.161133,4894.081467
115.03,162.946867,768.876667,1942.161133,4811.081467
115.04,141.946867,803.876667,2008.161133,4728.081467
115.05,118.946867,839.876667,2068.161133,4646.081467
115.06,101.946867,885.876667,2120.161133,4559.081467
115.07,77.946867,927.876667,2171.161133,4464.081467
115.08,56.946867,980.876667,2229.161133,4364.081467
115.09,28.946867,1027.876667,2290.161133,4257.081467
115.10,5.946867,1080.876667,2341.161133,4146.081467
115.11,-21.053133,1126.876667,2378.161133,4031.081467
115.12,-46.053133,1166.876667,2434.161133,3928.081467
115.13,-67.053133,1201.876667,2483.161133,3841.081467
115.14,-88.053133,1241.876667,2536.161133,3761.081467
115.15,-106.053133,1291.876667,2557.161133,3674.081467
115.16,-132.053133,1336.876667,2589.161133,3585.081467
115.17,-158.053133,1399.876667,2622.161133,3488.081467
115.18,-174.053133,1449.876667,2627.161133,3374.081467
115.19,-204.053133,1496.876667,2630.161133,3268.081467
115.20,-223.053133,1543.876667,2641.161133,3173.081467
115.21,-237.053133,1571.876667,2626.161133,3068.081467
115.22,-259.053133,1594.876667,2626.161133,2970.081467
115.23,-276.053133,1623.876667,2599.161133,2862.081467
115.24,-292.053133,1638.876667,2568.161133,2756.081467
115.25,-313.053133,1655.876667,2537.161133,2657.081467
115.26,-329.053133,1671.876667,2488.161133,2568.081467
115.27,-343.053133,1693.876667,2433.161133,2485.081467
115.28,-348.053133,1690.876667,2386.161133,2407.081467
115.29,-361.053133,1691.876667,2338.161133,2330.081467
115.30,-372.053133,1688.876667,2286.161133,2254.081467
115.31,-389.053133,1674.876667,2242.161133,2172.081467
115.32,-399.053133,1661.876667,2203.161133,2081.081467
115.33,-408.053133,1645.876667,2165.161133,1988.081467
115.34,-419.053133,1631.876667,2111.161133,1887.081467
115.35,-422.053133,1614.876667,2060.161133,1789.081467
115.36,-427.053133,1595.876667,2015.161133,1696.081467
115.37,-432.053133,1566.876667,1959.161133,1599.081467
115.38,-435.053133,1542.876667,1905.161133,1495.081467
115.39,-440.053133,1500.876667,1853.161133,1384.081467
115.40,-437.053133,1467.876667,1809.161133,1263.081467
115.41,-435.053133,1429.876667,1768.161133,1136.081467
115.42,-430.053133,1388.876667,1715.161133,1002.081467
115.43,-424.053133,1348.876667,1680.161133,868.081467
115.44,-416.053133,1311.876667,1633.161133,720.081467
115.45,-410.053133,1264.876667,1593.161133,568.081467
115.46,-402.053133,1213.876667,1552.161133,418.081467
115.47,-388.053133,1158.876667,1506.161133,264.081467
115.48,-374.053133,1090.876667,1468.161133,107.081467
115.49,-364.053133,1029.876667,1429.161133,-47.918533
115.50,-350.053133,964.876667,1400.161133,-208.918533
115.51,-328.053133,896.876667,1377.161133,-355.918533
115.52,-313.053133,837.876667,1355.161133,-488.918533
115.53,-294.053133,775.876667,1362.161133,-600.918533
115.54,-280.053133,720.876667,1368.161133,-703.918533
115.55,-260.053133,659.876667,1359.161133,-795.918533
115.56,-247.053133,615.876667,1372.161133,-880.918533
115.57,-236.053133,579.876667,1388.161133,-957.918533
115.58,-214.053133,548.876667,1395.161133,-1038.918533
115.59,-207.053133,530.876667,1407.161133,-1127.918533
115.60,-193.053133,507.876667,1431.161133,-1218.918533
115.61,-180.053133,496.876667,1448.161133,-1312.918533
115.62,-166.053133,475.876667,1478.161133,-1411.918533
115.63,-164.053133,460.876667,1513.161133,-1518.918533
115.64,-145.053133,446.876667,1544.161133,-1625.918533
115.65,-134.053133,434.876667,1585.161133,-1731.918533
115.66,-123.053133,420.876667,1619.161133,-1833.918533
115.67,-114.053133,417.876667,1678.161133,-1918.918533
115.68,-101.053133,427.876667,1730.161133,-2002.918533
115.69,-100.053133,440.876667,1789.161133,-2084.918533
115.70,-95.053133,450.876667,1844.161133,-2165.918533
115.71,-90.053133,473.876667,1915.161133,-2231.918533
115.72,-80.053133,503.876667,1978.161133,-2296.918533
115.73,-77.053133,542.876667,2034.161133,-2350.918533
115.74,-73.053133,572.876667,2097.161133,-2398.918533
115.75,-69.053133,607.876667,2150.161133,-2442.918533
115.76,-70.053133,646.876667,2197.161133,-2481.918533
115.77,-66.053133,675.876667,2243.161133,-2510.918533
115.78,-60.053133,700.876667,2284.161133,-2534.918533
115.79,-64.053133,731.876667,2319.161133,-2547.918533
115.80,-63.053133,746.876667,2337.161133,-2562.918533
115.81,-56.053133,762.876667,2354.161133,-2577.918533
115.82,-56.053133,769.876667,2370.161133,-2581.918533
115.83,-51.053133,782.876667,2381.161133,-2584.918533
115.84,-41.053133,790.876667,2375.161133,-2585.918533
115.85,-42.053133,810.876667,2375.161133,-2573.918533
115.86,-37.053133,828.876667,2368.161133,-2560.918533
115.87,-35.053133,846.876667,2362.161133,-2547.918533
115.88,-28.053133,853.876667,2343.161133,-2528.918533
115.89,-24.053133,874.876667,2323.161133,-2510.918533
115.90,-14.053133,883.876667,2304.161133,-2494.918533
115.91,-6.053133,892.876667,2274.161133,-2482.918533
115.92,6.946867,898.876667,2249.161133,-2472.918533
115.93,12.946867,901.876667,2220.161133,-2463.918533
115.94,26.946867,905.876667,2207.161133,-2446.918533
115.95,37.946867,889.876667,2184.161133,-2421.918533
115.96,47.946867,883.876667,2172.161133,-2391.918533
115.97,62.946867,879.876667,2146.161133,-2366.918533
115.98,72.946867,880.876667,2129.161133,-2341.918533
115.99,88.946867,887.876667,2111.161133,-2314.918533
116.00,100.946867,904.876667,2094.161133,-2281.918533
116.01,114.946867,919.876667,2082.161133,-2251.918533
116.02,128.946867,944.876667,2075.161133,-2219.918533
116.03,143.946867,951.876667,2055.161133,-2184.918533
116.04,155.946867,965.876667,2051.161133,-2133.918533
116.05,171.946867,970.876667,2046.161133,-2066.918533
116.06,182.946867,974.876667,2038.161133,-1990.918533
116.07,194.946867,967.876667,2034.161133,-1911.918533
116.08,200.946867,967.876667,2043.161133,-1822.918533
116.09,216.946867,960.876667,2048.161133,-1734.918533
116.10,224.946867,962.876667,2048.161133,-1651.918533
116.11,237.946867,948.876667,2056.161133,-1575.918533
116.12,249.946867,941.876667,2063.161133,-1494.918533
116.13,254.946867,929.876667,2070.161133,-1411.918533
116.14,271.946867,921.876667,2071.161133,-1332.918533
116.15,284.946867,906.876667,2077.161133,-1245.918533
116.16,291.946867,897.876667,2083.161133,-1166.918533
116.17,295.946867,885.876667,2094.161133,-1096.918533
116.18,307.946867,876.876667,2089.161133,-1019.918533
116.19,313.946867,868.876667,2096.161133,-940.918533
116.20,319.946867,857.876667,2114.161133,-862.918533
116.21,324.946867,842.876667,2143.161133,-778.918533
116.22,329.946867,826.876667,2164.161133,-705.918533
116.23,328.946867,819.876667,2203.161133,-654.918533
116.24,323.946867,801.876667,2238.161133,-613.918533
116.25,323.946867,801.876667,2270.161133,-587.918533
116.26,318.946867,804.876667,2314.161133,-579.918533
116.27,310.946867,810.876667,2351.161133,-581.918533
116.28,307.946867,814.876667,2374.161133,-597.918533
116.29,302.946867,821.876667,2404.161133,-624.918533
116.30,303.946867,818.876667,2445.161133,-655.918533
116.31,296.946867,814.876667,2493.161133,-692.918533
116.32,293.946867,809.876667,2542.161133,-728.918533
116.33,287.946867,810.876667,2592.161133,-763.918533
116.34,280.946867,807.876667,2643.161133,-790.918533
116.35,271.946867,814.876667,2686.161133,-825.918533
116.36,260.946867,828.876667,2727.161133,-876.918533
116.37,247.946867,830.876667,2758.161133,-939.918533
116.38,235.946867,844.876667,2771.161133,-1004.918533
116.39,226.946867,846.876667,2808.161133,-1047.918533
116.40,213.946867,876.876667,2833.161133,-1087.918533
116.41,201.946867,881.876667,2857.161133,-1125.918533
116.42,188.946867,900.876667,2887.161133,-1142.918533
116.43,179.946867,923.876667,2897.161133,-1154.918533
116.44,157.946867,943.876667,2918.161133,-1169.918533
116.45,140.946867,953.876667,2943.161133,-1185.918533
116.46,124.946867,964.876667,2957.161133,-1191.918533
116.47,107.946867,968.876667,2988.161133,-1181.918533
116.48,89.946867,971.876667,3005.161133,-1160.918533
116.49,71.946867,968.876667,3017.161133,-1125.918533
116.50,57.946867,973.876667,3043.161133,-1068.918533
116.51,45.946867,982.876667,3071.161133,-1000.918533
116.52,29.946867,993.876667,3098.161133,-943.918533
116.53,14.946867,1009.876667,3112.161133,-897.918533
116.54,-0.053133,1025.876667,3124.161133,-848.918533
116.55,-9.053133,1044.876667,3128.161133,-804.918533
116.56,-21.053133,1058.876667,3127.161133,-758.918533
116.57,-26.053133,1071.876667,3137.161133,-710.918533
116.58,-32.053133,1077.876667,3143.161133,-667.918533
116.59,-41.053133,1087.876667,3154.161133,-625.918533
116.60,-38.053133,1086.876667,3161.161133,-583.918533
116.61,-44.053133,1080.876667,3170.161133,-537.918533
116.62,-51.053133,1073.876667,3176.161133,-487.918533
116.63,-48.053133,1058.876667,3187.161133,-427.918533
116.64,-47.053133,1051.876667,3179.161133,-374.918533
116.65,-47.053133,1034.876667,3170.161133,-326.918533
116.66,-42.053133,1021.876667,3149.161133,-274.918533
116.67,-41.053133,1012.876667,3126.161133,-207.918533
116.68,-36.053133,1006.876667,3103.161133,-136.918533
116.69,-25.053133,995.876667,3073.161133,-51.918533
116.70,-13.053133,981.876667,3031.161133,45.081467
116.71,-3.053133,965.876667,2995.161133,151.081467
116.72,7.946867,946.876667,2948.161133,276.081467
116.73,17.946867,923.876667,2913.161133,408.081467
116.74,34.946867,895.876667,2870.161133,531.081467
116.75,48.946867,866.876667,2821.161133,638.081467
116.76,66.946867,836.876667,2759.161133,728.081467
116.77,83.946867,808.876667,2695.161133,819.081467
116.78,105.946867,778.876667,2632.161133,913.081467
116.79,118.946867,762.876667,2571.161133,1008.081467
116.80,140.946867,743.876667,2512.161133,1097.081467
116.81,154.946867,727.876667,2454.161133,1185.081467
116.82,173.946867,713.876667,2395.161133,1264.081467
116.83,195.946867,699.876667,2334.161133,1334.081467
116.84,214.946867,699.876667,2283.161133,1404.081467
116.85,232.946867,702.876667,2242.161133,1473.081467
116.86,256.946867,709.876667,2191.161133,1532.081467
116.87,270.946867,720.876667,2149.161133,1586.081467
116.88,293.946867,737.876667,2111.161133,1641.081467
116.89,305.946867,754.876667,2072.161133,1705.081467
116.90,318.946867,784.876667,2043.161133,1770.081467
116.91,330.946867,815.876667,2008.161133,1837.081467
116.92,346.946867,842.876667,1987.161133,1905.081467
116.93,353.946867,864.876667,1970.161133,1975.081467
116.94,360.946867,892.876667,1960.161133,2051.081467
116.95,366.946867,910.876667,1962.161133,2124.081467
116.96,378.946867,928.876667,1968.161133,2191.081467
116.97,380.946867,951.876667,1970.161133,2247.081467
116.98,389.946867,972.876667,1982.161133,2311.081467
116.99,385.946867,993.876667,1993.161133,2370.081467
117.00,392.946867,1018.876667,2002.161133,2430.081467
117.01,383.946867,1040.876667,2007.161133,2483.081467
117.02,381.946867,1054.876667,2020.161133,2536.081467
117.03,374.946867,1076.876667,2026.161133,2594.081467
117.04,375.946867,1093.876667,2048.161133,2648.081467
117.05,368.946867,1112.876667,2058.161133,2691.081467
117.06,363.946867,1130.876667,2082.161133,2721.081467
117.07,351.946867,1148.876667,2091.161133,2742.081467
117.08,344.946867,1166.876667,2097.161133,2750.081467
117.09,338.946867,1176.876667,2118.161133,2752.081467
117.10,324.946867,1177.876667,2131.161133,2749.081467
117.11,314.946867,1188.876667,2136.161133,2749.081467
117.12,299.946867,1179.876667,2146.161133,2750.081467
117.13,289.946867,1187.876667,2160.161133,2760.081467
117.14,276.946867,1181.876667,2167.161133,2772.081467
117.15,266.946867,1185.876667,2181.161133,2791.081467
117.16,256.946867,1177.876667,2199.161133,2800.081467
117.17,239.946867,1172.876667,2215.161133,2804.081467
117.18,231.946867,1155.876667,2219.161133,2804.081467
117.19,226.946867,1141.876667,2237.161133,2798.081467
117.20,218.946867,1134.876667,2233.161133,2784.081467
117.21,205.946867,1122.876667,2238.161133,2765.081467
117.22,194.946867,1119.876667,2244.161133,2748.081467
117.23,184.946867,1109.876667,2245.161133,2729.081467
117.24,179.946867,1092.876667,2243.161133,2700.081467
117.25,176.946867,1069.876667,2248.161133,2674.081467
117.26,169.946867,1040.876667,2260.161133,2653.081467
117.27,162.946867,1004.876667,2264.161133,2638.081467
117.28,161.946867,968.876667,2274.161133,2616.081467
117.29,159.946867,938.876667,2275.161133,2594.081467
117.30,157.946867,906.876667,2283.161133,2568.081467
117.31,147.946867,873.876667,2288.161133,2533.081467
117.32,152.946867,840.876667,2295.161133,2494.081467
117.33,150.946867,805.876667,2302.161133,2457.081467
117.34,145.946867,771.876667,2305.161133,2415.081467
117.35,148.946867,735.876667,2301.161133,2377.081467
117.36,149.946867,702.876667,2286.161133,2341.081467
117.37,153.946867,683.876667,2274.161133,2317.081467
117.38,152.946867,676.876667,2272.161133,2302.081467
117.39,146.946867,671.876667,2256.161133,2288.081467
117.40,148.946867,676.876667,2239.161133,2271.081467
117.41,143.946867,676.876667,2231.161133,2258.081467
117.42,140.946867,684.876667,2227.161133,2247.081467
117.43,136.946867,696.876667,2218.161133,2243.081467
117.44,130.946867,701.876667,2209.161133,2243.081467
117.45,129.946867,711.876667,2197.161133,2261.081467
117.46,127.946867,735.876667,2182.161133,2285.081467
117.47,128.946867,746.876667,2164.161133,2314.081467
117.48,120.946867,758.876667,2156.161133,2345.081467
117.49,119.946867,776.876667,2151.161133,2383.081467
117.50,105.946867,785.876667,2141.161133,2417.081467
117.51,107.946867,796.876667,2125.161133,2451.081467
117.52,103.946867,804.876667,2110.161133,2485.081467
117.53,100.946867,818.876667,2084.161133,2528.081467
117.54,97.946867,830.876667,2073.161133,2574.081467
117.55,96.946867,846.876667,2056.161133,2614.081467
117.56,90.946867,871.876667,2042.161133,2648.081467
117.57,87.946867,886.876667,2028.161133,2661.081467
117.58,82.946867,912.876667,2002.161133,2670.081467
117.59,79.946867,938.876667,1979.161133,2677.081467
117.60,77.946867,955.876667,1945.161133,2695.081467
117.61,81.946867,967.876667,1925.161133,2728.081467
117.62,76.946867,982.876667,1904.161133,2774.081467
117.63,75.946867,1001.876667,1899.161133,2822.081467
117.64,77.946867,1007.876667,1879.161133,2874.081467
117.65,76.946867,1030.876667,1860.161133,2924.081467
117.66,73.946867,1043.876667,1843.161133,2978.081467
117.67,75.946867,1063.876667,1816.161133,3032.081467
117.68,74.946867,1085.876667,1790.161133,3100.081467
117.69,72.946867,1103.876667,1770.161133,3174.081467
117.70,75.946867,1134.876667,1743.161133,3242.081467
117.71,82.946867,1148.876667,1729.161133,3299.081467
117.72,89.946867,1175.876667,1722.161133,3350.081467
117.73,92.946867,1192.876667,1721.161133,3391.081467
117.74,98.946867,1209.876667,1726.161133,3430.081467
117.75,102.946867,1231.876667,1741.161133,3464.081467
117.76,105.946867,1244.876667,1762.161133,3488.081467
117.77,114.946867,1249.876667,1780.161133,3514.081467
117.78,118.946867,1255.876667,1806.161133,3523.081467
117.79,124.946867,1257.876667,1833.161133,3523.081467
117.80,134.946867,1253.876667,1853.161133,3515.081467
117.81,134.946867,1242.876667,1877.161133,3511.081467
117.82,134.946867,1229.876667,1896.161133,3499.081467
117.83,136.946867,1211.876667,1922.161133,3476.081467
117.84,136.946867,1192.876667,1950.161133,3434.081467
117.85,138.946867,1168.876667,1988.161133,3374.081467
117.86,137.946867,1143.876667,2030.161133,3301.081467
117.87,131.946867,1113.876667,2077.161133,3217.081467
117.88,129.946867,1088.876667,2124.161133,3116.081467
117.89,124.946867,1060.876667,2177.161133,2999.081467
117.90,121.946867,1029.876667,2221.161133,2877.081467
117.91,113.946867,993.876667,2273.161133,2743.081467
117.92,101.946867,963.876667,2326.161133,2600.081467
117.93,81.946867,929.876667,2380.161133,2445.081467
117.94,71.946867,903.876667,2438.161133,2269.081467
117.95,48.946867,876.876667,2484.161133,2067.081467
117.96,33.946867,854.876667,2534.161133,1839.081467
117.97,17.946867,830.876667,2557.161133,1581.081467
117.98,-0.053133,803.876667,2589.161133,1300.081467
117.99,-16.053133,785.876667,2614.161133,999.081467
118.00,-28.053133,761.876667,2638.161133,686.081467
118.01,-49.053133,736.876667,2670.161133,370.081467
118.02,-63.053133,712.876667,2675.161133,45.081467
118.03,-89.053133,694.876667,2698.161133,-281.918533
118.04,-100.053133,673.876667,2702.161133,-615.918533
118.05,-124.053133,662.876667,2711.161133,-964.918533
118.06,-144.053133,644.876667,2720.161133,-1316.918533
118.07,-160.053133,638.876667,2719.161133,-1675.918533
118.08,-179.053133,639.876667,2714.161133,-2038.918533
118.09,-193.053133,632.876667,2715.161133,-2397.918533
118.10,-212.053133,637.876667,2713.161133,-2748.918533
118.11,-232.053133,623.876667,2715.161133,-3088.918533
118.12,-248.053133,613.876667,2719.161133,-3415.918533
118.13,-271.053133,596.876667,2715.161133,-3743.918533
118.14,-289.053133,577.876667,2710.161133,-4046.918533
118.15,-301.053133,554.876667,2696.161133,-4331.918533
118.16,-313.053133,538.876667,2671.161133,-4592.918533
118.17,-322.053133,524.876667,2658.161133,-4842.918533
118.18,-337.053133,514.876667,2633.161133,-5080.918533
118.19,-342.053133,498.876667,2615.161133,-5289.918533
118.20,-348.053133,488.876667,2609.161133,-5473.918533
118.21,-363.053133,475.876667,2603.161133,-5633.918533
118.22,-372.053133,457.876667,2594.161133,-5781.918533
118.23,-373.053133,444.876667,2598.161133,-5912.918533
118.24,-372.053133,428.876667,2597.161133,-6022.918533
118.25,-374.053133,423.876667,2598.161133,-6107.918533
118.26,-377.053133,420.876667,2587.161133,-6177.918533
118.27,-375.053133,424.876667,2598.161133,-6227.918533
118.28,-378.053133,428.876667,2590.161133,-6264.918533
118.29,-377.053133,436.876667,2589.161133,-6297.918533
118.30,-366.053133,453.876667,2578.161133,-6326.918533
118.31,-363.053133,457.876667,2563.161133,-6337.918533
118.32,-357.053133,471.876667,2559.161133,-6336.918533
118.33,-347.053133,485.876667,2540.161133,-6319.918533
118.34,-334.053133,513.876667,2527.161133,-6297.918533
118.35,-322.053133,519.876667,2518.161133,-6252.918533
118.36,-309.053133,543.876667,2504.161133,-6191.918533
118.37,-301.053133,566.876667,2497.161133,-6119.918533
118.38,-280.053133,595.876667,2489.161133,-6041.918533
118.39,-268.053133,626.876667,2476.161133,-5962.918533
118.40,-260.053133,656.876667,2464.161133,-5879.918533
118.41,-247.053133,694.876667,2449.161133,-5790.918533
118.42,-240.053133,729.876667,2452.161133,-5682.918533
118.43,-228.053133,769.876667,2454.161133,-5564.918533
118.44,-223.053133,803.876667,2452.161133,-5435.918533
118.45,-213.053133,851.876667,2445.161133,-5301.918533
118.46,-212.053133,895.876667,2442.161133,-5151.918533
118.47,-206.053133,931.876667,2411.161133,-4997.918533
118.48,-205.053133,963.876667,2392.161133,-4829.918533
118.49,-197.053133,989.876667,2360.161133,-4656.918533
118.50,-193.053133,1023.876667,2325.161133,-4475.918533
118.51,-194.053133,1048.876667,2290.161133,-4293.918533
118.52,-191.053133,1081.876667,2260.161133,-4101.918533
118.53,-197.053133,1114.876667,2234.161133,-3903.918533
118.54,-201.053133,1156.876667,2221.161133,-3692.918533
118.55,-208.053133,1184.876667,2210.161133,-3474.918533
118.56,-211.053133,1213.876667,2202.161133,-3259.918533
118.57,-214.053133,1245.876667,2194.161133,-3045.918533
118.58,-219.053133,1277.876667,2186.161133,-2830.918533
118.59,-226.053133,1306.876667,2193.161133,-2611.918533
118.60,-237.053133,1333.876667,2200.161133,-2392.918533
118.61,-242.053133,1358.876667,2194.161133,-2179.918533
118.62,-252.053133,1380.876667,2201.161133,-1960.918533
118.63,-262.053133,1401.876667,2209.161133,-1743.918533
118.64,-262.053133,1417.876667,2212.161133,-1531.918533
118.65,-273.053133,1426.876667,2208.161133,-1325.918533
118.66,-282.053133,1435.876667,2216.161133,-1113.918533
118.67,-291.053133,1451.876667,2206.161133,-897.918533
118.68,-291.053133,1461.876667,2202.161133,-672.918533
118.69,-294.053133,1476.876667,2192.161133,-435.918533
118.70,-299.053133,1477.876667,2194.161133,-174.918533
118.71,-307.053133,1487.876667,2203.161133,94.081467
118.72,-303.053133,1484.876667,2211.161133,356.081467
118.73,-308.053133,1476.876667,2216.161133,623.081467
118.74,-311.053133,1468.876667,2228.161133,895.081467
118.75,-314.053133,1451.876667,2237.161133,1177.081467
118.76,-319.053133,1442.876667,2258.161133,1474.081467
118.77,-317.053133,1434.876667,2267.161133,1781.081467
118.78,-315.053133,1418.876667,2282.161133,2098.081467
118.79,-317.053133,1402.876667,2309.161133,2429.081467
118.80,-314.053133,1388.876667,2338.161133,2759.081467
118.81,-307.053133,1358.876667,2364.161133,3086.081467
118.82,-299.053133,1326.876667,2392.161133,3415.081467
118.83,-300.053133,1302.876667,2429.161133,3732.081467
118.84,-295.053133,1279.876667,2446.161133,4042.081467
118.85,-296.053133,1256.876667,2462.161133,4345.081467
118.86,-292.053133,1226.876667,2479.161133,4645.081467
118.87,-287.053133,1206.876667,2493.161133,4941.081467
118.88,-273.053133,1173.876667,2512.161133,5230.081467
118.89,-269.053133,1146.876667,2508.161133,5505.081467
118.90,-260.053133,1117.876667,2514.161133,5764.081467
118.91,-248.053133,1082.876667,2524.161133,6017.081467
118.92,-229.053133,1056.876667,2531.161133,6261.081467
118.93,-224.053133,1036.876667,2536.161133,6505.081467
118.94,-212.053133,1011.876667,2544.161133,6759.081467
118.95,-206.053133,1002.876667,2556.161133,7028.081467
118.96,-196.053133,981.876667,2574.161133,7294.081467
118.97,-190.053133,966.876667,2590.161133,7565.081467
118.98,-178.053133,955.876667,2607.161133,7834.081467
118.99,-171.053133,948.876667,2609.161133,8098.081467
119.00,-150.053133,938.876667,2612.161133,8355.081467
119.01,-142.053133,937.876667,2616.161133,8598.081467
119.02,-135.053133,930.876667,2616.161133,8833.081467
119.03,-127.053133,916.876667,2616.161133,9069.081467
119.04,-123.053133,914.876667,2624.161133,9306.081467
119.05,-108.053133,907.876667,2625.161133,9531.081467
119.06,-100.053133,899.876667,2635.161133,9742.081467
119.07,-90.053133,890.876667,2618.161133,9948.081467
119.08,-80.053133,889.876667,2611.161133,10145.081467
119.09,-73.053133,894.876667,2604.161133,10338.081467
119.10,-62.053133,900.876667,2582.161133,10523.081467
119.11,-51.053133,904.876667,2562.161133,10689.081467
119.12,-42.053133,904.876667,2547.161133,10844.081467
119.13,-27.053133,897.876667,2543.161133,10975.081467
119.14,-14.053133,889.876667,2528.161133,11094.081467
119.15,-5.053133,886.876667,2508.161133,11198.081467
119.16,9.946867,875.876667,2506.161133,11286.081467
119.17,19.946867,860.876667,2497.161133,11357.081467
119.18,38.946867,849.876667,2493.161133,11423.081467
119.19,52.946867,828.876667,2495.161133,11469.081467
119.20,69.946867,815.876667,2502.161133,11512.081467
119.21,84.946867,800.876667,2503.161133,11529.081467
119.22,107.946867,793.876667,2506.161133,11538.081467
119.23,118.946867,786.876667,2518.161133,11542.081467
119.24,140.946867,794.876667,2516.161133,11536.081467
119.25,159.946867,801.876667,2513.161133,11515.081467
119.26,174.946867,810.876667,2509.161133,11496.081467
119.27,196.946867,818.876667,2518.161133,11473.081467
119.28,216.946867,824.876667,2532.161133,11443.081467
119.29,239.946867,831.876667,2546.161133,11391.081467
119.30,257.946867,823.876667,2558.161133,11321.081467
119.31,275.946867,814.876667,2581.161133,11242.081467
119.32,297.946867,805.876667,2584.161133,11156.081467
119.33,312.946867,791.876667,2607.161133,11066.081467
119.34,325.946867,793.876667,2623.161133,10972.081467
119.35,337.946867,797.876667,2646.161133,10867.081467
119.36,350.946867,808.876667,2654.161133,10745.081467
119.37,357.946867,821.876667,2653.161133,10615.081467
119.38,362.946867,833.876667,2659.161133,10469.081467
119.39,369.946867,846.876667,2663.161133,10317.081467
119.40,374.946867,839.876667,2666.161133,10159.081467
119.41,380.946867,846.876667,2678.161133,9993.081467
119.42,381.946867,848.876667,2705.161133,9823.081467
119.43,376.946867,854.876667,2724.161133,9649.081467
119.44,378.946867,852.876667,2751.161133,9466.081467
119.45,368.946867,839.876667,2763.161133,9274.081467
119.46,364.946867,827.876667,2800.161133,9092.081467
119.47,360.946867,800.876667,2805.161133,8897.081467
119.48,353.946867,770.876667,2824.161133,8699.081467
119.49,347.946867,743.876667,2838.161133,8499.081467
119.50,343.946867,723.876667,2845.161133,8297.081467
119.51,336.946867,713.876667,2849.161133,8094.081467
119.52,322.946867,705.876667,2852.161133,7895.081467
119.53,316.946867,689.876667,2855.161133,7699.081467
119.54,312.946867,680.876667,2857.161133,7502.081467
119.55,302.946867,655.876667,2871.161133,7299.081467
119.56,295.946867,631.876667,2876.161133,7082.081467
119.57,287.946867,592.876667,2886.161133,6858.081467
119.58,277.946867,566.876667,2899.161133,6630.081467
119.59,274.946867,537.876667,2907.161133,6406.081467
119.60,278.946867,514.876667,2910.161133,6183.081467
119.61,271.946867,487.876667,2912.161133,5962.081467
119.62,274.946867,474.876667,2907.161133,5747.081467
119.63,274.946867,453.876667,2899.161133,5535.081467
119.64,269.946867,435.876667,2892.161133,5320.081467
119.65,270.946867,415.876667,2884.161133,5100.081467
119.66,275.946867,403.876667,2877.161133,4883.081467
119.67,281.946867,398.876667,2875.161133,4657.081467
119.68,277.946867,392.876667,2870.161133,4425.081467
119.69,277.946867,386.876667,2853.161133,4184.081467
119.70,281.946867,377.876667,2848.161133,3935.081467
119.71,292.946867,373.876667,2831.161133,3690.081467
119.72,297.946867,369.876667,2811.161133,3447.081467
119.73,299.946867,367.876667,2788.161133,3208.081467
119.74,307.946867,386.876667,2768.161133,2972.081467
119.75,316.946867,403.876667,2747.161133,2726.081467
119.76,312.946867,422.876667,2734.161133,2478.081467
119.77,311.946867,450.876667,2714.161133,2232.081467
119.78,310.946867,480.876667,2697.161133,1997.081467
119.79,312.946867,517.876667,2675.161133,1773.081467
119.80,315.946867,549.876667,2658.161133,1550.081467
119.81,311.946867,588.876667,2638.161133,1341.081467
119.82,310.946867,627.876667,2631.161133,1132.081467
119.83,305.946867,663.876667,2609.161133,918.081467
119.84,307.946867,699.876667,2597.161133,717.081467
119.85,304.946867,748.876667,2591.161133,521.081467
119.86,296.946867,797.876667,2580.161133,325.081467
119.87,288.946867,844.876667,2572.161133,136.081467
119.88,288.946867,907.876667,2562.161133,-50.918533
119.89,282.946867,957.876667,2550.161133,-238.918533
119.90,279.946867,1007.876667,2547.161133,-423.918533
119.91,273.946867,1062.876667,2535.161133,-599.918533
119.92,266.946867,1113.876667,2513.161133,-769.918533
119.93,263.946867,1180.876667,2505.161133,-938.918533
119.94,254.946867,1241.876667,2489.161133,-1114.918533
119.95,245.946867,1282.876667,2469.161133,-1294.918533
119.96,238.946867,1326.876667,2461.161133,-1464.918533
119.97,230.946867,1363.876667,2449.161133,-1628.918533
119.98,222.946867,1384.876667,2436.161133,-1769.918533
119.99,213.946867,1420.876667,2442.161133,-1888.918533
120.00,209.946867,1452.876667,2451.161133,-1996.918533
120.01,202.946867,1483.876667,2439.161133,-2106.918533
120.02,189.946867,1515.876667,2431.161133,-2218.918533
120.03,187.946867,1533.876667,2422.161133,-2327.918533
120.04,177.946867,1564.876667,2410.161133,-2421.918533
120.05,169.946867,1584.876667,2392.161133,-2519.918533
120.06,156.946867,1597.876667,2376.161133,-2612.918533
120.07,149.946867,1615.876667,2359.161133,-2694.918533
120.08,143.946867,1643.876667,2353.161133,-2768.918533
120.09,132.946867,1661.876667,2343.161133,-2836.918533
120.10,120.946867,1673.876667,2342.161133,-2888.918533
120.11,107.946867,1677.876667,2334.161133,-2923.918533
120.12,96.946867,1683.876667,2336.161133,-2941.918533
120.13,87.946867,1667.876667,2329.161133,-2947.918533
120.14,77.946867,1658.876667,2330.161133,-2945.918533
120.15,65.946867,1643.876667,2325.161133,-2939.918533
120.16,44.946867,1624.876667,2322.161133,-2928.918533
120.17,38.946867,1613.876667,2312.161133,-2915.918533
120.18,26.946867,1594.876667,2315.161133,-2895.918533
120.19,11.946867,1573.876667,2322.161133,-2865.918533
120.20,4.946867,1553.876667,2320.161133,-2834.918533
120.21,-7.053133,1540.876667,2326.161133,-2803.918533
120.22,-28.053133,1515.876667,2329.161133,-2767.918533
120.23,-40.053133,1505.876667,2335.161133,-2729.918533
120.24,-56.053133,1484.876667,2340.161133,-2694.918533
120.25,-68.053133,1487.876667,2330.161133,-2655.918533
120.26,-85.053133,1478.876667,2330.161133,-2615.918533
120.27,-101.053133,1477.876667,2318.161133,-2584.918533
120.28,-116.053133,1473.876667,2320.161133,-2553.918533
120.29,-127.053133,1465.876667,2309.161133,-2519.918533
120.30,-132.053133,1459.876667,2313.161133,-2477.918533
120.31,-145.053133,1449.876667,2321.161133,-2428.918533
120.32,-149.053133,1444.876667,2324.161133,-2381.918533
120.33,-161.053133,1440.876667,2326.161133,-2346.918533
120.34,-160.053133,1436.876667,2327.161133,-2328.918533
120.35,-176.053133,1426.876667,2339.161133,-2322.918533
120.36,-187.053133,1418.876667,2342.161133,-2315.918533
120.37,-190.053133,1418.876667,2352.161133,-2310.918533
120.38,-196.053133,1413.876667,2363.161133,-2323.918533
120.39,-202.053133,1408.876667,2374.161133,-2348.918533
120.40,-206.053133,1401.876667,2393.161133,-2376.918533
120.41,-213.053133,1397.876667,2401.161133,-2413.918533
120.42,-211.053133,1387.876667,2418.161133,-2453.918533
120.43,-213.053133,1372.876667,2438.161133,-2490.918533
120.44,-215.053133,1368.876667,2462.161133,-2521.918533
120.45,-220.053133,1353.876667,2489.161133,-2557.918533
120.46,-221.053133,1339.876667,2523.161133,-2585.918533
120.47,-226.053133,1330.876667,2559.161133,-2601.918533
120.48,-224.053133,1309.876667,2586.161133,-2618.918533
120.49,-226.053133,1292.876667,2609.161133,-2626.918533
120.50,-225.053133,1280.876667,2628.161133,-2618.918533
120.51,-227.053133,1267.876667,2648.161133,-2599.918533
120.52,-219.053133,1267.876667,2656.161133,-2557.918533
120.53,-219.053133,1271.876667,2670.161133,-2507.918533
120.54,-218.053133,1271.876667,2668.161133,-2432.918533
120.55,-209.053133,1282.876667,2679.161133,-2350.918533
120.56,-204.053133,1290.876667,2701.161133,-2259.918533
120.57,-206.053133,1312.876667,2724.161133,-2153.918533
120.58,-206.053133,1317.876667,2746.161133,-2031.918533
120.59,-199.053133,1338.876667,2764.161133,-1898.918533
120.60,-192.053133,1354.876667,2789.161133,-1757.918533
120.61,-198.053133,1361.876667,2798.161133,-1604.918533
120.62,-192.053133,1368.876667,2813.161133,-1433.918533
120.63,-187.053133,1371.876667,2800.161133,-1257.918533
120.64,-173.053133,1367.876667,2805.161133,-1064.918533
120.65,-164.053133,1361.876667,2812.161133,-864.918533
120.66,-158.053133,1364.876667,2801.161133,-661.918533
120.67,-145.053133,1363.876667,2793.161133,-453.918533
120.68,-140.053133,1359.876667,2795.161133,-238.918533
120.69,-134.053133,1358.876667,2780.161133,-21.918533
120.70,-128.053133,1344.876667,2775.161133,192.081467
120.71,-117.053133,1339.876667,2761.161133,398.081467
120.72,-109.053133,1315.876667,2748.161133,590.081467
120.73,-95.053133,1284.876667,2740.161133,781.081467
120.74,-81.053133,1250.876667,2736.161133,973.081467
120.75,-70.053133,1227.876667,2742.161133,1159.081467
120.76,-57.053133,1206.876667,2739.161133,1345.081467
120.77,-51.053133,1184.876667,2744.161133,1526.081467
120.78,-41.053133,1165.876667,2746.161133,1706.081467
120.79,-33.053133,1149.876667,2750.161133,1888.081467
120.80,-24.053133,1124.876667,2742.161133,2066.081467
120.81,-19.053133,1104.876667,2739.161133,2234.081467
120.82,-7.053133,1085.876667,2738.161133,2393.081467
120.83,1.946867,1068.876667,2723.161133,2544.081467
120.84,9.946867,1046.876667,2722.161133,2684.081467
120.85,19.946867,1030.876667,2729.161133,2817.081467
120.86,25.946867,1005.876667,2723.161133,2917.081467
120.87,39.946867,976.876667,2717.161133,2999.081467
120.88,41.946867,958.876667,2713.161133,3064.081467
120.89,48.946867,941.876667,2709.161133,3109.081467
120.90,50.946867,925.876667,2694.161133,3150.081467
120.91,53.946867,925.876667,2680.161133,3191.081467
120.92,51.946867,933.876667,2652.161133,3226.081467
120.93,58.946867,943.876667,2631.161133,3244.081467
120.94,54.946867,955.876667,2609.161133,3262.081467
120.95,56.946867,974.876667,2587.161133,3273.081467
120.96,53.946867,999.876667,2563.161133,3277.081467
120.97,44.946867,1017.876667,2547.161133,3267.081467
120.98,36.946867,1029.876667,2534.161133,3252.081467
120.99,35.946867,1040.876667,2530.161133,3241.081467
121.00,29.946867,1048.876667,2520.161133,3222.081467
121.01,22.946867,1057.876667,2520.161133,3204.081467
121.02,23.946867,1059.876667,2522.161133,3186.081467
121.03,12.946867,1059.876667,2526.161133,3170.081467
121.04,0.946867,1057.876667,2524.161133,3145.081467
121.05,-3.053133,1063.876667,2526.161133,3123.081467
121.06,-14.053133,1066.876667,2531.161133,3101.081467
121.07,-23.053133,1070.876667,2527.161133,3086.081467
121.08,-37.053133,1076.876667,2525.161133,3080.081467
121.09,-49.053133,1075.876667,2524.161133,3071.081467
121.10,-55.053133,1078.876667,2520.161133,3060.081467
121.11,-62.053133,1072.876667,2522.161133,3051.081467
121.12,-62.053133,1052.876667,2521.161133,3041.081467
121.13,-72.053133,1031.876667,2528.161133,3033.081467
121.14,-78.053133,1007.876667,2521.161133,3017.081467
121.15,-86.053133,980.876667,2528.161133,3000.081467
121.16,-96.053133,936.876667,2539.161133,2991.081467
121.17,-104.053133,899.876667,2555.161133,2983.081467
121.18,-103.053133,856.876667,2579.161133,2970.081467
121.19,-116.053133,819.876667,2587.161133,2946.081467
121.20,-124.053133,774.876667,2594.161133,2908.081467
121.21,-129.053133,734.876667,2602.161133,2857.081467
121.22,-134.053133,703.876667,2583.161133,2798.081467
121.23,-133.053133,665.876667,2573.161133,2732.081467
121.24,-133.053133,631.876667,2559.161133,2670.081467
121.25,-133.053133,585.876667,2557.161133,2606.081467
121.26,-137.053133,550.876667,2550.161133,2547.081467
121.27,-137.053133,517.876667,2558.161133,2489.081467
121.28,-143.053133,475.876667,2553.161133,2431.081467
121.29,-139.053133,444.876667,2541.161133,2380.081467
121.30,-141.053133,405.876667,2533.161133,2334.081467
121.31,-132.053133,363.876667,2512.161133,2284.081467
121.32,-135.053133,322.876667,2500.161133,2228.081467
121.33,-144.053133,293.876667,2492.161133,2173.081467
121.34,-140.053133,256.876667,2485.161133,2116.081467
121.35,-145.053133,224.876667,2474.161133,2062.081467
121.36,-138.053133,196.876667,2472.161133,2012.081467
121.37,-144.053133,169.876667,2470.161133,1980.081467
121.38,-147.053133,150.876667,2469.161133,1955.081467
121.39,-147.053133,136.876667,2458.161133,1940.081467
121.40,-143.053133,119.876667,2459.161133,1927.081467
121.41,-144.053133,116.876667,2457.161133,1925.081467
121.42,-147.053133,123.876667,2459.161133,1924.081467
121.43,-144.053133,134.876667,2454.161133,1931.081467
121.44,-144.053133,136.876667,2476.161133,1943.081467
121.45,-142.053133,151.876667,2488.161133,1956.081467
121.46,-141.053133,159.876667,2510.161133,1976.081467
121.47,-143.053133,175.876667,2511.161133,1998.081467
121.48,-143.053133,195.876667,2512.161133,2015.081467
121.49,-144.053133,221.876667,2511.161133,2032.081467
121.50,-138.053133,240.876667,2510.161133,2054.081467
121.51,-136.053133,269.876667,2504.161133,2075.081467
121.52,-133.053133,299.876667,2513.161133,2093.081467
121.53,-130.053133,326.876667,2532.161133,2104.081467
121.54,-127.053133,356.876667,2542.161133,2105.081467
121.55,-123.053133,381.876667,2558.161133,2108.081467
121.56,-123.053133,416.876667,2576.161133,2116.081467
121.57,-124.053133,444.876667,2612.161133,2124.081467
121.58,-122.053133,485.876667,2627.161133,2124.081467
121.59,-121.053133,529.876667,2664.161133,2127.081467
121.60,-114.053133,564.876667,2696.161133,2127.081467
121.61,-117.053133,602.876667,2710.161133,2121.081467
121.62,-115.053133,637.876667,2749.161133,2115.081467
121.63,-120.053133,669.876667,2780.161133,2118.081467
121.64,-118.053133,695.876667,2814.161133,2123.081467
121.65,-118.053133,717.876667,2848.161133,2136.081467
121.66,-115.053133,741.876667,2866.161133,2153.081467
121.67,-115.053133,772.876667,2900.161133,2177.081467
121.68,-117.053133,806.876667,2930.161133,2201.081467
121.69,-115.053133,831.876667,2939.161133,2223.081467
121.70,-122.053133,867.876667,2962.161133,2249.081467
121.71,-120.053133,891.876667,2970.161133,2282.081467
121.72,-126.053133,933.876667,2987.161133,2323.081467
121.73,-120.053133,969.876667,2990.161133,2364.081467
121.74,-119.053133,1002.876667,3001.161133,2412.081467
121.75,-117.053133,1042.876667,3005.161133,2470.081467
121.76,-111.053133,1077.876667,3009.161133,2537.081467
121.77,-114.053133,1109.876667,3006.161133,2618.081467
121.78,-120.053133,1153.876667,3004.161133,2699.081467
121.79,-118.053133,1178.876667,2992.161133,2783.081467
121.80,-111.053133,1215.876667,2974.161133,2875.081467
121.81,-101.053133,1242.876667,2949.161133,2985.081467
121.82,-99.053133,1280.876667,2911.161133,3111.081467
121.83,-91.053133,1313.876667,2894.161133,3253.081467
121.84,-83.053133,1342.876667,2870.161133,3408.081467
121.85,-78.053133,1374.876667,2849.161133,3576.081467
121.86,-74.053133,1406.876667,2824.161133,3740.081467
121.87,-63.053133,1426.876667,2801.161133,3907.081467
121.88,-56.053133,1449.876667,2789.161133,4074.081467
121.89,-50.053133,1466.876667,2770.161133,4256.081467
121.90,-41.053133,1481.876667,2761.161133,4445.081467
121.91,-40.053133,1504.876667,2749.161133,4632.081467
121.92,-34.053133,1520.876667,2727.161133,4817.081467
121.93,-25.053133,1530.876667,2715.161133,5003.081467
121.94,-22.053133,1535.876667,2698.161133,5195.081467
121.95,-10.053133,1538.876667,2678.161133,5385.081467
121.96,4.946867,1535.876667,2660.161133,5565.081467
121.97,17.946867,1540.876667,2646.161133,5742.081467
121.98,23.946867,1540.876667,2627.161133,5907.081467
121.99,36.946867,1544.876667,2610.161133,6046.081467
122.00,45.946867,1552.876667,2604.161133,6165.081467
122.01,56.946867,1551.876667,2602.161133,6259.081467
122.02,68.946867,1558.876667,2610.161133,6343.081467
122.03,75.946867,1553.876667,2607.161133,6415.081467
122.04,87.946867,1557.876667,2615.161133,6477.081467
122.05,100.946867,1556.876667,2628.161133,6521.081467
122.06,117.946867,1558.876667,2643.161133,6545.081467
122.07,128.946867,1557.876667,2655.161133,6556.081467
122.08,142.946867,1563.876667,2679.161133,6550.081467
122.09,146.946867,1569.876667,2696.161133,6528.081467
122.10,154.946867,1564.876667,2710.161133,6494.081467
122.11,164.946867,1560.876667,2740.161133,6438.081467
122.12,180.946867,1553.876667,2764.161133,6364.081467
122.13,189.946867,1544.876667,2787.161133,6279.081467
122.14,195.946867,1532.876667,2816.161133,6176.081467
122.15,199.946867,1519.876667,2849.161133,6058.081467
122.16,207.946867,1513.876667,2881.161133,5913.081467
122.17,206.946867,1494.876667,2918.161133,5761.081467
122.18,204.946867,1490.876667,2945.161133,5605.081467
122.19,205.946867,1489.876667,2991.161133,5439.081467
122.20,202.946867,1487.876667,3027.161133,5273.081467
122.21,204.946867,1483.876667,3058.161133,5105.081467
122.22,194.946867,1480.876667,3097.161133,4944.081467
122.23,188.946867,1484.876667,3143.161133,4774.081467
122.24,184.946867,1488.876667,3169.161133,4588.081467
122.25,173.946867,1488.876667,3199.161133,4383.081467
122.26,157.946867,1490.876667,3233.161133,4162.081467
122.27,148.946867,1499.876667,3264.161133,3938.081467
122.28,133.946867,1500.876667,3292.161133,3713.081467
122.29,118.946867,1506.876667,3325.161133,3484.081467
122.30,107.946867,1513.876667,3358.161133,3248.081467
122.31,93.946867,1505.876667,3387.161133,3006.081467
122.32,75.946867,1510.876667,3405.161133,2774.081467
122.33,62.946867,1505.876667,3423.161133,2559.081467
122.34,43.946867,1516.876667,3441.161133,2361.081467
122.35,20.946867,1516.876667,3459.161133,2187.081467
122.36,11.946867,1517.876667,3460.161133,2018.081467
122.37,-5.053133,1526.876667,3467.161133,1860.081467
122.38,-30.053133,1529.876667,3473.161133,1706.081467
122.39,-47.053133,1526.876667,3476.161133,1565.081467
122.40,-67.053133,1517.876667,3469.161133,1428.081467
122.41,-87.053133,1502.876667,3460.161133,1316.081467
122.42,-103.053133,1490.876667,3447.161133,1218.081467
122.43,-113.053133,1468.876667,3428.161133,1128.081467
122.44,-131.053133,1447.876667,3411.161133,1044.081467
122.45,-142.053133,1425.876667,3374.161133,969.081467
122.46,-162.053133,1394.876667,3349.161133,905.081467
122.47,-171.053133,1361.876667,3314.161133,862.081467
122.48,-183.053133,1343.876667,3277.161133,838.081467
122.49,-201.053133,1318.876667,3236.161133,841.081467
122.50,-209.053133,1288.876667,3188.161133,863.081467
122.51,-220.053133,1254.876667,3136.161133,907.081467
122.52,-225.053133,1215.876667,3083.161133,977.081467
122.53,-225.053133,1196.876667,3044.161133,1080.081467
122.54,-232.053133,1162.876667,2998.161133,1207.081467
122.55,-230.053133,1135.876667,2960.161133,1352.081467
122.56,-243.053133,1110.876667,2918.161133,1519.081467
122.57,-237.053133,1086.876667,2858.161133,1700.081467
122.58,-237.053133,1057.876667,2812.161133,1893.081467
122.59,-229.053133,1034.876667,2770.161133,2090.081467
122.60,-223.053133,1016.876667,2724.161133,2283.081467
122.61,-212.053133,988.876667,2685.161133,2475.081467
122.62,-209.053133,976.876667,2635.161133,2667.081467
122.63,-193.053133,959.876667,2607.161133,2861.081467
122.64,-191.053133,951.876667,2579.161133,3057.081467
122.65,-178.053133,938.876667,2559.161133,3255.081467
122.66,-166.053133,927.876667,2538.161133,3454.081467
122.67,-150.053133,909.876667,2526.161133,3642.081467
122.68,-134.053133,890.876667,2503.161133,3822.081467
122.69,-124.053133,872.876667,2500.161133,3993.081467
122.70,-108.053133,852.876667,2486.161133,4151.081467
122.71,-87.053133,834.876667,2469.161133,4295.081467
122.72,-74.053133,822.876667,2463.161133,4425.081467
122.73,-52.053133,819.876667,2449.161133,4554.081467
122.74,-35.053133,811.876667,2428.161133,4670.081467
122.75,-22.053133,802.876667,2422.161133,4781.081467
122.76,-0.053133,796.876667,2413.161133,4889.081467
122.77,20.946867,793.876667,2412.161133,4992.081467
122.78,39.946867,783.876667,2404.161133,5086.081467
122.79,60.946867,780.876667,2404.161133,5177.081467
122.80,76.946867,779.876667,2412.161133,5264.081467
122.81,93.946867,790.876667,2410.161133,5338.081467
122.82,105.946867,806.876667,2409.161133,5403.081467
122.83,118.946867,823.876667,2399.161133,5464.081467
122.84,139.946867,849.876667,2396.161133,5512.081467
122.85,152.946867,864.876667,2389.161133,5550.081467
122.86,164.946867,889.876667,2402.161133,5574.081467
122.87,174.946867,913.876667,2406.161133,5585.081467
122.88,186.946867,943.876667,2412.161133,5580.081467
122.89,191.946867,974.876667,2419.161133,5554.081467
122.90,200.946867,1004.876667,2433.161133,5520.081467
122.91,204.946867,1050.876667,2436.161133,5472.081467
122.92,213.946867,1088.876667,2444.161133,5395.081467
122.93,219.946867,1129.876667,2453.161133,5291.081467
122.94,225.946867,1164.876667,2474.161133,5170.081467
122.95,233.946867,1194.876667,2493.161133,5049.081467
122.96,233.946867,1237.876667,2522.161133,4909.081467
122.97,241.946867,1269.876667,2545.161133,4747.081467
122.98,233.946867,1294.876667,2564.161133,4581.081467
122.99,234.946867,1321.876667,2585.161133,4413.081467
123.00,237.946867,1343.876667,2608.161133,4242.081467
123.01,235.946867,1367.876667,2634.161133,4062.081467
123.02,240.946867,1399.876667,2651.161133,3865.081467
123.03,234.946867,1417.876667,2657.161133,3652.081467
123.04,229.946867,1430.876667,2668.161133,3435.081467
123.05,229.946867,1447.876667,2686.161133,3217.081467
123.06,227.946867,1460.876667,2699.161133,2991.081467
123.07,222.946867,1460.876667,2730.161133,2762.081467
123.08,222.946867,1459.876667,2756.161133,2529.081467
123.09,219.946867,1457.876667,2779.161133,2292.081467
123.10,212.946867,1452.876667,2807.161133,2058.081467
123.11,208.946867,1448.876667,2823.161133,1823.081467
123.12,195.946867,1435.876667,2839.161133,1591.081467
123.13,193.946867,1434.876667,2855.161133,1368.081467
123.14,179.946867,1419.876667,2862.161133,1142.081467
123.15,179.946867,1404.876667,2880.161133,930.081467
123.16,170.946867,1390.876667,2891.161133,716.081467
123.17,163.946867,1378.876667,2903.161133,494.081467
123.18,152.946867,1357.876667,2920.161133,264.081467
123.19,148.946867,1346.876667,2932.161133,36.081467
123.20,138.946867,1322.876667,2940.161133,-190.918533
123.21,130.946867,1305.876667,2962.161133,-405.918533
123.22,123.946867,1276.876667,2963.161133,-619.918533
123.23,113.946867,1250.876667,2982.161133,-826.918533
123.24,106.946867,1209.876667,3001.161133,-1028.918533
123.25,101.946867,1179.876667,3009.161133,-1234.918533
123.26,89.946867,1135.876667,3018.161133,-1432.918533
123.27,79.946867,1107.876667,3032.161133,-1627.918533
123.28,77.946867,1075.876667,3052.161133,-1813.918533
123.29,71.946867,1056.876667,3077.161133,-1986.918533
123.30,62.946867,1038.876667,3106.161133,-2148.918533
123.31,60.946867,1012.876667,3145.161133,-2288.918533
123.32,54.946867,993.876667,3168.161133,-2417.918533
123.33,49.946867,975.876667,3206.161133,-2536.918533
123.34,42.946867,952.876667,3225.161133,-2641.918533
123.35,32.946867,937.876667,3239.161133,-2733.918533
123.36,31.946867,917.876667,3254.161133,-2830.918533
123.37,24.946867,905.876667,3262.161133,-2923.918533
123.38,23.946867,892.876667,3273.161133,-3011.918533
123.39,17.946867,876.876667,3271.161133,-3086.918533
123.40,15.946867,862.876667,3274.161133,-3155.918533
123.41,9.946867,845.876667,3271.161133,-3218.918533
123.42,13.946867,831.876667,3272.161133,-3274.918533
123.43,7.946867,824.876667,3273.161133,-3318.918533
123.44,13.946867,814.876667,3256.161133,-3362.918533
123.45,17.946867,806.876667,3241.161133,-3392.918533
123.46,15.946867,807.876667,3237.161133,-3408.918533
123.47,15.946867,808.876667,3222.161133,-3407.918533
123.48,18.946867,802.876667,3225.161133,-3402.918533
123.49,27.946867,804.876667,3210.161133,-3390.918533
123.50,30.946867,790.876667,3199.161133,-3380.918533
123.51,31.946867,776.876667,3184.161133,-3361.918533
123.52,45.946867,771.876667,3171.161133,-3333.918533
123.53,53.946867,757.876667,3146.161133,-3295.918533
123.54,57.946867,753.876667,3127.161133,-3243.918533
123.55,69.946867,753.876667,3091.161133,-3177.918533
123.56,80.946867,757.876667,3059.161133,-3096.918533
123.57,87.946867,761.876667,3031.161133,-3010.918533
123.58,101.946867,755.876667,2996.161133,-2929.918533
123.59,110.946867,764.876667,2965.161133,-2848.918533
123.60,114.946867,769.876667,2937.161133,-2767.918533
123.61,120.946867,786.876667,2915.161133,-2688.918533
123.62,129.946867,804.876667,2889.161133,-2613.918533
123.63,135.946867,829.876667,2871.161133,-2533.918533
123.64,138.946867,847.876667,2858.161133,-2451.918533
123.65,132.946867,858.876667,2823.161133,-2372.918533
123.66,135.946867,865.876667,2806.161133,-2289.918533
123.67,140.946867,874.876667,2773.161133,-2201.918533
123.68,145.946867,870.876667,2751.161133,-2104.918533
123.69,136.946867,879.876667,2722.161133,-2003.918533
123.70,131.946867,880.876667,2691.161133,-1896.918533
123.71,127.946867,892.876667,2673.161133,-1780.918533
123.72,118.946867,894.876667,2643.161133,-1658.918533
123.73,116.946867,905.876667,2615.161133,-1518.918533
123.74,101.946867,916.876667,2593.161133,-1377.918533
123.75,91.946867,923.876667,2584.161133,-1232.918533
123.76,81.946867,929.876667,2555.161133,-1080.918533
123.77,69.946867,941.876667,2543.161133,-924.918533
123.78,53.946867,959.876667,2520.161133,-764.918533
123.79,38.946867,977.876667,2494.161133,-601.918533
123.80,20.946867,996.876667,2475.161133,-431.918533
123.81,13.946867,1015.876667,2457.161133,-254.918533
123.82,-1.053133,1039.876667,2438.161133,-71.918533
123.83,-16.053133,1058.876667,2419.161133,107.081467
123.84,-33.053133,1071.876667,2402.161133,277.081467
123.85,-43.053133,1081.876667,2370.161133,432.081467
123.86,-58.053133,1094.876667,2343.161133,578.081467
123.87,-72.053133,1111.876667,2316.161133,716.081467
123.88,-76.053133,1129.876667,2291.161133,851.081467
123.89,-89.053133,1151.876667,2269.161133,987.081467
123.90,-99.053133,1178.876667,2253.161133,1118.081467
123.91,-112.053133,1204.876667,2252.161133,1243.081467
123.92,-123.053133,1232.876667,2246.161133,1361.081467
123.93,-131.053133,1245.876667,2241.161133,1476.081467
123.94,-135.053133,1277.876667,2239.161133,1596.081467
123.95,-141.053133,1300.876667,2239.161133,1714.081467
123.96,-150.053133,1323.876667,2251.161133,1829.081467
123.97,-152.053133,1346.876667,2261.161133,1954.081467
123.98,-156.053133,1373.876667,2280.161133,2079.081467
123.99,-162.053133,1397.876667,2280.161133,2197.081467
124.00,-163.053133,1418.876667,2278.161133,2315.081467
124.01,-164.053133,1440.876667,2280.161133,2444.081467
124.02,-162.053133,1468.876667,2261.161133,2573.081467
124.03,-159.053133,1495.876667,2263.161133,2691.081467
124.04,-164.053133,1528.876667,2274.161133,2807.081467
124.05,-157.053133,1555.876667,2280.161133,2913.081467
124.06,-155.053133,1585.876667,2297.161133,3020.081467
124.07,-152.053133,1608.876667,2313.161133,3128.081467
124.08,-151.053133,1638.876667,2339.161133,3239.081467
124.09,-141.053133,1659.876667,2370.161133,3349.081467
124.10,-131.053133,1687.876667,2403.161133,3461.081467
124.11,-126.053133,1709.876667,2430.161133,3570.081467
124.12,-122.053133,1738.876667,2478.161133,3674.081467
124.13,-108.053133,1754.876667,2504.161133,3771.081467
124.14,-97.053133,1774.876667,2544.161133,3862.081467
124.15,-89.053133,1796.876667,2586.161133,3952.081467
124.16,-79.053133,1808.876667,2615.161133,4033.081467
124.17,-66.053133,1835.876667,2648.161133,4102.081467
124.18,-52.053133,1858.876667,2689.161133,4163.081467
124.19,-39.053133,1884.876667,2732.161133,4217.081467
124.20,-34.053133,1916.876667,2760.161133,4264.081467
124.21,-17.053133,1940.876667,2790.161133,4305.081467
124.22,-4.053133,1952.876667,2813.161133,4340.081467
124.23,-3.053133,1963.876667,2832.161133,4382.081467
124.24,21.946867,1976.876667,2833.161133,4417.081467
124.25,29.946867,1992.876667,2856.161133,4446.081467
124.26,43.946867,2000.876667,2868.161133,4472.081467
124.27,51.946867,2016.876667,2878.161133,4487.081467
124.28,61.946867,2023.876667,2897.161133,4479.081467
124.29,77.946867,2041.876667,2915.161133,4465.081467
124.30,84.946867,2049.876667,2918.161133,4435.081467
124.31,99.946867,2056.876667,2910.161133,4391.081467
124.32,111.946867,2051.876667,2903.161133,4349.081467
124.33,120.946867,2054.876667,2903.161133,4299.081467
124.34,134.946867,2046.876667,2906.161133,4241.081467
124.35,143.946867,2042.876667,2901.161133,4163.081467
124.36,154.946867,2033.876667,2912.161133,4073.081467
124.37,163.946867,2022.876667,2919.161133,3978.081467
124.38,170.946867,2008.876667,2927.161133,3873.081467
124.39,180.946867,1993.876667,2925.161133,3761.081467
124.40,189.946867,1967.876667,2935.161133,3646.081467
124.41,196.946867,1959.876667,2938.161133,3512.081467
124.42,202.946867,1933.876667,2940.161133,3356.081467
124.43,209.946867,1914.876667,2928.161133,3191.081467
124.44,213.946867,1893.876667,2933.161133,3033.081467
124.45,218.946867,1877.876667,2947.161133,2874.081467
124.46,218.946867,1858.876667,2935.161133,2705.081467
124.47,225.946867,1845.876667,2938.161133,2536.081467
124.48,222.946867,1835.876667,2925.161133,2362.081467
124.49,224.946867,1828.876667,2913.161133,2199.081467
124.50,222.946867,1823.876667,2908.161133,2056.081467
124.51,223.946867,1821.876667,2913.161133,1920.081467
124.52,221.946867,1811.876667,2920.161133,1784.081467
124.53,218.946867,1806.876667,2921.161133,1642.081467
124.54,209.946867,1793.876667,2919.161133,1494.081467
124.55,205.946867,1781.876667,2933.161133,1345.081467
124.56,192.946867,1776.876667,2935.161133,1203.081467
124.57,183.946867,1769.876667,2938.161133,1071.081467
124.58,167.946867,1766.876667,2945.161133,954.081467
124.59,163.946867,1757.876667,2942.161133,844.081467
124.60,155.946867,1749.876667,2940.161133,738.081467
124.61,143.946867,1750.876667,2932.161133,637.081467
124.62,127.946867,1748.876667,2913.161133,544.081467
124.63,114.946867,1744.876667,2889.161133,469.081467
124.64,103.946867,1751.876667,2864.161133,412.081467
124.65,90.946867,1753.876667,2854.161133,373.081467
124.66,77.946867,1749.876667,2832.161133,350.081467
124.67,59.946867,1744.876667,2828.161133,343.081467
124.68,48.946867,1730.876667,2827.161133,348.081467
124.69,33.946867,1715.876667,2837.161133,355.081467
124.70,17.946867,1694.876667,2843.161133,369.081467
124.71,3.946867,1667.876667,2864.161133,383.081467
124.72,-11.053133,1654.876667,2860.161133,398.081467
124.73,-23.053133,1632.876667,2868.161133,414.081467
124.74,-38.053133,1596.876667,2870.161133,446.081467
124.75,-43.053133,1572.876667,2869.161133,494.081467
124.76,-60.053133,1536.876667,2863.161133,557.081467
124.77,-62.053133,1506.876667,2867.161133,635.081467
124.78,-72.053133,1467.876667,2865.161133,726.081467
124.79,-81.053133,1436.876667,2878.161133,827.081467
124.80,-85.053133,1402.876667,2874.161133,930.081467
124.81,-90.053133,1370.876667,2876.161133,1026.081467
124.82,-98.053133,1326.876667,2888.161133,1114.081467
124.83,-95.053133,1291.876667,2894.161133,1193.081467
124.84,-97.053133,1241.876667,2891.161133,1265.081467
124.85,-101.053133,1195.876667,2913.161133,1337.081467
124.86,-102.053133,1147.876667,2914.161133,1393.081467
124.87,-98.053133,1092.876667,2930.161133,1448.081467
124.88,-93.053133,1043.876667,2949.161133,1500.081467
124.89,-87.053133,996.876667,2953.161133,1536.081467
124.90,-84.053133,942.876667,2955.161133,1565.081467
124.91,-80.053133,888.876667,2962.161133,1601.081467
124.92,-75.053133,841.876667,2975.161133,1652.081467
124.93,-64.053133,798.876667,2996.161133,1699.081467
124.94,-62.053133,759.876667,3015.161133,1735.081467
124.95,-60.053133,716.876667,3043.161133,1765.081467
124.96,-56.053133,685.876667,3069.161133,1792.081467
124.97,-48.053133,645.876667,3094.161133,1819.081467
124.98,-46.053133,616.876667,3115.161133,1844.081467
124.99,-35.053133,576.876667,3144.161133,1869.081467
125.00,-27.053133,545.876667,3162.161133,1900.081467
125.01,-28.053133,518.876667,3182.161133,1926.081467
125.02,-16.053133,499.876667,3193.161133,1946.081467
125.03,-8.053133,482.876667,3220.161133,1958.081467
125.04,-1.053133,469.876667,3224.161133,1961.081467
125.05,8.946867,460.876667,3228.161133,1951.081467
125.06,16.946867,447.876667,3254.161133,1942.081467
125.07,21.946867,438.876667,3259.161133,1917.081467
125.08,29.946867,432.876667,3270.161133,1881.081467
125.09,40.946867,422.876667,3274.161133,1839.081467
125.10,43.946867,411.876667,3274.161133,1803.081467
125.11,49.946867,406.876667,3272.161133,1779.081467
125.12,57.946867,410.876667,3276.161133,1758.081467
125.13,68.946867,414.876667,3272.161133,1741.081467
125.14,78.946867,412.876667,3267.161133,1728.081467
125.15,83.946867,423.876667,3270.161133,1707.081467
125.16,90.946867,426.876667,3265.161133,1683.081467
125.17,96.946867,432.876667,3261.161133,1651.081467
125.18,102.946867,445.876667,3267.161133,1622.081467
125.19,106.946867,460.876667,3265.161133,1576.081467
125.20,113.946867,470.876667,3258.161133,1527.081467
125.21,117.946867,477.876667,3256.161133,1480.081467
125.22,123.946867,490.876667,3250.161133,1428.081467
125.23,124.946867,500.876667,3245.161133,1373.081467
125.24,128.946867,518.876667,3251.161133,1310.081467
125.25,132.946867,526.876667,3253.161133,1233.081467
125.26,125.946867,548.876667,3250.161133,1167.081467
125.27,121.946867,570.876667,3229.161133,1095.081467
125.28,120.946867,593.876667,3214.161133,1022.081467
125.29,120.946867,622.876667,3180.161133,956.081467
125.30,120.946867,651.876667,3157.161133,901.081467
125.31,126.946867,689.876667,3132.161133,850.081467
125.32,119.946867,724.876667,3118.161133,802.081467
125.33,114.946867,766.876667,3102.161133,763.081467
125.34,109.946867,798.876667,3096.161133,729.081467
125.35,102.946867,824.876667,3087.161133,705.081467
125.36,95.946867,853.876667,3093.161133,686.081467
125.37,93.946867,878.876667,3084.161133,664.081467
125.38,78.946867,900.876667,3073.161133,658.081467
125.39,70.946867,926.876667,3074.161133,664.081467
125.40,60.946867,956.876667,3077.161133,688.081467
125.41,43.946867,995.876667,3066.161133,711.081467
125.42,31.946867,1032.876667,3064.161133,745.081467
125.43,22.946867,1068.876667,3064.161133,780.081467
125.44,9.946867,1107.876667,3060.161133,825.081467
125.45,-1.053133,1148.876667,3052.161133,877.081467
125.46,-13.053133,1188.876667,3054.161133,936.081467
125.47,-25.053133,1220.876667,3054.161133,990.081467
125.48,-35.053133,1265.876667,3051.161133,1037.081467
125.49,-48.053133,1306.876667,3048.161133,1075.081467
125.50,-64.053133,1343.876667,3055.161133,1114.081467
125.51,-78.053133,1384.876667,3064.161133,1147.081467
125.52,-89.053133,1416.876667,3064.161133,1174.081467
125.53,-99.053133,1446.876667,3079.161133,1211.081467
125.54,-109.053133,1470.876667,3083.161133,1248.081467
125.55,-124.053133,1491.876667,3081.161133,1287.081467
125.56,-128.053133,1507.876667,3092.161133,1331.081467
125.57,-137.053133,1533.876667,3097.161133,1377.081467
125.58,-147.053133,1553.876667,3098.161133,1418.081467
125.59,-151.053133,1571.876667,3082.161133,1452.081467
125.60,-157.053133,1594.876667,3074.161133,1484.081467
125.61,-156.053133,1604.876667,3055.161133,1516.081467
125.62,-160.053133,1630.876667,3052.161133,1540.081467
125.63,-162.053133,1632.876667,3033.161133,1563.081467
125.64,-163.053133,1650.876667,3038.161133,1591.081467
125.65,-164.053133,1659.876667,3043.161133,1616.081467
125.66,-157.053133,1676.876667,3041.161133,1635.081467
125.67,-159.053133,1684.876667,3023.161133,1649.081467
125.68,-157.053133,1698.876667,3027.161133,1672.081467
125.69,-153.053133,1698.876667,3017.161133,1695.081467
125.70,-147.053133,1702.876667,3009.161133,1717.081467
125.71,-138.053133,1694.876667,2997.161133,1745.081467
125.72,-129.053133,1694.876667,2998.161133,1777.081467
125.73,-120.053133,1678.876667,3000.161133,1808.081467
125.74,-112.053133,1667.876667,2998.161133,1832.081467
125.75,-105.053133,1642.876667,2996.161133,1850.081467
125.76,-88.053133,1619.876667,2992.161133,1862.081467
125.77,-78.053133,1597.876667,2980.161133,1879.081467
125.78,-68.053133,1584.876667,2984.161133,1906.081467
125.79,-56.053133,1571.876667,2989.161133,1944.081467
125.80,-41.053133,1562.876667,2987.161133,1986.081467
125.81,-25.053133,1554.876667,2993.161133,2029.081467
125.82,-11.053133,1549.876667,2991.161133,2078.081467
125.83,9.946867,1549.876667,3006.161133,2115.081467
125.84,13.946867,1534.876667,3015.161133,2145.081467
125.85,28.946867,1528.876667,3029.161133,2171.081467
125.86,39.946867,1514.876667,3039.161133,2199.081467
125.87,49.946867,1496.876667,3047.161133,2227.081467
125.88,64.946867,1475.876667,3061.161133,2247.081467
125.89,70.946867,1443.876667,3071.161133,2268.081467
125.90,88.946867,1415.876667,3079.161133,2294.081467
125.91,90.946867,1384.876667,3089.161133,2326.081467
125.92,103.946867,1349.876667,3095.161133,2357.081467
125.93,103.946867,1316.876667,3106.161133,2399.081467
125.94,107.946867,1278.876667,3117.161133,2454.081467
125.95,110.946867,1249.876667,3142.161133,2518.081467
125.96,111.946867,1231.876667,3161.161133,2591.081467
125.97,108.946867,1213.876667,3177.161133,2661.081467
125.98,103.946867,1200.876667,3195.161133,2721.081467
125.99,108.946867,1189.876667,3203.161133,2771.081467
126.00,104.946867,1188.876667,3199.161133,2812.081467
126.01,94.946867,1175.876667,3212.161133,2846.081467
126.02,89.946867,1162.876667,3224.161133,2882.081467
126.03,88.946867,1153.876667,3234.161133,2921.081467
126.04,87.946867,1134.876667,3229.161133,2958.081467
126.05,84.946867,1126.876667,3243.161133,3000.081467
126.06,70.946867,1112.876667,3234.161133,3043.081467
126.07,68.946867,1109.876667,3234.161133,3084.081467
126.08,61.946867,1111.876667,3226.161133,3128.081467
126.09,49.946867,1100.876667,3217.161133,3168.081467
126.10,41.946867,1103.876667,3216.161133,3205.081467
126.11,33.946867,1114.876667,3218.161133,3231.081467
126.12,24.946867,1122.876667,3219.161133,3262.081467
126.13,12.946867,1138.876667,3221.161133,3298.081467
126.14,10.946867,1157.876667,3233.161133,3332.081467
126.15,-0.053133,1177.876667,3244.161133,3376.081467
126.16,-10.053133,1184.876667,3253.161133,3423.081467
126.17,-16.053133,1185.876667,3257.161133,3468.081467
126.18,-22.053133,1192.876667,3257.161133,3513.081467
126.19,-29.053133,1190.876667,3256.161133,3566.081467
126.20,-39.053133,1190.876667,3253.161133,3613.081467
126.21,-44.053133,1184.876667,3241.161133,3660.081467
126.22,-47.053133,1170.876667,3237.161133,3713.081467
126.23,-52.053133,1153.876667,3229.161133,3781.081467
126.24,-56.053133,1146.876667,3213.161133,3854.081467
126.25,-57.053133,1131.876667,3201.161133,3933.081467
126.26,-61.053133,1123.876667,3183.161133,4015.081467
126.27,-67.053133,1112.876667,3169.161133,4098.081467
126.28,-69.053133,1099.876667,3147.161133,4191.081467
126.29,-68.053133,1083.876667,3145.161133,4289.081467
126.30,-67.053133,1074.876667,3123.161133,4385.081467
126.31,-64.053133,1059.876667,3120.161133,4473.081467
126.32,-66.053133,1047.876667,3112.161133,4546.081467
126.33,-64.053133,1030.876667,3092.161133,4603.081467
126.34,-64.053133,1015.876667,3086.161133,4656.081467
126.35,-53.053133,998.876667,3079.161133,4707.081467
126.36,-48.053133,984.876667,3059.161133,4754.081467
126.37,-37.053133,966.876667,3059.161133,4803.081467
126.38,-36.053133,952.876667,3064.161133,4852.081467
126.39,-25.053133,941.876667,3051.161133,4888.081467
126.40,-19.053133,928.876667,3053.161133,4909.081467
126.41,-11.053133,903.876667,3044.161133,4912.081467
126.42,1.946867,889.876667,3033.161133,4905.081467
126.43,11.946867,872.876667,3017.161133,4881.081467
126.44,20.946867,856.876667,2998.161133,4841.081467
126.45,31.946867,849.876667,2977.161133,4803.081467
126.46,43.946867,850.876667,2955.161133,4753.081467
126.47,55.946867,848.876667,2921.161133,4693.081467
126.48,69.946867,845.876667,2909.161133,4634.081467
126.49,80.946867,851.876667,2891.161133,4568.081467
126.50,82.946867,856.876667,2878.161133,4479.081467
126.51,89.946867,852.876667,2862.161133,4377.081467
126.52,100.946867,855.876667,2843.161133,4254.081467
126.53,110.946867,859.876667,2842.161133,4122.081467
126.54,115.946867,865.876667,2833.161133,3976.081467
126.55,118.946867,875.876667,2813.161133,3820.081467
126.56,123.946867,886.876667,2797.161133,3665.081467
126.57,123.946867,905.876667,2784.161133,3507.081467
126.58,119.946867,919.876667,2752.161133,3340.081467
126.59,122.946867,926.876667,2722.161133,3183.081467
126.60,128.946867,940.876667,2715.161133,3035.081467
126.61,126.946867,947.876667,2697.161133,2883.081467
126.62,128.946867,948.876667,2694.161133,2735.081467
126.63,128.946867,952.876667,2699.161133,2579.081467
126.64,129.946867,956.876667,2690.161133,2410.081467
126.65,122.946867,959.876667,2689.161133,2232.081467
126.66,121.946867,963.876667,2680.161133,2053.081467
126.67,122.946867,971.876667,2668.161133,1869.081467
126.68,115.946867,980.876667,2679.161133,1691.081467
126.69,121.946867,984.876667,2685.161133,1517.081467
126.70,111.946867,985.876667,2693.161133,1341.081467
126.71,106.946867,993.876667,2692.161133,1174.081467
126.72,96.946867,1016.876667,2703.161133,1003.081467
126.73,88.946867,1026.876667,2712.161133,836.081467
126.74,80.946867,1040.876667,2718.161133,677.081467
126.75,71.946867,1058.876667,2734.161133,530.081467
126.76,67.946867,1077.876667,2748.161133,380.081467
126.77,60.946867,1088.876667,2766.161133,238.081467
126.78,51.946867,1106.876667,2785.161133,97.081467
126.79,44.946867,1119.876667,2794.161133,-42.918533
126.80,29.946867,1142.876667,2805.161133,-180.918533
126.81,21.946867,1168.876667,2810.161133,-319.918533
126.82,10.946867,1197.876667,2820.161133,-448.918533
126.83,7.946867,1223.876667,2824.161133,-573.918533
126.84,-5.053133,1258.876667,2822.161133,-693.918533
126.85,-13.053133,1297.876667,2819.161133,-803.918533
126.86,-19.053133,1331.876667,2826.161133,-908.918533
126.87,-24.053133,1363.876667,2836.161133,-1017.918533
126.88,-34.053133,1399.876667,2844.161133,-1117.918533
126.89,-49.053133,1435.876667,2852.161133,-1210.918533
126.90,-54.053133,1464.876667,2868.161133,-1299.918533
126.91,-58.053133,1506.876667,2877.161133,-1383.918533
126.92,-68.053133,1534.876667,2874.161133,-1466.918533
126.93,-71.053133,1563.876667,2876.161133,-1532.918533
126.94,-70.053133,1598.876667,2883.161133,-1596.918533
126.95,-75.053133,1628.876667,2890.161133,-1646.918533
126.96,-74.053133,1661.876667,2906.161133,-1680.918533
126.97,-72.053133,1693.876667,2912.161133,-1689.918533
126.98,-75.053133,1723.876667,2922.161133,-1680.918533
126.99,-71.053133,1750.876667,2943.161133,-1654.918533
127.00,-67.053133,1784.876667,2948.161133,-1609.918533
127.01,-60.053133,1809.876667,2968.161133,-1549.918533
127.02,-52.053133,1821.876667,2985.161133,-1476.918533
127.03,-52.053133,1834.876667,2999.161133,-1386.918533
127.04,-41.053133,1843.876667,3013.161133,-1282.918533
127.05,-32.053133,1845.876667,3019.161133,-1167.918533
127.06,-28.053133,1841.876667,3025.161133,-1034.918533
127.07,-17.053133,1826.876667,3026.161133,-882.918533
127.08,-7.053133,1814.876667,3045.161133,-710.918533
127.09,-4.053133,1800.876667,3062.161133,-521.918533
127.10,6.946867,1777.876667,3071.161133,-316.918533
127.11,11.946867,1754.876667,3088.161133,-101.918533
127.12,17.946867,1737.876667,3112.161133,120.081467
127.13,23.946867,1713.876667,3122.161133,340.081467
127.14,26.946867,1689.876667,3121.161133,560.081467
127.15,37.946867,1663.876667,3131.161133,783.081467
127.16,41.946867,1631.876667,3138.161133,1006.081467
127.17,55.946867,1604.876667,3144.161133,1243.081467
127.18,47.946867,1578.876667,3157.161133,1480.081467
127.19,58.946867,1547.876667,3164.161133,1713.081467
127.20,52.946867,1519.876667,3184.161133,1943.081467
127.21,52.946867,1485.876667,3186.161133,2169.081467
127.22,55.946867,1443.876667,3193.161133,2396.081467
127.23,60.946867,1404.876667,3205.161133,2617.081467
127.24,62.946867,1360.876667,3201.161133,2830.081467
127.25,62.946867,1320.876667,3203.161133,3040.081467
127.26,64.946867,1277.876667,3202.161133,3248.081467
127.27,61.946867,1248.876667,3203.161133,3437.081467
127.28,56.946867,1211.876667,3199.161133,3613.081467
127.29,49.946867,1180.876667,3189.161133,3777.081467
127.30,40.946867,1149.876667,3174.161133,3929.081467
127.31,34.946867,1124.876667,3162.161133,4069.081467
127.32,35.946867,1084.876667,3151.161133,4204.081467
127.33,25.946867,1058.876667,3140.161133,4330.081467
127.34,19.946867,1035.876667,3144.161133,4433.081467
127.35,9.946867,1003.876667,3148.161133,4527.081467
127.36,-0.053133,975.876667,3152.161133,4610.081467
127.37,-14.053133,950.876667,3149.161133,4676.081467
127.38,-24.053133,930.876667,3154.161133,4720.081467
127.39,-36.053133,906.876667,3136.161133,4742.081467
127.40,-47.053133,898.876667,3139.161133,4752.081467
127.41,-55.053133,899.876667,3132.161133,4735.081467
127.42,-68.053133,890.876667,3121.161133,4703.081467
127.43,-82.053133,893.876667,3110.161133,4661.081467
127.44,-91.053133,913.876667,3104.161133,4609.081467
127.45,-99.053133,925.876667,3084.161133,4546.081467
127.46,-112.053133,936.876667,3053.161133,4481.081467
127.47,-120.053133,959.876667,3026.161133,4405.081467
127.48,-115.053133,980.876667,2994.161133,4326.081467
127.49,-124.053133,1004.876667,2969.161133,4242.081467
127.50,-131.053133,1031.876667,2937.161133,4155.081467
127.51,-140.053133,1062.876667,2920.161133,4066.081467
127.52,-139.053133,1091.876667,2895.161133,3972.081467
127.53,-146.053133,1130.876667,2872.161133,3875.081467
127.54,-142.053133,1156.876667,2855.161133,3768.081467
127.55,-151.053133,1197.876667,2854.161133,3657.081467
127.56,-156.053133,1230.876667,2846.161133,3532.081467
127.57,-154.053133,1280.876667,2830.161133,3404.081467
127.58,-158.053133,1310.876667,2833.161133,3271.081467
127.59,-162.053133,1344.876667,2841.161133,3139.081467
127.60,-160.053133,1384.876667,2844.161133,3004.081467
127.61,-157.053133,1418.876667,2855.161133,2865.081467
127.62,-162.053133,1448.876667,2858.161133,2727.081467
127.63,-163.053133,1485.876667,2862.161133,2586.081467
127.64,-163.053133,1515.876667,2878.161133,2438.081467
127.65,-163.053133,1550.876667,2887.161133,2291.081467
127.66,-155.053133,1587.876667,2893.161133,2140.081467
127.67,-159.053133,1631.876667,2915.161133,1995.081467
127.68,-164.053133,1665.876667,2930.161133,1854.081467
127.69,-156.053133,1703.876667,2941.161133,1717.081467
127.70,-161.053133,1743.876667,2972.161133,1590.081467
127.71,-151.053133,1776.876667,2994.161133,1460.081467
127.72,-157.053133,1809.876667,3028.161133,1330.081467
127.73,-155.053133,1835.876667,3067.161133,1205.081467
127.74,-162.053133,1869.876667,3092.161133,1084.081467
127.75,-162.053133,1894.876667,3129.161133,957.081467
127.76,-160.053133,1922.876667,3157.161133,829.081467
127.77,-162.053133,1932.876667,3184.161133,703.081467
127.78,-165.053133,1957.876667,3205.161133,585.081467
127.79,-158.053133,1969.876667,3234.161133,477.081467
127.80,-167.053133,1977.876667,3268.161133,391.081467
127.81,-165.053133,1989.876667,3310.161133,325.081467
127.82,-168.053133,2008.876667,3354.161133,266.081467
127.83,-172.053133,2014.876667,3397.161133,212.081467
127.84,-172.053133,2031.876667,3436.161133,172.081467
127.85,-175.053133,2043.876667,3470.161133,138.081467
127.86,-178.053133,2053.876667,3519.161133,117.081467
127.87,-186.053133,2056.876667,3556.161133,99.081467
127.88,-186.053133,2058.876667,3591.161133,90.081467
127.89,-184.053133,2055.876667,3638.161133,83.081467
127.90,-189.053133,2047.876667,3686.161133,85.081467
127.91,-195.053133,2040.876667,3733.161133,100.081467
127.92,-200.053133,2029.876667,3777.161133,119.081467
127.93,-200.053133,2019.876667,3803.161133,146.081467
127.94,-213.053133,2001.876667,3831.161133,172.081467
127.95,-213.053133,1976.876667,3845.161133,203.081467
127.96,-211.053133,1954.876667,3859.161133,240.081467
127.97,-207.053133,1941.876667,3881.161133,272.081467
127.98,-203.053133,1910.876667,3891.161133,309.081467
127.99,-207.053133,1882.876667,3894.161133,356.081467
128.00,-210.053133,1859.876667,3905.161133,408.081467
128.01,-210.053133,1839.876667,3913.161133,463.081467
128.02,-208.053133,1814.876667,3908.161133,510.081467
128.03,-204.053133,1784.876667,3909.161133,558.081467
128.04,-200.053133,1752.876667,3897.161133,602.081467
128.05,-195.053133,1719.876667,3887.161133,646.081467
128.06,-187.053133,1673.876667,3870.161133,685.081467
128.07,-174.053133,1635.876667,3853.161133,731.081467
128.08,-175.053133,1602.876667,3834.161133,783.081467
128.09,-162.053133,1564.876667,3815.161133,846.081467
128.10,-158.053133,1524.876667,3796.161133,913.081467
128.11,-153.053133,1486.876667,3765.161133,987.081467
128.12,-134.053133,1444.876667,3742.161133,1061.081467
128.13,-123.053133,1407.876667,3706.161133,1148.081467
128.14,-112.053133,1361.876667,3678.161133,1240.081467
128.15,-99.053133,1334.876667,3659.161133,1333.081467
128.16,-87.053133,1298.876667,3630.161133,1428.081467
128.17,-68.053133,1277.876667,3605.161133,1523.081467
128.18,-58.053133,1253.876667,3577.161133,1621.081467
128.19,-46.053133,1228.876667,3556.161133,1723.081467
128.20,-36.053133,1200.876667,3535.161133,1830.081467
128.21,-14.053133,1179.876667,3511.161133,1936.081467
128.22,-3.053133,1153.876667,3482.161133,2040.081467
128.23,12.946867,1136.876667,3465.161133,2134.081467
128.24,26.946867,1114.876667,3432.161133,2225.081467
128.25,39.946867,1097.876667,3416.161133,2311.081467
128.26,52.946867,1094.876667,3402.161133,2394.081467
128.27,62.946867,1086.876667,3373.161133,2465.081467
128.28,83.946867,1075.876667,3348.161133,2533.081467
128.29,96.946867,1075.876667,3331.161133,2604.081467
128.30,111.946867,1071.876667,3323.161133,2677.081467
128.31,119.946867,1077.876667,3301.161133,2751.081467
128.32,134.946867,1080.876667,3270.161133,2818.081467
128.33,136.946867,1087.876667,3246.161133,2883.081467
128.34,140.946867,1104.876667,3223.161133,2936.081467
128.35,147.946867,1120.876667,3193.161133,2975.081467
128.36,159.946867,1127.876667,3173.161133,3003.081467
128.37,162.946867,1135.876667,3145.161133,3017.081467
128.38,167.946867,1140.876667,3132.161133,3029.081467
128.39,177.946867,1146.876667,3124.161133,3045.081467
128.40,173.946867,1155.876667,3113.161133,3060.081467
128.41,176.946867,1166.876667,3098.161133,3063.081467
128.42,171.946867,1179.876667,3074.161133,3066.081467
128.43,173.946867,1193.876667,3070.161133,3072.081467
128.44,173.946867,1210.876667,3051.161133,3076.081467
128.45,172.946867,1233.876667,3050.161133,3079.081467
128.46,166.946867,1243.876667,3047.161133,3082.081467
128.47,164.946867,1267.876667,3036.161133,3082.081467
128.48,157.946867,1279.876667,3019.161133,3086.081467
128.49,145.946867,1305.876667,3007.161133,3091.081467
128.50,143.946867,1321.876667,3002.161133,3100.081467
128.51,141.946867,1335.876667,2989.161133,3113.081467
128.52,134.946867,1354.876667,2979.161133,3134.081467
128.53,123.946867,1370.876667,2976.161133,3157.081467
128.54,116.946867,1374.876667,2972.161133,3181.081467
128.55,109.946867,1381.876667,2965.161133,3199.081467
128.56,107.946867,1384.876667,2945.161133,3215.081467
128.57,97.946867,1390.876667,2926.161133,3233.081467
128.58,86.946867,1402.876667,2900.161133,3242.081467
128.59,82.946867,1405.876667,2861.161133,3237.081467
128.60,77.946867,1407.876667,2838.161133,3240.081467
128.61,68.946867,1410.876667,2806.161133,3239.081467
128.62,61.946867,1417.876667,2782.161133,3237.081467
128.63,59.946867,1421.876667,2739.161133,3224.081467
128.64,54.946867,1418.876667,2706.161133,3212.081467
128.65,46.946867,1418.876667,2655.161133,3197.081467
128.66,43.946867,1426.876667,2615.161133,3182.081467
128.67,40.946867,1425.876667,2572.161133,3172.081467
128.68,35.946867,1427.876667,2526.161133,3170.081467
128.69,39.946867,1424.876667,2494.161133,3180.081467
128.70,37.946867,1425.876667,2451.161133,3194.081467
128.71,37.946867,1411.876667,2426.161133,3208.081467
128.72,40.946867,1407.876667,2406.161133,3223.081467
128.73,39.946867,1410.876667,2375.161133,3229.081467
128.74,45.946867,1403.876667,2342.161133,3227.081467
128.75,43.946867,1404.876667,2311.161133,3234.081467
128.76,45.946867,1399.876667,2270.161133,3241.081467
128.77,51.946867,1386.876667,2244.161133,3249.081467
128.78,48.946867,1378.876667,2221.161133,3259.081467
128.79,56.946867,1372.876667,2194.161133,3265.081467
128.80,63.946867,1372.876667,2167.161133,3268.081467
128.81,68.946867,1366.876667,2144.161133,3264.081467
128.82,73.946867,1363.876667,2132.161133,3265.081467
128.83,82.946867,1357.876667,2123.161133,3261.081467
128.84,82.946867,1345.876667,2112.161133,3260.081467
128.85,89.946867,1336.876667,2098.161133,3262.081467
128.86,98.946867,1323.876667,2097.161133,3250.081467
128.87,100.946867,1302.876667,2087.161133,3237.081467
128.88,106.946867,1285.876667,2079.161133,3230.081467
128.89,114.946867,1282.876667,2071.161133,3228.081467
128.90,111.946867,1277.876667,2068.161133,3232.081467
128.91,116.946867,1277.876667,2076.161133,3240.081467
128.92,126.946867,1271.876667,2078.161133,3247.081467
128.93,122.946867,1266.876667,2091.161133,3254.081467
128.94,127.946867,1246.876667,2100.161133,3259.081467
128.95,130.946867,1233.876667,2125.161133,3262.081467
128.96,131.946867,1217.876667,2127.161133,3271.081467
128.97,136.946867,1207.876667,2152.161133,3280.081467
128.98,134.946867,1198.876667,2165.161133,3289.081467
128.99,134.946867,1182.876667,2182.161133,3303.081467
129.00,139.946867,1175.876667,2205.161133,3329.081467
129.01,135.946867,1168.876667,2221.161133,3354.081467
129.02,140.946867,1160.876667,2247.161133,3384.081467
129.03,138.946867,1144.876667,2264.161133,3426.081467
129.04,137.946867,1140.876667,2294.161133,3468.081467
129.05,136.946867,1132.876667,2322.161133,3502.081467
129.06,128.946867,1129.876667,2354.161133,3532.081467
129.07,130.946867,1137.876667,2389.161133,3557.081467
129.08,129.946867,1134.876667,2423.161133,3562.081467
129.09,126.946867,1133.876667,2451.161133,3559.081467
129.10,125.946867,1137.876667,2490.161133,3558.081467
129.11,120.946867,1150.876667,2531.161133,3559.081467
129.12,124.946867,1149.876667,2566.161133,3562.081467
129.13,120.946867,1149.876667,2605.161133,3570.081467
129.14,114.946867,1162.876667,2641.161133,3579.081467
129.15,116.946867,1161.876667,2679.161133,3590.081467
129.16,116.946867,1177.876667,2709.161133,3603.081467
129.17,118.946867,1185.876667,2739.161133,3614.081467
129.18,117.946867,1194.876667,2785.161133,3630.081467
129.19,121.946867,1211.876667,2818.161133,3653.081467
129.20,122.946867,1221.876667,2843.161133,3674.081467
129.21,123.946867,1232.876667,2872.161133,3714.081467
129.22,121.946867,1245.876667,2900.161133,3762.081467
129.23,114.946867,1264.876667,2918.161133,3816.081467
129.24,119.946867,1276.876667,2940.161133,3879.081467
129.25,116.946867,1289.876667,2979.161133,3949.081467
129.26,119.946867,1312.876667,2997.161133,4020.081467
129.27,119.946867,1332.876667,3019.161133,4083.081467
129.28,111.946867,1344.876667,3048.161133,4147.081467
129.29,111.946867,1355.876667,3067.161133,4205.081467
129.30,111.946867,1361.876667,3081.161133,4261.081467
129.31,113.946867,1359.876667,3103.161133,4320.081467
129.32,114.946867,1356.876667,3128.161133,4381.081467
129.33,116.946867,1356.876667,3143.161133,4444.081467
129.34,117.946867,1361.876667,3167.161133,4503.081467
129.35,117.946867,1365.876667,3184.161133,4569.081467
129.36,113.946867,1363.876667,3202.161133,4636.081467
129.37,111.946867,1368.876667,3230.161133,4706.081467
129.38,109.946867,1369.876667,3256.161133,4782.081467
129.39,110.946867,1374.876667,3269.161133,4862.081467
129.40,103.946867,1374.876667,3292.161133,4954.081467
129.41,100.946867,1378.876667,3310.161133,5046.081467
129.42,96.946867,1381.876667,3328.161133,5151.081467
129.43,93.946867,1391.876667,3345.161133,5251.081467
129.44,92.946867,1396.876667,3365.161133,5344.081467
129.45,84.946867,1394.876667,3381.161133,5429.081467
129.46,84.946867,1384.876667,3402.161133,5513.081467
129.47,77.946867,1376.876667,3422.161133,5595.081467
129.48,67.946867,1374.876667,3441.161133,5673.081467
129.49,69.946867,1363.876667,3443.161133,5749.081467
129.50,69.946867,1350.876667,3461.161133,5829.081467
129.51,67.946867,1342.876667,3483.161133,5920.081467
129.52,70.946867,1330.876667,3501.161133,6002.081467
129.53,62.946867,1320.876667,3525.161133,6081.081467
129.54,62.946867,1313.876667,3541.161133,6162.081467
129.55,54.946867,1310.876667,3555.161133,6236.081467
129.56,51.946867,1301.876667,3569.161133,6292.081467
129.57,51.946867,1303.876667,3593.161133,6341.081467
129.58,46.946867,1293.876667,3607.161133,6374.081467
129.59,47.946867,1270.876667,3613.161133,6399.081467
129.60,47.946867,1252.876667,3623.161133,6420.081467
129.61,50.946867,1229.876667,3632.161133,6436.081467
129.62,50.946867,1212.876667,3644.161133,6446.081467
129.63,54.946867,1189.876667,3663.161133,6446.081467
129.64,48.946867,1159.876667,3671.161133,6432.081467
129.65,49.946867,1138.876667,3692.161133,6413.081467
129.66,49.946867,1120.876667,3706.161133,6384.081467
129.67,47.946867,1089.876667,3730.161133,6343.081467
129.68,46.946867,1068.876667,3758.161133,6300.081467
129.69,45.946867,1046.876667,3778.161133,6248.081467
129.70,43.946867,1028.876667,3812.161133,6188.081467
129.71,39.946867,1017.876667,3822.161133,6112.081467
129.72,28.946867,1006.876667,3831.161133,6033.081467
129.73,28.946867,999.876667,3855.161133,5951.081467
129.74,22.946867,997.876667,3865.161133,5866.081467
129.75,12.946867,997.876667,3869.161133,5779.081467
129.76,10.946867,1000.876667,3896.161133,5689.081467
129.77,8.946867,1004.876667,3902.161133,5586.081467
129.78,-4.053133,1011.876667,3919.161133,5471.081467
129.79,-6.053133,1016.876667,3929.161133,5349.081467
129.80,-23.053133,1020.876667,3942.161133,5230.081467
129.81,-36.053133,1035.876667,3954.161133,5104.081467
129.82,-41.053133,1054.876667,3961.161133,4960.081467
129.83,-48.053133,1070.876667,3969.161133,4812.081467
129.84,-56.053133,1089.876667,3970.161133,4656.081467
129.85,-68.053133,1106.876667,3963.161133,4484.081467
129.86,-80.053133,1141.876667,3959.161133,4312.081467
129.87,-88.053133,1166.876667,3953.161133,4128.081467
129.88,-95.053133,1198.876667,3939.161133,3934.081467
129.89,-106.053133,1232.876667,3923.161133,3735.081467
129.90,-117.053133,1264.876667,3913.161133,3531.081467
129.91,-122.053133,1302.876667,3901.161133,3329.081467
129.92,-132.053133,1341.876667,3891.161133,3126.081467
129.93,-140.053133,1378.876667,3870.161133,2914.081467
129.94,-149.053133,1415.876667,3865.161133,2704.081467
129.95,-151.053133,1451.876667,3853.161133,2495.081467
129.96,-158.053133,1481.876667,3832.161133,2285.081467
129.97,-168.053133,1509.876667,3815.161133,2082.081467
129.98,-178.053133,1534.876667,3792.161133,1885.081467
129.99,-181.053133,1563.876667,3764.161133,1691.081467
130.00,-188.053133,1596.876667,3739.161133,1504.081467
130.01,-191.053133,1622.876667,3702.161133,1319.081467
130.02,-197.053133,1652.876667,3667.161133,1139.081467
130.03,-197.053133,1685.876667,3642.161133,959.081467
130.04,-206.053133,1713.876667,3608.161133,779.081467
130.05,-205.053133,1743.876667,3579.161133,598.081467
130.06,-205.053133,1767.876667,3556.161133,415.081467
130.07,-212.053133,1795.876667,3520.161133,233.081467
130.08,-208.053133,1813.876667,3483.161133,42.081467
130.09,-205.053133,1825.876667,3455.161133,-142.918533
130.10,-206.053133,1840.876667,3418.161133,-321.918533
130.11,-199.053133,1852.876667,3383.161133,-499.918533
130.12,-200.053133,1873.876667,3348.161133,-678.918533
130.13,-199.053133,1877.876667,3316.161133,-844.918533
130.14,-182.053133,1885.876667,3287.161133,-1007.918533
130.15,-176.053133,1893.876667,3263.161133,-1151.918533
130.16,-175.053133,1894.876667,3243.161133,-1295.918533
130.17,-165.053133,1896.876667,3224.161133,-1434.918533
130.18,-169.053133,1906.876667,3201.161133,-1569.918533
130.19,-158.053133,1907.876667,3187.161133,-1700.918533
130.20,-155.053133,1908.876667,3176.161133,-1820.918533
130.21,-150.053133,1915.876667,3156.161133,-1944.918533
130.22,-143.053133,1915.876667,3136.161133,-2058.918533
130.23,-129.053133,1915.876667,3113.161133,-2168.918533
130.24,-118.053133,1915.876667,3102.161133,-2267.918533
130.25,-113.053133,1909.876667,3086.161133,-2360.918533
130.26,-105.053133,1911.876667,3084.161133,-2447.918533
130.27,-94.053133,1908.876667,3070.161133,-2527.918533
130.28,-88.053133,1906.876667,3080.161133,-2600.918533
130.29,-70.053133,1898.876667,3069.161133,-2675.918533
130.30,-61.053133,1897.876667,3058.161133,-2754.918533
130.31,-64.053133,1891.876667,3055.161133,-2820.918533
130.32,-50.053133,1890.876667,3043.161133,-2887.918533
130.33,-36.053133,1890.876667,3034.161133,-2953.918533
130.34,-30.053133,1887.876667,3029.161133,-3018.918533
130.35,-17.053133,1890.876667,3027.161133,-3079.918533
130.36,-6.053133,1892.876667,3030.161133,-3151.918533
130.37,1.946867,1898.876667,3015.161133,-3233.918533
130.38,3.946867,1907.876667,3008.161133,-3321.918533
130.39,18.946867,1908.876667,2990.161133,-3408.918533
130.40,30.946867,1915.876667,2969.161133,-3497.918533
130.41,47.946867,1905.876667,2958.161133,-3582.918533
130.42,66.946867,1899.876667,2948.161133,-3655.918533
130.43,75.946867,1886.876667,2949.161133,-3723.918533
130.44,86.946867,1875.876667,2940.161133,-3797.918533
130.45,99.946867,1852.876667,2937.161133,-3865.918533
130.46,110.946867,1833.876667,2942.161133,-3932.918533
130.47,126.946867,1811.876667,2933.161133,-4003.918533
130.48,135.946867,1781.876667,2933.161133,-4074.918533
130.49,142.946867,1752.876667,2927.161133,-4142.918533
130.50,153.946867,1728.876667,2922.161133,-4206.918533
130.51,160.946867,1713.876667,2913.161133,-4274.918533
130.52,172.946867,1681.876667,2906.161133,-4339.918533
130.53,179.946867,1666.876667,2900.161133,-4394.918533
130.54,184.946867,1640.876667,2893.161133,-4452.918533
130.55,196.946867,1620.876667,2887.161133,-4504.918533
130.56,208.946867,1595.876667,2867.161133,-4554.918533
130.57,217.946867,1577.876667,2870.161133,-4598.918533
130.58,225.946867,1564.876667,2867.161133,-4636.918533
130.59,228.946867,1544.876667,2870.161133,-4667.918533
130.60,229.946867,1532.876667,2870.161133,-4691.918533
130.61,232.946867,1516.876667,2884.161133,-4701.918533
130.62,237.946867,1499.876667,2893.161133,-4709.918533
130.63,237.946867,1482.876667,2892.161133,-4716.918533
130.64,238.946867,1463.876667,2896.161133,-4713.918533
130.65,241.946867,1442.876667,2898.161133,-4695.918533
130.66,242.946867,1432.876667,2886.161133,-4662.918533
130.67,241.946867,1423.876667,2887.161133,-4620.918533
130.68,242.946867,1409.876667,2888.161133,-4562.918533
130.69,242.946867,1405.876667,2891.161133,-4491.918533
130.70,236.946867,1396.876667,2885.161133,-4404.918533
130.71,238.946867,1391.876667,2884.161133,-4307.918533
130.72,228.946867,1377.876667,2883.161133,-4202.918533
130.73,221.946867,1366.876667,2883.161133,-4092.918533
130.74,218.946867,1357.876667,2886.161133,-3984.918533
130.75,215.946867,1349.876667,2884.161133,-3874.918533
130.76,204.946867,1345.876667,2885.161133,-3754.918533
130.77,195.946867,1344.876667,2888.161133,-3630.918533
130.78,192.946867,1348.876667,2897.161133,-3515.918533
130.79,183.946867,1346.876667,2903.161133,-3405.918533
130.80,171.946867,1346.876667,2905.161133,-3288.918533
130.81,159.946867,1345.876667,2896.161133,-3175.918533
130.82,148.946867,1347.876667,2891.161133,-3052.918533
130.83,139.946867,1352.876667,2893.161133,-2931.918533
130.84,123.946867,1367.876667,2890.161133,-2807.918533
130.85,110.946867,1371.876667,2879.161133,-2684.918533
130.86,106.946867,1387.876667,2880.161133,-2549.918533
130.87,95.946867,1400.876667,2879.161133,-2401.918533
130.88,91.946867,1410.876667,2873.161133,-2253.918533
130.89,73.946867,1419.876667,2879.161133,-2103.918533
130.90,72.946867,1430.876667,2887.161133,-1958.918533
130.91,57.946867,1439.876667,2899.161133,-1821.918533
130.92,44.946867,1451.876667,2910.161133,-1682.918533
130.93,35.946867,1455.876667,2918.161133,-1547.918533
130.94,27.946867,1465.876667,2926.161133,-1408.918533
130.95,20.946867,1473.876667,2930.161133,-1275.918533
130.96,15.946867,1481.876667,2927.161133,-1143.918533
130.97,14.946867,1477.876667,2927.161133,-1013.918533
130.98,4.946867,1491.876667,2928.161133,-891.918533
130.99,-3.053133,1494.876667,2923.161133,-782.918533
131.00,-18.053133,1505.876667,2928.161133,-672.918533
131.01,-19.053133,1512.876667,2946.161133,-563.918533
131.02,-27.053133,1515.876667,2949.161133,-460.918533
131.03,-37.053133,1518.876667,2960.161133,-368.918533
131.04,-42.053133,1524.876667,2963.161133,-286.918533
131.05,-53.053133,1529.876667,2968.161133,-215.918533
131.06,-58.053133,1539.876667,2976.161133,-152.918533
131.07,-60.053133,1548.876667,2984.161133,-93.918533
131.08,-66.053133,1551.876667,2992.161133,-42.918533
131.09,-72.053133,1552.876667,2994.161133,6.081467
131.10,-73.053133,1552.876667,3005.161133,36.081467
131.11,-74.053133,1552.876667,3023.161133,46.081467
131.12,-78.053133,1539.876667,3034.161133,44.081467
131.13,-77.053133,1529.876667,3045.161133,25.081467
131.14,-78.053133,1519.876667,3054.161133,-1.918533
131.15,-83.053133,1503.876667,3064.161133,-25.918533
131.16,-86.053133,1509.876667,3064.161133,-55.918533
131.17,-85.053133,1498.876667,3056.161133,-99.918533
131.18,-83.053133,1491.876667,3057.161133,-148.918533
131.19,-77.053133,1489.876667,3059.161133,-201.918533
131.20,-73.053133,1483.876667,3044.161133,-261.918533
131.21,-60.053133,1478.876667,3044.161133,-322.918533
131.22,-56.053133,1484.876667,3051.161133,-379.918533
131.23,-54.053133,1475.876667,3063.161133,-431.918533
131.24,-41.053133,1467.876667,3074.161133,-477.918533
131.25,-37.053133,1462.876667,3078.161133,-517.918533
131.26,-27.053133,1456.876667,3099.161133,-547.918533
131.27,-24.053133,1455.876667,3113.161133,-583.918533
131.28,-14.053133,1446.876667,3132.161133,-622.918533
131.29,-7.053133,1441.876667,3150.161133,-669.918533
131.30,-0.053133,1431.876667,3156.161133,-711.918533
131.31,6.946867,1424.876667,3181.161133,-742.918533
131.32,21.946867,1413.876667,3194.161133,-755.918533
131.33,30.946867,1398.876667,3207.161133,-759.918533
131.34,38.946867,1389.876667,3227.161133,-740.918533
131.35,49.946867,1378.876667,3240.161133,-725.918533
131.36,60.946867,1368.876667,3253.161133,-698.918533
131.37,73.946867,1362.876667,3269.161133,-662.918533
131.38,83.946867,1360.876667,3289.161133,-610.918533
131.39,84.946867,1369.876667,3307.161133,-553.918533
131.40,92.946867,1367.876667,3332.161133,-488.918533
131.41,97.946867,1376.876667,3363.161133,-416.918533
131.42,103.946867,1382.876667,3395.161133,-346.918533
131.43,110.946867,1396.876667,3429.161133,-268.918533
131.44,114.946867,1406.876667,3464.161133,-174.918533
131.45,121.946867,1417.876667,3503.161133,-61.918533
131.46,122.946867,1436.876667,3530.161133,54.081467
131.47,119.946867,1452.876667,3548.161133,176.081467
131.48,123.946867,1467.876667,3584.161133,300.081467
131.49,123.946867,1477.876667,3616.161133,427.081467
131.50,126.946867,1489.876667,3638.161133,565.081467
131.51,125.946867,1501.876667,3667.161133,716.081467
131.52,117.946867,1512.876667,3693.161133,875.081467
131.53,115.946867,1521.876667,3714.161133,1031.081467
131.54,114.946867,1526.876667,3724.161133,1190.081467
131.55,103.946867,1528.876667,3742.161133,1363.081467
131.56,96.946867,1535.876667,3748.161133,1537.081467
131.57,92.946867,1536.876667,3751.161133,1713.081467
131.58,82.946867,1537.876667,3762.161133,1887.081467
131.59,65.946867,1542.876667,3775.161133,2064.081467
131.60,61.946867,1538.876667,3784.161133,2244.081467
131.61,45.946867,1534.876667,3781.161133,2426.081467
131.62,37.946867,1537.876667,3786.161133,2610.081467
131.63,30.946867,1517.876667,3777.161133,2798.081467
131.64,10.946867,1504.876667,3770.161133,2986.081467
131.65,-3.053133,1488.876667,3754.161133,3172.081467
131.66,-12.053133,1472.876667,3735.161133,3347.081467
131.67,-20.053133,1458.876667,3720.161133,3510.081467
131.68,-30.053133,1441.876667,3695.161133,3657.081467
131.69,-45.053133,1420.876667,3682.161133,3795.081467
131.70,-57.053133,1413.876667,3662.161133,3927.081467
131.71,-76.053133,1387.876667,3651.161133,4053.081467
131.72,-89.053133,1379.876667,3620.161133,4178.081467
131.73,-99.053133,1366.876667,3595.161133,4307.081467
131.74,-118.053133,1351.876667,3566.161133,4442.081467
131.75,-134.053133,1338.876667,3535.161133,4570.081467
131.76,-151.053133,1329.876667,3501.161133,4696.081467
131.77,-167.053133,1321.876667,3468.161133,4820.081467
131.78,-181.053133,1301.876667,3435.161133,4932.081467
131.79,-191.053133,1280.876667,3403.161133,5041.081467
131.80,-203.053133,1253.876667,3367.161133,5147.081467
131.81,-220.053133,1233.876667,3333.161133,5251.081467
131.82,-232.053133,1217.876667,3292.161133,5356.081467
131.83,-243.053133,1199.876667,3240.161133,5461.081467
131.84,-251.053133,1180.876667,3193.161133,5580.081467
131.85,-265.053133,1166.876667,3152.161133,5707.081467
131.86,-275.053133,1160.876667,3110.161133,5838.081467
131.87,-284.053133,1148.876667,3066.161133,5969.081467
131.88,-291.053133,1152.876667,3040.161133,6094.081467
131.89,-298.053133,1149.876667,3001.161133,6198.081467
131.90,-307.053133,1155.876667,2965.161133,6294.081467
131.91,-308.053133,1157.876667,2933.161133,6391.081467
131.92,-312.053133,1157.876667,2909.161133,6496.081467
131.93,-314.053133,1158.876667,2880.161133,6610.081467
131.94,-318.053133,1159.876667,2845.161133,6728.081467
131.95,-321.053133,1150.876667,2814.161133,6854.081467
131.96,-319.053133,1151.876667,2812.161133,6977.081467
131.97,-309.053133,1145.876667,2786.161133,7086.081467
131.98,-307.053133,1154.876667,2783.161133,7199.081467
131.99,-303.053133,1157.876667,2768.161133,7312.081467
132.00,-300.053133,1165.876667,2766.161133,7422.081467
132.01,-294.053133,1173.876667,2764.161133,7531.081467
132.02,-288.053133,1185.876667,2772.161133,7643.081467
132.03,-275.053133,1188.876667,2780.161133,7762.081467
132.04,-266.053133,1199.876667,2771.161133,7883.081467
132.05,-261.053133,1204.876667,2780.161133,8016.081467
132.06,-245.053133,1206.876667,2773.161133,8164.081467
132.07,-229.053133,1222.876667,2801.161133,8319.081467
132.08,-215.053133,1221.876667,2812.161133,8473.081467
132.09,-198.053133,1221.876667,2828.161133,8624.081467
132.10,-191.053133,1216.876667,2853.161133,8777.081467
132.11,-175.053133,1214.876667,2889.161133,8927.081467
132.12,-157.053133,1215.876667,2920.161133,9074.081467
132.13,-132.053133,1211.876667,2944.161133,9223.081467
132.14,-122.053133,1211.876667,2976.161133,9369.081467
132.15,-99.053133,1217.876667,2995.161133,9509.081467
132.16,-79.053133,1220.876667,3016.161133,9647.081467
132.17,-61.053133,1226.876667,3046.161133,9769.081467
132.18,-40.053133,1232.876667,3066.161133,9881.081467
132.19,-23.053133,1237.876667,3101.161133,9987.081467
132.20,-0.053133,1233.876667,3118.161133,10084.081467
132.21,11.946867,1225.876667,3142.161133,10171.081467
132.22,36.946867,1222.876667,3168.161133,10255.081467
132.23,45.946867,1212.876667,3190.161133,10339.081467
132.24,64.946867,1217.876667,3205.161133,10415.081467
132.25,80.946867,1212.876667,3232.161133,10479.081467
132.26,92.946867,1217.876667,3246.161133,10529.081467
132.27,100.946867,1219.876667,3273.161133,10565.081467
132.28,110.946867,1223.876667,3304.161133,10594.081467
132.29,120.946867,1230.876667,3322.161133,10612.081467
132.30,125.946867,1240.876667,3351.161133,10617.081467
132.31,124.946867,1248.876667,3387.161133,10609.081467
132.32,130.946867,1262.876667,3408.161133,10589.081467
132.33,130.946867,1278.876667,3427.161133,10566.081467
132.34,139.946867,1290.876667,3444.161133,10535.081467
132.35,146.946867,1308.876667,3460.161133,10484.081467
132.36,144.946867,1324.876667,3466.161133,10416.081467
132.37,149.946867,1344.876667,3475.161133,10330.081467
132.38,144.946867,1367.876667,3484.161133,10238.081467
132.39,145.946867,1385.876667,3499.161133,10127.081467
132.40,137.946867,1401.876667,3512.161133,10009.081467
132.41,138.946867,1415.876667,3524.161133,9874.081467
132.42,130.946867,1433.876667,3537.161133,9726.081467
132.43,119.946867,1449.876667,3536.161133,9560.081467
132.44,118.946867,1468.876667,3526.161133,9382.081467
132.45,118.946867,1490.876667,3522.161133,9191.081467
132.46,111.946867,1500.876667,3513.161133,8989.081467
132.47,105.946867,1520.876667,3516.161133,8786.081467
132.48,103.946867,1541.876667,3507.161133,8572.081467
132.49,95.946867,1555.876667,3500.161133,8369.081467
132.50,85.946867,1578.876667,3494.161133,8164.081467
132.51,74.946867,1599.876667,3499.161133,7965.081467
132.52,69.946867,1632.876667,3483.161133,7757.081467
132.53,58.946867,1653.876667,3481.161133,7552.081467
132.54,44.946867,1681.876667,3473.161133,7345.081467
132.55,38.946867,1702.876667,3479.161133,7136.081467
132.56,30.946867,1727.876667,3465.161133,6927.081467
132.57,23.946867,1753.876667,3452.161133,6719.081467
132.58,14.946867,1774.876667,3456.161133,6510.081467
132.59,13.946867,1799.876667,3454.161133,6302.081467
132.60,3.946867,1812.876667,3446.161133,6093.081467
132.61,-5.053133,1830.876667,3439.161133,5890.081467
132.62,-11.053133,1846.876667,3437.161133,5696.081467
132.63,-24.053133,1866.876667,3429.161133,5504.081467
132.64,-27.053133,1872.876667,3415.161133,5308.081467
132.65,-31.053133,1884.876667,3403.161133,5112.081467
132.66,-37.053133,1893.876667,3389.161133,4918.081467
132.67,-44.053133,1901.876667,3371.161133,4734.081467
132.68,-52.053133,1910.876667,3358.161133,4560.081467
132.69,-56.053133,1927.876667,3352.161133,4396.081467
132.70,-59.053133,1926.876667,3345.161133,4229.081467
132.71,-66.053133,1940.876667,3330.161133,4071.081467
132.72,-71.053133,1945.876667,3327.161133,3926.081467
132.73,-73.053133,1946.876667,3311.161133,3784.081467
132.74,-76.053133,1950.876667,3292.161133,3651.081467
132.75,-78.053133,1956.876667,3275.161133,3534.081467
132.76,-81.053133,1964.876667,3270.161133,3420.081467
132.77,-83.053133,1971.876667,3258.161133,3307.081467
132.78,-82.053133,1980.876667,3244.161133,3200.081467
132.79,-86.053133,1971.876667,3228.161133,3098.081467
132.80,-82.053133,1982.876667,3224.161133,3005.081467
132.81,-89.053133,1985.876667,3203.161133,2923.081467
132.82,-91.053133,1981.876667,3180.161133,2849.081467
132.83,-91.053133,1973.876667,3158.161133,2779.081467
132.84,-93.053133,1976.876667,3136.161133,2713.081467
132.85,-97.053133,1977.876667,3119.161133,2640.081467
132.86,-92.053133,1984.876667,3097.161133,2563.081467
132.87,-93.053133,1983.876667,3092.161133,2478.081467
132.88,-94.053133,1977.876667,3080.161133,2395.081467
132.89,-98.053133,1970.876667,3063.161133,2307.081467
132.90,-98.053133,1970.876667,3063.161133,2226.081467
132.91,-100.053133,1963.876667,3049.161133,2143.081467
132.92,-101.053133,1967.876667,3029.161133,2052.081467
132.93,-101.053133,1962.876667,3026.161133,1959.081467
132.94,-103.053133,1961.876667,2998.161133,1869.081467
132.95,-101.053133,1963.876667,2982.161133,1780.081467
132.96,-105.053133,1968.876667,2957.161133,1705.081467
132.97,-106.053133,1977.876667,2934.161133,1636.081467
132.98,-102.053133,1974.876667,2920.161133,1565.081467
132.99,-99.053133,1969.876667,2896.161133,1497.081467
133.00,-107.053133,1966.876667,2888.161133,1426.081467
133.01,-103.053133,1954.876667,2877.161133,1359.081467
133.02,-102.053133,1951.876667,2879.161133,1294.081467
133.03,-104.053133,1945.876667,2870.161133,1226.081467
133.04,-101.053133,1944.876667,2862.161133,1157.081467
133.05,-105.053133,1945.876667,2850.161133,1096.081467
133.06,-101.053133,1939.876667,2834.161133,1052.081467
133.07,-98.053133,1932.876667,2815.161133,1019.081467
133.08,-93.053133,1920.876667,2798.161133,990.081467
133.09,-90.053133,1918.876667,2785.161133,964.081467
133.10,-92.053133,1899.876667,2779.161133,939.081467
133.11,-82.053133,1888.876667,2778.161133,918.081467
133.12,-84.053133,1870.876667,2775.161133,894.081467
133.13,-80.053133,1851.876667,2782.161133,878.081467
133.14,-80.053133,1831.876667,2784.161133,864.081467
133.15,-77.053133,1807.876667,2768.161133,853.081467
133.16,-67.053133,1785.876667,2777.161133,852.081467
133.17,-65.053133,1756.876667,2781.161133,852.081467
133.18,-60.053133,1721.876667,2788.161133,847.081467
133.19,-53.053133,1689.876667,2793.161133,843.081467
133.20,-43.053133,1661.876667,2796.161133,844.081467
133.21,-37.053133,1627.876667,2807.161133,849.081467
133.22,-26.053133,1600.876667,2816.161133,859.081467
133.23,-22.053133,1571.876667,2821.161133,867.081467
133.24,-13.053133,1549.876667,2830.161133,881.081467
133.25,-5.053133,1528.876667,2839.161133,895.081467
133.26,4.946867,1504.876667,2854.161133,910.081467
133.27,9.946867,1481.876667,2871.161133,926.081467
133.28,18.946867,1472.876667,2882.161133,946.081467
133.29,31.946867,1453.876667,2899.161133,964.081467
133.30,41.946867,1440.876667,2923.161133,990.081467
133.31,51.946867,1418.876667,2947.161133,1019.081467
133.32,59.946867,1402.876667,2960.161133,1061.081467
133.33,75.946867,1382.876667,2979.161133,1107.081467
133.34,83.946867,1356.876667,3007.161133,1166.081467
133.35,92.946867,1335.876667,3012.161133,1231.081467
133.36,103.946867,1322.876667,3024.161133,1304.081467
133.37,117.946867,1302.876667,3038.161133,1385.081467
133.38,128.946867,1290.876667,3043.161133,1467.081467
133.39,141.946867,1270.876667,3049.161133,1554.081467
133.40,145.946867,1257.876667,3054.161133,1649.081467
133.41,160.946867,1247.876667,3066.161133,1747.081467
133.42,167.946867,1237.876667,3087.161133,1853.081467
133.43,181.946867,1231.876667,3090.161133,1961.081467
133.44,187.946867,1233.876667,3114.161133,2072.081467
133.45,201.946867,1240.876667,3133.161133,2186.081467
133.46,208.946867,1241.876667,3147.161133,2300.081467
133.47,222.946867,1240.876667,3170.161133,2408.081467
133.48,231.946867,1233.876667,3190.161133,2510.081467
133.49,240.946867,1228.876667,3212.161133,2609.081467
133.50,248.946867,1222.876667,3240.161133,2704.081467
133.51,258.946867,1227.876667,3271.161133,2793.081467
133.52,263.946867,1228.876667,3301.161133,2872.081467
133.53,266.946867,1236.876667,3320.161133,2938.081467
133.54,277.946867,1254.876667,3329.161133,2982.081467
133.55,280.946867,1268.876667,3347.161133,3021.081467
133.56,284.946867,1287.876667,3368.161133,3053.081467
133.57,290.946867,1305.876667,3392.161133,3081.081467
133.58,293.946867,1332.876667,3419.161133,3097.081467
133.59,299.946867,1356.876667,3436.161133,3106.081467
133.60,304.946867,1377.876667,3452.161133,3111.081467
133.61,301.946867,1407.876667,3476.161133,3110.081467
133.62,302.946867,1432.876667,3483.161133,3103.081467
133.63,301.946867,1456.876667,3488.161133,3102.081467
133.64,300.946867,1476.876667,3508.161133,3094.081467
133.65,296.946867,1486.876667,3503.161133,3078.081467
133.66,294.946867,1497.876667,3521.161133,3045.081467
133.67,291.946867,1505.876667,3528.161133,3001.081467
133.68,279.946867,1513.876667,3535.161133,2941.081467
133.69,275.946867,1520.876667,3535.161133,2867.081467
133.70,265.946867,1528.876667,3534.161133,2788.081467
133.71,255.946867,1532.876667,3542.161133,2698.081467
133.72,246.946867,1535.876667,3554.161133,2605.081467
133.73,232.946867,1538.876667,3547.161133,2501.081467
133.74,220.946867,1538.876667,3559.161133,2400.081467
133.75,216.946867,1532.876667,3572.161133,2287.081467
133.76,201.946867,1523.876667,3566.161133,2160.081467
133.77,187.946867,1508.876667,3576.161133,2028.081467
133.78,174.946867,1497.876667,3590.161133,1886.081467
133.79,153.946867,1465.876667,3612.161133,1739.081467
133.80,141.946867,1448.876667,3629.161133,1586.081467
133.81,130.946867,1419.876667,3648.161133,1418.081467
133.82,109.946867,1395.876667,3671.161133,1236.081467
133.83,91.946867,1384.876667,3674.161133,1048.081467
133.84,76.946867,1372.876667,3684.161133,863.081467
133.85,51.946867,1371.876667,3681.161133,673.081467
133.86,41.946867,1362.876667,3685.161133,477.081467
133.87,23.946867,1355.876667,3690.161133,276.081467
133.88,9.946867,1349.876667,3706.161133,74.081467
133.89,-11.053133,1346.876667,3709.161133,-125.918533
133.90,-30.053133,1323.876667,3714.161133,-326.918533
133.91,-44.053133,1310.876667,3711.161133,-525.918533
133.92,-53.053133,1281.876667,3701.161133,-728.918533
133.93,-68.053133,1264.876667,3690.161133,-933.918533
133.94,-79.053133,1241.876667,3676.161133,-1141.918533
133.95,-87.053133,1225.876667,3655.161133,-1349.918533
133.96,-97.053133,1211.876667,3653.161133,-1546.918533
133.97,-106.053133,1209.876667,3640.161133,-1743.918533
133.98,-126.053133,1203.876667,3643.161133,-1943.918533
133.99,-131.053133,1192.876667,3648.161133,-2148.918533
134.00,-145.053133,1182.876667,3646.161133,-2359.918533
134.01,-153.053133,1183.876667,3632.161133,-2573.918533
134.02,-164.053133,1171.876667,3621.161133,-2783.918533
134.03,-172.053133,1158.876667,3602.161133,-2988.918533
134.04,-171.053133,1147.876667,3571.161133,-3182.918533
134.05,-174.053133,1136.876667,3547.161133,-3372.918533
134.06,-180.053133,1127.876667,3516.161133,-3563.918533
134.07,-185.053133,1119.876667,3493.161133,-3743.918533
134.08,-188.053133,1101.876667,3466.161133,-3913.918533
134.09,-189.053133,1086.876667,3444.161133,-4073.918533
134.10,-188.053133,1071.876667,3417.161133,-4223.918533
134.11,-189.053133,1058.876667,3399.161133,-4377.918533
134.12,-191.053133,1042.876667,3376.161133,-4533.918533
134.13,-189.053133,1037.876667,3370.161133,-4686.918533
134.14,-191.053133,1034.876667,3344.161133,-4829.918533
134.15,-190.053133,1027.876667,3323.161133,-4963.918533
134.16,-189.053133,1024.876667,3296.161133,-5082.918533
134.17,-184.053133,1020.876667,3270.161133,-5190.918533
134.18,-178.053133,1026.876667,3254.161133,-5286.918533
134.19,-169.053133,1031.876667,3222.161133,-5376.918533
134.20,-170.053133,1037.876667,3200.161133,-5455.918533
134.21,-161.053133,1057.876667,3181.161133,-5528.918533
134.22,-153.053133,1069.876667,3154.161133,-5590.918533
134.23,-148.053133,1098.876667,3137.161133,-5656.918533
134.24,-143.053133,1127.876667,3110.161133,-5714.918533
134.25,-131.053133,1163.876667,3096.161133,-5769.918533
134.26,-116.053133,1198.876667,3078.161133,-5825.918533
134.27,-107.053133,1235.876667,3059.161133,-5875.918533
134.28,-92.053133,1262.876667,3030.161133,-5921.918533
134.29,-86.053133,1290.876667,3018.161133,-5952.918533
134.30,-68.053133,1328.876667,3000.161133,-5980.918533
134.31,-55.053133,1351.876667,2995.161133,-5995.918533
134.32,-45.053133,1374.876667,2974.161133,-6006.918533
134.33,-32.053133,1389.876667,2969.161133,-6005.918533
134.34,-18.053133,1405.876667,2958.161133,-6009.918533
134.35,-5.053133,1430.876667,2942.161133,-6005.918533
134.36,9.946867,1452.876667,2931.161133,-6005.918533
134.37,17.946867,1477.876667,2915.161133,-6014.918533
134.38,35.946867,1501.876667,2896.161133,-6024.918533
134.39,46.946867,1527.876667,2894.161133,-6023.918533
134.40,57.946867,1554.876667,2879.161133,-6018.918533
134.41,74.946867,1576.876667,2876.161133,-6010.918533
134.42,81.946867,1591.876667,2877.161133,-5989.918533
134.43,94.946867,1606.876667,2869.161133,-5950.918533
134.44,103.946867,1610.876667,2870.161133,-5908.918533
134.45,118.946867,1626.876667,2870.161133,-5866.918533
134.46,133.946867,1641.876667,2865.161133,-5827.918533
134.47,137.946867,1652.876667,2854.161133,-5781.918533
134.48,152.946867,1656.876667,2850.161133,-5722.918533
134.49,163.946867,1658.876667,2838.161133,-5642.918533
134.50,179.946867,1668.876667,2835.161133,-5541.918533
134.51,199.946867,1670.876667,2830.161133,-5422.918533
134.52,207.946867,1676.876667,2827.161133,-5299.918533
134.53,222.946867,1675.876667,2816.161133,-5159.918533
134.54,231.946867,1692.876667,2807.161133,-5014.918533
134.55,242.946867,1692.876667,2808.161133,-4862.918533
134.56,255.946867,1698.876667,2807.161133,-4705.918533
134.57,267.946867,1691.876667,2823.161133,-4545.918533
134.58,279.946867,1688.876667,2832.161133,-4384.918533
134.59,285.946867,1681.876667,2834.161133,-4214.918533
134.60,295.946867,1673.876667,2843.161133,-4034.918533
134.61,308.946867,1658.876667,2846.161133,-3832.918533
134.62,312.946867,1659.876667,2850.161133,-3614.918533
134.63,316.946867,1659.876667,2844.161133,-3380.918533
134.64,322.946867,1660.876667,2835.161133,-3140.918533
134.65,327.946867,1668.876667,2830.161133,-2896.918533
134.66,334.946867,1674.876667,2809.161133,-2655.918533
134.67,344.946867,1679.876667,2805.161133,-2420.918533
134.68,349.946867,1694.876667,2796.161133,-2182.918533
134.69,358.946867,1685.876667,2790.161133,-1948.918533
134.70,366.946867,1691.876667,2792.161133,-1717.918533
134.71,365.946867,1701.876667,2803.161133,-1485.918533
134.72,364.946867,1710.876667,2816.161133,-1255.918533
134.73,366.946867,1717.876667,2824.161133,-1028.918533
134.74,368.946867,1740.876667,2827.161133,-803.918533
134.75,366.946867,1756.876667,2823.161133,-580.918533
134.76,374.946867,1776.876667,2812.161133,-362.918533
134.77,380.946867,1794.876667,2802.161133,-149.918533
134.78,377.946867,1812.876667,2790.161133,49.081467
134.79,382.946867,1828.876667,2775.161133,241.081467
134.80,381.946867,1844.876667,2761.161133,431.081467
134.81,377.946867,1863.876667,2759.161133,609.081467
134.82,374.946867,1875.876667,2753.161133,779.081467
134.83,379.946867,1883.876667,2756.161133,935.081467
134.84,376.946867,1893.876667,2755.161133,1076.081467
134.85,376.946867,1906.876667,2752.161133,1199.081467
134.86,374.946867,1916.876667,2745.161133,1316.081467
134.87,369.946867,1934.876667,2752.161133,1428.081467
134.88,369.946867,1950.876667,2748.161133,1531.081467
134.89,365.946867,1956.876667,2760.161133,1625.081467
134.90,361.946867,1967.876667,2773.161133,1706.081467
134.91,359.946867,1969.876667,2776.161133,1765.081467
134.92,360.946867,1975.876667,2761.161133,1804.081467
134.93,352.946867,1967.876667,2763.161133,1838.081467
134.94,344.946867,1973.876667,2754.161133,1862.081467
134.95,334.946867,1978.876667,2744.161133,1872.081467
134.96,325.946867,1971.876667,2729.161133,1867.081467
134.97,322.946867,1968.876667,2725.161133,1858.081467
134.98,312.946867,1959.876667,2720.161133,1839.081467
134.99,302.946867,1940.876667,2721.161133,1811.081467
135.00,293.946867,1915.876667,2719.161133,1781.081467
135.01,289.946867,1899.876667,2720.161133,1760.081467
135.02,283.946867,1882.876667,2712.161133,1737.081467
135.03,272.946867,1869.876667,2711.161133,1711.081467
135.04,263.946867,1866.876667,2699.161133,1677.081467
135.05,252.946867,1860.876667,2699.161133,1632.081467
135.06,248.946867,1864.876667,2690.161133,1590.081467
135.07,231.946867,1859.876667,2677.161133,1550.081467
135.08,226.946867,1851.876667,2679.161133,1513.081467
135.09,213.946867,1829.876667,2677.161133,1479.081467
135.10,205.946867,1814.876667,2684.161133,1447.081467
135.11,196.946867,1786.876667,2681.161133,1413.081467
135.12,187.946867,1761.876667,2684.161133,1381.081467
135.13,174.946867,1730.876667,2683.161133,1366.081467
135.14,165.946867,1707.876667,2679.161133,1353.081467
135.15,156.946867,1688.876667,2681.161133,1344.081467
135.16,152.946867,1659.876667,2688.161133,1335.081467
135.17,138.946867,1637.876667,2694.161133,1326.081467
135.18,122.946867,1605.876667,2698.161133,1327.081467
135.19,112.946867,1586.876667,2714.161133,1343.081467
135.20,100.946867,1572.876667,2724.161133,1365.081467
135.21,86.946867,1554.876667,2742.161133,1383.081467
135.22,72.946867,1551.876667,2752.161133,1402.081467
135.23,59.946867,1542.876667,2770.161133,1424.081467
135.24,39.946867,1536.876667,2784.161133,1455.081467
135.25,26.946867,1523.876667,2806.161133,1491.081467
135.26,13.946867,1515.876667,2819.161133,1539.081467
135.27,-5.053133,1510.876667,2833.161133,1595.081467
135.28,-18.053133,1502.876667,2854.161133,1650.081467
135.29,-36.053133,1490.876667,2885.161133,1719.081467
135.30,-51.053133,1497.876667,2918.161133,1795.081467
135.31,-72.053133,1496.876667,2961.161133,1879.081467
135.32,-84.053133,1498.876667,2991.161133,1953.081467
135.33,-104.053133,1505.876667,3029.161133,2034.081467
135.34,-117.053133,1512.876667,3074.161133,2114.081467
135.35,-132.053133,1520.876667,3109.161133,2184.081467
135.36,-143.053133,1536.876667,3138.161133,2240.081467
135.37,-153.053133,1548.876667,3172.161133,2289.081467
135.38,-168.053133,1561.876667,3211.161133,2337.081467
135.39,-188.053133,1578.876667,3240.161133,2394.081467
135.40,-198.053133,1588.876667,3281.161133,2462.081467
135.41,-203.053133,1596.876667,3319.161133,2529.081467
135.42,-217.053133,1599.876667,3353.161133,2594.081467
135.43,-220.053133,1605.876667,3393.161133,2654.081467
135.44,-230.053133,1620.876667,3437.161133,2713.081467
135.45,-232.053133,1629.876667,3462.161133,2769.081467
135.46,-236.053133,1654.876667,3503.161133,2827.081467
135.47,-246.053133,1670.876667,3525.161133,2891.081467
135.48,-252.053133,1696.876667,3560.161133,2967.081467
135.49,-259.053133,1713.876667,3587.161133,3045.081467
135.50,-258.053133,1726.876667,3612.161133,3129.081467
135.51,-253.053133,1745.876667,3640.161133,3213.081467
135.52,-262.053133,1756.876667,3663.161133,3277.081467
135.53,-255.053133,1770.876667,3689.161133,3336.081467
135.54,-255.053133,1782.876667,3716.161133,3392.081467
135.55,-252.053133,1791.876667,3742.161133,3452.081467
135.56,-246.053133,1795.876667,3762.161133,3524.081467
135.57,-245.053133,1805.876667,3785.161133,3601.081467
135.58,-236.053133,1808.876667,3801.161133,3676.081467
135.59,-236.053133,1801.876667,3829.161133,3744.081467
135.60,-228.053133,1789.876667,3844.161133,3806.081467
135.61,-221.053133,1789.876667,3856.161133,3858.081467
135.62,-212.053133,1790.876667,3866.161133,3896.081467
135.63,-207.053133,1783.876667,3875.161133,3931.081467
135.64,-196.053133,1783.876667,3888.161133,3971.081467
135.65,-184.053133,1778.876667,3899.161133,4021.081467
135.66,-180.053133,1779.876667,3900.161133,4073.081467
135.67,-173.053133,1771.876667,3910.161133,4129.081467
135.68,-164.053133,1761.876667,3921.161133,4186.081467
135.69,-156.053133,1756.876667,3926.161133,4245.081467
135.70,-148.053133,1749.876667,3935.161133,4296.081467
135.71,-141.053133,1757.876667,3933.161133,4336.081467
135.72,-137.053133,1757.876667,3930.161133,4381.081467
135.73,-136.053133,1761.876667,3937.161133,4440.081467
135.74,-125.053133,1759.876667,3944.161133,4509.081467
135.75,-126.053133,1747.876667,3952.161133,4584.081467
135.76,-118.053133,1726.876667,3964.161133,4676.081467
135.77,-111.053133,1710.876667,3967.161133,4772.081467
135.78,-117.053133,1690.876667,3959.161133,4870.081467
135.79,-113.053133,1682.876667,3961.161133,4964.081467
135.80,-109.053133,1665.876667,3961.161133,5057.081467
135.81,-107.053133,1661.876667,3952.161133,5160.081467
135.82,-117.053133,1651.876667,3949.161133,5268.081467
135.83,-117.053133,1652.876667,3953.161133,5380.081467
135.84,-121.053133,1651.876667,3947.161133,5494.081467
135.85,-127.053133,1643.876667,3947.161133,5611.081467
135.86,-127.053133,1646.876667,3945.161133,5725.081467
135.87,-127.053133,1647.876667,3941.161133,5838.081467
135.88,-131.053133,1653.876667,3936.161133,5948.081467
135.89,-136.053133,1659.876667,3923.161133,6059.081467
135.90,-144.053133,1663.876667,3905.161133,6175.081467
135.91,-153.053133,1662.876667,3898.161133,6289.081467
135.92,-161.053133,1663.876667,3885.161133,6411.081467
135.93,-168.053133,1658.876667,3869.161133,6529.081467
135.94,-177.053133,1655.876667,3852.161133,6632.081467
135.95,-183.053133,1651.876667,3835.161133,6719.081467
135.96,-188.053133,1638.876667,3807.161133,6796.081467
135.97,-194.053133,1638.876667,3777.161133,6872.081467
135.98,-202.053133,1630.876667,3752.161133,6943.081467
135.99,-210.053133,1627.876667,3714.161133,7021.081467
136.00,-216.053133,1625.876667,3684.161133,7102.081467
136.01,-225.053133,1617.876667,3668.161133,7187.081467
136.02,-226.053133,1606.876667,3647.161133,7274.081467
136.03,-234.053133,1599.876667,3615.161133,7355.081467
136.04,-246.053133,1580.876667,3583.161133,7433.081467
136.05,-252.053133,1567.876667,3546.161133,7507.081467
136.06,-261.053133,1554.876667,3520.161133,7575.081467
136.07,-270.053133,1537.876667,3483.161133,7634.081467
136.08,-276.053133,1529.876667,3448.161133,7693.081467
136.09,-284.053133,1511.876667,3423.161133,7739.081467
136.10,-286.053133,1504.876667,3400.161133,7776.081467
136.11,-293.053133,1487.876667,3377.161133,7813.081467
136.12,-296.053133,1466.876667,3351.161133,7844.081467
136.13,-301.053133,1442.876667,3323.161133,7879.081467
136.14,-304.053133,1421.876667,3282.161133,7918.081467
136.15,-306.053133,1408.876667,3262.161133,7959.081467
136.16,-313.053133,1394.876667,3229.161133,8000.081467
136.17,-315.053133,1378.876667,3205.161133,8038.081467
136.18,-315.053133,1361.876667,3180.161133,8071.081467
136.19,-320.053133,1343.876667,3161.161133,8104.081467
136.20,-321.053133,1330.876667,3131.161133,8136.081467
136.21,-322.053133,1313.876667,3098.161133,8175.081467
136.22,-324.053133,1292.876667,3077.161133,8213.081467
136.23,-324.053133,1272.876667,3051.161133,8255.081467
136.24,-319.053133,1244.876667,3033.161133,8309.081467
136.25,-324.053133,1227.876667,3015.161133,8355.081467
136.26,-317.053133,1210.876667,2997.161133,8389.081467
136.27,-321.053133,1188.876667,2991.161133,8416.081467
136.28,-316.053133,1172.876667,2984.161133,8433.081467
136.29,-318.053133,1149.876667,2974.161133,8431.081467
136.30,-321.053133,1133.876667,2963.161133,8418.081467
136.31,-323.053133,1110.876667,2950.161133,8389.081467
136.32,-322.053133,1096.876667,2949.161133,8359.081467
136.33,-319.053133,1086.876667,2945.161133,8333.081467
136.34,-321.053133,1091.876667,2939.161133,8310.081467
136.35,-319.053133,1085.876667,2936.161133,8290.081467
136.36,-324.053133,1092.876667,2948.161133,8273.081467
136.37,-326.053133,1099.876667,2943.161133,8251.081467
136.38,-325.053133,1103.876667,2954.161133,8228.081467
136.39,-326.053133,1097.876667,2950.161133,8202.081467
136.40,-331.053133,1103.876667,2960.161133,8175.081467
136.41,-326.053133,1096.876667,2963.161133,8137.081467
136.42,-335.053133,1088.876667,2974.161133,8088.081467
136.43,-335.053133,1093.876667,2976.161133,8030.081467
136.44,-335.053133,1105.876667,2988.161133,7971.081467
136.45,-334.053133,1112.876667,2999.161133,7905.081467
136.46,-329.053133,1117.876667,2998.161133,7841.081467
136.47,-328.053133,1124.876667,3003.161133,7779.081467
136.48,-320.053133,1135.876667,3006.161133,7716.081467
136.49,-318.053133,1147.876667,3005.161133,7647.081467
136.50,-314.053133,1164.876667,3018.161133,7586.081467
136.51,-314.053133,1176.876667,3027.161133,7518.081467
136.52,-311.053133,1193.876667,3051.161133,7455.081467
136.53,-309.053133,1212.876667,3063.161133,7385.081467
136.54,-306.053133,1225.876667,3087.161133,7295.081467
136.55,-297.053133,1247.876667,3107.161133,7197.081467
136.56,-290.053133,1261.876667,3125.161133,7081.081467
136.57,-283.053133,1280.876667,3125.161133,6953.081467
136.58,-278.053133,1290.876667,3133.161133,6817.081467
136.59,-270.053133,1308.876667,3142.161133,6681.081467
136.60,-264.053133,1326.876667,3161.161133,6542.081467
136.61,-252.053133,1348.876667,3168.161133,6387.081467
136.62,-238.053133,1362.876667,3175.161133,6220.081467
136.63,-230.053133,1380.876667,3180.161133,6038.081467
136.64,-214.053133,1397.876667,3193.161133,5839.081467
136.65,-208.053133,1415.876667,3193.161133,5635.081467
136.66,-194.053133,1429.876667,3206.161133,5425.081467
136.67,-177.053133,1442.876667,3215.161133,5216.081467
136.68,-172.053133,1452.876667,3228.161133,5007.081467
136.69,-155.053133,1463.876667,3233.161133,4799.081467
136.70,-148.053133,1469.876667,3244.161133,4584.081467
136.71,-138.053133,1479.876667,3274.161133,4374.081467
136.72,-131.053133,1491.876667,3277.161133,4174.081467
136.73,-119.053133,1504.876667,3289.161133,3979.081467
136.74,-108.053133,1512.876667,3297.161133,3778.081467
136.75,-96.053133,1524.876667,3318.161133,3586.081467
136.76,-90.053133,1549.876667,3331.161133,3391.081467
136.77,-74.053133,1555.876667,3334.161133,3194.081467
136.78,-69.053133,1570.876667,3334.161133,2996.081467
136.79,-58.053133,1575.876667,3339.161133,2798.081467
136.80,-52.053133,1588.876667,3347.161133,2602.081467
136.81,-41.053133,1596.876667,3348.161133,2405.081467
136.82,-30.053133,1602.876667,3341.161133,2221.081467
136.83,-27.053133,1604.876667,3357.161133,2052.081467
136.84,-23.053133,1604.876667,3358.161133,1892.081467
136.85,-25.053133,1606.876667,3362.161133,1757.081467
136.86,-18.053133,1613.876667,3378.161133,1637.081467
136.87,-19.053133,1617.876667,3375.161133,1531.081467
136.88,-12.053133,1619.876667,3379.161133,1433.081467
136.89,-13.053133,1623.876667,3380.161133,1346.081467
136.90,-8.053133,1625.876667,3385.161133,1269.081467
136.91,-11.053133,1624.876667,3384.161133,1187.081467
136.92,-5.053133,1624.876667,3381.161133,1109.081467
136.93,-2.053133,1621.876667,3390.161133,1037.081467
136.94,-5.053133,1617.876667,3394.161133,970.081467
136.95,-1.053133,1614.876667,3398.161133,914.081467
136.96,-0.053133,1608.876667,3395.161133,870.081467
136.97,3.946867,1607.876667,3402.161133,831.081467
136.98,0.946867,1603.876667,3411.161133,801.081467
136.99,-4.053133,1600.876667,3404.161133,777.081467
137.00,0.946867,1598.876667,3406.161133,759.081467
137.01,-7.053133,1598.876667,3405.161133,746.081467
137.02,4.946867,1600.876667,3392.161133,729.081467
137.03,0.946867,1591.876667,3382.161133,717.081467
137.04,2.946867,1591.876667,3378.161133,714.081467
137.05,6.946867,1589.876667,3378.161133,714.081467
137.06,10.946867,1585.876667,3359.161133,714.081467
137.07,10.946867,1580.876667,3334.161133,721.081467
137.08,15.946867,1575.876667,3313.161133,729.081467
137.09,19.946867,1562.876667,3301.161133,744.081467
137.10,21.946867,1554.876667,3270.161133,757.081467
137.11,19.946867,1545.876667,3254.161133,778.081467
137.12,23.946867,1538.876667,3247.161133,815.081467
137.13,28.946867,1531.876667,3228.161133,849.081467
137.14,37.946867,1525.876667,3217.161133,890.081467
137.15,40.946867,1533.876667,3186.161133,930.081467
137.16,41.946867,1534.876667,3164.161133,959.081467
137.17,49.946867,1541.876667,3137.161133,986.081467
137.18,54.946867,1551.876667,3112.161133,1021.081467
137.19,66.946867,1546.876667,3091.161133,1066.081467
137.20,70.946867,1543.876667,3053.161133,1116.081467
137.21,82.946867,1545.876667,3045.161133,1172.081467
137.22,92.946867,1539.876667,3024.161133,1221.081467
137.23,102.946867,1535.876667,3002.161133,1262.081467
137.24,105.946867,1543.876667,2979.161133,1300.081467
137.25,108.946867,1550.876667,2946.161133,1323.081467
137.26,115.946867,1548.876667,2923.161133,1344.081467
137.27,123.946867,1556.876667,2902.161133,1372.081467
137.28,131.946867,1560.876667,2871.161133,1402.081467
137.29,137.946867,1575.876667,2846.161133,1438.081467
137.30,147.946867,1583.876667,2825.161133,1486.081467
137.31,150.946867,1596.876667,2797.161133,1543.081467
137.32,156.946867,1611.876667,2773.161133,1610.081467
137.33,155.946867,1629.876667,2750.161133,1688.081467
137.34,169.946867,1636.876667,2740.161133,1765.081467
137.35,165.946867,1644.876667,2713.161133,1843.081467
137.36,174.946867,1644.876667,2689.161133,1925.081467
137.37,178.946867,1651.876667,2671.161133,2001.081467
137.38,189.946867,1658.876667,2647.161133,2069.081467
137.39,195.946867,1669.876667,2624.161133,2139.081467
137.40,197.946867,1671.876667,2614.161133,2210.081467
137.41,202.946867,1693.876667,2603.161133,2270.081467
137.42,210.946867,1693.876667,2590.161133,2333.081467
137.43,210.946867,1712.876667,2592.161133,2391.081467
137.44,208.946867,1716.876667,2595.161133,2448.081467
137.45,214.946867,1723.876667,2594.161133,2493.081467
137.46,218.946867,1726.876667,2603.161133,2524.081467
137.47,215.946867,1723.876667,2611.161133,2542.081467
137.48,218.946867,1720.876667,2608.161133,2552.081467
137.49,217.946867,1721.876667,2609.161133,2551.081467
137.50,222.946867,1718.876667,2613.161133,2546.081467
137.51,225.946867,1714.876667,2620.161133,2538.081467
137.52,222.946867,1712.876667,2629.161133,2532.081467
137.53,217.946867,1714.876667,2642.161133,2530.081467
137.54,223.946867,1716.876667,2656.161133,2523.081467
137.55,218.946867,1711.876667,2666.161133,2506.081467
137.56,218.946867,1715.876667,2683.161133,2479.081467
137.57,216.946867,1701.876667,2695.161133,2438.081467
137.58,212.946867,1705.876667,2705.161133,2391.081467
137.59,209.946867,1707.876667,2723.161133,2329.081467
137.60,209.946867,1701.876667,2744.161133,2256.081467
137.61,203.946867,1697.876667,2761.161133,2184.081467
137.62,198.946867,1689.876667,2794.161133,2105.081467
137.63,192.946867,1693.876667,2815.161133,2015.081467
137.64,193.946867,1681.876667,2836.161133,1914.081467
137.65,189.946867,1678.876667,2849.161133,1814.081467
137.66,181.946867,1673.876667,2848.161133,1714.081467
137.67,187.946867,1675.876667,2853.161133,1621.081467
137.68,185.946867,1676.876667,2846.161133,1525.081467
137.69,183.946867,1676.876667,2849.161133,1442.081467
137.70,185.946867,1677.876667,2831.161133,1366.081467
137.71,177.946867,1681.876667,2838.161133,1290.081467
137.72,179.946867,1680.876667,2842.161133,1213.081467
137.73,177.946867,1667.876667,2846.161133,1142.081467
137.74,170.946867,1661.876667,2848.161133,1077.081467
137.75,167.946867,1670.876667,2860.161133,1008.081467
137.76,162.946867,1671.876667,2858.161133,957.081467
137.77,160.946867,1676.876667,2859.161133,917.081467
137.78,154.946867,1685.876667,2860.161133,901.081467
137.79,155.946867,1698.876667,2858.161133,899.081467
137.80,152.946867,1711.876667,2862.161133,909.081467
137.81,157.946867,1710.876667,2857.161133,916.081467
137.82,150.946867,1725.876667,2852.161133,925.081467
137.83,158.946867,1736.876667,2848.161133,936.081467
137.84,150.946867,1754.876667,2837.161133,958.081467
137.85,153.946867,1770.876667,2835.161133,984.081467
137.86,155.946867,1781.876667,2830.161133,1026.081467
137.87,148.946867,1803.876667,2834.161133,1075.081467
137.88,146.946867,1808.876667,2843.161133,1127.081467
137.89,152.946867,1821.876667,2841.161133,1177.081467
137.90,149.946867,1826.876667,2840.161133,1228.081467
137.91,153.946867,1830.876667,2833.161133,1283.081467
137.92,153.946867,1843.876667,2823.161133,1338.081467
137.93,151.946867,1849.876667,2820.161133,1389.081467
137.94,155.946867,1864.876667,2813.161133,1439.081467
137.95,155.946867,1875.876667,2817.161133,1488.081467
137.96,161.946867,1890.876667,2809.161133,1531.081467
137.97,165.946867,1896.876667,2805.161133,1564.081467
137.98,167.946867,1908.876667,2811.161133,1583.081467
137.99,174.946867,1914.876667,2809.161133,1589.081467
138.00,181.946867,1923.876667,2807.161133,1578.081467
138.01,182.946867,1927.876667,2819.161133,1566.081467
138.02,188.946867,1933.876667,2832.161133,1551.081467
138.03,198.946867,1932.876667,2856.161133,1537.081467
138.04,200.946867,1937.876667,2876.161133,1520.081467
138.05,203.946867,1946.876667,2892.161133,1500.081467
138.06,209.946867,1939.876667,2906.161133,1475.081467
138.07,213.946867,1941.876667,2916.161133,1439.081467
138.08,221.946867,1931.876667,2937.161133,1399.081467
138.09,226.946867,1931.876667,2956.161133,1352.081467
138.10,235.946867,1925.876667,2977.161133,1293.081467
138.11,246.946867,1918.876667,2993.161133,1216.081467
138.12,245.946867,1910.876667,3018.161133,1127.081467
138.13,253.946867,1895.876667,3051.161133,1027.081467
138.14,256.946867,1878.876667,3072.161133,914.081467
138.15,266.946867,1852.876667,3103.161133,792.081467
138.16,276.946867,1828.876667,3139.161133,676.081467
138.17,288.946867,1791.876667,3168.161133,562.081467
138.18,289.946867,1762.876667,3201.161133,444.081467
138.19,295.946867,1728.876667,3244.161133,326.081467
138.20,305.946867,1699.876667,3270.161133,205.081467
138.21,306.946867,1674.876667,3286.161133,86.081467
138.22,312.946867,1652.876667,3302.161133,-41.918533
138.23,319.946867,1631.876667,3317.161133,-169.918533
138.24,325.946867,1612.876667,3336.161133,-292.918533
138.25,333.946867,1598.876667,3355.161133,-414.918533
138.26,339.946867,1573.876667,3373.161133,-541.918533
138.27,339.946867,1555.876667,3395.161133,-658.918533
138.28,343.946867,1547.876667,3428.161133,-768.918533
138.29,347.946867,1524.876667,3450.161133,-873.918533
138.30,342.946867,1502.876667,3475.161133,-959.918533
138.31,347.946867,1482.876667,3510.161133,-1038.918533
138.32,343.946867,1471.876667,3525.161133,-1119.918533
138.33,344.946867,1453.876667,3551.161133,-1203.918533
138.34,340.946867,1435.876667,3570.161133,-1279.918533
138.35,336.946867,1423.876667,3580.161133,-1352.918533
138.36,333.946867,1411.876667,3605.161133,-1414.918533
138.37,326.946867,1400.876667,3625.161133,-1463.918533
138.38,315.946867,1380.876667,3635.161133,-1503.918533
138.39,314.946867,1366.876667,3655.161133,-1541.918533
138.40,299.946867,1348.876667,3671.161133,-1581.918533
138.41,295.946867,1326.876667,3688.161133,-1620.918533
138.42,281.946867,1316.876667,3693.161133,-1657.918533
138.43,266.946867,1306.876667,3701.161133,-1698.918533
138.44,258.946867,1294.876667,3697.161133,-1733.918533
138.45,247.946867,1289.876667,3696.161133,-1753.918533
138.46,225.946867,1280.876667,3707.161133,-1751.918533
138.47,207.946867,1275.876667,3710.161133,-1729.918533
138.48,190.946867,1266.876667,3715.161133,-1679.918533
138.49,174.946867,1265.876667,3718.161133,-1608.918533
138.50,159.946867,1261.876667,3722.161133,-1532.918533
138.51,146.946867,1259.876667,3738.161133,-1460.918533
138.52,122.946867,1253.876667,3756.161133,-1383.918533
138.53,100.946867,1242.876667,3764.161133,-1311.918533
138.54,80.946867,1237.876667,3784.161133,-1244.918533
138.55,69.946867,1219.876667,3799.161133,-1164.918533
138.56,42.946867,1211.876667,3806.161133,-1072.918533
138.57,31.946867,1210.876667,3820.161133,-980.918533
138.58,9.946867,1200.876667,3838.161133,-879.918533
138.59,-5.053133,1198.876667,3845.161133,-770.918533
138.60,-28.053133,1194.876667,3850.161133,-661.918533
138.61,-43.053133,1200.876667,3860.161133,-545.918533
138.62,-60.053133,1195.876667,3866.161133,-431.918533
138.63,-77.053133,1192.876667,3861.161133,-317.918533
138.64,-93.053133,1190.876667,3862.161133,-203.918533
138.65,-114.053133,1177.876667,3857.161133,-89.918533
138.66,-128.053133,1168.876667,3856.161133,27.081467
138.67,-143.053133,1153.876667,3857.161133,146.081467
138.68,-160.053133,1135.876667,3853.161133,259.081467
138.69,-177.053133,1127.876667,3838.161133,369.081467
138.70,-189.053133,1109.876667,3828.161133,491.081467
138.71,-196.053133,1104.876667,3808.161133,616.081467
138.72,-213.053133,1098.876667,3809.161133,753.081467
138.73,-219.053133,1085.876667,3796.161133,900.081467
138.74,-233.053133,1079.876667,3785.161133,1052.081467
138.75,-239.053133,1078.876667,3775.161133,1201.081467
138.76,-246.053133,1067.876667,3751.161133,1351.081467
138.77,-256.053133,1068.876667,3740.161133,1494.081467
138.78,-255.053133,1079.876667,3722.161133,1636.081467
138.79,-266.053133,1077.876667,3700.161133,1770.081467
138.80,-268.053133,1076.876667,3689.161133,1903.081467
138.81,-267.053133,1079.876667,3683.161133,2028.081467
138.82,-278.053133,1078.876667,3678.161133,2141.081467
138.83,-280.053133,1076.876667,3678.161133,2248.081467
138.84,-278.053133,1077.876667,3664.161133,2341.081467
138.85,-273.053133,1088.876667,3648.161133,2436.081467
138.86,-277.053133,1091.876667,3633.161133,2531.081467
138.87,-274.053133,1093.876667,3593.161133,2617.081467
138.88,-266.053133,1112.876667,3569.161133,2695.081467
138.89,-263.053133,1116.876667,3547.161133,2762.081467
138.90,-263.053133,1129.876667,3521.161133,2814.081467
138.91,-253.053133,1139.876667,3494.161133,2851.081467
138.92,-248.053133,1142.876667,3477.161133,2879.081467
138.93,-234.053133,1151.876667,3457.161133,2905.081467
138.94,-236.053133,1154.876667,3452.161133,2922.081467
138.95,-220.053133,1161.876667,3427.161133,2928.081467
138.96,-213.053133,1152.876667,3401.161133,2931.081467
138.97,-207.053133,1152.876667,3383.161133,2939.081467
138.98,-191.053133,1148.876667,3368.161133,2942.081467
138.99,-179.053133,1146.876667,3327.161133,2933.081467
139.00,-168.053133,1142.876667,3297.161133,2924.081467
139.01,-156.053133,1134.876667,3280.161133,2916.081467
139.02,-142.053133,1128.876667,3235.161133,2901.081467
139.03,-134.053133,1124.876667,3210.161133,2900.081467
139.04,-121.053133,1128.876667,3191.161133,2900.081467
139.05,-113.053133,1124.876667,3171.161133,2904.081467
139.06,-104.053133,1127.876667,3152.161133,2908.081467
139.07,-89.053133,1121.876667,3133.161133,2916.081467
139.08,-71.053133,1128.876667,3131.161133,2929.081467
139.09,-64.053133,1129.876667,3117.161133,2945.081467
139.10,-54.053133,1133.876667,3102.161133,2957.081467
139.11,-51.053133,1127.876667,3097.161133,2967.081467
139.12,-34.053133,1124.876667,3077.161133,2976.081467
139.13,-26.053133,1119.876667,3064.161133,2989.081467
139.14,-11.053133,1112.876667,3056.161133,3000.081467
139.15,-0.053133,1114.876667,3040.161133,3009.081467
139.16,4.946867,1106.876667,3030.161133,3018.081467
139.17,14.946867,1110.876667,3028.161133,3021.081467
139.18,22.946867,1112.876667,3006.161133,3018.081467
139.19,29.946867,1118.876667,2992.161133,3021.081467
139.20,33.946867,1129.876667,2979.161133,3024.081467
139.21,42.946867,1134.876667,2972.161133,3026.081467
139.22,46.946867,1141.876667,2969.161133,3037.081467
139.23,46.946867,1145.876667,2964.161133,3053.081467
139.24,53.946867,1155.876667,2960.161133,3075.081467
139.25,59.946867,1165.876667,2943.161133,3097.081467
139.26,66.946867,1175.876667,2933.161133,3128.081467
139.27,69.946867,1186.876667,2929.161133,3157.081467
139.28,75.946867,1190.876667,2918.161133,3181.081467
139.29,84.946867,1198.876667,2911.161133,3205.081467
139.30,81.946867,1208.876667,2913.161133,3217.081467
139.31,89.946867,1210.876667,2910.161133,3221.081467
139.32,83.946867,1210.876667,2904.161133,3214.081467
139.33,82.946867,1214.876667,2898.161133,3201.081467
139.34,87.946867,1216.876667,2899.161133,3176.081467
139.35,86.946867,1217.876667,2892.161133,3152.081467
139.36,85.946867,1216.876667,2883.161133,3115.081467
139.37,83.946867,1218.876667,2872.161133,3069.081467
139.38,85.946867,1224.876667,2849.161133,3016.081467
139.39,86.946867,1235.876667,2834.161133,2964.081467
139.40,84.946867,1235.876667,2819.161133,2904.081467
139.41,91.946867,1254.876667,2808.161133,2841.081467
139.42,82.946867,1265.876667,2799.161133,2749.081467
139.43,76.946867,1275.876667,2790.161133,2643.081467
139.44,74.946867,1279.876667,2793.161133,2527.081467
139.45,76.946867,1293.876667,2800.161133,2395.081467
139.46,70.946867,1306.876667,2801.161133,2254.081467
139.47,67.946867,1320.876667,2800.161133,2102.081467
139.48,68.946867,1331.876667,2806.161133,1949.081467
139.49,66.946867,1344.876667,2807.161133,1793.081467
139.50,60.946867,1346.876667,2817.161133,1632.081467
139.51,59.946867,1361.876667,2809.161133,1465.081467
139.52,54.946867,1369.876667,2816.161133,1297.081467
139.53,47.946867,1383.876667,2825.161133,1130.081467
139.54,49.946867,1402.876667,2817.161133,962.081467
139.55,42.946867,1407.876667,2833.161133,801.081467
139.56,39.946867,1431.876667,2826.161133,649.081467
139.57,34.946867,1448.876667,2838.161133,498.081467
139.58,33.946867,1465.876667,2846.161133,342.081467
139.59,25.946867,1492.876667,2863.161133,196.081467
139.60,24.946867,1510.876667,2875.161133,54.081467
139.61,21.946867,1536.876667,2885.161133,-85.918533
139.62,11.946867,1563.876667,2897.161133,-222.918533
139.63,8.946867,1589.876667,2908.161133,-355.918533
139.64,3.946867,1615.876667,2917.161133,-486.918533
139.65,1.946867,1640.876667,2917.161133,-612.918533
139.66,-9.053133,1661.876667,2926.161133,-722.918533
139.67,-10.053133,1684.876667,2929.161133,-824.918533
139.68,-19.053133,1704.876667,2934.161133,-922.918533
139.69,-19.053133,1720.876667,2940.161133,-1027.918533
139.70,-24.053133,1751.876667,2951.161133,-1135.918533
139.71,-31.053133,1763.876667,2966.161133,-1254.918533
139.72,-34.053133,1784.876667,2972.161133,-1380.918533
139.73,-39.053133,1801.876667,2982.161133,-1500.918533
139.74,-44.053133,1811.876667,2997.161133,-1608.918533
139.75,-49.053133,1827.876667,3003.161133,-1706.918533
139.76,-51.053133,1836.876667,2999.161133,-1808.918533
139.77,-54.053133,1850.876667,3013.161133,-1903.918533
139.78,-56.053133,1853.876667,3028.161133,-1997.918533
139.79,-52.053133,1865.876667,3043.161133,-2088.918533
139.80,-53.053133,1864.876667,3061.161133,-2178.918533
139.81,-53.053133,1875.876667,3066.161133,-2272.918533
139.82,-50.053133,1879.876667,3075.161133,-2364.918533
139.83,-53.053133,1887.876667,3070.161133,-2454.918533
139.84,-51.053133,1895.876667,3074.161133,-2534.918533
139.85,-44.053133,1897.876667,3067.161133,-2610.918533
139.86,-45.053133,1906.876667,3068.161133,-2673.918533
139.87,-37.053133,1916.876667,3057.161133,-2724.918533
139.88,-36.053133,1924.876667,3066.161133,-2766.918533
139.89,-28.053133,1934.876667,3061.161133,-2802.918533
139.90,-28.053133,1941.876667,3060.161133,-2824.918533
139.91,-23.053133,1957.876667,3065.161133,-2836.918533
139.92,-25.053133,1969.876667,3074.161133,-2838.918533
139.93,-23.053133,1984.876667,3081.161133,-2842.918533
139.94,-19.053133,1990.876667,3090.161133,-2845.918533
139.95,-12.053133,2000.876667,3106.161133,-2831.918533
139.96,-7.053133,2013.876667,3123.161133,-2809.918533
139.97,-8.053133,2016.876667,3133.161133,-2774.918533
139.98,-2.053133,2027.876667,3142.161133,-2726.918533
139.99,-0.053133,2033.876667,3149.161133,-2665.918533
140.00,1.946867,2034.876667,3153.161133,-2609.918533
140.01,6.946867,2036.876667,3162.161133,-2549.918533
140.02,19.946867,2044.876667,3167.161133,-2474.918533
140.03,18.946867,2051.876667,3181.161133,-2396.918533
140.04,28.946867,2058.876667,3184.161133,-2309.918533
140.05,30.946867,2067.876667,3195.161133,-2212.918533
140.06,37.946867,2079.876667,3219.161133,-2114.918533
140.07,51.946867,2087.876667,3224.161133,-2020.918533
140.08,57.946867,2097.876667,3229.161133,-1929.918533
140.09,62.946867,2108.876667,3242.161133,-1833.918533
140.10,73.946867,2124.876667,3257.161133,-1727.918533
140.11,68.946867,2129.876667,3275.161133,-1617.918533
140.12,77.946867,2140.876667,3279.161133,-1498.918533
140.13,83.946867,2143.876667,3283.161133,-1373.918533
140.14,81.946867,2162.876667,3296.161133,-1244.918533
140.15,86.946867,2165.876667,3283.161133,-1117.918533
140.16,101.946867,2172.876667,3282.161133,-982.918533
140.17,109.946867,2191.876667,3271.161133,-845.918533
140.18,114.946867,2202.876667,3274.161133,-703.918533
140.19,119.946867,2214.876667,3267.161133,-555.918533
140.20,124.946867,2221.876667,3268.161133,-404.918533
140.21,134.946867,2235.876667,3278.161133,-252.918533
140.22,133.946867,2238.876667,3291.161133,-117.918533
140.23,132.946867,2237.876667,3299.161133,8.081467
140.24,137.946867,2232.876667,3312.161133,122.081467
140.25,140.946867,2229.876667,3324.161133,222.081467
140.26,143.946867,2214.876667,3325.161133,321.081467
140.27,150.946867,2202.876667,3341.161133,426.081467
140.28,145.946867,2192.876667,3359.161133,532.081467
140.29,151.946867,2168.876667,3366.161133,639.081467
140.30,148.946867,2165.876667,3382.161133,748.081467
140.31,149.946867,2148.876667,3397.161133,860.081467
140.32,150.946867,2136.876667,3419.161133,957.081467
140.33,145.946867,2119.876667,3421.161133,1048.081467
140.34,151.946867,2104.876667,3417.161133,1133.081467
140.35,141.946867,2098.876667,3441.161133,1216.081467
140.36,139.946867,2080.876667,3440.161133,1291.081467
140.37,133.946867,2077.876667,3455.161133,1369.081467
140.38,128.946867,2061.876667,3473.161133,1445.081467
140.39,117.946867,2037.876667,3486.161133,1523.081467
140.40,107.946867,2020.876667,3514.161133,1595.081467
140.41,96.946867,1988.876667,3519.161133,1666.081467
140.42,91.946867,1956.876667,3535.161133,1730.081467
140.43,83.946867,1930.876667,3573.161133,1794.081467
140.44,68.946867,1902.876667,3594.161133,1846.081467
140.45,54.946867,1871.876667,3605.161133,1893.081467
140.46,42.946867,1844.876667,3627.161133,1946.081467
140.47,26.946867,1828.876667,3639.161133,2004.081467
140.48,19.946867,1804.876667,3652.161133,2060.081467
140.49,4.946867,1779.876667,3641.161133,2118.081467
140.50,-6.053133,1756.876667,3635.161133,2173.081467
140.51,-16.053133,1741.876667,3632.161133,2234.081467
140.52,-31.053133,1718.876667,3634.161133,2294.081467
140.53,-34.053133,1693.876667,3631.161133,2359.081467
140.54,-49.053133,1678.876667,3630.161133,2433.081467
140.55,-64.053133,1654.876667,3635.161133,2509.081467
140.56,-81.053133,1626.876667,3636.161133,2595.081467
140.57,-88.053133,1596.876667,3649.161133,2690.081467
140.58,-102.053133,1566.876667,3654.161133,2793.081467
140.59,-108.053133,1532.876667,3652.161133,2894.081467
140.60,-116.053133,1497.876667,3644.161133,2994.081467
140.61,-123.053133,1467.876667,3646.161133,3100.081467
140.62,-127.053133,1433.876667,3628.161133,3201.081467
140.63,-137.053133,1397.876667,3616.161133,3297.081467
140.64,-146.053133,1361.876667,3618.161133,3394.081467
140.65,-150.053133,1326.876667,3610.161133,3496.081467
140.66,-159.053133,1293.876667,3600.161133,3595.081467
140.67,-161.053133,1257.876667,3585.161133,3695.081467
140.68,-177.053133,1233.876667,3565.161133,3792.081467
140.69,-181.053133,1206.876667,3549.161133,3890.081467
140.70,-186.053133,1183.876667,3516.161133,3976.081467
140.71,-185.053133,1164.876667,3494.161133,4053.081467
140.72,-188.053133,1146.876667,3472.161133,4121.081467
140.73,-190.053133,1124.876667,3447.161133,4181.081467
140.74,-197.053133,1102.876667,3410.161133,4251.081467
140.75,-197.053133,1086.876667,3379.161133,4334.081467
140.76,-199.053133,1072.876667,3334.161133,4423.081467
140.77,-203.053133,1068.876667,3300.161133,4514.081467
140.78,-197.053133,1069.876667,3250.161133,4610.081467
140.79,-203.053133,1067.876667,3212.161133,4701.081467
140.80,-203.053133,1068.876667,3170.161133,4788.081467
140.81,-200.053133,1070.876667,3131.161133,4865.081467
140.82,-201.053133,1066.876667,3097.161133,4938.081467
140.83,-199.053133,1078.876667,3049.161133,5014.081467
140.84,-198.053133,1080.876667,3006.161133,5087.081467
140.85,-188.053133,1095.876667,2983.161133,5165.081467
140.86,-187.053133,1121.876667,2941.161133,5228.081467
140.87,-185.053133,1135.876667,2915.161133,5289.081467
140.88,-180.053133,1160.876667,2885.161133,5340.081467
140.89,-173.053133,1179.876667,2851.161133,5383.081467
140.90,-169.053133,1199.876667,2816.161133,5415.081467
140.91,-165.053133,1212.876667,2781.161133,5444.081467
140.92,-156.053133,1226.876667,2754.161133,5475.081467
140.93,-146.053133,1246.876667,2722.161133,5507.081467
140.94,-141.053133,1252.876667,2702.161133,5539.081467
140.95,-140.053133,1265.876667,2685.161133,5571.081467
140.96,-128.053133,1272.876667,2675.161133,5608.081467
140.97,-129.053133,1286.876667,2655.161133,5643.081467
140.98,-122.053133,1298.876667,2645.161133,5671.081467
140.99,-115.053133,1301.876667,2626.161133,5697.081467
141.00,-109.053133,1307.876667,2606.161133,5726.081467
141.01,-102.053133,1316.876667,2583.161133,5754.081467
141.02,-93.053133,1331.876667,2568.161133,5775.081467
141.03,-83.053133,1330.876667,2552.161133,5797.081467
141.04,-74.053133,1342.876667,2540.161133,5814.081467
141.05,-67.053133,1348.876667,2523.161133,5818.081467
141.06,-52.053133,1353.876667,2526.161133,5817.081467
141.07,-38.053133,1357.876667,2500.161133,5816.081467
141.08,-37.053133,1352.876667,2489.161133,5817.081467
141.09,-28.053133,1349.876667,2481.161133,5816.081467
141.10,-22.053133,1353.876667,2466.161133,5806.081467
141.11,-22.053133,1350.876667,2478.161133,5799.081467
141.12,-14.053133,1356.876667,2481.161133,5786.081467
141.13,-2.053133,1359.876667,2472.161133,5766.081467
141.14,-2.053133,1366.876667,2463.161133,5743.081467
141.15,8.946867,1374.876667,2475.161133,5724.081467
141.16,9.946867,1376.876667,2479.161133,5707.081467
141.17,9.946867,1380.876667,2480.161133,5701.081467
141.18,18.946867,1386.876667,2476.161133,5701.081467
141.19,16.946867,1396.876667,2487.161133,5701.081467
141.20,18.946867,1389.876667,2494.161133,5700.081467
141.21,25.946867,1395.876667,2495.161133,5700.081467
141.22,21.946867,1401.876667,2505.161133,5699.081467
141.23,27.946867,1399.876667,2519.161133,5693.081467
141.24,31.946867,1400.876667,2541.161133,5681.081467
141.25,26.946867,1397.876667,2566.161133,5663.081467
141.26,25.946867,1386.876667,2583.161133,5641.081467
141.27,26.946867,1379.876667,2602.161133,5617.081467
141.28,28.946867,1372.876667,2619.161133,5589.081467
141.29,28.946867,1367.876667,2647.161133,5562.081467
141.30,28.946867,1364.876667,2666.161133,5522.081467
141.31,24.946867,1353.876667,2687.161133,5475.081467
141.32,25.946867,1346.876667,2713.161133,5423.081467
141.33,23.946867,1334.876667,2736.161133,5366.081467
141.34,22.946867,1326.876667,2768.161133,5312.081467
141.35,19.946867,1314.876667,2790.161133,5245.081467
141.36,16.946867,1298.876667,2807.161133,5175.081467
141.37,21.946867,1281.876667,2821.161133,5094.081467
141.38,17.946867,1258.876667,2841.161133,5005.081467
141.39,11.946867,1234.876667,2856.161133,4909.081467
141.40,16.946867,1202.876667,2864.161133,4816.081467
141.41,10.946867,1175.876667,2873.161133,4721.081467
141.42,12.946867,1156.876667,2885.161133,4621.081467
141.43,8.946867,1131.876667,2906.161133,4513.081467
141.44,6.946867,1111.876667,2914.161133,4406.081467
141.45,3.946867,1089.876667,2931.161133,4301.081467
141.46,-1.053133,1064.876667,2946.161133,4200.081467
141.47,-7.053133,1045.876667,2946.161133,4103.081467
141.48,-11.053133,1025.876667,2957.161133,4014.081467
141.49,-12.053133,1004.876667,2968.161133,3922.081467
141.50,-16.053133,987.876667,2971.161133,3829.081467
141.51,-15.053133,967.876667,2976.161133,3743.081467
141.52,-18.053133,949.876667,2979.161133,3666.081467
141.53,-17.053133,935.876667,2996.161133,3605.081467
141.54,-12.053133,910.876667,3007.161133,3545.081467
141.55,-16.053133,889.876667,3016.161133,3486.081467
141.56,-16.053133,864.876667,3015.161133,3432.081467
141.57,-18.053133,836.876667,3019.161133,3392.081467
141.58,-19.053133,822.876667,3041.161133,3364.081467
141.59,-18.053133,799.876667,3061.161133,3347.081467
141.60,-13.053133,780.876667,3070.161133,3352.081467
141.61,-17.053133,776.876667,3080.161133,3370.081467
141.62,-10.053133,765.876667,3089.161133,3388.081467
141.63,-10.053133,752.876667,3100.161133,3410.081467
141.64,-7.053133,744.876667,3124.161133,3438.081467
141.65,-9.053133,734.876667,3130.161133,3474.081467
141.66,-7.053133,728.876667,3152.161133,3523.081467
141.67,-8.053133,726.876667,3162.161133,3584.081467
141.68,-3.053133,730.876667,3181.161133,3647.081467
141.69,-2.053133,728.876667,3194.161133,3712.081467
141.70,0.946867,733.876667,3203.161133,3761.081467
141.71,7.946867,734.876667,3219.161133,3811.081467
141.72,6.946867,729.876667,3228.161133,3860.081467
141.73,13.946867,739.876667,3237.161133,3914.081467
141.74,11.946867,745.876667,3251.161133,3973.081467
141.75,14.946867,754.876667,3264.161133,4029.081467
141.76,19.946867,768.876667,3278.161133,4094.081467
141.77,19.946867,782.876667,3289.161133,4161.081467
141.78,24.946867,806.876667,3292.161133,4228.081467
141.79,24.946867,824.876667,3289.161133,4289.081467
141.80,22.946867,845.876667,3294.161133,4348.081467
141.81,35.946867,868.876667,3313.161133,4397.081467
141.82,36.946867,892.876667,3309.161133,4436.081467
141.83,39.946867,927.876667,3314.161133,4463.081467
141.84,41.946867,955.876667,3314.161133,4489.081467
141.85,42.946867,982.876667,3325.161133,4503.081467
141.86,51.946867,1008.876667,3334.161133,4511.081467
141.87,56.946867,1037.876667,3328.161133,4515.081467
141.88,59.946867,1064.876667,3339.161133,4517.081467
141.89,61.946867,1085.876667,3328.161133,4516.081467
141.90,68.946867,1129.876667,3337.161133,4510.081467
141.91,66.946867,1151.876667,3333.161133,4501.081467
141.92,72.946867,1193.876667,3332.161133,4489.081467
141.93,73.946867,1234.876667,3335.161133,4466.081467
141.94,76.946867,1271.876667,3333.161133,4428.081467
141.95,79.946867,1306.876667,3342.161133,4380.081467
141.96,85.946867,1343.876667,3341.161133,4320.081467
141.97,84.946867,1378.876667,3344.161133,4257.081467
141.98,89.946867,1411.876667,3347.161133,4184.081467
141.99,88.946867,1445.876667,3352.161133,4109.081467
142.00,86.946867,1477.876667,3364.161133,4035.081467
142.01,89.946867,1510.876667,3363.161133,3966.081467
142.02,93.946867,1534.876667,3372.161133,3895.081467
142.03,95.946867,1570.876667,3378.161133,3835.081467
142.04,87.946867,1597.876667,3381.161133,3778.081467
142.05,94.946867,1633.876667,3394.161133,3723.081467
142.06,96.946867,1665.876667,3394.161133,3654.081467
142.07,96.946867,1708.876667,3394.161133,3587.081467
142.08,96.946867,1743.876667,3390.161133,3514.081467
142.09,93.946867,1782.876667,3396.161133,3439.081467
142.10,103.946867,1816.876667,3397.161133,3366.081467
142.11,103.946867,1840.876667,3405.161133,3297.081467
142.12,99.946867,1874.876667,3409.161133,3229.081467
142.13,99.946867,1900.876667,3402.161133,3164.081467
142.14,102.946867,1929.876667,3404.161133,3104.081467
142.15,100.946867,1955.876667,3406.161133,3047.081467
142.16,101.946867,1977.876667,3407.161133,2984.081467
142.17,105.946867,1999.876667,3404.161133,2931.081467
142.18,103.946867,2022.876667,3417.161133,2858.081467
142.19,99.946867,2032.876667,3419.161133,2777.081467
142.20,101.946867,2054.876667,3424.161133,2692.081467
142.21,102.946867,2069.876667,3428.161133,2604.081467
142.22,94.946867,2092.876667,3428.161133,2507.081467
142.23,94.946867,2111.876667,3421.161133,2403.081467
142.24,93.946867,2127.876667,3408.161133,2299.081467
142.25,89.946867,2145.876667,3395.161133,2197.081467
142.26,94.946867,2160.876667,3383.161133,2085.081467
142.27,95.946867,2164.876667,3388.161133,1966.081467
142.28,94.946867,2177.876667,3386.161133,1841.081467
142.29,92.946867,2184.876667,3384.161133,1705.081467
142.30,91.946867,2189.876667,3388.161133,1573.081467
142.31,90.946867,2202.876667,3386.161133,1429.081467
142.32,84.946867,2208.876667,3380.161133,1281.081467
142.33,84.946867,2212.876667,3382.161133,1118.081467
142.34,84.946867,2215.876667,3369.161133,940.081467
142.35,77.946867,2221.876667,3366.161133,758.081467
142.36,74.946867,2226.876667,3361.161133,566.081467
142.37,68.946867,2230.876667,3356.161133,380.081467
142.38,62.946867,2236.876667,3348.161133,204.081467
142.39,60.946867,2252.876667,3338.161133,25.081467
142.40,55.946867,2259.876667,3333.161133,-151.918533
142.41,46.946867,2260.876667,3329.161133,-322.918533
142.42,45.946867,2255.876667,3313.161133,-493.918533
142.43,41.946867,2243.876667,3318.161133,-656.918533
142.44,28.946867,2234.876667,3306.161133,-814.918533
142.45,22.946867,2214.876667,3298.161133,-967.918533
142.46,22.946867,2203.876667,3290.161133,-1099.918533
142.47,18.946867,2199.876667,3290.161133,-1225.918533
142.48,8.946867,2181.876667,3279.161133,-1346.918533
142.49,1.946867,2173.876667,3266.161133,-1457.918533
142.50,-8.053133,2160.876667,3265.161133,-1560.918533
142.51,-14.053133,2143.876667,3254.161133,-1658.918533
142.52,-23.053133,2117.876667,3241.161133,-1746.918533
142.53,-29.053133,2106.876667,3237.161133,-1823.918533
142.54,-33.053133,2086.876667,3217.161133,-1893.918533
142.55,-37.053133,2064.876667,3204.161133,-1953.918533
142.56,-43.053133,2050.876667,3182.161133,-2000.918533
142.57,-53.053133,2036.876667,3172.161133,-2036.918533
142.58,-60.053133,2017.876667,3147.161133,-2057.918533
142.59,-68.053133,1994.876667,3139.161133,-2061.918533
142.60,-70.053133,1979.876667,3121.161133,-2058.918533
142.61,-80.053133,1950.876667,3108.161133,-2056.918533
142.62,-83.053133,1925.876667,3095.161133,-2055.918533
142.63,-84.053133,1906.876667,3068.161133,-2052.918533
142.64,-91.053133,1891.876667,3049.161133,-2048.918533
142.65,-93.053133,1874.876667,3022.161133,-2045.918533
142.66,-100.053133,1851.876667,3009.161133,-2026.918533
142.67,-102.053133,1829.876667,2986.161133,-2006.918533
142.68,-107.053133,1803.876667,2960.161133,-1974.918533
142.69,-104.053133,1780.876667,2948.161133,-1939.918533
142.70,-100.053133,1767.876667,2922.161133,-1910.918533
142.71,-103.053133,1736.876667,2902.161133,-1881.918533
142.72,-109.053133,1716.876667,2871.161133,-1841.918533
142.73,-102.053133,1697.876667,2848.161133,-1810.918533
142.74,-99.053133,1672.876667,2831.161133,-1774.918533
142.75,-96.053133,1649.876667,2811.161133,-1734.918533
142.76,-91.053133,1634.876667,2792.161133,-1692.918533
142.77,-95.053133,1613.876667,2796.161133,-1654.918533
142.78,-95.053133,1599.876667,2786.161133,-1626.918533
142.79,-87.053133,1586.876667,2781.161133,-1597.918533
142.80,-81.053133,1568.876667,2776.161133,-1561.918533
142.81,-76.053133,1564.876667,2758.161133,-1525.918533
142.82,-74.053133,1550.876667,2752.161133,-1484.918533
142.83,-66.053133,1536.876667,2748.161133,-1435.918533
142.84,-61.053133,1528.876667,2746.161133,-1374.918533
142.85,-60.053133,1519.876667,2734.161133,-1319.918533
142.86,-56.053133,1516.876667,2722.161133,-1274.918533
142.87,-50.053133,1493.876667,2713.161133,-1229.918533
142.88,-43.053133,1487.876667,2708.161133,-1180.918533
142.89,-35.053133,1484.876667,2694.161133,-1133.918533
142.90,-27.053133,1472.876667,2679.161133,-1087.918533
142.91,-24.053133,1455.876667,2677.161133,-1038.918533
142.92,-15.053133,1444.876667,2675.161133,-976.918533
142.93,-13.053133,1427.876667,2666.161133,-911.918533
142.94,-4.053133,1428.876667,2662.161133,-847.918533
142.95,1.946867,1415.876667,2659.161133,-786.918533
142.96,3.946867,1401.876667,2648.161133,-725.918533
142.97,4.946867,1391.876667,2637.161133,-656.918533
142.98,12.946867,1387.876667,2631.161133,-585.918533
142.99,16.946867,1377.876667,2621.161133,-523.918533
143.00,22.946867,1361.876667,2622.161133,-459.918533
143.01,29.946867,1346.876667,2606.161133,-385.918533
143.02,32.946867,1334.876667,2603.161133,-308.918533
143.03,46.946867,1331.876667,2600.161133,-229.918533
143.04,48.946867,1316.876667,2620.161133,-139.918533
143.05,52.946867,1311.876667,2619.161133,-44.918533
143.06,56.946867,1301.876667,2637.161133,46.081467
143.07,64.946867,1288.876667,2642.161133,133.081467
143.08,68.946867,1279.876667,2650.161133,226.081467
143.09,71.946867,1269.876667,2667.161133,323.081467
143.10,79.946867,1258.876667,2670.161133,428.081467
143.11,80.946867,1250.876667,2674.161133,537.081467
143.12,88.946867,1240.876667,2698.161133,654.081467
143.13,93.946867,1228.876667,2722.161133,779.081467
143.14,92.946867,1224.876667,2748.161133,897.081467
143.15,95.946867,1208.876667,2763.161133,1009.081467
143.16,97.946867,1201.876667,2781.161133,1116.081467
143.17,97.946867,1187.876667,2797.161133,1219.081467
143.18,100.946867,1177.876667,2800.161133,1318.081467
143.19,107.946867,1173.876667,2821.161133,1415.081467
143.20,110.946867,1169.876667,2843.161133,1515.081467
143.21,114.946867,1171.876667,2868.161133,1613.081467
143.22,119.946867,1160.876667,2888.161133,1704.081467
143.23,122.946867,1159.876667,2904.161133,1791.081467
143.24,123.946867,1150.876667,2925.161133,1880.081467
143.25,127.946867,1147.876667,2943.161133,1968.081467
143.26,129.946867,1139.876667,2954.161133,2052.081467
143.27,136.946867,1139.876667,2975.161133,2121.081467
143.28,145.946867,1131.876667,2989.161133,2168.081467
143.29,147.946867,1123.876667,3009.161133,2203.081467
143.30,147.946867,1121.876667,3029.161133,2237.081467
143.31,142.946867,1119.876667,3052.161133,2261.081467
143.32,151.946867,1111.876667,3060.161133,2281.081467
143.33,146.946867,1104.876667,3072.161133,2291.081467
143.34,153.946867,1099.876667,3092.161133,2293.081467
143.35,153.946867,1097.876667,3108.161133,2284.081467
143.36,163.946867,1091.876667,3130.161133,2278.081467
143.37,163.946867,1092.876667,3140.161133,2254.081467
143.38,169.946867,1077.876667,3164.161133,2219.081467
143.39,165.946867,1076.876667,3190.161133,2179.081467
143.40,162.946867,1074.876667,3208.161133,2125.081467
143.41,163.946867,1061.876667,3231.161133,2062.081467
143.42,165.946867,1058.876667,3253.161133,2001.081467
143.43,166.946867,1051.876667,3266.161133,1932.081467
143.44,163.946867,1049.876667,3275.161133,1865.081467
143.45,166.946867,1048.876667,3284.161133,1803.081467
143.46,166.946867,1042.876667,3294.161133,1739.081467
143.47,165.946867,1041.876667,3306.161133,1689.081467
143.48,164.946867,1034.876667,3325.161133,1642.081467
143.49,161.946867,1032.876667,3340.161133,1591.081467
143.50,160.946867,1022.876667,3362.161133,1542.081467
143.51,161.946867,1013.876667,3380.161133,1492.081467
143.52,158.946867,1008.876667,3393.161133,1442.081467
143.53,159.946867,1008.876667,3417.161133,1388.081467
143.54,161.946867,1002.876667,3426.161133,1331.081467
143.55,161.946867,1001.876667,3438.161133,1272.081467
143.56,158.946867,1001.876667,3461.161133,1213.081467
143.57,156.946867,1000.876667,3466.161133,1152.081467
143.58,149.946867,1003.876667,3482.161133,1093.081467
143.59,148.946867,1003.876667,3491.161133,1043.081467
143.60,143.946867,1002.876667,3503.161133,999.081467
143.61,143.946867,998.876667,3516.161133,971.081467
143.62,139.946867,1000.876667,3531.161133,939.081467
143.63,130.946867,988.876667,3544.161133,913.081467
143.64,133.946867,992.876667,3550.161133,890.081467
143.65,131.946867,999.876667,3559.161133,862.081467
143.66,125.946867,999.876667,3562.161133,832.081467
143.67,121.946867,1000.876667,3571.161133,803.081467
143.68,114.946867,1009.876667,3587.161133,767.081467
143.69,108.946867,1009.876667,3597.161133,732.081467
143.70,105.946867,1018.876667,3615.161133,697.081467
143.71,104.946867,1029.876667,3631.161133,656.081467
143.72,99.946867,1040.876667,3640.161133,614.081467
143.73,97.946867,1046.876667,3647.161133,558.081467
143.74,91.946867,1050.876667,3647.161133,498.081467
143.75,88.946867,1067.876667,3647.161133,440.081467
143.76,87.946867,1074.876667,3632.161133,386.081467
143.77,81.946867,1095.876667,3626.161133,325.081467
143.78,75.946867,1109.876667,3609.161133,261.081467
143.79,67.946867,1121.876667,3604.161133,193.081467
143.80,65.946867,1136.876667,3595.161133,120.081467
143.81,63.946867,1148.876667,3578.161133,47.081467
143.82,55.946867,1165.876667,3567.161133,-24.918533
143.83,52.946867,1170.876667,3561.161133,-96.918533
143.84,44.946867,1177.876667,3554.161133,-170.918533
143.85,37.946867,1192.876667,3549.161133,-251.918533
143.86,30.946867,1204.876667,3531.161133,-340.918533
143.87,21.946867,1209.876667,3519.161133,-432.918533
143.88,16.946867,1226.876667,3496.161133,-524.918533
143.89,11.946867,1231.876667,3476.161133,-613.918533
143.90,3.946867,1251.876667,3453.161133,-696.918533
143.91,-3.053133,1266.876667,3425.161133,-774.918533
143.92,-12.053133,1276.876667,3410.161133,-839.918533
143.93,-18.053133,1293.876667,3380.161133,-902.918533
143.94,-28.053133,1307.876667,3357.161133,-959.918533
143.95,-42.053133,1318.876667,3344.161133,-1003.918533
143.96,-48.053133,1325.876667,3331.161133,-1040.918533
143.97,-61.053133,1334.876667,3304.161133,-1064.918533
143.98,-75.053133,1340.876667,3280.161133,-1069.918533
143.99,-81.053133,1346.876667,3257.161133,-1065.918533
144.00,-88.053133,1355.876667,3241.161133,-1045.918533
144.01,-93.053133,1363.876667,3222.161133,-1013.918533
144.02,-96.053133,1365.876667,3199.161133,-963.918533
144.03,-106.053133,1379.876667,3187.161133,-893.918533
144.04,-111.053133,1392.876667,3178.161133,-813.918533
144.05,-124.053133,1403.876667,3178.161133,-719.918533
144.06,-130.053133,1408.876667,3167.161133,-620.918533
144.07,-141.053133,1416.876667,3173.161133,-506.918533
144.08,-146.053133,1419.876667,3148.161133,-384.918533
144.09,-148.053133,1426.876667,3145.161133,-255.918533
144.10,-154.053133,1424.876667,3124.161133,-112.918533
144.11,-159.053133,1424.876667,3122.161133,39.081467
144.12,-162.053133,1427.876667,3102.161133,202.081467
144.13,-160.053133,1428.876667,3090.161133,368.081467
144.14,-163.053133,1428.876667,3082.161133,531.081467
144.15,-164.053133,1430.876667,3067.161133,688.081467
144.16,-165.053133,1428.876667,3047.161133,835.081467
144.17,-174.053133,1428.876667,3042.161133,980.081467
144.18,-172.053133,1434.876667,3035.161133,1130.081467
144.19,-174.053133,1431.876667,3020.161133,1286.081467
144.20,-183.053133,1441.876667,3030.161133,1437.081467
144.21,-180.053133,1443.876667,3036.161133,1582.081467
144.22,-185.053133,1447.876667,3028.161133,1711.081467
144.23,-191.053133,1444.876667,3027.161133,1833.081467
144.24,-189.053133,1438.876667,3014.161133,1954.081467
144.25,-196.053133,1434.876667,3011.161133,2082.081467
144.26,-198.053133,1431.876667,3002.161133,2210.081467
144.27,-202.053133,1435.876667,2986.161133,2334.081467
144.28,-202.053133,1430.876667,2976.161133,2454.081467
144.29,-200.053133,1432.876667,2965.161133,2561.081467
144.30,-206.053133,1422.876667,2954.161133,2652.081467
144.31,-208.053133,1423.876667,2943.161133,2737.081467
144.32,-205.053133,1415.876667,2936.161133,2816.081467
144.33,-213.053133,1408.876667,2937.161133,2888.081467
144.34,-211.053133,1404.876667,2931.161133,2954.081467
144.35,-223.053133,1390.876667,2933.161133,3011.081467
144.36,-220.053133,1382.876667,2938.161133,3069.081467
144.37,-230.053133,1373.876667,2920.161133,3128.081467
144.38,-232.053133,1372.876667,2916.161133,3170.081467
144.39,-232.053133,1355.876667,2907.161133,3205.081467
144.40,-233.053133,1340.876667,2908.161133,3236.081467
144.41,-229.053133,1329.876667,2908.161133,3267.081467
144.42,-231.053133,1323.876667,2896.161133,3283.081467
144.43,-234.053133,1320.876667,2890.161133,3288.081467
144.44,-233.053133,1321.876667,2880.161133,3294.081467
144.45,-232.053133,1336.876667,2872.161133,3294.081467
144.46,-233.053133,1337.876667,2864.161133,3285.081467
144.47,-241.053133,1343.876667,2848.161133,3272.081467
144.48,-232.053133,1342.876667,2835.161133,3266.081467
144.49,-233.053133,1361.876667,2844.161133,3261.081467
144.50,-233.053133,1366.876667,2838.161133,3252.081467
144.51,-227.053133,1375.876667,2825.161133,3243.081467
144.52,-232.053133,1389.876667,2822.161133,3247.081467
144.53,-233.053133,1400.876667,2812.161133,3258.081467
144.54,-229.053133,1418.876667,2791.161133,3278.081467
144.55,-227.053133,1428.876667,2785.161133,3306.081467
144.56,-230.053133,1439.876667,2776.161133,3339.081467
144.57,-218.053133,1442.876667,2764.161133,3379.081467
144.58,-215.053133,1445.876667,2760.161133,3419.081467
144.59,-218.053133,1458.876667,2756.161133,3460.081467
144.60,-207.053133,1463.876667,2757.161133,3509.081467
144.61,-205.053133,1474.876667,2746.161133,3562.081467
144.62,-201.053133,1486.876667,2743.161133,3630.081467
144.63,-192.053133,1501.876667,2735.161133,3704.081467
144.64,-189.053133,1513.876667,2734.161133,3788.081467
144.65,-173.053133,1520.876667,2731.161133,3876.081467
144.66,-168.053133,1538.876667,2739.161133,3972.081467
144.67,-164.053133,1550.876667,2741.161133,4068.081467
144.68,-154.053133,1561.876667,2746.161133,4163.081467
144.69,-140.053133,1578.876667,2745.161133,4260.081467
144.70,-135.053133,1588.876667,2751.161133,4352.081467
144.71,-126.053133,1598.876667,2746.161133,4446.081467
144.72,-118.053133,1598.876667,2757.161133,4546.081467
144.73,-103.053133,1607.876667,2753.161133,4644.081467
144.74,-95.053133,1608.876667,2755.161133,4747.081467
144.75,-86.053133,1613.876667,2755.161133,4844.081467
144.76,-73.053133,1615.876667,2767.161133,4943.081467
144.77,-64.053133,1619.876667,2776.161133,5035.081467
144.78,-55.053133,1623.876667,2792.161133,5128.081467
144.79,-39.053133,1621.876667,2803.161133,5211.081467
144.80,-27.053133,1629.876667,2811.161133,5289.081467
144.81,-14.053133,1621.876667,2827.161133,5355.081467
144.82,-0.053133,1623.876667,2831.161133,5409.081467
144.83,6.946867,1630.876667,2844.161133,5456.081467
144.84,21.946867,1633.876667,2862.161133,5492.081467
144.85,21.946867,1636.876667,2885.161133,5521.081467
144.86,26.946867,1638.876667,2905.161133,5553.081467
144.87,39.946867,1640.876667,2918.161133,5581.081467
144.88,45.946867,1644.876667,2943.161133,5597.081467
144.89,53.946867,1647.876667,2960.161133,5609.081467
144.90,58.946867,1657.876667,2974.161133,5605.081467
144.91,73.946867,1668.876667,2987.161133,5594.081467
144.92,74.946867,1677.876667,3002.161133,5567.081467
144.93,87.946867,1679.876667,3019.161133,5536.081467
144.94,89.946867,1679.876667,3035.161133,5503.081467
144.95,93.946867,1680.876667,3055.161133,5469.081467
144.96,97.946867,1692.876667,3085.161133,5433.081467
144.97,100.946867,1695.876667,3103.161133,5400.081467
144.98,102.946867,1706.876667,3117.161133,5361.081467
144.99,104.946867,1715.876667,3136.161133,5322.081467
145.00,105.946867,1725.876667,3136.161133,5285.081467
145.01,106.946867,1734.876667,3154.161133,5256.081467
145.02,108.946867,1737.876667,3171.161133,5232.081467
145.03,112.946867,1725.876667,3173.161133,5206.081467
145.04,116.946867,1725.876667,3181.161133,5190.081467
145.05,111.946867,1718.876667,3202.161133,5183.081467
145.06,118.946867,1712.876667,3219.161133,5185.081467
145.07,112.946867,1703.876667,3232.161133,5188.081467
145.08,117.946867,1701.876667,3237.161133,5207.081467
145.09,121.946867,1688.876667,3235.161133,5221.081467
145.10,122.946867,1684.876667,3238.161133,5225.081467
145.11,121.946867,1667.876667,3245.161133,5223.081467
145.12,127.946867,1653.876667,3246.161133,5220.081467
145.13,125.946867,1642.876667,3253.161133,5219.081467
145.14,125.946867,1626.876667,3255.161133,5231.081467
145.15,130.946867,1613.876667,3255.161133,5247.081467
145.16,130.946867,1596.876667,3259.161133,5269.081467
145.17,131.946867,1586.876667,3270.161133,5297.081467
145.18,135.946867,1568.876667,3264.161133,5323.081467
145.19,136.946867,1552.876667,3262.161133,5346.081467
145.20,135.946867,1537.876667,3276.161133,5377.081467
145.21,142.946867,1522.876667,3267.161133,5404.081467
145.22,143.946867,1499.876667,3266.161133,5428.081467
145.23,147.946867,1470.876667,3273.161133,5454.081467
145.24,146.946867,1450.876667,3270.161133,5484.081467
145.25,148.946867,1427.876667,3266.161133,5516.081467
145.26,151.946867,1411.876667,3270.161133,5548.081467
145.27,146.946867,1400.876667,3254.161133,5579.081467
145.28,147.946867,1383.876667,3250.161133,5613.081467
145.29,148.946867,1367.876667,3240.161133,5642.081467
145.30,145.946867,1351.876667,3231.161133,5672.081467
145.31,144.946867,1344.876667,3229.161133,5701.081467
145.32,144.946867,1319.876667,3222.161133,5729.081467
145.33,146.946867,1307.876667,3210.161133,5756.081467
145.34,138.946867,1296.876667,3199.161133,5784.081467
145.35,141.946867,1283.876667,3188.161133,5817.081467
145.36,135.946867,1272.876667,3182.161133,5850.081467
145.37,134.946867,1251.876667,3181.161133,5878.081467
145.38,132.946867,1238.876667,3172.161133,5896.081467
145.39,127.946867,1226.876667,3165.161133,5907.081467
145.40,120.946867,1223.876667,3150.161133,5909.081467
145.41,115.946867,1212.876667,3144.161133,5904.081467
145.42,105.946867,1203.876667,3144.161133,5896.081467
145.43,103.946867,1199.876667,3141.161133,5881.081467
145.44,95.946867,1197.876667,3133.161133,5871.081467
145.45,88.946867,1204.876667,3131.161133,5857.081467
145.46,78.946867,1202.876667,3128.161133,5835.081467
145.47,73.946867,1206.876667,3123.161133,5809.081467
145.48,62.946867,1222.876667,3124.161133,5781.081467
145.49,56.946867,1228.876667,3121.161133,5746.081467
145.50,46.946867,1241.876667,3112.161133,5702.081467
145.51,48.946867,1244.876667,3107.161133,5659.081467
145.52,37.946867,1251.876667,3106.161133,5615.081467
145.53,34.946867,1261.876667,3101.161133,5568.081467
145.54,23.946867,1263.876667,3095.161133,5512.081467
145.55,13.946867,1274.876667,3093.161133,5454.081467
145.56,11.946867,1278.876667,3081.161133,5397.081467
145.57,3.946867,1287.876667,3067.161133,5348.081467
145.58,-1.053133,1296.876667,3059.161133,5297.081467
145.59,-1.053133,1303.876667,3048.161133,5242.081467
145.60,-6.053133,1307.876667,3048.161133,5194.081467
145.61,-4.053133,1318.876667,3040.161133,5136.081467
145.62,-11.053133,1325.876667,3026.161133,5077.081467
145.63,-16.053133,1327.876667,3021.161133,5023.081467
145.64,-23.053133,1336.876667,3018.161133,4958.081467
145.65,-23.053133,1346.876667,3013.161133,4886.081467
145.66,-21.053133,1345.876667,3006.161133,4805.081467
145.67,-26.053133,1347.876667,3000.161133,4717.081467
145.68,-28.053133,1347.876667,3003.161133,4629.081467
145.69,-23.053133,1345.876667,3002.161133,4531.081467
145.70,-25.053133,1344.876667,3004.161133,4425.081467
145.71,-31.053133,1346.876667,3011.161133,4314.081467
145.72,-36.053133,1342.876667,3009.161133,4204.081467
145.73,-40.053133,1341.876667,3012.161133,4087.081467
145.74,-42.053133,1336.876667,3010.161133,3969.081467
145.75,-40.053133,1332.876667,3007.161133,3845.081467
145.76,-44.053133,1330.876667,3011.161133,3715.081467
145.77,-45.053133,1321.876667,3004.161133,3577.081467
145.78,-42.053133,1313.876667,2989.161133,3432.081467
145.79,-42.053133,1311.876667,2985.161133,3287.081467
145.80,-47.053133,1300.876667,2983.161133,3144.081467
145.81,-43.053133,1290.876667,2983.161133,2990.081467
145.82,-46.053133,1289.876667,2981.161133,2837.081467
145.83,-45.053133,1286.876667,2984.161133,2669.081467
145.84,-47.053133,1280.876667,2988.161133,2495.081467
145.85,-51.053133,1281.876667,2984.161133,2313.081467
145.86,-50.053133,1275.876667,2980.161133,2131.081467
145.87,-58.053133,1283.876667,2979.161133,1947.081467
145.88,-54.053133,1292.876667,2962.161133,1766.081467
145.89,-60.053133,1295.876667,2964.161133,1582.081467
145.90,-61.053133,1302.876667,2950.161133,1405.081467
145.91,-60.053133,1307.876667,2944.161133,1230.081467
145.92,-61.053133,1310.876667,2938.161133,1058.081467
145.93,-66.053133,1309.876667,2925.161133,889.081467
145.94,-70.053133,1323.876667,2924.161133,728.081467
145.95,-67.053133,1323.876667,2917.161133,574.081467
145.96,-73.053133,1322.876667,2902.161133,424.081467
145.97,-68.053133,1325.876667,2900.161133,284.081467
145.98,-71.053133,1330.876667,2895.161133,141.081467
145.99,-73.053133,1330.876667,2893.161133,0.081467
146.00,-74.053133,1329.876667,2899.161133,-129.918533
146.01,-76.053133,1330.876667,2902.161133,-258.918533
146.02,-82.053133,1335.876667,2905.161133,-381.918533
146.03,-90.053133,1336.876667,2914.161133,-497.918533
146.04,-88.053133,1333.876667,2920.161133,-612.918533
146.05,-91.053133,1326.876667,2918.161133,-718.918533
146.06,-95.053133,1326.876667,2928.161133,-815.918533
146.07,-99.053133,1327.876667,2927.161133,-894.918533
146.08,-104.053133,1323.876667,2940.161133,-962.918533
146.09,-104.053133,1323.876667,2948.161133,-1023.918533
146.10,-115.053133,1315.876667,2962.161133,-1074.918533
146.11,-114.053133,1317.876667,2981.161133,-1123.918533
146.12,-126.053133,1312.876667,2980.161133,-1175.918533
146.13,-125.053133,1307.876667,3001.161133,-1220.918533
146.14,-129.053133,1299.876667,3020.161133,-1265.918533
146.15,-131.053133,1298.876667,3020.161133,-1306.918533
146.16,-135.053133,1292.876667,3039.161133,-1342.918533
146.17,-146.053133,1286.876667,3053.161133,-1365.918533
146.18,-144.053133,1271.876667,3065.161133,-1373.918533
146.19,-156.053133,1262.876667,3074.161133,-1377.918533
146.20,-156.053133,1246.876667,3071.161133,-1375.918533
146.21,-168.053133,1240.876667,3069.161133,-1366.918533
146.22,-164.053133,1234.876667,3065.161133,-1356.918533
146.23,-174.053133,1223.876667,3063.161133,-1342.918533
146.24,-168.053133,1210.876667,3074.161133,-1325.918533
146.25,-173.053133,1200.876667,3075.161133,-1306.918533
146.26,-172.053133,1180.876667,3090.161133,-1293.918533
146.27,-172.053133,1169.876667,3086.161133,-1288.918533
146.28,-174.053133,1149.876667,3094.161133,-1281.918533
146.29,-173.053133,1141.876667,3092.161133,-1268.918533
146.30,-175.053133,1126.876667,3095.161133,-1253.918533
146.31,-177.053133,1114.876667,3095.161133,-1236.918533
146.32,-174.053133,1107.876667,3091.161133,-1225.918533
146.33,-175.053133,1089.876667,3081.161133,-1219.918533
146.34,-176.053133,1080.876667,3094.161133,-1210.918533
146.35,-178.053133,1072.876667,3088.161133,-1210.918533
146.36,-175.053133,1061.876667,3087.161133,-1219.918533
146.37,-180.053133,1047.876667,3073.161133,-1228.918533
146.38,-162.053133,1042.876667,3069.161133,-1235.918533
146.39,-164.053133,1033.876667,3067.161133,-1252.918533
146.40,-159.053133,1026.876667,3054.161133,-1281.918533
146.41,-149.053133,1013.876667,3036.161133,-1320.918533
146.42,-149.053133,1014.876667,3034.161133,-1361.918533
146.43,-144.053133,1008.876667,3019.161133,-1414.918533
146.44,-135.053133,1003.876667,3007.161133,-1481.918533
146.45,-129.053133,1000.876667,3003.161133,-1559.918533
146.46,-122.053133,991.876667,2985.161133,-1635.918533
146.47,-111.053133,993.876667,2990.161133,-1716.918533
146.48,-103.053133,996.876667,2979.161133,-1798.918533
146.49,-91.053133,989.876667,2960.161133,-1885.918533
146.50,-84.053133,991.876667,2944.161133,-1971.918533
146.51,-69.053133,999.876667,2937.161133,-2067.918533
146.52,-54.053133,1003.876667,2910.161133,-2168.918533
146.53,-40.053133,1007.876667,2899.161133,-2264.918533
146.54,-27.053133,1019.876667,2888.161133,-2356.918533
146.55,-13.053133,1024.876667,2871.161133,-2447.918533
146.56,-4.053133,1036.876667,2858.161133,-2527.918533
146.57,9.946867,1042.876667,2857.161133,-2592.918533
146.58,15.946867,1053.876667,2853.161133,-2661.918533
146.59,32.946867,1063.876667,2845.161133,-2725.918533
146.60,45.946867,1063.876667,2830.161133,-2792.918533
146.61,57.946867,1070.876667,2829.161133,-2857.918533
146.62,68.946867,1080.876667,2818.161133,-2916.918533
146.63,81.946867,1089.876667,2808.161133,-2970.918533
146.64,89.946867,1105.876667,2806.161133,-3017.918533
146.65,102.946867,1112.876667,2802.161133,-3064.918533
146.66,113.946867,1115.876667,2808.161133,-3102.918533
146.67,124.946867,1125.876667,2811.161133,-3140.918533
146.68,134.946867,1137.876667,2818.161133,-3180.918533
146.69,142.946867,1148.876667,2822.161133,-3217.918533
146.70,156.946867,1162.876667,2822.161133,-3242.918533
146.71,162.946867,1183.876667,2827.161133,-3262.918533
146.72,171.946867,1192.876667,2838.161133,-3270.918533
146.73,180.946867,1209.876667,2840.161133,-3272.918533
146.74,189.946867,1217.876667,2848.161133,-3259.918533
146.75,195.946867,1229.876667,2862.161133,-3233.918533
146.76,205.946867,1241.876667,2867.161133,-3195.918533
146.77,214.946867,1257.876667,2878.161133,-3152.918533
146.78,220.946867,1272.876667,2879.161133,-3104.918533
146.79,230.946867,1280.876667,2874.161133,-3045.918533
146.80,235.946867,1290.876667,2881.161133,-2972.918533
146.81,238.946867,1292.876667,2897.161133,-2892.918533
146.82,244.946867,1301.876667,2915.161133,-2790.918533
146.83,246.946867,1306.876667,2927.161133,-2673.918533
146.84,252.946867,1317.876667,2940.161133,-2547.918533
146.85,250.946867,1324.876667,2956.161133,-2411.918533
146.86,257.946867,1332.876667,2954.161133,-2260.918533
146.87,254.946867,1341.876667,2966.161133,-2102.918533
146.88,253.946867,1343.876667,2963.161133,-1933.918533
146.89,258.946867,1359.876667,2974.161133,-1756.918533
146.90,253.946867,1364.876667,2981.161133,-1570.918533
146.91,253.946867,1369.876667,2994.161133,-1367.918533
146.92,247.946867,1375.876667,3010.161133,-1150.918533
146.93,252.946867,1382.876667,3013.161133,-926.918533
146.94,248.946867,1382.876667,3018.161133,-690.918533
146.95,250.946867,1378.876667,3022.161133,-442.918533
146.96,241.946867,1375.876667,3031.161133,-189.918533
146.97,244.946867,1373.876667,3023.161133,62.081467
146.98,239.946867,1366.876667,3040.161133,317.081467
146.99,240.946867,1371.876667,3041.161133,574.081467
147.00,241.946867,1374.876667,3042.161133,823.081467
147.01,240.946867,1366.876667,3046.161133,1068.081467
147.02,232.946867,1361.876667,3056.161133,1317.081467
147.03,230.946867,1356.876667,3060.161133,1563.081467
147.04,228.946867,1342.876667,3077.161133,1810.081467
147.05,226.946867,1334.876667,3080.161133,2050.081467
147.06,222.946867,1323.876667,3090.161133,2279.081467
147.07,220.946867,1311.876667,3094.161133,2496.081467
147.08,213.946867,1307.876667,3100.161133,2717.081467
147.09,212.946867,1295.876667,3102.161133,2926.081467
147.10,202.946867,1289.876667,3111.161133,3119.081467
147.11,202.946867,1274.876667,3106.161133,3292.081467
147.12,195.946867,1263.876667,3109.161133,3458.081467
147.13,188.946867,1263.876667,3101.161133,3614.081467
147.14,182.946867,1248.876667,3099.161133,3759.081467
147.15,180.946867,1249.876667,3088.161133,3888.081467
147.16,172.946867,1242.876667,3077.161133,4006.081467
147.17,164.946867,1240.876667,3073.161133,4112.081467
147.18,158.946867,1234.876667,3062.161133,4203.081467
147.19,148.946867,1229.876667,3064.161133,4278.081467
147.20,142.946867,1226.876667,3072.161133,4342.081467
147.21,134.946867,1225.876667,3066.161133,4385.081467
147.22,129.946867,1220.876667,3062.161133,4407.081467
147.23,124.946867,1215.876667,3061.161133,4417.081467
147.24,117.946867,1218.876667,3069.161133,4420.081467
147.25,115.946867,1207.876667,3056.161133,4409.081467
147.26,111.946867,1201.876667,3052.161133,4398.081467
147.27,105.946867,1197.876667,3044.161133,4379.081467
147.28,100.946867,1189.876667,3047.161133,4362.081467
147.29,95.946867,1183.876667,3046.161133,4343.081467
147.30,83.946867,1171.876667,3037.161133,4325.081467
147.31,77.946867,1168.876667,3046.161133,4303.081467
147.32,72.946867,1158.876667,3047.161133,4269.081467
147.33,68.946867,1159.876667,3049.161133,4230.081467
147.34,63.946867,1149.876667,3050.161133,4175.081467
147.35,52.946867,1137.876667,3051.161133,4113.081467
147.36,48.946867,1134.876667,3045.161133,4043.081467
147.37,47.946867,1115.876667,3042.161133,3976.081467
147.38,37.946867,1104.876667,3039.161133,3909.081467
147.39,21.946867,1090.876667,3039.161133,3846.081467
147.40,28.946867,1074.876667,3041.161133,3771.081467
147.41,18.946867,1058.876667,3042.161133,3694.081467
147.42,10.946867,1045.876667,3044.161133,3618.081467
147.43,8.946867,1030.876667,3035.161133,3543.081467
147.44,1.946867,1016.876667,3030.161133,3475.081467
147.45,-2.053133,1015.876667,3018.161133,3411.081467
147.46,-10.053133,1000.876667,3008.161133,3355.081467
147.47,-16.053133,989.876667,3011.161133,3300.081467
147.48,-20.053133,984.876667,3005.161133,3244.081467
147.49,-20.053133,967.876667,3004.161133,3181.081467
147.50,-25.053133,950.876667,3006.161133,3117.081467
147.51,-30.053133,941.876667,2999.161133,3060.081467
147.52,-29.053133,926.876667,2994.161133,3017.081467
147.53,-44.053133,899.876667,2989.161133,2980.081467
147.54,-40.053133,891.876667,2978.161133,2955.081467
147.55,-50.053133,872.876667,2971.161133,2939.081467
147.56,-49.053133,853.876667,2970.161133,2921.081467
147.57,-49.053133,837.876667,2966.161133,2905.081467
147.58,-48.053133,826.876667,2970.161133,2888.081467
147.59,-48.053133,815.876667,2965.161133,2875.081467
147.60,-51.053133,805.876667,2964.161133,2858.081467
147.61,-57.053133,806.876667,2955.161133,2841.081467
147.62,-60.053133,795.876667,2951.161133,2834.081467
147.63,-61.053133,796.876667,2952.161133,2838.081467
147.64,-62.053133,790.876667,2952.161133,2853.081467
147.65,-57.053133,784.876667,2949.161133,2875.081467
147.66,-57.053133,778.876667,2948.161133,2899.081467
147.67,-56.053133,775.876667,2955.161133,2921.081467
147.68,-57.053133,761.876667,2954.161133,2942.081467
147.69,-60.053133,756.876667,2958.161133,2957.081467
147.70,-62.053133,748.876667,2953.161133,2967.081467
147.71,-60.053133,741.876667,2959.161133,2983.081467
147.72,-60.053133,740.876667,2955.161133,2998.081467
147.73,-60.053133,739.876667,2955.161133,3013.081467
147.74,-57.053133,739.876667,2964.161133,3030.081467
147.75,-53.053133,734.876667,2967.161133,3050.081467
147.76,-57.053133,737.876667,2968.161133,3061.081467
147.77,-59.053133,740.876667,2958.161133,3077.081467
147.78,-57.053133,750.876667,2967.161133,3092.081467
147.79,-53.053133,756.876667,2978.161133,3105.081467
147.80,-57.053133,758.876667,2961.161133,3121.081467
147.81,-57.053133,767.876667,2961.161133,3141.081467
147.82,-58.053133,769.876667,2965.161133,3169.081467
147.83,-58.053133,770.876667,2968.161133,3188.081467
147.84,-53.053133,771.876667,2974.161133,3208.081467
147.85,-49.053133,772.876667,2976.161133,3225.081467
147.86,-51.053133,771.876667,2986.161133,3236.081467
147.87,-52.053133,770.876667,2984.161133,3243.081467
147.88,-60.053133,767.876667,2994.161133,3256.081467
147.89,-60.053133,766.876667,3013.161133,3278.081467
147.90,-61.053133,768.876667,3010.161133,3306.081467
147.91,-66.053133,776.876667,3019.161133,3338.081467
147.92,-67.053133,779.876667,3027.161133,3380.081467
147.93,-71.053133,784.876667,3038.161133,3429.081467
147.94,-70.053133,792.876667,3044.161133,3477.081467
147.95,-72.053133,793.876667,3056.161133,3516.081467
147.96,-73.053133,801.876667,3061.161133,3549.081467
147.97,-74.053133,808.876667,3069.161133,3581.081467
147.98,-72.053133,812.876667,3072.161133,3606.081467
147.99,-74.053133,814.876667,3084.161133,3636.081467
148.00,-75.053133,827.876667,3081.161133,3660.081467
148.01,-83.053133,833.876667,3082.161133,3684.081467
148.02,-81.053133,835.876667,3074.161133,3709.081467
148.03,-82.053133,839.876667,3077.161133,3736.081467
148.04,-87.053133,848.876667,3073.161133,3758.081467
148.05,-78.053133,846.876667,3073.161133,3774.081467
148.06,-82.053133,853.876667,3065.161133,3784.081467
148.07,-82.053133,858.876667,3068.161133,3785.081467
148.08,-80.053133,867.876667,3057.161133,3780.081467
148.09,-83.053133,882.876667,3059.161133,3762.081467
148.10,-80.053133,892.876667,3052.161133,3735.081467
148.11,-78.053133,901.876667,3048.161133,3707.081467
148.12,-82.053133,915.876667,3045.161133,3669.081467
148.13,-74.053133,930.876667,3053.161133,3620.081467
148.14,-74.053133,937.876667,3048.161133,3559.081467
148.15,-77.053133,955.876667,3041.161133,3477.081467
148.16,-75.053133,968.876667,3036.161133,3387.081467
148.17,-74.053133,991.876667,3030.161133,3290.081467
148.18,-70.053133,1015.876667,3026.161133,3187.081467
148.19,-71.053133,1035.876667,3018.161133,3083.081467
148.20,-65.053133,1062.876667,3006.161133,2965.081467
148.21,-55.053133,1075.876667,2998.161133,2850.081467
148.22,-63.053133,1096.876667,2997.161133,2737.081467
148.23,-57.053133,1121.876667,2978.161133,2621.081467
148.24,-50.053133,1144.876667,2982.161133,2509.081467
148.25,-52.053133,1162.876667,2980.161133,2407.081467
148.26,-45.053133,1184.876667,2972.161133,2298.081467
148.27,-38.053133,1206.876667,2969.161133,2197.081467
148.28,-40.053133,1233.876667,2973.161133,2096.081467
148.29,-29.053133,1240.876667,2969.161133,1990.081467
148.30,-25.053133,1257.876667,2973.161133,1890.081467
148.31,-32.053133,1276.876667,2977.161133,1794.081467
148.32,-22.053133,1284.876667,2979.161133,1707.081467
148.33,-17.053133,1308.876667,2985.161133,1634.081467
148.34,-13.053133,1328.876667,2985.161133,1566.081467
148.35,-8.053133,1351.876667,2979.161133,1501.081467
148.36,-3.053133,1366.876667,2979.161133,1444.081467
148.37,2.946867,1386.876667,2989.161133,1391.081467
148.38,8.946867,1399.876667,2985.161133,1342.081467
148.39,10.946867,1423.876667,2997.161133,1299.081467
148.40,15.946867,1443.876667,3006.161133,1261.081467
148.41,16.946867,1458.876667,3016.161133,1235.081467
148.42,22.946867,1479.876667,3022.161133,1214.081467
148.43,27.946867,1501.876667,3020.161133,1198.081467
148.44,26.946867,1520.876667,3030.161133,1192.081467
148.45,33.946867,1538.876667,3025.161133,1194.081467
148.46,36.946867,1557.876667,3024.161133,1201.081467
148.47,40.946867,1573.876667,3032.161133,1218.081467
148.48,42.946867,1586.876667,3045.161133,1238.081467
148.49,44.946867,1595.876667,3056.161133,1260.081467
148.50,46.946867,1608.876667,3069.161133,1274.081467
148.51,53.946867,1617.876667,3077.161133,1285.081467
148.52,56.946867,1622.876667,3072.161133,1294.081467
148.53,57.946867,1633.876667,3075.161133,1305.081467
148.54,58.946867,1642.876667,3077.161133,1312.081467
148.55,68.946867,1655.876667,3062.161133,1307.081467
148.56,68.946867,1670.876667,3069.161133,1294.081467
148.57,75.946867,1675.876667,3075.161133,1275.081467
148.58,79.946867,1684.876667,3074.161133,1259.081467
148.59,72.946867,1692.876667,3093.161133,1243.081467
148.60,74.946867,1701.876667,3100.161133,1226.081467
148.61,73.946867,1712.876667,3101.161133,1204.081467
148.62,79.946867,1721.876667,3114.161133,1182.081467
148.63,80.946867,1736.876667,3123.161133,1153.081467
148.64,81.946867,1748.876667,3127.161133,1105.081467
148.65,83.946867,1758.876667,3130.161133,1047.081467
148.66,80.946867,1773.876667,3141.161133,988.081467
148.67,83.946867,1782.876667,3157.161133,911.081467
148.68,83.946867,1787.876667,3156.161133,817.081467
148.69,85.946867,1799.876667,3163.161133,711.081467
148.70,78.946867,1801.876667,3161.161133,592.081467
148.71,78.946867,1800.876667,3162.161133,464.081467
148.72,74.946867,1809.876667,3171.161133,328.081467
148.73,72.946867,1810.876667,3171.161133,187.081467
148.74,76.946867,1817.876667,3179.161133,42.081467
148.75,78.946867,1824.876667,3175.161133,-114.918533
148.76,72.946867,1825.876667,3180.161133,-288.918533
148.77,71.946867,1821.876667,3182.161133,-471.918533
148.78,69.946867,1822.876667,3195.161133,-658.918533
148.79,63.946867,1824.876667,3193.161133,-854.918533
148.80,62.946867,1823.876667,3183.161133,-1048.918533
148.81,60.946867,1828.876667,3181.161133,-1239.918533
148.82,62.946867,1826.876667,3173.161133,-1439.918533
148.83,60.946867,1820.876667,3154.161133,-1636.918533
148.84,60.946867,1820.876667,3151.161133,-1818.918533
148.85,62.946867,1821.876667,3144.161133,-2009.918533
148.86,62.946867,1812.876667,3133.161133,-2194.918533
148.87,61.946867,1806.876667,3133.161133,-2375.918533
148.88,61.946867,1804.876667,3133.161133,-2549.918533
148.89,58.946867,1809.876667,3130.161133,-2723.918533
148.90,59.946867,1809.876667,3126.161133,-2890.918533
148.91,59.946867,1806.876667,3124.161133,-3045.918533
148.92,63.946867,1805.876667,3115.161133,-3191.918533
148.93,68.946867,1808.876667,3111.161133,-3330.918533
148.94,69.946867,1804.876667,3094.161133,-3465.918533
148.95,74.946867,1795.876667,3089.161133,-3597.918533
148.96,77.946867,1795.876667,3079.161133,-3715.918533
148.97,74.946867,1788.876667,3080.161133,-3816.918533
148.98,76.946867,1788.876667,3071.161133,-3908.918533
148.99,81.946867,1790.876667,3059.161133,-3986.918533
149.00,82.946867,1775.876667,3049.161133,-4054.918533
149.01,89.946867,1771.876667,3047.161133,-4112.918533
149.02,91.946867,1756.876667,3028.161133,-4168.918533
149.03,95.946867,1759.876667,3014.161133,-4207.918533
149.04,102.946867,1755.876667,2992.161133,-4228.918533
149.05,104.946867,1748.876667,2976.161133,-4236.918533
149.06,110.946867,1755.876667,2958.161133,-4226.918533
149.07,112.946867,1752.876667,2943.161133,-4212.918533
149.08,121.946867,1745.876667,2917.161133,-4187.918533
149.09,121.946867,1739.876667,2908.161133,-4148.918533
149.10,123.946867,1734.876667,2894.161133,-4095.918533
149.11,132.946867,1725.876667,2876.161133,-4036.918533
149.12,130.946867,1721.876667,2857.161133,-3967.918533
149.13,135.946867,1721.876667,2839.161133,-3875.918533
149.14,142.946867,1720.876667,2819.161133,-3775.918533
149.15,142.946867,1716.876667,2795.161133,-3659.918533
149.16,148.946867,1717.876667,2773.161133,-3534.918533
149.17,149.946867,1711.876667,2752.161133,-3393.918533
149.18,158.946867,1719.876667,2733.161133,-3248.918533
149.19,157.946867,1711.876667,2709.161133,-3092.918533
149.20,162.946867,1704.876667,2684.161133,-2925.918533
149.21,159.946867,1696.876667,2680.161133,-2741.918533
149.22,156.946867,1691.876667,2659.161133,-2548.918533
149.23,161.946867,1675.876667,2643.161133,-2345.918533
149.24,163.946867,1667.876667,2638.161133,-2128.918533
149.25,165.946867,1646.876667,2624.161133,-1900.918533
149.26,160.946867,1638.876667,2614.161133,-1669.918533
149.27,163.946867,1615.876667,2607.161133,-1428.918533
149.28,163.946867,1598.876667,2599.161133,-1176.918533
149.29,163.946867,1586.876667,2595.161133,-924.918533
149.30,168.946867,1567.876667,2597.161133,-667.918533
149.31,162.946867,1557.876667,2598.161133,-418.918533
149.32,162.946867,1530.876667,2595.161133,-169.918533
149.33,159.946867,1514.876667,2598.161133,95.081467
149.34,161.946867,1492.876667,2595.161133,368.081467
149.35,154.946867,1474.876667,2612.161133,644.081467
149.36,152.946867,1453.876667,2618.161133,927.081467
149.37,155.946867,1421.876667,2626.161133,1208.081467
149.38,148.946867,1390.876667,2636.161133,1501.081467
149.39,141.946867,1360.876667,2651.161133,1787.081467
149.40,142.946867,1325.876667,2656.161133,2069.081467
149.41,138.946867,1293.876667,2671.161133,2347.081467
149.42,134.946867,1263.876667,2684.161133,2625.081467
149.43,133.946867,1225.876667,2692.161133,2901.081467
149.44,124.946867,1204.876667,2700.161133,3179.081467
149.45,117.946867,1171.876667,2708.161133,3449.081467
149.46,112.946867,1144.876667,2724.161133,3703.081467
149.47,107.946867,1108.876667,2732.161133,3946.081467
149.48,101.946867,1075.876667,2753.161133,4171.081467
149.49,92.946867,1043.876667,2763.161133,4381.081467
149.50,87.946867,1010.876667,2783.161133,4580.081467
149.51,74.946867,971.876667,2792.161133,4767.081467
149.52,73.946867,942.876667,2792.161133,4943.081467
149.53,63.946867,907.876667,2802.161133,5110.081467
149.54,57.946867,883.876667,2818.161133,5268.081467
149.55,48.946867,852.876667,2827.161133,5410.081467
149.56,43.946867,828.876667,2833.161133,5534.081467
149.57,32.946867,807.876667,2854.161133,5645.081467
149.58,29.946867,779.876667,2868.161133,5740.081467
149.59,22.946867,756.876667,2885.161133,5825.081467
149.60,8.946867,734.876667,2892.161133,5902.081467
149.61,3.946867,708.876667,2909.161133,5963.081467
149.62,-5.053133,693.876667,2921.161133,6018.081467
149.63,-9.053133,664.876667,2935.161133,6068.081467
149.64,-19.053133,642.876667,2944.161133,6114.081467
149.65,-24.053133,621.876667,2954.161133,6146.081467
149.66,-27.053133,596.876667,2957.161133,6172.081467
149.67,-37.053133,576.876667,2964.161133,6193.081467
149.68,-37.053133,554.876667,2972.161133,6203.081467
149.69,-48.053133,533.876667,2965.161133,6206.081467
149.70,-52.053133,517.876667,2979.161133,6204.081467
149.71,-55.053133,496.876667,2980.161133,6194.081467
149.72,-58.053133,471.876667,2987.161133,6180.081467
149.73,-62.053133,462.876667,2991.161133,6159.081467
149.74,-69.053133,432.876667,2996.161133,6133.081467
149.75,-78.053133,410.876667,3006.161133,6109.081467
149.76,-83.053133,390.876667,3021.161133,6081.081467
149.77,-89.053133,377.876667,3014.161133,6051.081467
149.78,-95.053133,353.876667,3018.161133,6014.081467
149.79,-101.053133,343.876667,3037.161133,5976.081467
149.80,-100.053133,316.876667,3042.161133,5939.081467
149.81,-111.053133,296.876667,3035.161133,5913.081467
149.82,-114.053133,275.876667,3044.161133,5888.081467
149.83,-120.053133,268.876667,3041.161133,5861.081467
149.84,-121.053133,241.876667,3037.161133,5831.081467
149.85,-125.053133,232.876667,3043.161133,5801.081467
149.86,-130.053133,217.876667,3040.161133,5761.081467
149.87,-127.053133,199.876667,3044.161133,5725.081467
149.88,-137.053133,187.876667,3053.161133,5694.081467
149.89,-139.053133,172.876667,3051.161133,5668.081467
149.90,-141.053133,161.876667,3058.161133,5643.081467
149.91,-149.053133,151.876667,3072.161133,5609.081467
149.92,-146.053133,140.876667,3086.161133,5575.081467
149.93,-155.053133,133.876667,3103.161133,5544.081467
149.94,-158.053133,130.876667,3119.161133,5509.081467
149.95,-161.053133,119.876667,3131.161133,5474.081467
149.96,-170.053133,120.876667,3142.161133,5431.081467
149.97,-171.053133,110.876667,3157.161133,5393.081467
149.98,-169.053133,110.876667,3157.161133,5363.081467
149.99,-171.053133,111.876667,3172.161133,5327.081467
