time_s,Z,N,E,H
0.0,0.2437,-0.3421,0.0289,-0.5767
0.02,-0.0792,-0.033,0.0042,-0.0467
0.04,0.1298,0.1344,0.1515,0.0643
0.06,0.2617,0.0939,0.2095,0.0054
0.08,0.0479,0.1499,0.0368,0.0531
0.1,0.2193,-0.0139,0.1111,-0.0959
0.12,-0.0484,-0.0328,-0.0543,-0.1546
0.14,0.1701,0.0326,0.1433,-0.1977
0.16,-0.0259,-0.0067,0.0444,-0.2199
0.18,0.0063,-0.1297,-0.1064,0.0036
0.2,-0.1651,-0.1465,-0.0937,-0.1924
0.22,0.1352,-0.289,0.1624,-0.0292
0.24,0.1351,0.0609,-0.0729,-0.2049
0.26,-0.0184,0.3046,0.1288,-0.0779
0.28,-0.0402,-0.1607,-0.166,-0.3119
0.3,-0.1037,0.0336,0.2246,-0.1461
0.32,-0.1031,0.0905,-0.1428,-0.1733
0.34,-0.1007,0.1216,-0.0347,0.1711
0.36,-0.1676,-0.0606,-0.1902,0.1472
0.38,0.249,-0.0538,-0.0578,-0.0344
0.4,-0.0288,-0.0472,-0.1687,0.0793
0.42,-0.1121,-0.156,0.0928,0.2658
0.44,0.0076,0.0569,-0.0352,0.1152
0.46,0.0286,-0.0225,0.0954,-0.0947
0.48,0.018,-0.0538,-0.2607,-0.0201
0.5,0.045,0.0622,0.0894,-0.2027
0.52,-0.1714,-0.0088,-0.0765,0.1829
0.54,-0.0313,-0.1037,0.1372,0.0522
0.56,0.1258,0.1632,-0.1596,0.0548
0.58,0.0428,0.2195,0.0091,-0.0984
0.6,-0.1132,0.0207,-0.0094,-0.0525
0.62,0.0769,-0.0365,0.2134,-0.0474
0.64,0.0733,0.0378,0.1821,0.1906
0.66,0.1697,-0.0681,-0.1028,0.0578
0.68,0.3278,-0.0217,-0.1497,-0.1684
0.7,-0.2166,-0.1693,-0.0775,0.0161
0.72,0.024,0.0266,-0.1936,0.2218
0.74,0.0473,0.1173,-0.0824,-0.3434
0.76,-0.0459,0.1343,0.0103,0.1628
0.78,0.0345,-0.1558,0.1174,0.2346
0.8,-0.0333,0.0178,0.0555,-0.1012
0.82,0.028,0.1347,-0.019,0.2321
0.84,0.0297,0.0279,0.2632,-0.3312
0.86,-0.1006,0.0221,0.1259,0.2051
0.88,0.0183,0.1701,-0.2084,0.1621
0.9,0.1798,-0.1791,0.1229,0.1143
0.92,-0.0563,0.0653,-0.0257,-0.228
0.94,0.0635,-0.0287,-0.2564,0.059
0.96,-0.0516,-0.0885,-0.102,-0.0394
0.98,-0.093,0.002,0.1902,0.0067
1.0,-0.0671,0.0423,-0.1302,0.3408
1.02,0.0605,0.2182,-0.0188,-0.166
1.04,-0.1642,-0.033,0.0713,0.0637
1.06,0.1111,-0.156,0.0431,-0.1715
1.08,-0.0399,0.0334,0.0027,-0.1882
1.1,-0.206,0.1005,-0.009,0.3644
1.12,0.1269,-0.1465,0.1487,-0.0719
1.14,0.0526,0.0078,-0.079,-0.0335
1.16,-0.0058,0.0501,-0.153,0.1852
1.18,0.1682,-0.1754,-0.0711,-0.0262
1.2,-0.0037,-0.1465,0.0173,-0.2503
1.22,0.1911,-0.0837,-0.1744,-0.1219
1.24,-0.2787,0.1113,0.1634,0.1903
1.26,0.2441,-0.0087,-0.2808,0.0008
1.28,-0.1799,0.2806,0.0983,-0.2733
1.3,-0.0271,0.2515,0.0616,-0.1742
1.32,-0.1845,-0.098,-0.0433,-0.2467
1.34,0.1189,-0.1735,0.3249,-0.0935
1.36,0.0781,-0.1967,-0.0859,0.0142
1.38,0.1203,0.1271,0.2217,-0.1301
1.4,-0.028,-0.0177,0.0867,0.1644
1.42,0.1303,0.0255,0.1441,-0.4442
1.44,0.0794,0.0158,-0.0659,0.1169
1.46,0.0117,0.0287,-0.117,-0.1553
1.48,0.0349,0.0835,-0.1457,-0.0746
1.5,-0.0465,0.0885,0.2423,-0.0973
1.52,0.1558,-0.0143,0.0054,0.1882
1.54,0.0662,-0.1393,0.1237,0.3636
1.56,-0.0205,-0.0939,-0.1427,0.0078
1.58,0.0026,-0.084,0.1436,0.1404
1.6,-0.0776,0.0805,0.1335,-0.2682
1.62,0.0373,0.019,-0.0041,0.0027
1.64,0.0743,-0.0556,-0.2034,-0.2557
1.66,0.148,0.1923,-0.1352,-0.0083
1.68,0.3286,-0.0015,0.2841,-0.0755
1.7,-0.097,-0.0553,0.0464,-0.1049
1.72,0.3792,0.0476,0.0232,0.16
1.74,0.0066,0.1804,-0.0948,-0.1559
1.76,0.1997,-0.1942,0.0226,-0.2394
1.78,0.102,-0.1838,0.0984,-0.24
1.8,-0.1909,0.0207,0.1594,-0.1174
1.82,0.0755,-0.0545,0.2284,0.136
1.84,-0.0166,0.0375,0.0925,-0.1199
1.86,0.0844,-0.0808,-0.0478,0.2573
1.88,0.0421,-0.1946,0.2577,-0.3887
1.9,0.1741,0.1203,-0.0648,0.1644
1.92,0.2857,0.0132,0.0274,-0.0606
1.94,0.0989,-0.2639,0.0076,-0.0507
1.96,0.0903,-0.0568,0.0171,-0.0259
1.98,0.1216,-0.0794,-0.0083,0.2354
2.0,-0.0601,-0.1255,0.0138,-0.3442
2.02,-0.0843,0.0751,-0.0457,0.1187
2.04,-0.1998,0.0758,0.0367,-0.0523
2.06,-0.2476,-0.053,-0.0185,0.2067
2.08,-0.1679,-0.0433,-0.0189,0.2119
2.1,-0.049,0.1096,-0.1693,-0.0607
2.12,0.1672,-0.0044,-0.258,-0.2444
2.14,-0.1855,-0.2155,0.1345,0.0458
2.16,0.0935,0.0462,-0.0164,-0.0602
2.18,0.2111,0.0854,-0.1075,0.1695
2.2,0.2425,-0.073,-0.0465,0.0093
2.22,0.2338,-0.325,0.051,0.1121
2.24,-0.183,0.0203,-0.0168,0.0182
2.26,-0.0819,0.0326,0.1883,0.4085
2.28,-0.1051,0.154,-0.1265,0.2527
2.3,0.0364,0.1472,0.0496,0.0797
2.32,0.0992,-0.1224,0.2718,0.0241
2.34,-0.0181,-0.0511,-0.0726,-0.2747
2.36,-0.1773,0.034,-0.3717,-0.0479
2.38,-0.2511,-0.1554,-0.069,0.3527
2.4,-0.0747,0.0726,-0.3013,-0.015
2.42,-0.0003,-0.0062,0.0333,-0.302
2.44,-0.1292,-0.111,0.0856,0.3543
2.46,0.0928,-0.0123,0.135,0.0433
2.48,0.2716,-0.0553,0.1806,0.414
2.5,-0.0517,-0.1,-0.1721,-0.2071
2.52,-0.419,0.0851,0.0369,-0.1304
2.54,0.0549,-0.0554,-0.0326,-0.0593
2.56,0.3077,0.1634,-0.2748,0.1705
2.58,0.0644,-0.0186,-0.1975,-0.0114
2.6,0.0159,-0.0051,-0.0832,0.1737
2.62,0.1193,0.0431,-0.0752,-0.0507
2.64,0.0201,0.1415,0.088,-0.2008
2.66,0.0427,-0.0266,0.0016,0.0952
2.68,0.0415,0.1127,0.0216,0.1663
2.7,0.1254,0.1531,-0.0939,0.2148
2.72,0.1138,0.1001,0.1333,0.1845
2.74,-0.1316,-0.1228,-0.3455,-0.182
2.76,-0.2161,-0.0892,0.1201,-0.2921
2.78,-0.0381,0.1505,-0.062,-0.1645
2.8,-0.1173,0.0236,-0.0068,-0.0998
2.82,0.0143,-0.1697,-0.0431,0.0866
2.84,0.0091,-0.1112,-0.1989,-0.1011
2.86,0.0025,0.003,-0.0456,-0.2287
2.88,-0.1675,0.2123,0.1211,-0.1771
2.9,-0.028,0.0913,-0.0797,-0.2146
2.92,0.0739,-0.1246,-0.1684,-0.0185
2.94,-0.0127,-0.0193,-0.1185,-0.1746
2.96,0.0626,0.0344,0.1932,-0.0412
2.98,-0.1433,0.0468,-0.0081,0.1129
3.0,0.3099,0.0882,-0.0154,0.1397
3.02,-0.1245,-0.1685,-0.1804,0.0217
3.04,-0.0419,0.1136,-0.0419,-0.3451
3.06,0.002,0.2299,0.0104,-0.0551
3.08,0.0933,0.0644,0.0255,0.2229
3.1,0.1685,-0.0426,-0.0227,-0.1725
3.12,0.2083,0.0739,0.0234,0.236
3.14,0.4546,-0.1977,0.1086,0.0851
3.16,0.0982,0.2436,0.0012,-0.0277
3.18,-0.1088,0.114,0.0752,-0.0924
3.2,-0.0204,0.1714,0.2536,-0.1548
3.22,0.0424,-0.2588,0.2877,0.295
3.24,0.0932,0.1942,-0.1208,0.1627
3.26,-0.1059,-0.0744,-0.0205,-0.0035
3.28,-0.0357,-0.1227,-0.0731,-0.0875
3.3,0.0657,-0.1123,0.0113,-0.3289
3.32,-0.1496,0.0354,-0.0209,0.3087
3.34,0.2177,0.2155,-0.0704,0.1721
3.36,-0.3056,-0.0507,-0.0074,-0.0166
3.38,-0.376,0.003,-0.033,0.1082
3.4,-0.0617,0.005,-0.0369,0.2329
3.42,-0.0663,-0.1073,-0.0836,0.1871
3.44,-0.0165,0.0549,-0.0594,0.2125
3.46,-0.0252,-0.0593,0.0473,-0.0344
3.48,0.0692,-0.0015,-0.0089,-0.0968
3.5,0.1515,-0.2318,-0.1087,-0.0081
3.52,-0.0293,-0.0814,-0.062,-0.0533
3.54,-0.1052,-0.0772,-0.1279,0.0625
3.56,0.0234,0.1763,0.1421,0.2237
3.58,-0.0673,0.0507,0.006,0.0618
3.6,-0.0836,0.0752,0.1291,0.0737
3.62,-0.2915,-0.1552,-0.0296,-0.0991
3.64,-0.0355,0.0582,-0.0147,0.1886
3.66,0.0773,-0.0294,0.0123,0.1918
3.68,0.0877,-0.179,-0.2467,0.0449
3.7,0.0033,0.0089,0.1101,-0.1807
3.72,0.128,0.1144,-0.0659,0.0821
3.74,0.2752,-0.1071,0.0017,-0.2052
3.76,0.3207,-0.0872,-0.04,0.0967
3.78,-0.2634,0.1129,0.1081,0.0473
3.8,0.1279,-0.0752,0.0565,0.1067
3.82,-0.2308,-0.0124,0.0169,0.1256
3.84,0.0927,-0.0122,-0.2742,-0.1363
3.86,-0.0174,-0.0387,0.0916,-0.122
3.88,-0.1401,0.2775,0.1057,0.227
3.9,-0.214,-0.0648,-0.1514,0.1419
3.92,-0.0713,0.1624,-0.2809,-0.1152
3.94,-0.1533,0.0609,0.1055,0.1601
3.96,-0.281,-0.2223,0.0367,-0.2192
3.98,-0.0053,0.1282,0.0345,-0.0621
4.0,-0.196,0.2455,-0.0415,-0.2511
4.02,0.0551,-0.0759,0.1166,0.2154
4.04,-0.0634,0.1747,0.0888,0.1979
4.06,-0.3214,0.0371,-0.0577,0.1339
4.08,0.0677,0.1499,-0.2749,0.1169
4.1,-0.0423,-0.0259,0.2072,0.1106
4.12,0.264,-0.0322,0.013,0.0698
4.14,-0.362,-0.1052,0.0182,-0.0601
4.16,-0.1167,-0.0585,-0.1895,-0.0857
4.18,0.0465,0.0466,0.1424,-0.0558
4.2,-0.0343,-0.3147,0.0121,-0.0035
4.22,-0.0562,0.121,0.0314,-0.1749
4.24,0.3082,-0.0888,0.0877,-0.1835
4.26,-0.0719,-0.1156,0.2028,-0.0142
4.28,0.0026,0.154,0.0694,0.1022
4.3,0.1813,0.2492,-0.0278,0.0451
4.32,0.1261,0.1055,0.1442,-0.0351
4.34,0.172,-0.0997,0.0166,-0.1027
4.36,0.07,0.0891,0.1831,0.0677
4.38,0.1213,0.0728,0.2403,0.0955
4.4,0.0677,0.0341,0.0249,0.1672
4.42,-0.174,0.0983,-0.2511,-0.0208
4.44,-0.0497,0.0471,-0.1368,-0.1414
4.46,-0.1277,-0.0398,-0.1508,0.2838
4.48,-0.0577,-0.05,0.157,-0.0301
4.5,-0.0798,0.0437,-0.1162,-0.0751
4.52,0.1012,0.156,0.1527,0.1832
4.54,0.1648,-0.1282,-0.0816,0.0833
4.56,-0.1234,0.0774,0.2204,0.0812
4.58,-0.0938,-0.0027,0.0164,-0.2548
4.6,-0.0516,0.1187,0.0529,-0.1444
4.62,0.1567,-0.351,-0.0357,0.1666
4.64,-0.0104,-0.0544,-0.0616,0.088
4.66,0.0675,-0.1053,0.1562,0.0431
4.68,0.1306,-0.0121,-0.1924,0.2682
4.7,0.1166,-0.0831,-0.0547,0.0533
4.72,-0.0298,-0.1816,-0.0451,0.2089
4.74,-0.0628,0.1292,-0.0332,0.0005
4.76,-0.2928,-0.0703,0.1398,0.4293
4.78,0.0677,-0.0074,0.1816,-0.2674
4.8,0.0773,-0.1308,-0.0614,-0.1609
4.82,-0.1151,-0.0081,-0.0543,0.1463
4.84,0.2191,0.2215,-0.0257,-0.1694
4.86,0.1797,0.0441,-0.039,-0.0325
4.88,0.156,0.0282,0.0032,-0.4802
4.9,-0.0158,-0.0127,0.0166,-0.0506
4.92,-0.0622,0.0767,-0.0841,0.0436
4.94,-0.2369,0.0605,0.0214,0.0496
4.96,0.0793,0.0882,-0.0029,0.1984
4.98,-0.1662,0.0801,0.2,-0.1341
5.0,-0.2579,-0.0187,-0.2212,0.1297
5.02,-0.1199,0.0915,0.0924,-0.0737
5.04,-0.0388,0.0362,0.1453,-0.0749
5.06,-0.0846,0.0879,0.0754,-0.1543
5.08,-0.0902,0.111,0.0599,-0.1194
5.1,0.2541,-0.1534,0.0506,-0.3923
5.12,0.0255,-0.0288,-0.0912,0.0699
5.14,0.104,0.2158,0.0262,0.176
5.16,-0.1213,0.4085,0.0057,-0.1379
5.18,0.0272,0.0379,0.1592,-0.2311
5.2,0.2164,-0.1861,0.0279,-0.1107
5.22,0.0193,0.0246,-0.0285,-0.1267
5.24,0.145,-0.2312,-0.0919,-0.0896
5.26,0.1959,-0.0162,0.1332,0.0348
5.28,0.0955,-0.1431,0.0185,0.2467
5.3,0.2431,0.1478,-0.1542,0.1962
5.32,-0.0378,-0.114,0.0403,-0.0967
5.34,-0.0433,-0.0984,0.1406,0.023
5.36,0.1026,0.0722,0.1239,0.0254
5.38,-0.2682,0.1358,0.1869,0.0942
5.4,-0.0637,0.0508,0.0444,-0.0039
5.42,-0.2349,-0.0943,0.0509,-0.4244
5.44,-0.3341,-0.1383,0.109,-0.1625
5.46,-0.0414,0.0407,-0.0863,0.174
5.48,0.1965,-0.1843,0.1522,0.1619
5.5,-0.0266,0.1793,0.0261,0.1424
5.52,0.1517,-0.1064,0.0434,0.1919
5.54,-0.0215,0.0076,-0.0147,-0.1742
5.56,-0.0334,0.1483,-0.0619,-0.5584
5.58,-0.1305,0.0322,-0.0182,0.0358
5.6,0.128,0.1259,-0.2156,-0.1647
5.62,0.2079,0.0742,0.1101,-0.1777
5.64,-0.2456,0.1616,0.0357,0.1153
5.66,0.0973,0.1963,-0.0827,-0.4528
5.68,-0.2098,0.0499,0.0217,0.0129
5.7,-0.069,-0.2376,-0.0118,0.0139
5.72,0.0558,-0.0288,-0.0801,-0.0819
5.74,0.0213,-0.0239,-0.2885,-0.0469
5.76,0.0559,-0.075,-0.0142,-0.0022
5.78,-0.0275,-0.0825,-0.0896,0.3446
5.8,0.117,0.0376,0.0382,-0.1417
5.82,-0.167,0.1258,0.0137,0.1058
5.84,0.1742,0.1373,0.0874,0.0383
5.86,0.262,0.0635,0.1434,-0.1755
5.88,0.0212,0.0247,0.0421,0.1052
5.9,-0.0894,-0.0977,-0.1506,0.1942
5.92,0.0766,0.1639,0.0783,-0.1066
5.94,0.0052,0.0036,0.0691,0.4201
5.96,0.0993,-0.0765,-0.2471,0.2103
5.98,-0.0699,0.0341,-0.0522,-0.184
6.0,-0.1609,-0.1232,-0.1146,-0.2036
6.02,-0.1428,0.0732,0.084,-0.1372
6.04,-0.2192,-0.0047,0.0492,0.1885
6.06,0.0527,-0.0451,0.0573,-0.224
6.08,-0.2022,0.0437,-0.0958,0.0499
6.1,0.0506,-0.008,0.0555,-0.0762
6.12,0.1178,0.0078,0.0363,0.234
6.14,-0.2918,-0.0947,0.1864,0.0907
6.16,0.1838,0.1144,0.0249,0.0564
6.18,0.1224,0.0603,-0.0623,0.003
6.2,0.059,-0.0654,0.0178,0.1513
6.22,0.1751,-0.1044,0.0836,0.1621
6.24,0.1329,-0.1809,0.2622,-0.1088
6.26,0.1197,-0.014,-0.0075,-0.2455
6.28,0.1115,0.1002,-0.0554,-0.0035
6.3,-0.1621,-0.0321,0.1419,-0.0295
6.32,-0.0059,0.0707,0.0153,-0.4124
6.34,-0.0269,0.0557,0.2639,0.2364
6.36,-0.089,0.0664,-0.0167,0.0335
6.38,-0.1374,-0.0221,0.186,-0.2048
6.4,0.1477,0.1148,-0.1534,-0.0713
6.42,-0.1646,0.0226,0.1841,0.1514
6.44,-0.1559,-0.0486,-0.1065,0.1217
6.46,-0.2848,-0.1586,-0.0722,0.1379
6.48,-0.0763,0.1137,-0.0252,-0.1896
6.5,0.2135,-0.0313,-0.1642,0.0855
6.52,0.2363,0.1846,-0.0514,0.0015
6.54,-0.0424,0.0222,-0.0337,0.0199
6.56,0.1603,-0.191,-0.0129,-0.0998
6.58,-0.0235,0.1889,0.0181,0.0419
6.6,-0.016,0.1463,0.1347,0.1683
6.62,-0.0684,0.0036,-0.0881,-0.0119
6.64,0.1039,-0.0168,0.0108,0.1751
6.66,-0.0494,-0.0494,-0.0519,0.197
6.68,-0.1574,0.0408,0.0465,0.0372
6.7,-0.2843,-0.1559,-0.1511,0.0784
6.72,0.0615,-0.0069,0.0513,0.1927
6.74,-0.1348,-0.1481,0.229,-0.2694
6.76,0.0477,0.109,0.0895,0.0542
6.78,0.0225,0.0564,-0.0456,-0.1101
6.8,0.0597,0.1137,-0.1229,-0.1955
6.82,-0.1794,0.02,0.0427,-0.002
6.84,0.288,0.0196,0.0323,0.1725
6.86,0.0675,0.1543,-0.144,0.3025
6.88,0.1127,0.1709,0.0085,-0.0376
6.9,-0.139,-0.0726,-0.229,-0.233
6.92,-0.0737,-0.0748,0.1131,-0.1423
6.94,-0.0403,-0.0244,-0.2978,0.1276
6.96,0.1528,-0.0465,-0.2183,0.0476
6.98,-0.1772,-0.0061,0.0307,0.1842
7.0,-0.1186,0.0044,-0.0471,0.2239
7.02,-0.0089,0.0046,0.01,0.1004
7.04,-0.0716,0.0648,-0.0152,0.1217
7.06,-0.2023,0.1169,-0.054,0.0373
7.08,-0.0544,0.033,-0.0985,0.0168
7.1,-0.0889,-0.0301,-0.1351,0.267
7.12,-0.0048,-0.1119,0.1507,-0.0154
7.14,0.0432,0.1044,-0.1891,-0.0209
7.16,-0.0451,-0.1149,0.1008,0.1478
7.18,0.0468,0.0229,0.0896,0.3574
7.2,-0.3115,0.0705,-0.0516,0.2857
7.22,-0.0756,0.0873,-0.1353,0.0157
7.24,-0.1906,0.2753,0.2368,0.0638
7.26,0.0162,0.0883,0.1363,0.0241
7.28,-0.0202,-0.2577,0.0279,-0.1008
7.3,0.1449,-0.1562,-0.0158,0.1583
7.32,0.4982,-0.0375,0.116,0.3049
7.34,-0.0569,0.1134,-0.0226,-0.006
7.36,0.0654,0.2398,-0.1061,0.1148
7.38,-0.4048,-0.0284,0.0094,0.1043
7.4,0.0108,0.1519,0.1975,0.0683
7.42,-0.2335,0.0653,-0.068,-0.3164
7.44,-0.0209,0.1613,-0.0326,-0.03
7.46,0.0797,-0.0309,-0.031,0.2396
7.48,0.0482,-0.0565,0.0123,0.1794
7.5,0.2305,-0.0599,-0.0892,0.1818
7.52,0.194,-0.179,-0.0498,-0.2105
7.54,0.0885,-0.0556,-0.1198,0.168
7.56,-0.1426,0.2487,-0.0664,0.1767
7.58,-0.0069,-0.0141,0.1382,-0.1377
7.6,0.2309,0.0409,-0.0731,-0.0208
7.62,-0.1636,-0.0332,-0.1994,-0.2167
7.64,0.0913,0.0439,0.0423,-0.1816
7.66,0.0746,-0.1478,-0.2549,-0.3841
7.68,-0.3217,-0.0015,0.0674,-0.1518
7.7,-0.0026,-0.071,0.1199,0.205
7.72,0.1432,0.0439,0.0169,0.1515
7.74,0.155,0.0734,-0.1444,0.0825
7.76,-0.1286,-0.1496,0.1107,-0.1214
7.78,0.0814,0.1985,0.0007,0.2137
7.8,0.1017,-0.0055,-0.0605,0.0977
7.82,-0.0539,0.0261,-0.0786,-0.0193
7.84,0.1827,0.028,-0.155,0.2735
7.86,-0.1209,0.0852,0.0528,0.1125
7.88,-0.0894,0.0465,-0.0665,-0.0731
7.9,-0.313,-0.1205,0.0729,0.1165
7.92,0.0639,0.0031,-0.0082,-0.034
7.94,0.1653,-0.0836,-0.1452,0.3084
7.96,0.1663,-0.0449,-0.1438,0.1508
7.98,0.1088,-0.0399,-0.1416,-0.1076
8.0,0.1222,0.0694,-0.1354,0.1714
8.02,-0.2196,0.2009,0.0115,0.1128
8.04,-0.0139,-0.0651,-0.061,0.03
8.06,-0.1133,-0.1722,-0.1283,-0.0183
8.08,0.0314,0.0554,0.0034,0.0387
8.1,-0.0854,-0.123,-0.228,0.0828
8.12,0.0198,-0.0682,0.0884,-0.3213
8.14,0.3585,-0.0104,0.0535,-0.0498
8.16,0.1729,0.1676,0.0439,-0.1618
8.18,-0.0489,-0.1536,0.0873,-0.1664
8.2,0.0534,-0.2507,0.0957,-0.1577
8.22,-0.0183,-0.0566,-0.0342,0.0943
8.24,-0.1602,-0.1722,0.0654,-0.0886
8.26,0.0859,-0.0153,-0.0408,0.0322
8.28,-0.0027,-0.2261,-0.0414,-0.058
8.3,0.022,0.1034,0.0601,-0.0523
8.32,-0.0055,-0.0796,0.0476,0.0194
8.34,-0.0226,-0.2257,-0.1325,-0.2703
8.36,-0.0657,0.0599,0.0513,0.101
8.38,0.0592,-0.052,0.1049,0.0095
8.4,0.2244,0.0991,0.05,-0.0956
8.42,0.0899,-0.1195,0.0147,-0.0031
8.44,0.091,-0.0969,0.0979,-0.3349
8.46,-0.1245,0.1359,0.0086,-0.2555
8.48,-0.0322,0.0066,-0.1009,-0.0123
8.5,0.0787,-0.1832,0.2699,0.3972
8.52,-0.0054,0.0199,-0.0983,-0.1933
8.54,0.1009,-0.0684,-0.0649,-0.1331
8.56,0.1509,-0.016,0.0238,0.1851
8.58,0.0922,-0.0799,0.2552,0.053
8.6,-0.1467,0.0529,0.0648,-0.0534
8.62,0.0736,0.2803,-0.1574,-0.2739
8.64,-0.0784,-0.1025,-0.0623,-0.2827
8.66,0.0398,-0.0868,-0.0073,0.0405
8.68,0.0668,-0.0472,-0.2386,0.1358
8.7,0.159,-0.1372,-0.0062,0.0862
8.72,0.2486,0.2449,-0.2025,-0.1579
8.74,0.0075,0.0368,0.1584,-0.0829
8.76,0.091,-0.0043,0.0874,0.1082
8.78,0.0247,-0.1185,-0.0016,-0.0575
8.8,0.0465,0.0302,-0.0707,0.2702
8.82,0.0142,0.1326,0.1171,-0.0858
8.84,-0.1152,0.0197,0.0587,0.2203
8.86,-0.069,-0.0748,-0.0085,-0.2085
8.88,0.0361,-0.0021,-0.1027,-0.1294
8.9,0.0598,-0.0036,-0.0259,0.1611
8.92,-0.4581,0.0133,0.0702,-0.0926
8.94,-0.2329,0.1762,-0.1228,0.1935
8.96,-0.1442,-0.0383,-0.1586,-0.2514
8.98,0.0742,0.0604,0.0048,0.0871
9.0,-0.067,-0.0987,-0.1699,0.1738
9.02,0.0918,-0.0375,0.0855,0.1838
9.04,-0.0054,-0.1299,-0.0363,-0.0327
9.06,0.2886,0.0532,0.2857,-0.0426
9.08,0.2705,-0.058,0.0226,-0.1121
9.1,0.1742,0.257,-0.2018,0.1154
9.12,-0.1568,0.0874,-0.0295,-0.033
9.14,0.1133,0.0951,-0.0082,-0.2753
9.16,-0.0298,-0.0429,-0.0483,0.2681
9.18,-0.0592,-0.2994,0.0406,-0.244
9.2,0.1476,-0.0898,0.0774,0.1723
9.22,0.207,-0.1096,0.3305,0.2773
9.24,-0.1339,-0.0448,-0.1035,0.0541
9.26,-0.043,-0.009,-0.0366,0.1479
9.28,0.0752,0.0465,0.0666,0.3225
9.3,0.2448,0.0167,-0.1423,-0.1345
9.32,-0.132,-0.2166,-0.0074,-0.1131
9.34,-0.034,0.0335,0.1514,0.2932
9.36,0.1397,0.0299,0.0234,-0.2338
9.38,0.1388,0.3469,-0.2488,-0.0042
9.4,0.1603,-0.0605,-0.0171,0.1077
9.42,0.1403,0.047,0.0383,-0.1375
9.44,0.021,-0.0116,-0.0283,0.0378
9.46,-0.0475,0.0464,-0.0829,-0.2231
9.48,0.183,0.026,-0.1464,-0.1733
9.5,-0.0286,-0.074,-0.0745,-0.2454
9.52,0.0652,-0.0698,-0.1242,0.2064
9.54,-0.1423,0.3742,0.0787,-0.0439
9.56,0.1512,-0.1407,-0.096,-0.0081
9.58,0.0673,-0.1624,0.1654,-0.0002
9.6,0.0156,-0.0257,-0.0869,-0.0107
9.62,-0.0472,0.0422,0.0124,0.1005
9.64,-0.1943,0.1604,-0.1493,0.4502
9.66,-0.0299,-0.0533,-0.1735,-0.0254
9.68,0.0477,-0.2505,-0.0664,0.2238
9.7,0.0167,0.1241,-0.1972,-0.2733
9.72,-0.126,-0.0737,-0.1267,-0.2598
9.74,0.2185,0.0369,-0.0716,-0.0131
9.76,-0.3996,0.1195,-0.0361,-0.2173
9.78,0.0591,0.0069,0.1759,-0.4159
9.8,0.087,0.0654,-0.0925,0.2632
9.82,0.0263,-0.2467,-0.0971,-0.0721
9.84,-0.0275,-0.0407,-0.0573,-0.0143
9.86,0.03,-0.1251,-0.0276,-0.122
9.88,-0.0795,-0.1177,-0.1793,-0.2958
9.9,0.0241,-0.0974,-0.1887,-0.034
9.92,0.0578,0.0771,0.03,0.0855
9.94,0.1937,0.0675,0.0628,0.2189
9.96,-0.3416,-0.1799,0.0246,0.0089
9.98,0.0531,0.0314,-0.0463,-0.1935
10.0,-0.023,0.1104,0.0467,0.0807
10.02,0.0762,0.1771,-0.0232,0.005
10.04,-0.2267,0.1554,-0.1039,-0.1024
10.06,-0.1297,-0.0098,0.1276,0.0282
10.08,0.0842,0.2086,0.1622,0.0486
10.1,0.0972,0.0197,0.0129,0.0286
10.12,-0.2114,-0.0709,0.1879,-0.0811
10.14,0.235,0.1918,-0.1148,0.4175
10.16,0.0838,-0.1675,0.0247,-0.0726
10.18,-0.2916,0.1084,-0.0092,0.0113
10.2,-0.0536,-0.0345,-0.1132,0.0174
10.22,-0.0345,0.0091,-0.1954,-0.1648
10.24,0.1019,-0.2645,-0.1831,0.2756
10.26,0.0054,-0.136,0.151,0.0339
10.28,-0.0952,0.2411,-0.0301,0.0765
10.3,0.0582,-0.158,0.0825,-0.2247
10.32,0.1766,-0.2603,0.131,0.1592
10.34,0.1984,-0.0327,0.2564,0.1269
10.36,0.3848,0.0503,-0.236,0.1444
10.38,-0.0304,-0.1442,0.1005,0.1134
10.4,-0.3272,-0.1268,-0.1926,0.0699
10.42,0.0721,0.0314,0.0549,0.0717
10.44,-0.2317,0.1943,-0.0992,-0.0411
10.46,0.088,0.0287,0.0463,-0.0591
10.48,0.2392,-0.0731,-0.0067,0.0813
10.5,-0.1546,0.0437,0.1545,0.008
10.52,-0.2964,-0.1062,-0.0314,-0.1195
10.54,0.1278,0.0663,0.0956,0.075
10.56,0.0419,-0.0366,-0.1364,0.068
10.58,0.0616,-0.0413,-0.0876,0.2169
10.6,-0.0257,0.1674,0.0034,-0.1468
10.62,-0.0382,-0.0854,-0.2066,-0.2129
10.64,-0.0993,0.1029,0.0524,0.0995
10.66,0.0022,0.1014,-0.0613,-0.3147
10.68,-0.0361,0.0049,-0.0715,0.1316
10.7,-0.3072,-0.0221,0.0975,0.2673
10.72,0.2338,-0.0884,-0.0051,0.0853
10.74,0.2344,-0.158,0.1444,-0.1562
10.76,0.1763,0.1856,0.0472,-0.0537
10.78,-0.2982,-0.0689,0.1905,0.0827
10.8,0.0941,0.0172,-0.0432,-0.002
10.82,0.0433,0.009,0.0044,0.2717
10.84,0.2448,0.101,0.1927,-0.068
10.86,-0.03,0.158,-0.1756,0.0252
10.88,0.0413,-0.0676,-0.2369,-0.1644
10.9,0.2082,-0.0754,-0.2515,0.2058
10.92,0.0854,0.0278,-0.2145,-0.2324
10.94,-0.028,0.0469,-0.029,-0.0456
10.96,0.0144,0.0259,-0.0931,-0.0976
10.98,0.1733,0.0978,0.016,0.1753
11.0,-0.02,0.0268,0.1662,0.3316
11.02,-0.1919,0.2172,0.2356,-0.0793
11.04,0.0532,0.0078,0.0597,0.0377
11.06,-0.2662,0.0331,-0.0885,0.2337
11.08,-0.1066,0.0638,-0.0097,-0.0505
11.1,-0.0932,0.0137,0.0027,-0.0522
11.12,0.069,0.1153,-0.2144,-0.2037
11.14,0.0032,-0.1283,-0.0745,-0.0512
11.16,-0.3462,-0.1058,0.0573,0.0637
11.18,-0.0569,-0.1442,-0.0274,-0.0181
11.2,-0.1037,-0.1893,0.1408,0.1743
11.22,-0.3772,-0.028,-0.0571,-0.0337
11.24,0.0414,-0.002,-0.0446,0.1025
11.26,-0.0181,-0.3043,0.0144,0.0034
11.28,0.0635,0.0261,0.1897,0.0463
11.3,-0.2682,-0.0447,0.0292,0.0617
11.32,0.3352,-0.0155,-0.0141,0.2449
11.34,0.0436,0.1435,0.0905,0.1293
11.36,0.0261,0.03,-0.0395,-0.1753
11.38,-0.0392,0.3162,0.0376,0.1646
11.4,-0.1385,0.0598,0.1259,0.0516
11.42,0.0758,-0.0423,-0.1656,0.108
11.44,-0.1836,-0.0886,-0.0786,0.6094
11.46,-0.1473,-0.1297,0.0506,0.2542
11.48,-0.1242,-0.0911,-0.1131,0.0815
11.5,-0.0644,-0.064,0.1739,0.1141
11.52,0.1021,0.0119,-0.2125,0.0567
11.54,-0.0536,-0.0548,0.0646,-0.3053
11.56,-0.0533,0.0311,-0.1969,0.0655
11.58,0.1692,0.1123,-0.0376,-0.067
11.6,-0.1223,-0.1333,-0.0478,0.385
11.62,-0.0925,-0.109,-0.2191,-0.1723
11.64,0.1287,-0.0697,-0.02,0.1053
11.66,-0.1556,0.139,0.0388,0.319
11.68,-0.2624,0.0234,0.1997,-0.1507
11.7,-0.0055,-0.1583,0.0492,0.1744
11.72,-0.2137,-0.0045,-0.0887,-0.2506
11.74,-0.1052,0.0222,-0.0963,0.2448
11.76,-0.1483,0.0081,-0.0879,0.4119
11.78,-0.1986,0.122,-0.1532,0.0138
11.8,-0.1971,-0.0235,-0.1845,-0.4252
11.82,-0.0014,0.0361,0.0036,-0.048
11.84,0.0151,-0.0559,-0.0266,-0.2389
11.86,0.0772,-0.0412,0.0405,0.0043
11.88,0.0545,0.1135,0.0051,0.0539
11.9,-0.1163,0.0297,-0.0887,0.1726
11.92,-0.0018,-0.0385,0.0295,-0.1548
11.94,0.207,0.1424,-0.1483,-0.1003
11.96,-0.097,0.0289,0.035,0.0531
11.98,0.1169,0.0115,-0.108,0.0958
12.0,-0.0809,-0.1264,-0.1055,0.1352
12.02,0.0275,0.0385,0.1417,0.2943
12.04,-0.0321,0.0588,0.0547,0.0728
12.06,0.3345,-0.0934,0.0491,0.2401
12.08,0.0853,0.0402,0.0495,-0.1284
12.1,0.1619,-0.038,-0.0876,0.2522
12.12,-0.0646,0.1699,-0.0381,0.0086
12.14,-0.137,-0.0043,0.0564,-0.0265
12.16,0.0393,-0.0652,0.0657,-0.2088
12.18,0.1314,-0.1539,-0.0257,0.1514
12.2,-0.0596,-0.1951,-0.0516,-0.3186
12.22,0.0478,0.0493,-0.0502,0.1774
12.24,0.156,-0.2829,0.0189,0.2607
12.26,-0.0163,0.0732,-0.1507,0.1657
12.28,0.0464,-0.1511,0.0965,-0.1183
12.3,0.1648,-0.1091,0.0071,0.116
12.32,0.1936,0.01,-0.0736,-0.1734
12.34,0.1969,0.0465,0.0153,-0.0149
12.36,-0.1247,0.0023,-0.252,-0.1124
12.38,0.0792,-0.1471,0.0796,0.1289
12.4,0.0313,-0.1058,0.2116,0.082
12.42,0.1077,0.1367,0.1094,0.0948
12.44,0.2808,0.1807,-0.1863,-0.0844
12.46,-0.1903,0.0618,-0.0862,-0.115
12.48,-0.0341,0.2464,-0.0229,0.0154
12.5,-0.1536,-0.0597,0.0031,-0.151
12.52,0.2257,-0.0733,0.0578,-0.0444
12.54,-0.1496,-0.0557,-0.1141,-0.0577
12.56,0.2245,0.0318,-0.0443,-0.2509
12.58,-0.0523,0.0449,0.0968,-0.0498
12.6,-0.0004,0.2601,-0.0643,0.1022
12.62,0.1446,-0.0162,0.0113,-0.174
12.64,0.0494,-0.0095,0.1039,0.1315
12.66,0.1223,-0.0319,-0.008,-0.1059
12.68,0.0075,-0.2037,-0.1141,-0.1753
12.7,-0.1802,-0.1287,0.0374,0.1799
12.72,-0.0469,0.3779,-0.1042,0.078
12.74,-0.1668,-0.1273,-0.0705,0.2006
12.76,0.2435,-0.048,0.1538,0.0383
12.78,0.1334,-0.3363,0.1371,-0.0927
12.8,0.0629,-0.0271,0.1466,0.5111
12.82,0.0723,0.0492,0.0033,-0.0834
12.84,-0.1647,0.1712,0.0877,-0.1234
12.86,0.0049,0.119,-0.1315,0.0116
12.88,0.0988,0.0846,-0.1212,-0.121
12.9,0.1002,-0.0387,-0.1875,0.307
12.92,-0.1254,0.1366,-0.0448,0.0065
12.94,0.064,-0.0194,0.0562,-0.3334
12.96,0.0905,-0.0212,0.0092,0.0891
12.98,0.05,-0.0056,-0.0083,-0.1808
13.0,0.1622,0.1328,0.0209,-0.1155
13.02,-0.0604,0.0816,0.1267,-0.0209
13.04,0.0958,0.0646,-0.0555,0.1495
13.06,-0.1451,-0.0199,-0.076,0.2355
13.08,-0.2075,-0.1408,-0.0728,0.1389
13.1,-0.1872,0.0546,-0.1339,0.0392
13.12,0.0775,-0.0252,0.0307,0.0248
13.14,0.0224,0.1149,-0.1205,0.1235
13.16,0.1245,0.1635,0.0485,0.142
13.18,0.082,-0.0107,0.038,-0.2048
13.2,0.0996,0.0145,-0.088,0.1164
13.22,0.1506,-0.0195,0.0596,0.2407
13.24,0.2091,-0.2571,-0.0451,0.1197
13.26,0.0279,0.21,0.3631,-0.0496
13.28,0.0477,-0.1444,-0.1187,0.2244
13.3,0.0461,-0.0005,0.0371,-0.1988
13.32,0.1494,0.1877,0.006,0.0289
13.34,0.0509,0.1953,-0.0262,-0.1271
13.36,0.1136,0.0856,0.0533,0.0852
13.38,0.0191,-0.0562,-0.018,0.1971
13.4,0.0051,-0.0161,0.0542,-0.0718
13.42,-0.049,0.2736,-0.3336,0.005
13.44,-0.1266,0.0555,-0.1251,0.1447
13.46,-0.1193,-0.1047,0.2657,-0.1384
13.48,0.0017,-0.1501,-0.0084,-0.0181
13.5,0.2533,-0.1689,0.0961,-0.3679
13.52,-0.3747,-0.0349,0.0774,0.0003
13.54,-0.1966,0.3001,0.0755,0.0707
13.56,-0.1725,-0.0663,0.0335,0.3658
13.58,-0.094,-0.1955,-0.0532,-0.0315
13.6,0.0716,-0.1472,0.1264,-0.0652
13.62,0.0121,-0.1304,-0.0518,0.1667
13.64,-0.0558,-0.2016,-0.0316,0.301
13.66,-0.0029,-0.2122,-0.0572,-0.1113
13.68,0.1199,-0.1733,0.1086,-0.0502
13.7,0.0781,-0.3216,0.0927,0.1633
13.72,0.1081,0.1429,0.1834,0.0598
13.74,0.2458,-0.1133,-0.1471,0.0135
13.76,0.1356,0.0098,0.1165,-0.3488
13.78,0.0761,0.1453,-0.1186,-0.1716
13.8,0.0455,0.0397,-0.1851,-0.0934
13.82,-0.3241,0.0411,-0.0398,-0.179
13.84,-0.0901,-0.3268,0.1965,0.073
13.86,-0.1088,0.0664,0.0412,0.009
13.88,-0.0873,-0.0728,0.0028,0.236
13.9,-0.1741,0.0257,0.088,-0.1619
13.92,-0.0834,-0.2278,0.044,0.0433
13.94,0.4068,-0.2055,0.1462,-0.0852
13.96,0.1963,-0.1035,-0.0836,0.4469
13.98,0.0978,-0.0909,0.0942,0.0636
14.0,0.0284,0.0059,-0.0573,-0.0264
14.02,-0.0451,0.007,0.1324,0.0962
14.04,0.1392,0.1494,0.0332,-0.1671
14.06,-0.0637,-0.0716,-0.1488,-0.0159
14.08,0.0513,-0.3954,0.0571,-0.0293
14.1,-0.1164,0.142,0.1272,0.0314
14.12,0.1341,0.0644,-0.1677,-0.1559
14.14,-0.3256,0.1216,0.073,-0.1609
14.16,0.1447,0.127,0.0699,0.179
14.18,0.3226,-0.16,-0.1149,0.2409
14.2,0.206,0.064,0.1253,-0.0694
14.22,0.1162,0.1501,-0.1089,-0.1676
14.24,-0.0843,0.0508,0.0519,-0.156
14.26,0.3252,-0.0835,0.1984,0.3226
14.28,0.0411,-0.0248,-0.0745,-0.0964
14.3,-0.1984,0.1466,0.1076,0.2005
14.32,-0.0524,0.2514,0.0381,0.6205
14.34,-0.1334,0.239,-0.2556,-0.1686
14.36,-0.2306,-0.124,0.0353,-0.102
14.38,0.198,0.0149,-0.1118,0.0343
14.4,0.3171,0.1196,0.0498,-0.0782
14.42,0.0758,-0.0313,-0.2371,-0.0282
14.44,-0.132,0.1563,-0.1145,0.0076
14.46,0.1483,0.0531,0.0725,0.0378
14.48,-0.1354,0.2188,0.1546,-0.0715
14.5,0.1286,-0.0779,0.0908,-0.0493
14.52,0.0279,-0.0427,0.0462,-0.0812
14.54,-0.0004,0.0175,0.0743,0.1917
14.56,0.2101,-0.1787,0.1858,0.132
14.58,0.0208,-0.024,0.0431,0.2001
14.6,-0.2004,-0.0002,-0.0956,-0.003
14.62,-0.1262,-0.0885,-0.0646,-0.3306
14.64,0.0968,0.0256,0.1917,-0.0159
14.66,0.3058,0.0858,0.0622,0.2407
14.68,0.2168,-0.0585,0.1478,0.0807
14.7,-0.1565,-0.0781,-0.133,-0.199
14.72,0.0707,0.1437,-0.0166,-0.0515
14.74,0.1435,-0.0842,0.0742,-0.2705
14.76,0.2294,0.0337,0.012,0.1597
14.78,0.2576,-0.0694,0.0317,-0.1166
14.8,0.045,0.0731,-0.1179,0.4768
14.82,0.1209,-0.0203,0.0805,-0.0141
14.84,-0.0378,-0.1045,-0.1002,0.2904
14.86,0.0462,-0.0225,0.0583,-0.1156
14.88,0.1512,-0.0561,-0.2846,0.334
14.9,-0.2429,-0.0404,-0.1301,-0.1001
14.92,-0.0281,-0.0326,0.2353,-0.0251
14.94,0.1748,0.107,-0.0644,-0.153
14.96,-0.0949,-0.1003,-0.0825,0.2186
14.98,0.2846,-0.1533,0.0372,0.2023
15.0,0.1952,-0.0488,0.1093,0.0242
15.02,-0.0407,-0.0039,0.0152,-0.2249
15.04,-0.0964,-0.3245,0.056,-0.363
15.06,-0.0545,-0.1003,-0.0241,0.0126
15.08,-0.0249,-0.0905,-0.3169,0.0513
15.1,-0.0279,-0.0425,0.0477,0.0158
15.12,0.0283,0.04,0.0738,0.17
15.14,-0.0626,0.1152,-0.0276,-0.229
15.16,-0.3049,0.133,0.0371,0.0849
15.18,-0.2706,0.0416,-0.2734,0.11
15.2,0.0532,-0.0434,-0.2116,0.0563
15.22,0.1202,-0.0253,0.0127,-0.2813
15.24,0.044,0.1184,-0.0271,0.0704
15.26,0.0709,-0.041,-0.0649,0.192
15.28,-0.0991,-0.0433,0.2733,-0.0873
15.3,0.1784,-0.2647,-0.114,0.264
15.32,-0.3926,0.0401,0.2426,-0.0299
15.34,0.0273,0.0549,0.1368,-0.0492
15.36,0.0745,0.1042,-0.1121,-0.1776
15.38,0.2306,0.1715,0.1312,0.0877
15.4,0.1739,0.0032,0.0342,0.0162
15.42,0.0545,-0.1251,-0.0217,0.0131
15.44,-0.0751,0.1048,-0.0804,0.1217
15.46,0.0016,0.2354,-0.0702,-0.0344
15.48,0.0118,-0.071,-0.0732,-0.0272
15.5,-0.2289,-0.041,-0.0124,-0.1544
15.52,-0.1166,0.0878,0.0333,-0.128
15.54,-0.0479,0.0964,0.0081,0.2166
15.56,-0.0235,-0.1079,-0.04,-0.2162
15.58,0.2454,-0.1431,0.0099,0.2843
15.6,-0.0372,0.0928,0.0567,-0.1531
15.62,0.0657,0.175,-0.1633,-0.2524
15.64,0.1516,-0.1694,0.0142,0.2407
15.66,-0.2151,-0.0524,0.0962,0.1573
15.68,0.045,-0.0477,-0.0254,0.3995
15.7,-0.3227,-0.2116,0.1359,-0.3706
15.72,0.1025,-0.0988,0.0134,-0.1646
15.74,-0.2041,-0.0993,0.0941,0.0206
15.76,0.1,0.0308,-0.0491,0.3059
15.78,0.0128,0.1193,-0.0546,0.0206
15.8,0.1386,-0.157,-0.0699,-0.1469
15.82,0.0217,-0.0142,0.0644,-0.0961
15.84,-0.0932,0.048,0.0951,0.1695
15.86,0.1431,0.0403,-0.1514,0.0659
15.88,0.1735,-0.0299,-0.0732,-0.2373
15.9,-0.2361,0.1717,0.0997,0.1106
15.92,-0.2188,0.1129,0.1554,0.4781
15.94,-0.2521,0.0539,0.0448,-0.0393
15.96,-0.1706,-0.1067,-0.0318,-0.0135
15.98,0.1972,-0.1106,-0.081,-0.097
16.0,0.0437,0.0119,0.1641,0.0346
16.02,-0.1047,0.0261,-0.0235,-0.1704
16.04,-0.1271,-0.0821,-0.0988,0.1895
16.06,0.245,-0.0927,0.279,0.1496
16.08,-0.0935,-0.2008,-0.1634,-0.234
16.1,-0.1668,0.1014,0.0382,0.1668
16.12,-0.1594,0.0098,-0.1065,0.3743
16.14,-0.1753,0.0046,0.0341,0.1416
16.16,-0.381,-0.0096,0.212,0.118
16.18,0.0327,0.1975,0.1379,-0.19
16.2,-0.0335,-0.2201,0.1185,-0.0839
16.22,-0.1398,0.1431,-0.1079,0.1582
16.24,0.0317,-0.0169,-0.2347,-0.051
16.26,-0.0205,0.0451,0.0752,0.2186
16.28,0.1909,0.0185,-0.1191,-0.3199
16.3,0.0836,-0.0275,0.026,0.2104
16.32,0.0122,-0.0021,-0.0609,-0.1204
16.34,-0.1121,-0.0667,-0.0939,-0.5447
16.36,0.0563,-0.3667,0.0159,-0.1198
16.38,-0.0609,0.04,0.1986,0.1714
16.4,0.0886,0.0183,0.0181,0.1993
16.42,-0.1428,0.064,-0.0996,-0.0919
16.44,0.2745,-0.069,0.1847,0.0951
16.46,0.1073,-0.0612,-0.0399,-0.1491
16.48,-0.1654,0.1755,0.0613,0.0827
16.5,-0.1655,-0.1891,-0.0026,-0.0115
16.52,-0.2084,-0.122,-0.1834,-0.0314
16.54,-0.0674,0.0981,0.1762,-0.1242
16.56,-0.1215,-0.0559,-0.0447,0.1095
16.58,0.2111,0.1043,-0.0508,-0.0711
16.6,-0.1688,-0.0675,-0.0023,0.0319
16.62,0.1885,0.1378,-0.0514,0.0339
16.64,-0.0579,-0.1848,0.1935,-0.3037
16.66,0.1073,0.02,-0.142,0.1621
16.68,0.2473,0.1344,0.0337,-0.0515
16.7,-0.0287,0.1608,0.0781,-0.2537
16.72,-0.0859,0.1082,-0.0841,-0.1642
16.74,0.3202,-0.1309,-0.0553,0.2237
16.76,0.3577,-0.0735,-0.1617,0.3688
16.78,-0.2427,0.0068,-0.0793,0.1795
16.8,-0.129,0.1243,-0.1125,0.032
16.82,0.2473,-0.1479,-0.0409,-0.1361
16.84,-0.3039,-0.0244,0.0703,-0.1073
16.86,-0.1634,-0.2556,-0.0062,-0.0748
16.88,0.2718,-0.0769,0.051,0.2482
16.9,0.224,0.0098,0.0142,0.0868
16.92,0.3258,0.1747,-0.0491,0.263
16.94,-0.0695,-0.0825,0.1773,-0.1821
16.96,-0.2101,-0.0922,-0.1209,0.0795
16.98,-0.1605,0.0337,0.0621,0.1716
17.0,-0.1934,0.0493,-0.358,0.218
17.02,-0.0016,-0.0281,0.1408,-0.3616
17.04,0.0734,-0.1217,0.0316,0.0216
17.06,0.2283,0.0185,-0.0505,-0.0169
17.08,-0.4187,0.0663,0.1181,0.2742
17.1,0.0679,0.0661,-0.0704,-0.1048
17.12,-0.0265,-0.1331,0.0635,-0.2091
17.14,-0.063,0.009,0.021,-0.0807
17.16,-0.0058,0.0163,0.0334,0.2664
17.18,0.0314,-0.0243,-0.0526,-0.0418
17.2,0.0081,0.1609,0.0187,-0.2348
17.22,0.095,0.0573,-0.122,-0.3015
17.24,-0.0638,0.0227,0.1979,0.0608
17.26,-0.1772,-0.1303,-0.1265,0.3344
17.28,0.1996,-0.0359,-0.0998,-0.0822
17.3,0.1483,-0.0159,-0.0265,0.1842
17.32,0.2355,-0.0595,-0.0141,-0.0877
17.34,-0.0168,0.029,0.1453,-0.3547
17.36,-0.1118,0.124,-0.1309,0.0765
17.38,-0.1048,0.1401,0.2016,0.0239
17.4,0.0502,0.0671,0.1784,0.0969
17.42,-0.0558,0.0406,-0.0169,-0.0906
17.44,-0.068,0.0479,0.1457,0.1052
17.46,0.0204,0.0875,-0.2479,-0.2265
17.48,0.3324,-0.035,0.0062,0.0333
17.5,-0.1442,0.1269,0.0879,-0.1176
17.52,0.196,0.0891,0.1169,-0.1675
17.54,-0.0916,-0.0192,-0.0766,-0.2987
17.56,-0.1212,-0.0326,0.0351,-0.0067
17.58,-0.0034,0.1225,-0.0339,-0.0838
17.6,0.1309,-0.1691,0.1045,0.3014
17.62,-0.0437,-0.2055,-0.0221,-0.3724
17.64,-0.1242,-0.0369,-0.0394,0.0426
17.66,-0.2137,-0.152,-0.0809,0.0529
17.68,-0.2065,-0.047,-0.0368,0.0707
17.7,-0.1136,0.101,-0.0803,0.2242
17.72,0.0007,-0.0688,-0.037,0.0542
17.74,0.022,0.1263,0.0754,-0.2776
17.76,0.2406,-0.1655,-0.1727,0.2408
17.78,-0.2188,0.1425,0.0369,0.2949
17.8,0.2754,-0.1197,0.0088,-0.3809
17.82,0.1259,0.1905,0.149,0.2374
17.84,0.0279,-0.0798,0.1122,0.2093
17.86,0.0568,0.1083,0.1153,-0.2209
17.88,0.2446,-0.2058,-0.0763,-0.0042
17.9,0.1395,0.094,-0.051,0.05
17.92,0.1311,0.1166,-0.0042,0.1309
17.94,-0.0324,0.1183,0.1015,-0.0218
17.96,0.3241,0.252,0.1376,0.367
17.98,0.1146,-0.0463,0.185,-0.1775
18.0,-0.1962,0.109,-0.0914,0.2398
18.02,0.0112,0.308,0.1662,-0.2806
18.04,0.0248,0.0969,-0.0181,0.3066
18.06,-0.1044,0.1008,0.0651,0.1157
18.08,0.2024,0.0821,-0.0448,0.1772
18.1,0.1514,-0.1909,0.1443,0.4093
18.12,-0.0828,0.0284,0.0466,-0.0796
18.14,-0.0667,-0.1346,-0.0805,-0.1331
18.16,-0.0672,-0.0022,0.0684,-0.2667
18.18,0.2139,-0.1033,0.1722,-0.0297
18.2,-0.086,0.1306,-0.0168,0.2174
18.22,-0.1289,-0.1194,-0.3168,0.0502
18.24,-0.2472,0.075,-0.0205,0.0219
18.26,-0.0954,0.0622,-0.0112,-0.0122
18.28,-0.0482,-0.1692,-0.1177,0.2896
18.3,0.0071,0.0779,0.1714,0.0437
18.32,-0.1552,0.1072,0.0237,-0.0713
18.34,0.0866,0.0523,0.2057,-0.3223
18.36,0.164,0.1201,0.1759,0.2337
18.38,0.1359,-0.1826,0.0832,0.0296
18.4,-0.0214,-0.1196,-0.0427,0.0196
18.42,0.0338,0.016,-0.044,0.3805
18.44,0.0582,-0.2057,-0.05,0.0747
18.46,0.077,0.0619,-0.1593,0.305
18.48,0.0497,-0.0403,-0.0441,-0.0597
18.5,0.065,-0.0331,-0.1291,-0.2013
18.52,-0.0953,0.0168,0.0775,-0.23
18.54,-0.0106,0.0367,0.0799,0.077
18.56,0.306,-0.1585,-0.0738,0.0838
18.58,-0.04,-0.1262,0.1953,-0.1024
18.6,0.1735,0.1341,0.0226,-0.0024
18.62,0.2772,-0.1185,0.1763,-0.3346
18.64,-0.0153,0.13,-0.0986,0.0347
18.66,-0.1449,0.0289,0.0029,0.1787
18.68,-0.0657,0.1723,0.1248,-0.0703
18.7,-0.1181,0.1283,0.0139,-0.2173
18.72,-0.0687,0.0098,0.0682,-0.0422
18.74,-0.0512,-0.0197,0.0171,-0.2944
18.76,-0.2327,-0.3003,-0.0625,-0.0451
18.78,-0.0114,-0.0868,0.1777,0.1392
18.8,0.1126,0.0401,-0.1078,0.0718
18.82,0.1151,-0.008,-0.2131,-0.2037
18.84,-0.1555,-0.0377,-0.2004,-0.0547
18.86,0.2238,-0.1791,-0.2075,0.2185
18.88,0.0325,-0.1495,-0.2437,-0.0796
18.9,-0.0045,0.1654,0.1517,0.0206
18.92,-0.024,0.051,-0.2158,0.1131
18.94,-0.2998,0.0163,0.0295,-0.0701
18.96,-0.1207,0.125,-0.1198,-0.0309
18.98,0.1707,0.0667,0.033,-0.0082
19.0,0.14,-0.0376,-0.0979,-0.0531
19.02,-0.0615,0.0321,-0.0953,0.1038
19.04,-0.0884,-0.0914,-0.0205,0.2742
19.06,0.1344,0.095,-0.0534,0.0118
19.08,-0.1444,0.0665,-0.0955,0.2289
19.1,0.1721,-0.1006,-0.0772,0.0404
19.12,-0.0152,0.1142,-0.0644,-0.2975
19.14,-0.1445,0.0699,0.0687,0.0938
19.16,0.0575,-0.0349,-0.1188,0.2207
19.18,-0.0338,-0.076,0.2367,-0.1095
19.2,-0.0878,-0.1526,-0.0694,-0.4388
19.22,0.1511,0.149,-0.0666,-0.3167
19.24,0.0973,-0.0355,0.1495,0.3008
19.26,0.3082,-0.0202,-0.0037,-0.4885
19.28,-0.057,-0.0995,0.0653,-0.0247
19.3,0.2552,0.1816,0.0117,-0.0691
19.32,0.1627,-0.1811,-0.1735,-0.2388
19.34,-0.1819,0.1012,0.0532,-0.0287
19.36,-0.094,-0.0135,-0.1234,-0.1379
19.38,-0.0624,0.1384,-0.2481,0.2142
19.4,0.2646,0.0391,0.123,0.1283
19.42,-0.3299,-0.0649,-0.1454,-0.0318
19.44,0.045,0.0197,0.0503,-0.1201
19.46,0.0628,-0.0895,-0.0072,0.3049
19.48,0.2868,-0.0879,-0.2111,0.2024
19.5,0.192,0.0716,0.1397,-0.255
19.52,-0.0765,0.0722,0.2338,0.185
19.54,-0.1672,-0.1024,0.1632,-0.1221
19.56,0.1445,0.0333,-0.0438,-0.2636
19.58,0.017,0.1508,-0.0678,-0.0871
19.6,-0.056,0.1314,-0.1538,-0.3036
19.62,-0.3054,-0.0961,-0.0017,0.0849
19.64,-0.1748,0.107,0.0899,-0.3279
19.66,0.0132,-0.0003,0.0727,0.2707
19.68,-0.1609,0.2243,0.0483,0.0138
19.7,-0.1143,0.0486,-0.217,0.2746
19.72,-0.0449,-0.1727,-0.3126,0.0933
19.74,0.3163,0.0891,0.0601,-0.2307
19.76,-0.1895,0.0607,0.0438,-0.0414
19.78,0.0097,0.2184,-0.0638,0.0814
19.8,-0.0198,-0.0263,0.0746,-0.0239
19.82,0.1766,-0.0089,-0.264,0.1422
19.84,-0.0627,0.0636,-0.0253,0.3371
19.86,-0.1605,0.0241,0.1201,0.0755
19.88,-0.1888,0.0106,0.2037,-0.1388
19.9,-0.0646,0.0456,0.1745,0.0691
19.92,-0.0709,-0.0385,0.0744,-0.3824
19.94,-0.0671,0.0308,-0.1329,0.1997
19.96,0.0841,0.1244,-0.1565,0.1408
19.98,0.0971,0.0613,0.1023,0.1589
20.0,0.0734,-0.2663,0.0252,-0.3477
20.02,-0.0672,0.2194,0.1424,-0.1498
20.04,-0.3045,0.0729,-0.1554,0.1847
20.06,-0.0531,-0.0772,-0.096,-0.0408
20.08,0.0752,-0.0596,-0.1291,-0.1081
20.1,0.1525,-0.0065,-0.0175,-0.1993
20.12,0.2245,-0.0179,0.1101,-0.0064
20.14,0.0478,-0.2596,-0.0239,-0.1579
20.16,0.2215,-0.1801,0.075,-0.1316
20.18,-0.0799,-0.129,0.0913,0.0932
20.2,-0.2296,0.0745,-0.0923,-0.0176
20.22,-0.3258,0.0781,-0.2168,0.0759
20.24,-0.2108,-0.0211,-0.1464,0.1639
20.26,-0.0393,-0.1226,-0.0663,-0.0424
20.28,-0.2331,0.1144,0.0291,-0.1167
20.3,0.0466,-0.1242,-0.0834,0.2707
20.32,0.0999,0.1742,-0.1019,0.1096
20.34,0.2409,-0.1921,-0.0794,-0.386
20.36,-0.1268,-0.0722,-0.0621,0.0726
20.38,0.2036,-0.0777,0.0177,-0.0142
20.4,-0.0726,-0.1225,-0.1731,0.2311
20.42,-0.1341,-0.031,0.0486,0.0004
20.44,-0.2081,-0.0768,0.2061,0.3405
20.46,0.0018,0.1557,0.0293,-0.3403
20.48,-0.2744,-0.0002,0.0736,-0.1309
20.5,-0.0181,-0.1116,0.1761,0.043
20.52,-0.1326,-0.0808,0.2205,0.1939
20.54,-0.0695,0.0785,0.0536,0.148
20.56,0.2213,0.0842,0.0341,0.037
20.58,-0.0006,-0.0697,0.0461,-0.4988
20.6,-0.2418,-0.0661,-0.1456,0.1825
20.62,0.1373,-0.0972,-0.3798,-0.0996
20.64,-0.0499,0.2089,0.1661,0.0319
20.66,-0.1477,0.0463,0.0771,0.0377
20.68,0.0805,-0.091,0.1082,0.0159
20.7,0.2282,0.3429,-0.0078,-0.0274
20.72,0.0051,-0.1787,-0.2789,0.1909
20.74,-0.0353,0.03,-0.1031,0.3271
20.76,0.0891,0.038,-0.0175,0.0655
20.78,-0.1883,-0.0081,-0.0118,0.3476
20.8,-0.229,0.0547,-0.0381,-0.3783
20.82,0.1477,0.0945,0.0225,0.0046
20.84,-0.0073,-0.0387,-0.0352,0.2425
20.86,-0.0217,-0.1433,-0.0902,0.2681
20.88,-0.0205,0.1494,-0.0049,-0.1589
20.9,0.0391,0.0334,-0.0083,-0.4692
20.92,-0.0041,-0.1239,0.173,0.3375
20.94,-0.0525,-0.0802,-0.0985,-0.0851
20.96,-0.0233,-0.0886,-0.1193,0.0364
20.98,0.0384,0.1347,-0.1043,-0.4348
21.0,0.0724,0.0404,0.0052,-0.0626
21.02,0.0631,-0.1369,-0.1158,0.1816
21.04,-0.1326,0.0236,0.0221,-0.1774
21.06,0.1151,0.0221,0.078,0.197
21.08,0.2458,0.0512,0.0548,-0.0443
21.1,-0.0503,0.1291,0.1664,0.0369
21.12,-0.0349,0.0848,0.2643,-0.1207
21.14,0.0226,0.0391,0.0488,0.421
21.16,0.0112,0.0229,-0.1575,-0.2708
21.18,-0.3023,0.2323,0.2152,-0.3229
21.2,-0.0451,0.08,0.1395,-0.0016
21.22,-0.1217,0.0391,0.1571,-0.2017
21.24,0.0868,0.0915,-0.0573,0.0293
21.26,-0.0245,0.0247,0.0641,-0.0601
21.28,-0.1734,-0.2575,0.0218,-0.0575
21.3,0.3632,0.0346,0.2112,0.0672
21.32,0.1379,-0.1421,0.143,-0.1782
21.34,0.08,-0.0598,-0.1383,0.0678
21.36,0.3313,0.1563,0.0424,0.2376
21.38,0.1191,-0.0285,0.1059,0.017
21.4,-0.1626,0.0979,0.2113,0.091
21.42,0.0869,-0.1407,0.0813,0.1774
21.44,-0.0805,-0.1225,-0.0658,-0.006
21.46,0.1465,-0.1682,-0.1001,0.3428
21.48,0.1434,-0.0378,-0.2887,0.0067
21.5,-0.1182,0.1345,-0.0734,0.0173
21.52,-0.299,-0.0944,-0.1079,0.071
21.54,0.2879,0.2239,0.1305,-0.229
21.56,-0.012,-0.1765,0.0257,-0.2881
21.58,-0.1002,-0.0826,0.0107,0.2268
21.6,-0.0333,-0.0473,0.0584,0.0525
21.62,-0.0238,-0.0297,-0.1549,0.0728
21.64,-0.0171,0.2124,0.0982,0.1656
21.66,0.1889,-0.1337,-0.0881,0.2546
21.68,-0.0425,0.3365,-0.0648,-0.0935
21.7,0.0145,0.1281,-0.1061,0.0546
21.72,0.1022,0.0554,0.2242,0.1825
21.74,0.158,-0.0537,-0.0141,-0.0497
21.76,0.1137,-0.182,0.0184,0.0716
21.78,-0.1463,0.0419,0.0403,-0.2715
21.8,0.1419,-0.0977,-0.1128,0.2161
21.82,0.0354,0.0002,-0.2112,-0.3105
21.84,-0.056,0.3734,-0.2066,0.0384
21.86,0.0092,0.1338,-0.0786,0.1801
21.88,-0.1369,-0.1397,0.0056,0.2697
21.9,-0.1127,0.1625,-0.2518,0.2429
21.92,0.0352,-0.078,0.1062,0.224
21.94,-0.1075,-0.0649,-0.0078,-0.0609
21.96,-0.1309,0.1884,0.0591,-0.0345
21.98,-0.2302,0.0103,-0.0059,0.3577
22.0,-0.0159,0.0778,0.0611,-0.2348
22.02,0.1759,0.1736,0.1127,0.1258
22.04,-0.117,-0.2852,0.0221,-0.3459
22.06,0.0294,0.0588,-0.0519,0.05
22.08,0.1166,-0.0792,0.0198,-0.0736
22.1,0.137,-0.0147,-0.1364,0.3038
22.12,-0.0394,-0.2748,0.0328,0.1893
22.14,0.0272,-0.1763,-0.1607,-0.0362
22.16,0.2988,0.2017,0.0113,0.1615
22.18,0.1189,0.2117,-0.0919,-0.0836
22.2,-0.2626,0.0997,0.0706,0.1578
22.22,0.0774,0.0785,-0.0783,-0.2103
22.24,-0.085,-0.1807,0.0443,-0.1528
22.26,0.0342,-0.2411,0.2357,0.037
22.28,-0.2317,-0.0212,-0.2742,0.2034
22.3,-0.1311,-0.1906,-0.0855,0.0851
22.32,-0.0241,-0.1028,0.166,-0.0217
22.34,0.4266,0.0254,0.0498,-0.707
22.36,0.1128,-0.1297,-0.0472,0.1444
22.38,-0.1565,-0.0889,0.036,-0.0396
22.4,0.0027,0.0526,-0.0648,-0.2325
22.42,0.1806,-0.1873,0.1273,-0.0503
22.44,-0.1165,-0.088,0.1477,0.1874
22.46,-0.0564,-0.2525,-0.0139,-0.0428
22.48,0.0832,0.1035,0.0545,0.1022
22.5,0.1952,-0.1355,0.1888,-0.06
22.52,0.1437,-0.075,0.015,-0.0422
22.54,-0.1839,0.0372,-0.0223,-0.0045
22.56,-0.1608,-0.1072,0.0551,0.3322
22.58,0.2377,-0.0106,-0.0823,0.1446
22.6,0.0785,0.1785,-0.0511,0.446
22.62,0.2255,0.0532,0.0391,0.3564
22.64,0.0101,0.0517,0.1113,0.0946
22.66,0.1931,0.0486,-0.106,0.1746
22.68,-0.4596,0.0437,0.2347,0.0052
22.7,0.0476,0.0424,-0.0463,-0.2081
22.72,-0.1316,-0.2588,-0.1543,-0.0806
22.74,-0.231,-0.0979,0.0008,-0.0057
22.76,0.1339,0.1013,-0.3735,-0.2838
22.78,-0.3006,0.0439,-0.0041,0.038
22.8,-0.0298,-0.147,-0.0395,-0.016
22.82,0.1955,0.0917,-0.0413,0.0493
22.84,0.3126,-0.0141,-0.0845,0.0426
22.86,-0.1631,-0.0812,-0.1083,-0.0556
22.88,-0.0136,0.0439,-0.1296,-0.0571
22.9,0.0419,0.0606,0.0372,-0.0855
22.92,-0.2338,-0.0751,-0.0175,-0.1058
22.94,0.1728,0.0461,0.1377,-0.0889
22.96,0.0958,-0.0614,0.0499,0.1329
22.98,0.2689,-0.0515,-0.1615,0.1404
23.0,-0.1055,-0.0738,0.0285,-0.1434
23.02,-0.0901,-0.0025,0.1489,-0.0456
23.04,-0.0023,-0.1509,-0.2222,0.1214
23.06,0.0872,-0.2259,0.1377,-0.3746
23.08,-0.0981,0.1215,-0.2679,-0.0333
23.1,0.1048,0.0018,-0.1364,-0.108
23.12,-0.0903,0.1936,-0.0942,-0.0849
23.14,-0.3062,0.0302,-0.2961,-0.1316
23.16,0.1806,-0.1482,-0.0691,-0.0352
23.18,-0.2347,0.0829,-0.3006,-0.1502
23.2,0.1703,-0.0009,0.0793,0.0396
23.22,-0.1481,-0.0622,-0.0475,0.0684
23.24,-0.0365,0.1139,-0.1704,0.0411
23.26,0.2391,0.092,0.3696,-0.1855
23.28,-0.2729,0.127,0.2254,0.0131
23.3,-0.2108,0.0603,-0.2033,0.0545
23.32,0.1473,0.1608,-0.0991,-0.0297
23.34,0.1392,0.0847,0.0136,0.0052
23.36,0.109,0.139,0.0422,0.0145
23.38,-0.164,0.1066,-0.1755,0.2393
23.4,-0.1553,0.0196,-0.1308,0.3868
23.42,-0.0693,-0.0793,-0.0435,-0.1011
23.44,-0.1951,0.2909,0.1243,-0.2736
23.46,-0.0713,-0.1165,0.0509,0.2156
23.48,-0.0039,-0.2389,-0.037,-0.3008
23.5,0.0279,-0.157,-0.0579,-0.1912
23.52,-0.0068,-0.0045,-0.0337,-0.2505
23.54,-0.3247,-0.0114,-0.1464,0.0151
23.56,-0.0455,-0.1079,-0.0993,-0.3522
23.58,0.0167,-0.1636,-0.0574,-0.2886
23.6,0.01,-0.1309,0.1206,-0.0211
23.62,-0.1978,-0.1719,0.1301,0.1644
23.64,0.0197,0.0734,0.1185,-0.0208
23.66,0.0606,-0.1826,0.0501,-0.0468
23.68,0.1681,0.0259,-0.2077,-0.0015
23.7,0.073,-0.0424,0.0817,-0.1723
23.72,0.0429,0.0501,-0.2,0.3473
23.74,-0.2173,0.0278,-0.1119,-0.1808
23.76,-0.1369,0.0635,-0.1222,-0.1887
23.78,-0.0057,-0.0565,0.0152,-0.0096
23.8,0.1163,-0.0024,0.0886,-0.172
23.82,-0.0385,0.0814,0.0965,-0.3906
23.84,-0.2076,-0.0644,-0.0581,0.0492
23.86,-0.0201,0.2065,0.0663,-0.1062
23.88,0.0375,0.0975,-0.0838,0.0752
23.9,-0.138,0.0267,-0.0829,-0.5081
23.92,0.0474,-0.0771,0.0523,-0.0465
23.94,-0.0726,0.1653,0.0982,0.0274
23.96,0.201,0.1633,0.077,0.0515
23.98,-0.0688,-0.0061,0.1671,-0.0768
24.0,-0.0413,-0.2046,-0.2138,-0.1294
24.02,0.2646,-0.2864,-0.0537,-0.1123
24.04,0.0442,0.0057,-0.1626,-0.0137
24.06,0.1324,0.2589,-0.1175,-0.2178
24.08,0.1402,0.1469,0.0333,0.2927
24.1,0.1132,0.3,-0.1222,0.3611
24.12,0.2623,0.0962,0.0166,-0.1361
24.14,0.1587,0.1043,0.1111,-0.0121
24.16,-0.0049,-0.0681,-0.037,-0.1627
24.18,-0.0046,-0.1224,0.1261,-0.2985
24.2,-0.1713,0.0726,0.0351,0.0532
24.22,-0.088,-0.1367,-0.0341,0.1172
24.24,-0.2696,-0.0288,0.0305,0.1356
24.26,-0.0464,0.1099,-0.0083,0.0451
24.28,0.1075,0.1396,-0.0483,-0.2439
24.3,0.0416,-0.1405,0.1139,0.1916
24.32,-0.1637,0.0456,0.0809,-0.003
24.34,0.0121,-0.2162,0.0205,-0.1197
24.36,-0.1055,-0.269,-0.1455,0.0036
24.38,0.1157,-0.1219,-0.2347,-0.0776
24.4,0.2096,-0.1136,0.061,-0.1841
24.42,-0.3873,0.0306,0.1283,-0.2377
24.44,0.114,0.0926,-0.047,0.1826
24.46,0.0136,0.0412,-0.0431,-0.3222
24.48,0.0511,0.0771,-0.0874,0.0865
24.5,0.0125,0.0585,-0.0871,0.1131
24.52,-0.2664,0.0149,0.0314,0.1224
24.54,-0.0549,0.0254,0.0339,-0.2414
24.56,-0.1054,-0.0094,0.1523,-0.2461
24.58,0.1772,-0.1438,0.1317,-0.0355
24.6,-0.2791,0.1067,0.0734,0.0598
24.62,0.0141,-0.0509,-0.1507,0.1258
24.64,0.114,-0.0751,0.1281,-0.2055
24.66,-0.0776,-0.0946,0.0176,0.0854
24.68,-0.3267,0.0256,0.0961,0.0416
24.7,0.3022,0.0988,-0.0645,-0.135
24.72,-0.1499,-0.1962,-0.0493,-0.3404
24.74,0.3095,-0.0044,0.3248,-0.1319
24.76,-0.0877,0.1216,0.1289,0.3067
24.78,-0.0556,0.0136,-0.0477,-0.1226
24.8,0.0044,0.0623,0.0376,-0.1699
24.82,-0.1313,0.0452,-0.0513,-0.1445
24.84,-0.0845,-0.0408,-0.1105,0.1013
24.86,0.3222,0.0647,-0.0787,0.3678
24.88,0.1785,0.0935,0.1642,0.244
24.9,0.0904,0.0192,-0.2287,-0.1432
24.92,-0.082,-0.0795,0.0638,0.2407
24.94,-0.067,-0.0826,0.1287,0.033
24.96,0.024,-0.1449,-0.2301,-0.0266
24.98,0.1034,0.0912,0.0262,-0.0004
25.0,0.1626,-0.2219,-0.1302,0.0415
25.02,-0.0892,-0.1078,0.1577,-0.0556
25.04,-0.1154,-0.0922,0.0424,-0.0145
25.06,0.1803,-0.0174,0.0054,-0.275
25.08,0.156,0.0004,0.0409,0.2084
25.1,-0.1247,-0.0329,0.1418,-0.168
25.12,0.0823,0.1028,-0.0051,0.2711
25.14,-0.0692,-0.123,-0.0764,-0.1495
25.16,-0.0245,0.0842,-0.0127,0.138
25.18,-0.0922,0.2232,0.009,0.1689
25.2,-0.1827,-0.0784,0.1343,-0.0244
25.22,0.0913,0.0756,0.0038,0.0324
25.24,0.0553,-0.2694,0.0191,-0.1057
25.26,-0.0516,0.0083,0.1219,0.0869
25.28,-0.0293,-0.0006,0.1072,-0.0285
25.3,-0.2249,0.0197,0.1089,0.1521
25.32,-0.3133,0.0141,0.1263,-0.2245
25.34,-0.2115,-0.1152,-0.0737,0.0583
25.36,0.0708,-0.0774,-0.0034,-0.2123
25.38,0.1744,-0.0147,0.0717,-0.1502
25.4,0.136,-0.1455,0.108,-0.1173
25.42,-0.0227,0.1382,0.0526,0.0445
25.44,0.0809,-0.2041,0.0028,0.2048
25.46,0.2118,-0.2801,-0.0258,0.0664
25.48,0.0156,-0.0065,-0.2908,-0.1092
25.5,0.2004,-0.1858,0.1852,-0.0838
25.52,0.0919,0.0606,0.0878,0.4702
25.54,0.018,-0.0433,-0.0488,0.0462
25.56,-0.1252,-0.1368,-0.1814,-0.0664
25.58,0.0009,0.194,-0.0242,0.2145
25.6,0.0567,-0.0815,0.0468,0.0375
25.62,-0.3274,-0.0869,-0.1394,0.0834
25.64,-0.0309,0.1567,0.0121,0.0437
25.66,0.0251,-0.0122,0.1379,0.021
25.68,0.0838,0.0362,-0.0394,-0.1773
25.7,0.0134,0.0962,0.1408,0.0676
25.72,-0.0199,0.2034,0.0915,0.3201
25.74,-0.2868,0.0484,-0.0912,0.0322
25.76,0.2396,0.1804,0.1604,-0.2337
25.78,0.0946,0.0907,0.0185,-0.2123
25.8,-0.3028,0.2141,-0.1268,-0.2506
25.82,-0.175,-0.0574,0.0426,-0.08
25.84,0.1554,-0.0023,0.0851,-0.0492
25.86,0.0796,0.0035,0.0706,0.1215
25.88,-0.0974,-0.1794,-0.0354,-0.2666
25.9,0.1008,-0.0982,-0.1456,0.069
25.92,0.0513,-0.0222,0.2196,0.0057
25.94,0.2415,0.1402,0.0327,0.1845
25.96,-0.3535,0.1137,0.0193,-0.1248
25.98,-0.159,0.0491,0.1509,-0.3252
26.0,0.0384,0.0054,0.0649,-0.2282
26.02,0.1837,0.041,0.0983,-0.248
26.04,0.0111,-0.1967,-0.0293,0.1684
26.06,-0.0001,0.233,-0.0062,0.0693
26.08,0.1744,0.0241,0.0487,-0.2704
26.1,0.012,-0.1478,-0.0897,-0.0005
26.12,-0.0691,-0.0391,0.0536,-0.2417
26.14,0.2394,0.0968,0.0014,-0.0845
26.16,-0.0396,0.0664,-0.1524,-0.2533
26.18,-0.2294,0.1664,-0.1566,-0.1641
26.2,0.0709,0.3169,-0.0735,-0.0985
26.22,0.0039,0.0087,-0.0062,-0.4422
26.24,0.0248,-0.1079,-0.1056,-0.0694
26.26,0.0562,-0.1173,0.1338,-0.1788
26.28,0.1609,-0.0086,0.1367,0.033
26.3,-0.1863,0.0649,-0.2206,0.1653
26.32,0.0481,-0.0021,-0.3005,-0.1125
26.34,0.1114,0.1516,0.1288,-0.0926
26.36,-0.1189,0.304,-0.0565,-0.1779
26.38,-0.029,0.0025,0.0612,-0.1022
26.4,0.0736,0.0739,-0.079,0.0575
26.42,-0.0178,0.1601,0.102,0.1442
26.44,-0.0156,-0.0612,-0.1633,0.0565
26.46,-0.1646,-0.0849,0.0766,-0.4717
26.48,0.1486,0.1555,-0.0303,0.197
26.5,-0.0188,0.1713,-0.0056,0.0449
26.52,0.2611,-0.0049,-0.1253,-0.0431
26.54,-0.0878,-0.1435,-0.0069,-0.0867
26.56,0.2381,-0.0396,0.1154,-0.0476
26.58,-0.1089,0.1034,0.1205,-0.0498
26.6,-0.2306,0.0788,0.1054,-0.1188
26.62,0.1467,0.2564,0.0436,-0.0663
26.64,0.0416,0.1122,0.0043,-0.051
26.66,-0.0804,0.0681,0.0662,0.2604
26.68,-0.0418,-0.1386,0.043,0.092
26.7,0.2271,0.1115,0.0254,0.0868
26.72,0.2699,-0.1804,0.0887,0.2924
26.74,-0.1157,0.0749,0.0654,-0.2374
26.76,-0.1561,0.0798,0.0905,-0.3165
26.78,0.1224,0.0911,0.1353,-0.04
26.8,-0.1258,-0.3032,-0.0963,0.0137
26.82,-0.0844,-0.1854,-0.0378,0.1855
26.84,0.1948,-0.0934,0.0526,-0.1949
26.86,-0.1437,0.1087,-0.1658,-0.0587
26.88,0.0713,-0.0136,-0.036,0.1864
26.9,-0.0217,0.0918,-0.0605,0.024
26.92,0.0597,-0.2344,0.1398,-0.1448
26.94,0.0725,-0.0802,-0.011,-0.2639
26.96,0.081,0.1652,0.1069,-0.1638
26.98,0.1693,-0.0109,-0.0603,-0.0904
27.0,-0.068,-0.0293,-0.0662,0.1699
27.02,0.141,0.0504,-0.023,-0.0947
27.04,0.1326,0.1475,-0.0144,0.1266
27.06,0.0849,-0.1387,-0.1867,0.3312
27.08,0.0713,0.2266,0.0885,-0.0702
27.1,-0.1037,0.0872,-0.1565,0.2221
27.12,-0.0395,-0.0393,0.0494,0.1957
27.14,-0.1237,-0.0731,-0.0084,0.3307
27.16,-0.0068,-0.1737,0.2352,-0.1129
27.18,0.0798,-0.0764,-0.0143,-0.1861
27.2,0.1377,0.1823,0.0998,0.0175
27.22,0.346,0.0456,-0.0738,-0.2449
27.24,0.1149,0.0643,0.0749,0.2917
27.26,0.0292,0.4336,0.0025,-0.0144
27.28,0.1882,0.1068,0.0082,0.2113
27.3,0.2242,0.0195,0.0108,0.0007
27.32,-0.2437,-0.1651,-0.0883,-0.345
27.34,-0.0588,0.0087,0.0261,-0.0412
27.36,0.4094,-0.033,0.1781,0.0493
27.38,0.0477,-0.0443,0.0178,0.3111
27.4,-0.1712,-0.182,-0.0706,0.0846
27.42,0.1004,0.0895,0.0087,0.1142
27.44,-0.0126,-0.1033,-0.0832,-0.0058
27.46,0.0156,0.1837,-0.0314,-0.0711
27.48,-0.1078,-0.0873,-0.0329,-0.2903
27.5,0.3135,-0.08,-0.0326,-0.1946
27.52,0.089,-0.0785,0.1573,-0.1011
27.54,-0.0826,-0.074,0.0449,0.3189
27.56,-0.1258,0.1268,0.1309,0.0965
27.58,-0.2349,0.1195,-0.0502,-0.0903
27.6,0.1249,-0.151,0.0308,0.1074
27.62,0.1014,0.0303,0.0475,0.1428
27.64,-0.1288,0.1366,0.1163,-0.0967
27.66,-0.0353,0.14,0.1501,0.0763
27.68,0.0375,-0.0835,-0.0538,-0.2636
27.7,0.1671,0.1181,0.1894,-0.2072
27.72,0.0844,-0.0102,-0.0088,0.045
27.74,-0.1823,0.0889,-0.1807,0.0319
27.76,-0.1152,0.137,0.0603,-0.0818
27.78,0.0391,-0.0744,-0.1275,0.022
27.8,-0.1099,-0.0752,0.0909,0.0715
27.82,0.0364,-0.0228,0.3423,-0.0356
27.84,-0.1667,0.0526,0.0002,-0.1367
27.86,-0.035,0.2642,-0.1081,-0.2631
27.88,-0.0942,-0.0614,-0.0785,-0.0134
27.9,-0.1356,-0.0453,0.1782,0.0696
27.92,-0.2771,-0.077,-0.0684,-0.1921
27.94,0.0992,0.0123,0.0278,0.087
27.96,0.0692,-0.0444,0.1902,0.12
27.98,0.0445,-0.0086,0.0981,0.1642
28.0,-0.0051,-0.1418,0.2267,-0.0776
28.02,0.087,-0.1003,0.1283,0.1556
28.04,0.049,0.1405,0.0076,0.6105
28.06,-0.0872,-0.086,0.0389,0.0805
28.08,0.1012,-0.1202,-0.2017,-0.0681
28.1,0.1616,-0.0532,0.0388,0.1267
28.12,-0.0005,-0.1275,0.2034,-0.3096
28.14,-0.15,-0.0116,0.1043,-0.216
28.16,-0.0144,-0.0286,0.1457,-0.0699
28.18,0.0977,0.1115,-0.182,0.1535
28.2,-0.0534,-0.0452,-0.1434,-0.1501
28.22,0.4703,-0.0922,0.1944,0.0006
28.24,-0.2159,-0.0284,-0.0944,0.1572
28.26,0.0873,-0.0369,-0.0853,-0.1104
28.28,-0.0123,0.0725,0.1558,0.1255
28.3,0.0654,0.1115,-0.0506,0.1109
28.32,-0.1822,-0.0233,0.1243,-0.364
28.34,-0.0539,0.2038,-0.168,-0.1242
28.36,-0.0713,0.0457,-0.1058,0.0246
28.38,-0.209,-0.098,0.0058,0.1362
28.4,0.037,0.0712,-0.0292,-0.0272
28.42,0.0487,-0.0115,-0.0225,-0.3338
28.44,-0.1237,-0.1748,0.0594,-0.1269
28.46,-0.059,-0.0951,-0.0119,-0.1498
28.48,0.1746,0.0642,-0.0147,-0.345
28.5,-0.245,-0.0753,0.0705,-0.0595
28.52,-0.1003,0.0518,0.0068,-0.0764
28.54,0.105,-0.0511,-0.2374,0.153
28.56,0.1572,-0.1285,-0.1331,-0.0867
28.58,0.0579,-0.1821,-0.0744,0.0682
28.6,-0.0781,-0.1176,-0.1376,-0.0014
28.62,0.1882,-0.2562,0.1222,-0.36
28.64,-0.0138,-0.1413,0.1756,-0.1839
28.66,0.1129,0.146,-0.1503,0.2322
28.68,-0.0748,-0.0584,0.144,-0.1162
28.7,-0.0244,-0.1401,-0.3581,0.1547
28.72,0.0132,-0.1047,0.0695,-0.0424
28.74,-0.0682,0.0968,-0.1154,-0.0492
28.76,0.0011,-0.1686,-0.142,-0.2748
28.78,-0.1507,-0.08,-0.1327,0.1175
28.8,0.0017,0.2017,0.0521,-0.0612
28.82,-0.0698,0.209,-0.0309,0.1132
28.84,-0.0883,-0.0487,0.0688,0.089
28.86,-0.1734,-0.1724,0.0147,0.2358
28.88,-0.031,0.0069,0.1446,-0.1663
28.9,-0.2769,-0.0782,0.0829,0.3059
28.92,0.0743,0.1446,0.1047,0.1076
28.94,-0.016,-0.0052,0.1745,0.0578
28.96,-0.0207,0.0529,0.1632,-0.2769
28.98,0.053,0.0883,0.0805,-0.1586
29.0,-0.0315,-0.0358,0.3318,-0.0408
29.02,-0.0989,0.1406,0.0323,0.2133
29.04,0.0123,0.0365,-0.1078,-0.2857
29.06,-0.0636,0.0892,-0.0316,-0.1104
29.08,-0.0105,0.014,-0.1205,0.0181
29.1,0.0142,0.0133,-0.0032,-0.0761
29.12,-0.2754,-0.2161,-0.1243,0.0525
29.14,-0.2664,-0.0188,0.1719,0.072
29.16,0.1498,0.0012,-0.1329,0.324
29.18,-0.1275,-0.0295,0.0687,0.1208
29.2,-0.2151,0.1705,0.1764,0.1144
29.22,-0.0252,-0.184,0.0942,-0.2152
29.24,-0.0051,0.2476,0.1662,-0.2964
29.26,-0.0976,-0.0359,0.5002,0.0275
29.28,0.1194,-0.0756,-0.0043,-0.1147
29.3,0.0514,0.2191,0.0149,0.2962
29.32,0.0533,0.1635,0.0366,0.0234
29.34,-0.0723,-0.1375,-0.1153,-0.2684
29.36,-0.0995,-0.173,-0.1612,0.0539
29.38,0.2825,-0.0009,0.0998,-0.0474
29.4,-0.1027,0.1098,0.2102,-0.4056
29.42,0.0461,-0.0703,0.2521,0.1504
29.44,-0.1446,0.0185,0.4601,-0.0442
29.46,-0.1783,-0.0867,-0.1589,-0.1163
29.48,0.0081,-0.1421,0.1538,0.1079
29.5,-0.0242,-0.0844,0.0766,0.2034
29.52,0.0412,-0.0415,0.092,0.0585
29.54,-0.0795,-0.138,-0.2537,-0.0693
29.56,-0.3748,0.0644,-0.0192,-0.3877
29.58,-0.2006,0.1226,0.076,-0.1131
29.6,0.0291,-0.0605,0.0998,-0.1522
29.62,-0.0284,0.0038,-0.0726,-0.0593
29.64,0.1178,0.0496,0.1851,-0.1484
29.66,0.1398,-0.1558,-0.1504,-0.1218
29.68,0.1546,0.2456,0.0674,-0.2686
29.7,0.1622,-0.0947,0.1078,-0.1102
29.72,0.0674,-0.0574,0.0822,-0.0105
29.74,-0.0662,0.1212,0.1964,0.2292
29.76,0.2021,-0.0289,-0.1275,0.1371
29.78,-0.247,-0.0247,0.0774,-0.1977
29.8,-0.1887,-0.1191,0.0012,-0.2138
29.82,-0.0882,0.0813,-0.0524,0.1795
29.84,-0.0447,-0.0568,-0.0129,-0.4771
29.86,0.0975,0.1123,0.1772,0.1769
29.88,0.1003,0.081,-0.0262,0.0612
29.9,0.1027,0.0718,-0.0879,-0.019
29.92,0.0248,-0.0347,0.2074,-0.116
29.94,-0.2704,0.1101,-0.0319,-0.1733
29.96,-0.0934,-0.0615,0.2459,-0.319
29.98,-0.21,-0.0447,0.1068,0.1963
30.0,-0.0116,0.0761,0.1021,0.0966
30.02,0.1479,-0.058,0.1029,-0.4641
30.04,0.0792,-0.0914,-0.1267,-0.0374
30.06,0.1038,0.164,-0.0743,0.1634
30.08,0.0321,-0.0724,-0.0023,0.4019
30.1,0.221,0.2168,0.0082,0.0619
30.12,0.1456,-0.0846,0.0114,-0.0117
30.14,-0.0923,0.0379,0.1176,0.1631
30.16,0.0805,-0.0514,-0.0182,0.3699
30.18,0.1477,-0.0752,-0.1421,-0.136
30.2,-0.0449,0.1845,0.0885,0.4016
30.22,0.2821,0.0151,-0.0994,0.1722
30.24,0.1159,0.0271,-0.3635,-0.248
30.26,0.0583,0.1096,-0.2034,-0.2196
30.28,-0.0863,0.0236,-0.0636,0.1631
30.3,0.1144,-0.141,0.0774,0.0913
30.32,0.2231,-0.0688,-0.0518,-0.1633
30.34,-0.1884,0.0144,0.0923,-0.0607
30.36,-0.0614,-0.0073,0.1049,0.0106
30.38,0.0435,0.1298,-0.0796,0.0088
30.4,-0.1117,-0.1298,-0.0393,-0.1366
30.42,0.009,0.1417,-0.2632,0.1983
30.44,-0.0377,-0.0168,0.1032,0.1143
30.46,0.0283,-0.2451,-0.0489,0.2401
30.48,0.4858,-0.0605,0.0801,0.2594
30.5,0.0176,-0.0195,0.1692,-0.0093
30.52,-0.1054,-0.0024,0.0697,-0.0245
30.54,0.0041,0.0911,0.0364,0.1877
30.56,0.1792,-0.2943,-0.0354,-0.2101
30.58,-0.0636,0.0038,-0.1373,-0.0119
30.6,0.2667,0.0123,-0.1123,-0.3379
30.62,-0.0707,-0.1604,-0.128,0.0101
30.64,0.1065,-0.0531,-0.0544,-0.07
30.66,0.0853,0.014,0.249,-0.0478
30.68,-0.0454,0.0733,-0.0717,-0.0415
30.7,0.2066,0.0682,0.024,0.0596
30.72,0.0083,-0.0943,0.259,0.3515
30.74,0.1873,-0.1609,-0.0717,-0.2173
30.76,0.1049,-0.048,0.1479,-0.1585
30.78,0.0569,0.0082,-0.014,-0.0876
30.8,-0.1705,-0.0711,0.0489,-0.4453
30.82,0.0197,-0.0841,0.1135,-0.1594
30.84,-0.4015,-0.0847,0.2107,-0.0738
30.86,-0.0264,0.0612,0.0034,-0.0173
30.88,0.0209,-0.0405,-0.1371,-0.27
30.9,0.1884,0.1388,-0.1487,-0.0736
30.92,-0.1717,0.0186,-0.229,-0.0794
30.94,0.0472,-0.1844,-0.1041,-0.0232
30.96,0.1584,-0.0075,0.0092,-0.0372
30.98,-0.1166,-0.0196,-0.1563,-0.0737
31.0,-0.1982,0.1174,-0.0361,-0.1692
31.02,-0.1018,0.011,-0.1717,-0.0439
31.04,0.0807,0.1851,0.0948,-0.1171
31.06,-0.112,-0.0063,0.0846,0.374
31.08,0.183,0.1029,0.0632,-0.2557
31.1,0.067,0.0389,-0.0715,-0.0431
31.12,0.2864,0.0996,-0.0656,-0.0119
31.14,0.0214,-0.1316,0.1645,-0.118
31.16,-0.0265,0.0954,0.16,-0.0189
31.18,-0.0246,0.0295,0.0798,-0.5563
31.2,0.0867,0.0424,0.0991,-0.3427
31.22,0.1697,0.093,-0.0038,-0.0495
31.24,0.209,0.1687,-0.0313,0.2938
31.26,-0.034,-0.0886,-0.0445,0.2919
31.28,-0.2339,-0.1256,0.0935,-0.0518
31.3,-0.1189,0.1592,0.021,-0.0534
31.32,-0.4109,0.2472,0.0232,0.2126
31.34,-0.038,0.0426,-0.1657,-0.0869
31.36,-0.0459,-0.0031,0.226,0.0642
31.38,-0.0147,-0.1128,-0.0188,-0.1795
31.4,0.0295,0.0342,-0.2921,0.1884
31.42,-0.0795,-0.1207,0.0404,0.2678
31.44,0.2386,-0.1299,0.0867,0.2891
31.46,0.2066,-0.065,-0.1094,0.0522
31.48,-0.0731,-0.096,-0.0123,-0.1278
31.5,-0.0301,0.0027,0.0468,-0.022
31.52,0.1577,-0.0161,0.0334,0.0133
31.54,-0.4308,0.1917,-0.073,-0.2157
31.56,-0.1801,-0.1497,0.1669,-0.0951
31.58,0.3065,0.119,0.1193,-0.0193
31.6,0.273,0.0991,-0.1037,0.4411
31.62,0.1684,0.0276,-0.0171,0.0929
31.64,0.1133,0.0777,0.0389,0.0771
31.66,-0.0465,-0.0401,0.1298,0.004
31.68,0.1395,-0.2659,0.0862,0.0226
31.7,0.1613,-0.029,0.0681,-0.3766
31.72,-0.0413,-0.0376,0.0026,0.1691
31.74,-0.0861,0.1999,-0.0348,-0.209
31.76,0.0236,-0.0766,-0.0457,0.11
31.78,-0.0061,-0.031,-0.1678,-0.2307
31.8,0.1033,0.2764,0.1257,-0.0656
31.82,0.0531,-0.2207,0.0594,0.1322
31.84,-0.1182,0.0704,0.009,0.0607
31.86,0.0469,-0.0014,0.208,0.0698
31.88,-0.0961,0.0895,0.1298,-0.0325
31.9,-0.0279,-0.0677,0.0148,-0.5341
31.92,-0.0222,0.0271,0.0889,-0.1232
31.94,0.1172,-0.0536,-0.0484,0.0464
31.96,0.0804,-0.0397,0.1652,-0.0098
31.98,0.0536,-0.1718,-0.0565,0.2116
32.0,-0.0996,0.0157,0.0686,0.1413
32.02,-0.246,0.0765,0.0733,-0.154
32.04,-0.2319,0.0454,0.004,-0.0112
32.06,-0.0284,0.0114,0.2017,-0.0272
32.08,0.2684,-0.0718,0.0272,-0.0144
32.1,0.0013,0.0584,-0.4123,-0.0373
32.12,0.0848,0.003,0.0202,-0.4252
32.14,0.1765,-0.1362,0.0657,-0.3069
32.16,-0.131,-0.0876,0.1248,0.2495
32.18,0.1409,0.1135,0.0038,0.1068
32.2,-0.1225,-0.1773,0.0342,-0.0731
32.22,-0.0287,-0.0682,0.0719,-0.1758
32.24,0.0524,0.0864,0.047,-0.1376
32.26,0.0986,-0.0493,-0.0482,0.0528
32.28,-0.2268,-0.0047,-0.0156,-0.0491
32.3,0.1127,0.1255,-0.0569,-0.0673
32.32,-0.1452,-0.0362,0.1312,-0.0166
32.34,0.2445,0.0689,-0.1106,-0.0381
32.36,-0.1956,0.4273,-0.2365,0.3266
32.38,-0.1243,-0.1887,-0.1522,0.2825
32.4,0.1234,0.1022,-0.0194,-0.0844
32.42,-0.3065,-0.0438,-0.1246,-0.3063
32.44,-0.1207,-0.2578,0.0048,-0.1722
32.46,-0.2768,0.0846,0.0605,-0.1826
32.48,-0.2121,-0.1401,-0.0803,-0.0784
32.5,-0.2095,-0.0542,0.2429,0.3639
32.52,-0.1562,0.0448,0.0021,0.2542
32.54,0.101,-0.0479,-0.0334,0.1044
32.56,0.0644,0.0625,0.0432,-0.027
32.58,0.117,0.0587,0.1062,0.3914
32.6,-0.0372,-0.185,-0.3032,-0.2382
32.62,0.2765,-0.003,-0.1627,-0.2081
32.64,-0.1821,-0.031,0.1226,-0.2737
32.66,0.0611,0.066,0.219,0.0758
32.68,-0.1729,-0.1254,-0.0105,0.2077
32.7,-0.0821,-0.063,0.1528,-0.2583
32.72,0.2462,0.184,-0.0242,-0.2669
32.74,0.1527,0.0677,0.1056,-0.3016
32.76,0.1224,-0.0352,0.285,-0.075
32.78,-0.0665,0.1418,0.0043,-0.0153
32.8,-0.2523,0.1011,0.0483,0.0261
32.82,0.2343,-0.1764,0.0133,0.1132
32.84,0.0251,0.1437,0.0989,0.3139
32.86,0.0691,0.098,0.0109,-0.0616
32.88,0.3379,0.1289,-0.0439,0.325
32.9,-0.2527,0.1491,-0.1423,-0.4299
32.92,-0.2067,0.1854,-0.1069,0.1427
32.94,0.0085,0.1444,-0.063,-0.2922
32.96,-0.0049,-0.0958,0.0155,-0.1015
32.98,0.036,0.1668,-0.0363,0.0445
33.0,-0.0601,-0.0705,-0.2303,0.2614
33.02,0.1993,0.1435,-0.0362,0.2482
33.04,-0.0874,0.0246,-0.0566,0.0854
33.06,-0.0109,-0.0643,0.0756,-0.1541
33.08,-0.0455,-0.1386,-0.006,0.0042
33.1,0.0049,0.0138,-0.1505,-0.2321
33.12,-0.0461,0.0757,-0.1664,0.2763
33.14,-0.1199,-0.1291,0.1292,0.1872
33.16,0.0335,0.2028,-0.3911,0.1624
33.18,0.2499,0.134,-0.0089,-0.2003
33.2,-0.2705,-0.1645,0.0837,-0.112
33.22,-0.2102,0.1124,-0.0248,0.0872
33.24,-0.0535,-0.105,0.1433,0.1851
33.26,0.1666,0.0905,0.1012,0.1315
33.28,-0.1061,-0.0537,-0.0038,0.1416
33.3,0.1281,-0.1385,-0.0501,-0.1104
33.32,-0.2037,-0.086,-0.0222,-0.0065
33.34,0.3131,0.0016,0.0855,-0.111
33.36,-0.0695,-0.1655,0.007,-0.3147
33.38,0.0922,0.0862,-0.0285,0.0074
33.4,0.0723,-0.0512,-0.0437,-0.2304
33.42,-0.1894,0.2133,0.0712,0.2595
33.44,-0.0926,0.0191,-0.0659,0.0509
33.46,-0.0341,-0.0619,0.107,0.0068
33.48,0.1017,0.087,-0.1285,-0.1232
33.5,0.0445,0.0936,0.0292,0.3174
33.52,0.3216,0.201,0.0613,-0.0894
33.54,-0.1586,-0.0379,-0.0,-0.2113
33.56,0.0881,-0.1113,0.0492,0.1902
33.58,-0.0747,0.0303,0.0603,0.0056
33.6,-0.0235,-0.0757,-0.1091,-0.1481
33.62,-0.0303,0.1166,-0.0159,0.2881
33.64,-0.0844,-0.0091,-0.0433,0.1093
33.66,-0.1201,0.1139,0.106,-0.0691
33.68,-0.0983,0.0165,-0.0272,-0.0682
33.7,0.0065,-0.0013,0.0809,0.0022
33.72,-0.008,-0.0511,-0.0936,-0.391
33.74,0.1248,0.1661,-0.0103,0.0539
33.76,-0.0011,0.0301,0.0791,-0.0529
33.78,0.158,-0.0892,0.1083,0.0534
33.8,-0.0459,0.2983,0.064,0.1265
33.82,-0.1259,0.0608,-0.0607,-0.0068
33.84,0.2564,0.0519,0.2276,-0.0797
33.86,-0.0602,-0.0299,0.0702,0.224
33.88,-0.205,0.0566,-0.1088,0.4423
33.9,0.0931,0.005,-0.1474,-0.2311
33.92,-0.0309,0.1957,-0.0075,-0.2377
33.94,-0.1568,-0.1258,-0.1276,-0.1921
33.96,-0.1188,-0.0586,0.0131,-0.244
33.98,-0.0875,0.0591,0.0658,-0.3685
34.0,-0.2467,0.0025,0.1258,-0.177
34.02,-0.1718,0.0799,-0.0012,0.1845
34.04,-0.0123,0.1275,0.0508,0.199
34.06,-0.0159,0.1403,0.0324,0.4422
34.08,0.0865,-0.0617,-0.0741,0.2725
34.1,-0.1204,-0.0982,-0.2958,-0.128
34.12,-0.0554,0.1312,0.198,-0.1534
34.14,-0.1288,-0.118,0.1024,0.0668
34.16,0.2725,0.0796,0.0991,0.1273
34.18,0.0444,-0.0118,0.1459,-0.1715
34.2,0.0322,0.236,0.2632,-0.0816
34.22,-0.2671,0.0038,0.0794,-0.1856
34.24,-0.252,-0.0932,-0.0327,-0.0616
34.26,0.321,0.1538,-0.18,-0.2369
34.28,-0.1063,-0.024,0.0765,0.1943
34.3,0.1252,-0.0055,0.1448,-0.1086
34.32,-0.0236,0.0199,0.0372,0.0704
34.34,0.1178,0.0591,-0.3306,0.001
34.36,-0.0679,-0.0553,0.0865,-0.2249
34.38,-0.0846,0.1175,0.0346,0.1352
34.4,-0.1546,0.0117,0.0765,-0.1874
34.42,-0.0476,0.0122,0.1303,0.2634
34.44,0.0482,-0.1447,-0.1248,-0.1673
34.46,0.0056,0.0464,-0.0043,-0.0193
34.48,0.11,-0.0884,0.1279,-0.0912
34.5,0.0086,0.1155,0.0834,-0.1209
34.52,0.2827,0.0816,-0.1671,-0.09
34.54,-0.1799,0.0033,0.0183,0.0591
34.56,-0.2192,0.0654,0.0689,-0.1544
34.58,-0.0192,-0.2271,0.1648,0.1193
34.6,0.0468,-0.0737,-0.0905,-0.0162
34.62,-0.0136,0.2342,-0.0848,-0.06
34.64,0.09,0.1444,-0.0283,0.0348
34.66,-0.0734,0.0114,-0.1009,-0.0529
34.68,-0.2202,-0.0467,0.0562,0.3378
34.7,0.0348,-0.0475,-0.1412,-0.0695
34.72,-0.216,-0.1258,0.0724,0.0647
34.74,0.0052,-0.0935,-0.0071,0.2853
34.76,-0.0924,-0.2128,-0.0755,-0.0083
34.78,-0.1396,-0.1103,-0.1415,0.163
34.8,0.0753,-0.0576,-0.1919,-0.0469
34.82,-0.1318,-0.0271,-0.0598,-0.0047
34.84,-0.0752,-0.0222,-0.1262,0.2999
34.86,0.0036,0.0675,0.0267,-0.2739
34.88,0.2312,-0.0657,0.1257,-0.0444
34.9,0.0055,-0.0585,-0.1358,-0.1721
34.92,-0.0451,0.179,0.3288,-0.4409
34.94,-0.1628,0.0908,0.1305,0.2558
34.96,-0.2396,-0.0177,-0.0909,-0.0176
34.98,0.0251,0.1677,0.27,0.1279
35.0,0.0346,0.1642,0.0645,0.1969
35.02,0.0032,-0.2027,0.1663,0.1579
35.04,-0.16,-0.1339,0.2435,-0.0626
35.06,-0.0466,0.1542,0.0616,-0.0155
35.08,-0.2245,-0.009,0.0122,0.0102
35.1,-0.2707,-0.204,-0.0789,0.1111
35.12,-0.2805,-0.0168,0.0932,0.0143
35.14,0.0731,-0.2149,-0.0327,-0.0342
35.16,-0.0565,0.0093,-0.0823,-0.1473
35.18,0.0271,0.1874,0.1034,0.0242
35.2,0.0093,0.0764,-0.0065,-0.0137
35.22,-0.1877,-0.0705,0.0442,-0.2182
35.24,0.1642,0.2152,0.0649,-0.159
35.26,-0.0581,0.1267,0.065,0.1528
35.28,0.0853,0.0513,0.2519,-0.1471
35.3,0.0931,0.1927,-0.0196,0.0667
35.32,-0.2148,-0.0441,-0.0426,-0.0779
35.34,-0.1368,0.0245,-0.0157,0.1824
35.36,-0.0138,-0.031,-0.0948,0.3618
35.38,0.0087,0.0048,-0.0533,0.0248
35.4,-0.2276,0.0081,-0.0414,-0.119
35.42,0.0597,0.0903,0.1552,0.1299
35.44,-0.3083,-0.3015,-0.1113,-0.4099
35.46,0.3399,0.0802,0.1434,0.1427
35.48,-0.1818,-0.1216,-0.0859,0.1645
35.5,-0.0676,-0.4388,0.0512,-0.0206
35.52,0.0432,0.1186,-0.08,-0.248
35.54,0.0169,-0.1225,0.1363,0.1093
35.56,0.1325,-0.1693,0.0175,-0.0398
35.58,0.0802,-0.0833,-0.2138,0.0454
35.6,0.0184,-0.0618,0.3228,-0.1358
35.62,0.091,-0.0305,-0.0088,-0.1245
35.64,-0.1609,-0.003,0.1421,0.1614
35.66,0.0066,-0.0455,-0.0538,0.4506
35.68,0.0241,0.0588,0.0219,-0.0801
35.7,-0.2777,-0.0197,0.0598,-0.1784
35.72,-0.241,0.0316,-0.12,-0.0737
35.74,-0.2173,0.2665,-0.0841,0.0552
35.76,0.0149,0.132,0.0179,-0.297
35.78,0.0666,0.0864,0.0455,-0.0293
35.8,-0.238,-0.0443,-0.0375,0.0497
35.82,-0.1745,0.1887,-0.0313,0.0587
35.84,0.2034,0.0165,0.0155,0.001
35.86,0.1943,0.0456,-0.1476,-0.3166
35.88,0.1752,-0.0069,0.1848,0.1518
35.9,-0.0752,-0.0926,-0.1564,0.1476
35.92,0.105,-0.0857,0.0921,0.0932
35.94,-0.0869,0.1297,0.0069,-0.3624
35.96,0.0752,-0.1563,0.0736,0.084
35.98,-0.1634,0.0202,0.011,0.132
36.0,-0.0148,-0.0975,-0.0547,-0.1993
36.02,0.2618,0.0131,0.0072,-0.4552
36.04,-0.0304,-0.071,0.039,-0.0486
36.06,0.322,-0.1242,0.1241,-0.0591
36.08,0.1461,-0.0556,0.0197,0.1157
36.1,-0.0994,0.0505,-0.0836,-0.0314
36.12,0.0048,0.026,-0.1073,0.3983
36.14,0.1716,-0.0638,-0.0643,0.2669
36.16,0.0973,0.146,-0.0141,0.1021
36.18,-0.0109,0.0362,0.1398,-0.0603
36.2,-0.132,0.1693,0.0722,0.3543
36.22,-0.0033,-0.1502,-0.2449,0.072
36.24,-0.0433,0.0295,-0.0357,0.2098
36.26,0.158,0.0488,-0.0623,-0.2401
36.28,0.0714,-0.0805,0.0857,-0.211
36.3,-0.1319,-0.1502,-0.197,0.0779
36.32,0.1283,0.0627,0.088,0.2475
36.34,0.071,-0.1478,0.105,-0.04
36.36,0.1843,0.2525,-0.1437,-0.1709
36.38,-0.126,-0.157,0.1418,0.0183
36.4,-0.0639,0.0794,-0.1147,-0.177
36.42,-0.2575,-0.1958,0.0368,-0.0284
36.44,0.0501,-0.0817,0.1222,0.0199
36.46,0.0417,0.0463,-0.206,-0.1102
36.48,-0.094,0.159,0.0084,-0.0489
36.5,-0.0996,-0.085,-0.0165,0.0024
36.52,-0.0166,-0.2055,-0.0903,0.1244
36.54,0.1246,0.0135,0.0562,-0.0893
36.56,-0.011,-0.0064,-0.0108,0.2718
36.58,-0.2712,0.1651,-0.2462,0.0828
36.6,0.102,-0.0774,0.0376,0.2138
36.62,0.0568,0.1496,-0.2274,-0.2317
36.64,0.0456,0.1613,0.1133,0.1736
36.66,0.0965,0.0838,0.0523,0.1322
36.68,0.1337,0.2006,-0.1768,0.0068
36.7,-0.1522,0.0408,-0.011,-0.14
36.72,-0.177,-0.1564,-0.206,-0.2425
36.74,0.0476,0.0675,-0.097,0.1296
36.76,0.0558,-0.022,-0.0871,0.3112
36.78,-0.1477,-0.0235,-0.0432,0.0029
36.8,0.0147,-0.1359,0.0546,0.0289
36.82,0.0438,0.045,0.0132,0.4021
36.84,0.2697,-0.0255,0.0169,-0.3364
36.86,-0.0223,-0.1053,0.0506,0.2567
36.88,0.1644,0.0114,0.0323,-0.1741
36.9,-0.1384,-0.1181,0.1782,-0.2299
36.92,0.0862,-0.1072,0.0709,-0.0498
36.94,0.0621,0.015,0.2666,0.2411
36.96,0.2041,0.0745,0.0358,-0.0793
36.98,0.0583,0.0233,0.0671,-0.2063
37.0,0.0921,0.1656,-0.1673,-0.1737
37.02,-0.0216,0.1471,0.0576,0.2803
37.04,-0.0453,0.0104,0.0561,0.0556
37.06,-0.2079,0.0829,-0.106,-0.0226
37.08,-0.1866,-0.0022,-0.287,-0.141
37.1,-0.1004,0.0531,0.1572,-0.155
37.12,0.1666,0.1321,0.0014,-0.043
37.14,0.0458,-0.107,-0.0714,0.1171
37.16,-0.3113,0.051,-0.1302,-0.1091
37.18,-0.0088,0.0855,0.0225,-0.077
37.2,-0.1947,-0.0559,-0.3034,0.1549
37.22,0.0934,-0.0724,-0.0538,-0.2239
37.24,-0.0105,-0.105,0.0394,0.1102
37.26,0.0922,-0.0813,0.0945,0.0344
37.28,0.0961,-0.0654,0.1058,0.1441
37.3,0.0481,-0.2007,-0.1255,-0.1334
37.32,0.0897,-0.0592,-0.0602,0.1017
37.34,0.0889,-0.1433,-0.0763,0.2305
37.36,0.1446,0.0552,-0.144,0.0449
37.38,-0.1247,-0.1531,-0.0381,0.0971
37.4,-0.0325,-0.0537,0.078,0.1349
37.42,0.0707,0.0111,-0.2097,0.1221
37.44,0.0668,0.2683,0.138,0.1821
37.46,-0.1314,-0.0223,-0.0208,-0.2186
37.48,-0.0958,-0.0816,-0.3081,-0.0829
37.5,0.1599,0.0066,-0.1102,0.049
37.52,0.0236,-0.2338,-0.1204,0.1897
37.54,0.014,-0.0058,-0.1511,0.1458
37.56,0.028,0.285,0.2322,0.1505
37.58,0.1837,0.051,0.0787,-0.0778
37.6,0.1676,0.0972,-0.0785,0.2868
37.62,0.0336,-0.0311,-0.1839,0.158
37.64,-0.1104,-0.1131,0.0393,0.2597
37.66,0.0822,-0.1533,-0.0772,-0.0945
37.68,0.0234,-0.0308,-0.1974,0.1805
37.7,-0.0598,-0.1847,-0.0441,-0.1268
37.72,0.2386,0.0273,0.149,-0.0444
37.74,-0.0238,-0.0956,0.0908,-0.1245
37.76,-0.1081,0.2357,-0.1177,0.1577
37.78,-0.018,0.1179,0.2193,0.1008
37.8,-0.116,-0.0447,0.0944,0.0344
37.82,-0.0905,0.0073,0.0888,-0.0139
37.84,0.004,0.0454,-0.0877,0.0674
37.86,-0.0112,-0.0024,0.127,-0.0465
37.88,0.0095,-0.0476,0.0809,0.1784
37.9,0.0492,-0.1157,0.2199,-0.259
37.92,-0.2093,-0.0497,0.026,0.0606
37.94,-0.1496,-0.0235,0.111,0.189
37.96,0.1674,-0.0663,0.0811,-0.1338
37.98,0.0034,0.0447,-0.0906,0.1926
38.0,0.0431,0.0882,-0.0569,-0.0642
38.02,0.1606,-0.015,0.0243,-0.097
38.04,0.2178,-0.1184,0.0617,-0.1199
38.06,-0.1038,0.1727,0.1569,0.0106
38.08,0.0852,-0.0119,0.3075,-0.264
38.1,0.1109,0.1212,-0.048,-0.0873
38.12,-0.0876,-0.1295,-0.0515,0.2306
38.14,-0.1825,0.003,-0.0897,-0.0138
38.16,-0.1259,0.0751,0.2035,-0.0435
38.18,0.0696,-0.0609,0.0162,0.2672
38.2,-0.0778,0.0842,-0.0612,-0.1884
38.22,-0.0953,-0.0595,0.0127,-0.2089
38.24,0.0846,0.0123,0.0283,-0.0261
38.26,0.1895,0.0842,-0.0944,-0.0188
38.28,0.237,-0.0724,0.1117,-0.216
38.3,0.4181,0.2577,-0.06,0.2071
38.32,0.0281,-0.0525,0.1834,-0.1698
38.34,0.0391,0.1789,-0.01,0.215
38.36,-0.0433,0.0441,-0.0558,0.0017
38.38,0.1341,0.0938,0.0072,0.0297
38.4,-0.042,-0.0657,-0.1519,-0.1102
38.42,-0.055,0.0781,0.1206,-0.1864
38.44,0.2721,-0.0489,-0.0424,-0.122
38.46,-0.1726,-0.2513,-0.0917,-0.068
38.48,0.1632,0.0586,-0.0418,0.0508
38.5,0.2089,-0.1695,0.1973,0.1011
38.52,-0.1491,-0.0216,-0.3443,0.472
38.54,0.0671,0.0253,0.1353,-0.0319
38.56,0.0237,-0.0571,-0.0086,0.0502
38.58,-0.3624,-0.0939,-0.0378,0.3523
38.6,0.057,0.1637,-0.1198,-0.0902
38.62,-0.2015,-0.1032,0.0267,-0.0323
38.64,0.2339,0.1117,0.0101,-0.0075
38.66,0.2566,-0.0372,-0.1171,-0.1905
38.68,0.0831,-0.0003,-0.1533,-0.1085
38.7,0.1037,-0.0919,-0.0806,0.0043
38.72,-0.2781,-0.0067,-0.2328,0.1568
38.74,-0.3117,-0.0642,0.0915,-0.1072
38.76,0.4059,-0.0806,-0.0197,-0.0112
38.78,-0.0075,-0.0341,0.0432,-0.2016
38.8,0.0552,-0.0632,-0.0549,0.0615
38.82,-0.2481,0.1288,-0.0818,0.0705
38.84,0.1261,0.0065,0.0431,0.2559
38.86,-0.099,-0.1285,-0.1019,-0.0756
38.88,0.0546,0.0664,0.1288,0.023
38.9,0.1477,-0.0191,-0.2137,-0.1278
38.92,0.1052,-0.0845,-0.0205,0.0026
38.94,0.0433,0.0266,-0.1029,0.0059
38.96,-0.1095,-0.1778,-0.0196,0.0871
38.98,0.0893,-0.0922,-0.0376,-0.0364
39.0,0.0447,0.0262,0.1024,-0.0118
39.02,-0.3377,0.1066,-0.1216,0.0911
39.04,0.4113,0.0575,-0.0351,-0.0548
39.06,0.125,0.0037,-0.1005,0.0411
39.08,0.038,-0.0042,-0.1388,-0.1772
39.1,0.161,-0.1324,0.0391,0.0041
39.12,0.1073,0.1033,-0.0217,-0.1783
39.14,-0.3823,-0.0002,-0.0404,-0.3243
39.16,0.0986,0.1197,-0.085,0.2294
39.18,0.0072,-0.2002,0.0621,-0.0194
39.2,-0.0426,0.1275,-0.0783,0.2636
39.22,-0.3076,-0.1548,-0.0339,0.2901
39.24,0.1666,0.1993,-0.1891,0.322
39.26,0.0327,-0.0288,0.0306,0.1004
39.28,0.0106,-0.0006,-0.1249,0.0762
39.3,0.0181,-0.0829,-0.1665,0.0745
39.32,0.0749,0.202,-0.0664,0.1362
39.34,0.1276,0.2322,0.0479,0.1692
39.36,-0.1451,0.146,-0.1756,0.0406
39.38,-0.1306,-0.0895,0.0786,-0.1301
39.4,0.2987,-0.1977,-0.1895,0.4975
39.42,-0.0888,0.0501,-0.0968,0.0672
39.44,0.3717,0.0531,-0.0673,0.1474
39.46,0.0594,-0.0167,-0.0158,0.2612
39.48,0.0223,0.0956,0.0502,-0.139
39.5,0.1905,0.0438,-0.0842,-0.1937
39.52,-0.0274,0.0044,0.0701,0.1062
39.54,-0.1439,-0.1755,-0.0495,-0.1009
39.56,0.0959,0.0807,-0.0357,0.0111
39.58,-0.0795,0.1086,0.3183,0.049
39.6,0.1312,0.067,0.0426,-0.2115
39.62,-0.0911,0.0872,-0.0536,-0.123
39.64,-0.2313,0.0946,-0.1127,-0.2618
39.66,0.0489,0.2464,0.0292,0.0443
39.68,0.0411,-0.1185,0.0443,0.2641
39.7,0.2524,0.1464,0.0799,0.2854
39.72,-0.0792,0.109,-0.071,0.0116
39.74,0.0789,0.04,0.0718,0.0838
39.76,-0.0523,-0.1345,-0.0986,-0.0861
39.78,-0.1293,0.1568,0.057,-0.1633
39.8,-0.0208,-0.1932,0.0524,-0.0561
39.82,-0.0984,0.0765,-0.1021,0.0182
39.84,-0.0912,0.0836,0.2116,0.1688
39.86,-0.1331,0.0559,-0.0549,-0.0838
39.88,0.011,-0.0801,0.0135,-0.2049
39.9,-0.2819,0.231,-0.014,0.1157
39.92,0.0153,-0.0968,-0.0718,0.1897
39.94,-0.1192,-0.0685,0.122,-0.049
39.96,-0.1441,0.0587,0.1621,-0.1218
39.98,0.0943,-0.0075,0.0943,-0.2854
40.0,-0.0211,-0.0147,-0.0205,0.0942
40.02,0.0468,-0.0423,-0.128,0.0851
40.04,0.0876,-0.0313,0.1594,-0.3751
40.06,-0.0037,0.0808,-0.0365,-0.1017
40.08,-0.0482,-0.0366,0.1682,-0.1362
40.1,0.0406,-0.0701,0.0898,-0.1007
40.12,0.005,-0.0639,0.0011,0.1489
40.14,-0.305,0.1236,-0.0978,-0.1284
40.16,0.1047,-0.0055,0.1982,-0.1816
40.18,0.2628,-0.0754,0.2129,-0.0757
40.2,-0.2107,0.0562,0.0386,0.0824
40.22,-0.0662,0.0564,-0.1218,-0.1918
40.24,0.0672,0.1824,-0.168,0.2363
40.26,-0.2056,0.1306,0.0837,0.1
40.28,0.0217,0.018,-0.2389,0.1855
40.3,-0.1369,-0.0461,0.0793,-0.0044
40.32,-0.0451,-0.0998,-0.0713,0.1495
40.34,0.2772,0.0464,0.2449,0.1723
40.36,0.2007,0.0011,0.1284,-0.0172
40.38,0.2407,-0.1502,0.1027,-0.012
40.4,0.0199,-0.1088,-0.1219,0.145
40.42,0.0551,-0.1557,-0.0428,-0.0074
40.44,0.0002,-0.1281,0.2419,0.1134
40.46,0.2143,-0.1526,-0.3425,-0.1263
40.48,-0.0998,-0.0735,0.0818,-0.1404
40.5,0.0498,0.0342,-0.1023,-0.2073
40.52,-0.0205,-0.1273,-0.1286,-0.1748
40.54,0.0157,-0.0289,0.0822,-0.3411
40.56,-0.2843,0.1049,0.1405,0.0536
40.58,0.1588,-0.1376,-0.0232,-0.2653
40.6,-0.0622,0.0255,-0.0427,-0.0753
40.62,0.1055,-0.1082,0.1384,-0.0096
40.64,-0.1306,0.035,0.1439,0.1595
40.66,0.0454,-0.1091,0.0791,-0.0338
40.68,0.211,0.1272,0.0434,0.1069
40.7,0.1341,-0.0555,-0.1425,-0.3308
40.72,0.043,-0.1874,0.131,-0.2557
40.74,-0.146,-0.0717,-0.2071,0.0736
40.76,-0.0011,0.0595,0.0264,-0.3765
40.78,0.2684,0.1278,-0.1905,0.0939
40.8,-0.0702,-0.0991,0.1698,0.0741
40.82,-0.157,-0.0578,-0.0439,0.2095
40.84,0.2277,0.2861,0.027,0.1417
40.86,0.0394,-0.0808,0.1214,-0.0876
40.88,-0.0999,0.0902,-0.111,-0.0873
40.9,-0.1214,-0.1729,-0.2024,0.3116
40.92,-0.0203,0.0525,0.1118,0.0419
40.94,-0.0739,-0.064,0.0491,-0.2402
40.96,-0.1638,0.0438,-0.1614,0.1068
40.98,0.1975,0.0646,-0.1426,0.1558
41.0,-0.3206,-0.1753,0.0477,0.4116
41.02,-0.1126,0.1444,-0.0939,-0.1016
41.04,-0.1423,0.1013,0.0693,-0.1175
41.06,0.1463,0.1771,-0.0837,0.0367
41.08,-0.1059,-0.1155,0.0584,0.3329
41.1,-0.0002,0.1859,-0.0924,0.2758
41.12,0.0702,0.1168,-0.1188,0.0107
41.14,-0.216,-0.0972,-0.0317,-0.109
41.16,-0.2708,0.0085,0.1409,-0.2476
41.18,0.0327,0.0141,-0.0545,-0.3701
41.2,0.0866,0.0321,-0.1457,0.2897
41.22,-0.187,0.0853,-0.1094,0.0429
41.24,-0.346,0.1921,0.0712,0.0781
41.26,-0.1373,0.0042,0.0597,-0.1066
41.28,0.0052,-0.0657,-0.0934,-0.0755
41.3,-0.1173,0.0243,-0.0869,-0.0302
41.32,0.2594,0.2221,0.0832,0.0237
41.34,-0.119,-0.1474,0.1156,-0.2029
41.36,-0.1201,0.0774,-0.1914,-0.0442
41.38,-0.1554,-0.0278,-0.1069,-0.0388
41.4,0.2663,0.0018,0.0296,0.1336
41.42,0.1179,0.0036,-0.1949,-0.2328
41.44,0.104,-0.1678,-0.0784,0.0973
41.46,-0.006,-0.0336,0.2005,0.0703
41.48,0.211,0.1812,0.0117,-0.1168
41.5,0.0317,0.1034,0.1571,0.2063
41.52,0.1788,0.2401,0.0967,0.0385
41.54,0.1847,0.0655,0.0384,-0.1678
41.56,0.2573,0.0207,0.0342,0.2317
41.58,-0.017,-0.1712,-0.0955,-0.0883
41.6,-0.313,0.0228,-0.0478,0.1805
41.62,0.1596,0.0744,0.0633,-0.086
41.64,0.1201,-0.0224,0.02,-0.0391
41.66,-0.2316,0.0003,0.0167,-0.2466
41.68,-0.1793,-0.1319,-0.1094,-0.1172
41.7,-0.1297,0.0565,0.22,0.0276
41.72,-0.1236,0.1583,-0.0595,0.1934
41.74,0.3422,0.0905,-0.1385,-0.0522
41.76,-0.0287,-0.1805,0.1306,0.2935
41.78,0.0748,-0.049,-0.1042,0.0897
41.8,0.0623,-0.0087,-0.0321,0.0602
41.82,-0.0334,0.1268,0.0087,-0.4174
41.84,0.0502,0.0303,-0.2595,0.1461
41.86,0.3151,0.0895,0.011,0.2424
41.88,-0.094,-0.2229,-0.0858,0.3193
41.9,-0.1222,-0.0051,-0.0346,0.0473
41.92,0.0923,0.0391,-0.0211,0.1065
41.94,0.1071,0.0872,0.1061,0.0313
41.96,0.001,0.1789,-0.1178,0.3111
41.98,-0.1489,-0.2138,0.08,-0.0035
42.0,0.1139,-0.057,0.001,0.1419
42.02,-0.0485,0.0895,-0.1278,-0.2218
42.04,0.0465,0.0621,0.0586,0.0856
42.06,0.0954,0.1667,-0.0921,-0.2073
42.08,-0.2719,-0.0981,-0.0629,-0.404
42.1,-0.0587,-0.2211,0.0352,-0.3999
42.12,-0.0429,0.1635,-0.0179,0.0594
42.14,0.3413,0.0378,0.1007,-0.0076
42.16,0.3382,-0.1288,0.1974,0.1033
42.18,-0.0496,0.1603,0.0786,0.1675
42.2,0.0243,0.0954,0.0235,-0.2163
42.22,0.0551,-0.0641,-0.0014,-0.2427
42.24,-0.2045,0.069,-0.0391,0.2398
42.26,0.0613,-0.003,-0.0118,-0.0277
42.28,-0.0922,0.0051,-0.1104,-0.2626
42.3,0.2804,-0.0108,0.0547,0.0328
42.32,0.3452,-0.106,0.0378,0.1085
42.34,-0.1659,-0.1789,-0.1615,0.0789
42.36,-0.0781,-0.0409,-0.1091,0.0981
42.38,-0.1262,0.0949,0.1154,-0.2115
42.4,0.0444,0.064,-0.0596,0.1629
42.42,0.0751,-0.0397,-0.1123,0.1833
42.44,-0.1231,-0.0138,-0.0643,-0.0747
42.46,0.2866,0.1043,0.0473,0.1426
42.48,-0.0797,0.1145,-0.1021,-0.07
42.5,0.1459,0.0958,0.017,-0.1551
42.52,-0.0292,0.075,-0.0025,-0.247
42.54,0.1076,0.1487,0.0481,-0.3101
42.56,0.0147,-0.032,-0.0057,0.4563
42.58,-0.3226,-0.0722,0.2165,-0.0155
42.6,0.1704,-0.032,0.074,-0.0162
42.62,-0.0862,-0.0434,-0.2594,0.1684
42.64,-0.056,-0.2749,-0.1589,-0.4043
42.66,0.0252,-0.1485,0.0845,-0.1266
42.68,0.2859,0.2171,0.0883,-0.2471
42.7,0.0877,-0.0483,0.0196,-0.0991
42.72,-0.1797,0.1151,-0.0245,0.013
42.74,0.0726,0.2013,-0.018,-0.0055
42.76,-0.1311,0.0159,-0.0662,-0.1371
42.78,0.1115,-0.1037,-0.1039,0.1192
42.8,0.0063,0.1332,0.0428,0.0622
42.82,0.0802,0.017,0.1953,0.0511
42.84,0.0101,0.0465,0.3019,-0.1108
42.86,0.0189,0.0048,0.0643,-0.0704
42.88,0.1301,-0.0452,0.0103,-0.0816
42.9,0.0712,0.0349,-0.1845,0.2097
42.92,0.0423,-0.0247,-0.0811,0.2925
42.94,0.0232,0.184,0.0375,0.1892
42.96,0.0382,0.0163,-0.1822,-0.1488
42.98,0.1605,-0.0715,-0.0098,-0.3078
43.0,-0.155,0.0173,-0.017,0.0714
43.02,0.2844,-0.0149,-0.0903,-0.232
43.04,-0.3474,-0.0955,-0.0083,-0.3585
43.06,-0.1419,-0.012,0.1324,0.0311
43.08,-0.2288,0.0381,0.0755,0.1618
43.1,0.2551,0.251,-0.0087,-0.252
43.12,0.2348,0.0968,-0.1399,0.0956
43.14,-0.2197,-0.0768,0.1507,-0.0079
43.16,-0.4202,0.2697,0.1668,0.3938
43.18,-0.0981,-0.0326,0.0068,0.175
43.2,-0.3431,0.0251,-0.0552,0.0564
43.22,-0.0603,-0.1361,0.1644,-0.1032
43.24,-0.142,0.1221,0.0547,-0.2247
43.26,0.0805,-0.1299,0.0324,-0.0306
43.28,-0.0872,0.1781,0.045,0.0874
43.3,-0.1699,-0.1042,-0.1261,-0.2051
43.32,-0.1068,-0.1007,0.1637,0.0726
43.34,-0.0899,0.0354,-0.0044,0.0597
43.36,-0.1416,-0.0196,-0.0719,-0.1732
43.38,0.1022,0.2095,-0.2433,-0.2109
43.4,0.1524,0.1214,0.0681,-0.0881
43.42,-0.0099,0.11,-0.027,-0.0815
43.44,0.1264,0.0571,0.2037,0.1163
43.46,0.3364,0.0218,-0.1186,-0.0258
43.48,-0.1713,0.2017,0.0531,0.0307
43.5,-0.2251,0.0752,-0.114,-0.0117
43.52,-0.0483,0.004,-0.0587,-0.0107
43.54,0.0425,0.0393,0.0125,0.0308
43.56,-0.303,0.1027,-0.079,0.149
43.58,-0.0493,0.1068,-0.0191,-0.1989
43.6,0.0823,-0.165,0.0863,-0.0813
43.62,-0.1259,-0.2025,0.0941,-0.2161
43.64,-0.1276,-0.1133,0.1424,-0.1724
43.66,-0.2303,0.0688,-0.0421,-0.0272
43.68,-0.2851,-0.1035,0.0063,-0.1487
43.7,-0.0701,-0.3938,-0.1133,0.1251
43.72,-0.0705,-0.0951,0.0237,0.1646
43.74,0.0159,-0.0905,0.0581,-0.1428
43.76,-0.0708,0.044,-0.1013,0.0005
43.78,0.0934,0.1029,0.0452,-0.0486
43.8,0.0546,-0.0461,0.0866,0.3782
43.82,-0.1094,-0.0296,-0.0225,-0.1634
43.84,0.0892,-0.1282,0.0715,-0.1595
43.86,0.0473,0.0096,0.0492,-0.1698
43.88,-0.1443,0.0129,-0.1422,-0.081
43.9,-0.1498,0.0893,0.1606,0.1871
43.92,0.0955,-0.0425,-0.0316,-0.0586
43.94,-0.1354,0.0417,-0.178,-0.0237
43.96,0.0032,0.0307,-0.0571,-0.0049
43.98,0.2974,0.0249,-0.0892,0.1469
44.0,-0.1047,-0.1645,-0.0728,0.275
44.02,0.1067,-0.1097,0.039,0.139
44.04,0.4229,0.0541,0.0393,0.0459
44.06,-0.0028,0.1473,-0.185,-0.1933
44.08,0.2877,0.0596,-0.1363,0.0583
44.1,0.0348,0.2186,0.0427,0.1768
44.12,-0.0955,-0.0561,-0.1264,-0.2291
44.14,0.0313,0.1323,0.049,0.1659
44.16,-0.488,-0.1735,0.0527,0.2509
44.18,-0.264,-0.0329,-0.2257,0.1141
44.2,0.0616,-0.0647,-0.1558,0.289
44.22,0.0015,0.1139,0.0297,-0.1154
44.24,0.0352,-0.0534,-0.1926,0.377
44.26,0.0526,-0.2249,-0.0779,-0.1973
44.28,0.0094,-0.0958,0.1406,0.1536
44.3,-0.0107,-0.1244,-0.1126,-0.0034
44.32,0.1472,-0.0401,0.2547,0.0455
44.34,0.2244,0.0254,0.1547,-0.259
44.36,-0.0986,0.0831,0.1361,-0.0796
44.38,0.0434,0.0872,0.0237,0.1827
44.4,0.0818,-0.1439,0.2528,-0.0039
44.42,-0.2245,0.0448,-0.0916,0.1251
44.44,0.2554,-0.0143,0.0399,0.0877
44.46,-0.0088,-0.1388,0.0528,0.1266
44.48,-0.1109,0.0581,-0.213,0.0648
44.5,0.1629,0.1432,0.229,-0.0068
44.52,-0.3189,0.0915,0.0655,-0.0773
44.54,-0.0663,-0.0392,-0.3416,0.04
44.56,-0.0851,-0.1532,0.0973,-0.1809
44.58,-0.2205,-0.2662,-0.2716,0.11
44.6,-0.0364,-0.0769,0.0628,-0.0227
44.62,-0.1125,0.2334,0.0023,-0.1521
44.64,-0.1137,-0.257,-0.2308,-0.2236
44.66,-0.6143,-0.1197,-0.528,-0.3851
44.68,-0.1541,-0.5092,-0.1071,-0.4045
44.7,-0.3445,-0.5815,-0.3401,-0.2709
44.72,-0.6144,-0.3021,-0.3386,-0.6928
44.74,-0.7255,-0.344,-0.448,-0.3207
44.76,-0.6178,-0.4231,-0.3828,-0.2127
44.78,-0.8481,-0.2995,-0.4848,-0.6046
44.8,-0.6706,-0.2432,-0.3306,-0.5233
44.82,-0.8475,-0.3371,-0.3545,-0.8247
44.84,-0.6228,-0.3814,-0.3914,-0.9118
44.86,-0.2809,-0.2557,-0.1412,-0.5403
44.88,-0.0222,-0.1212,-0.0968,0.0247
44.9,0.2402,-0.0842,-0.1073,0.02
44.92,0.6226,0.1916,0.1998,0.1542
44.94,0.5828,0.3229,0.6639,0.5947
44.96,1.0671,0.4596,0.4887,0.891
44.98,1.3042,0.7719,1.0035,1.1822
45.0,1.3094,0.795,0.6458,1.2024
45.02,1.7194,1.0462,1.2405,1.5605
45.04,1.542,0.9893,1.0811,1.5501
45.06,1.6042,0.9767,0.823,1.5465
45.08,1.4881,0.9284,0.9297,1.1229
45.1,1.2441,0.5956,0.7177,1.1894
45.12,0.7195,0.6521,0.7401,1.0415
45.14,0.635,0.3238,0.4056,0.9833
45.16,0.5778,0.2362,0.2797,0.4303
45.18,0.2769,0.2356,0.1437,0.5546
45.2,-0.0279,0.049,-0.1275,-0.1548
45.22,-0.1054,-0.0412,-0.3723,-0.1109
45.24,-0.6168,-0.1522,-0.5083,-0.6227
45.26,-0.3942,-0.3108,-0.2842,-0.4343
45.28,-0.5184,-0.5464,-0.4321,-0.3939
45.3,-0.5353,-0.4031,-0.5598,-0.6943
45.32,-0.3965,-0.4266,-0.4887,-0.7262
45.34,-0.5976,-0.1973,-0.3681,-0.6076
45.36,-0.6147,-0.4931,-0.4637,-0.558
45.38,-0.5246,-0.2383,-0.3057,-0.7965
45.4,-0.4488,-0.4307,-0.2868,-0.3048
45.42,-0.302,-0.3693,-0.3817,-0.2891
45.44,-0.2389,-0.0749,-0.1812,-0.0179
45.46,-0.1897,-0.3217,-0.3594,-0.484
45.48,-0.0299,-0.1492,-0.0306,-0.2575
45.5,-0.3224,-0.0826,-0.0707,-0.2101
45.52,0.0682,-0.0442,-0.1363,-0.0625
45.54,-0.0343,-0.0807,0.0245,-0.1396
45.56,-0.0732,-0.1259,0.0214,-0.022
45.58,-0.1808,-0.0535,-0.0796,-0.063
45.6,0.0815,0.2269,0.1328,-0.1984
45.62,-0.0093,0.104,-0.1336,-0.0337
45.64,-0.3105,0.1674,0.142,-0.0939
45.66,-0.006,0.0433,0.0313,-0.0136
45.68,0.3713,-0.2112,-0.0173,-0.1015
45.7,0.0023,0.0658,0.0733,0.0498
45.72,-0.0196,-0.0048,0.0116,0.0668
45.74,-0.1689,-0.0579,-0.0749,0.1289
45.76,-0.1023,-0.018,-0.0027,0.032
45.78,0.0598,-0.0045,0.0155,0.1939
45.8,0.2172,-0.0801,-0.1759,-0.1326
45.82,-0.0237,-0.0086,-0.0306,-0.1744
45.84,0.1098,0.0113,0.1065,-0.1951
45.86,-0.1653,0.1949,0.0084,0.1756
45.88,-0.3429,0.0317,0.1135,0.1577
45.9,0.1048,-0.0146,0.0755,0.0728
45.92,-0.0354,-0.1325,-0.0056,-0.2327
45.94,-0.0157,-0.1164,-0.0519,-0.2586
45.96,0.2364,-0.1737,0.0026,0.0041
45.98,-0.2258,0.1465,-0.2004,0.1623
46.0,0.149,-0.0483,-0.0698,0.0633
46.02,0.0963,-0.2134,0.2007,-0.0171
46.04,-0.0556,0.066,-0.1391,0.2457
46.06,0.074,0.0557,0.0556,-0.0568
46.08,0.0368,0.031,-0.1314,0.3516
46.1,-0.0146,-0.1252,-0.3115,0.1478
46.12,0.0482,-0.1236,-0.1051,0.0324
46.14,-0.0129,-0.078,-0.0751,0.0105
46.16,0.0413,-0.2268,-0.032,-0.1053
46.18,0.199,-0.1371,0.021,0.3038
46.2,-0.0436,0.0445,0.0232,0.2771
46.22,-0.2103,0.1033,-0.0437,0.2769
46.24,0.0305,0.0339,0.0076,0.2763
46.26,0.0238,0.0476,-0.0289,0.2276
46.28,0.2894,0.1652,-0.0399,0.03
46.3,0.025,0.0203,0.2779,0.0657
46.32,-0.054,-0.1929,0.0724,0.1583
46.34,-0.2225,-0.0498,-0.2925,0.0331
46.36,0.0798,-0.2441,-0.0411,-0.073
46.38,0.0887,-0.0208,0.1275,-0.34
46.4,0.1097,-0.0559,-0.2063,0.0614
46.42,-0.0246,-0.1167,-0.0027,0.1104
46.44,0.2694,0.0034,0.0958,-0.1453
46.46,0.094,0.4273,0.1677,-0.0241
46.48,0.0736,-0.2124,-0.0307,-0.2809
46.5,0.1501,0.1385,0.0568,0.1706
46.52,-0.058,0.0189,-0.0889,-0.0139
46.54,-0.1205,0.0094,0.0219,-0.2796
46.56,-0.0252,-0.0004,0.0047,-0.1982
46.58,-0.1287,0.0217,0.1116,-0.0424
46.6,-0.196,-0.1077,0.0215,0.3267
46.62,-0.147,0.1032,0.0932,-0.0257
46.64,0.0331,0.0833,0.1721,-0.2641
46.66,-0.067,-0.0455,0.0762,-0.2124
46.68,-0.0596,0.2267,0.1794,0.0673
46.7,0.0098,-0.0047,0.0272,-0.2219
46.72,0.0734,0.0217,0.003,0.1618
46.74,-0.0698,-0.0933,-0.0297,-0.2107
46.76,-0.0555,0.1627,-0.156,0.0617
46.78,-0.016,0.0678,-0.0338,0.2852
46.8,-0.1735,0.2032,-0.1458,-0.0261
46.82,0.3358,0.0603,0.1244,-0.0489
46.84,0.0211,0.134,0.0591,-0.0978
46.86,0.1379,0.0699,0.2099,0.1612
46.88,-0.0625,0.0007,-0.0066,-0.0048
46.9,0.0842,0.0667,0.0219,-0.3664
46.92,0.3133,0.1271,-0.0321,0.1318
46.94,-0.0946,-0.0643,-0.1033,0.1747
46.96,-0.1986,0.1608,0.0713,0.1078
46.98,-0.1592,-0.004,0.0134,-0.1961
47.0,0.1912,-0.0423,0.1125,-0.2221
47.02,0.0733,0.1753,0.0801,-0.084
47.04,0.119,0.1087,-0.0122,-0.1106
47.06,0.1629,-0.0863,-0.0111,-0.1697
47.08,0.1576,0.1074,-0.1605,0.1646
47.1,-0.005,-0.103,-0.0888,-0.3319
47.12,0.0139,0.056,-0.1315,0.2684
47.14,0.1015,0.1109,0.0481,-0.0317
47.16,-0.0336,-0.0074,0.1208,0.1629
47.18,0.0693,-0.0066,-0.0359,0.195
47.2,-0.1616,-0.2313,-0.0154,-0.0036
47.22,0.0629,0.1697,-0.0461,-0.1002
47.24,-0.0922,0.0059,-0.0408,0.4637
47.26,0.0545,0.0264,0.0384,0.1731
47.28,-0.2069,0.0115,-0.0678,0.1253
47.3,0.0133,-0.0429,0.0102,0.3322
47.32,0.1547,0.0018,-0.2761,-0.4111
47.34,-0.1221,0.1758,-0.0204,0.3652
47.36,-0.0834,0.1759,-0.0904,-0.0637
47.38,0.1545,-0.1788,-0.0302,0.12
47.4,-0.0247,-0.0928,0.0542,-0.2277
47.42,0.2287,-0.2591,-0.2611,0.3485
47.44,0.0741,0.1543,0.0538,0.2653
47.46,0.1479,0.0025,0.0243,0.0757
47.48,-0.1461,-0.0606,0.1326,-0.339
47.5,0.0813,-0.0019,0.0972,0.1124
47.52,-0.0377,-0.0376,0.0279,-0.0117
47.54,-0.0796,0.0976,0.0865,-0.3881
47.56,0.1577,0.1433,-0.0516,-0.0106
47.58,0.3049,0.0139,-0.2618,0.0206
47.6,0.2727,0.0254,-0.0512,0.2285
47.62,0.1559,0.0029,0.0321,-0.0636
47.64,-0.0864,0.2406,-0.0195,0.0106
47.66,-0.1232,0.0926,-0.1783,-0.1907
47.68,0.0186,0.1414,-0.0814,-0.0768
47.7,-0.2596,-0.2166,-0.1902,0.1373
47.72,-0.003,0.0953,0.0557,-0.0977
47.74,-0.2594,-0.0339,-0.1048,0.1148
47.76,-0.2252,-0.1124,0.1877,-0.042
47.78,-0.1617,-0.1931,-0.0735,-0.0544
47.8,-0.0912,0.3045,-0.0497,-0.0794
47.82,0.0622,-0.0564,0.0756,0.1148
47.84,-0.3158,0.1337,0.0983,-0.1462
47.86,-0.1547,0.1054,-0.0363,-0.1652
47.88,0.0525,-0.26,-0.0527,-0.1754
47.9,0.0077,-0.0663,0.1877,-0.079
47.92,-0.1739,0.1591,-0.0851,0.0488
47.94,0.0639,0.1245,0.0691,-0.0148
47.96,0.102,-0.1187,-0.014,-0.3531
47.98,0.0299,-0.0002,0.0576,-0.1787
48.0,-0.107,0.1387,0.2356,0.503
48.02,0.0345,-0.0035,-0.0209,0.4068
48.04,0.0202,-0.1326,0.1567,0.077
48.06,-0.0855,0.1031,0.1024,0.2045
48.08,0.0245,0.1564,-0.0584,0.2571
48.1,0.1506,-0.027,0.0498,0.1752
48.12,-0.093,-0.1575,-0.2271,-0.1521
48.14,0.103,0.0807,0.3053,-0.06
48.16,-0.408,0.0237,0.1456,0.3061
48.18,-0.0442,0.1262,-0.1691,0.0148
48.2,0.0886,0.0694,-0.0234,0.152
48.22,0.0727,-0.1262,0.1106,0.1878
48.24,-0.0113,0.0526,0.0766,0.055
48.26,0.1439,-0.1456,-0.0329,-0.0736
48.28,-0.0441,0.0869,0.0279,-0.0669
48.3,-0.118,0.0316,0.1747,0.0814
48.32,0.1123,0.0111,-0.0605,0.1938
48.34,0.0212,0.039,-0.0543,-0.1922
48.36,0.221,-0.1689,-0.0612,-0.0331
48.38,0.0634,0.0896,0.0601,0.0326
48.4,-0.0321,0.1334,-0.1923,0.1583
48.42,0.0083,0.2167,0.1148,-0.1178
48.44,0.1776,-0.1056,-0.134,0.0041
48.46,-0.0328,-0.0684,-0.0278,-0.2079
48.48,-0.0607,0.2347,0.1313,-0.0579
48.5,0.0901,-0.1222,0.0657,-0.3536
48.52,0.0076,0.0464,-0.0167,-0.1837
48.54,0.2109,0.1631,0.1632,0.1514
48.56,0.1499,0.0161,0.2195,0.0802
48.58,0.0985,-0.1042,0.0528,-0.1759
48.6,0.093,-0.0499,0.0009,-0.0675
48.62,0.261,0.0612,0.0839,-0.1427
48.64,0.1002,0.1083,0.0538,-0.0485
48.66,0.0382,-0.0722,-0.2039,-0.289
48.68,-0.089,-0.046,-0.1575,0.1716
48.7,0.2879,0.2065,0.0407,-0.1006
48.72,0.0178,-0.0445,0.0319,0.0659
48.74,-0.0746,0.1453,0.0234,0.1244
48.76,0.0339,-0.0381,-0.0767,0.087
48.78,0.0038,-0.1308,0.0142,-0.1175
48.8,-0.0025,-0.0823,-0.1094,-0.1302
48.82,-0.0093,0.1082,0.1992,-0.1216
48.84,0.0981,0.1567,0.0109,-0.0409
48.86,-0.0615,-0.0065,-0.1681,-0.0388
48.88,0.0926,0.1194,0.0531,0.2004
48.9,-0.0123,-0.1418,0.2004,-0.1499
48.92,-0.1089,-0.0343,-0.0008,0.0962
48.94,-0.0665,-0.1225,0.1835,0.1419
48.96,-0.0917,-0.1028,-0.1523,0.0752
48.98,-0.0554,-0.1727,-0.1535,0.0475
49.0,0.0203,0.0294,-0.0372,0.0779
49.02,-0.0141,0.1096,0.0388,0.1574
49.04,-0.0351,0.0136,-0.0864,-0.0183
49.06,0.1496,0.0285,0.0277,-0.1072
49.08,-0.1949,-0.005,-0.1635,-0.2051
49.1,0.1774,0.1342,0.0547,0.3621
49.12,0.0124,0.1221,0.0709,0.2992
49.14,0.187,-0.1198,-0.1726,-0.3463
49.16,0.0475,-0.1707,-0.0237,-0.3075
49.18,0.247,0.0751,-0.0468,-0.1338
49.2,-0.0364,0.2639,0.093,0.0871
49.22,-0.1373,0.1107,0.0274,-0.0123
49.24,-0.18,0.0807,-0.017,0.0993
49.26,-0.0807,-0.0377,0.1509,-0.1527
49.28,0.3019,0.1093,-0.1706,-0.2778
49.3,-0.1414,-0.1863,-0.0263,0.3196
49.32,-0.1127,0.0623,0.0512,-0.066
49.34,-0.0139,0.017,-0.0405,0.1407
49.36,0.233,-0.025,0.1724,-0.0772
49.38,-0.0108,0.1199,0.1115,-0.0312
49.4,-0.0183,0.0583,-0.015,0.0765
49.42,-0.3408,0.1199,-0.103,-0.2113
49.44,0.0586,0.0822,-0.0162,0.1242
49.46,0.1218,-0.1598,0.3115,-0.0529
49.48,-0.2352,-0.1076,-0.1419,0.0273
49.5,-0.0649,0.0335,-0.0021,0.1598
49.52,0.2269,0.0488,-0.1899,0.1029
49.54,-0.0408,0.1887,0.0354,-0.144
49.56,-0.0653,-0.0744,-0.0048,-0.1435
49.58,0.0279,0.0217,-0.0169,-0.1454
49.6,-0.3628,0.0131,-0.1251,-0.0583
49.62,0.0863,0.0081,0.0946,-0.379
49.64,0.0555,-0.0102,0.189,-0.3737
49.66,-0.1954,0.1656,0.0138,0.153
49.68,0.2491,0.1172,-0.0864,-0.0447
49.7,-0.3023,-0.1774,-0.0302,0.0589
49.72,-0.1551,0.0434,-0.0464,0.044
49.74,0.1069,0.0186,0.0683,0.1295
49.76,0.1869,-0.1331,0.1673,0.2107
49.78,0.0092,0.0983,0.0201,0.0733
49.8,-0.2389,0.2211,-0.0964,-0.1238
49.82,0.1387,0.0153,0.1876,0.0397
49.84,0.2282,-0.1058,-0.0824,0.2415
49.86,-0.038,-0.1896,-0.0242,0.1394
49.88,0.146,-0.024,0.1059,-0.0391
49.9,-0.0817,0.1772,-0.1081,-0.1132
49.92,0.1341,0.0641,0.0541,0.3098
49.94,0.0877,0.0636,-0.1105,0.0818
49.96,0.085,0.1322,0.079,-0.0951
49.98,0.1627,0.0838,-0.1912,-0.2441
50.0,-0.1387,0.1622,0.1605,0.188
50.02,-0.1693,-0.0075,-0.06,-0.1158
50.04,0.0935,-0.0463,-0.0065,-0.0765
50.06,0.0411,-0.3245,0.0439,0.0727
50.08,0.166,-0.1227,-0.0652,0.1304
50.1,0.0551,-0.0201,0.1045,-0.1015
50.12,0.0176,0.0089,-0.0174,-0.156
50.14,-0.2354,0.12,0.1908,-0.0438
50.16,0.2889,0.2086,-0.1138,-0.2186
50.18,0.0061,0.0519,0.0414,-0.016
50.2,-0.0072,-0.1675,-0.103,-0.286
50.22,-0.04,-0.0227,0.1993,0.2454
50.24,-0.0934,-0.1163,0.09,0.4665
50.26,0.0724,-0.1658,0.0519,0.0148
50.28,-0.0181,-0.0166,-0.1048,0.1368
50.3,-0.1195,0.1116,-0.1237,0.4079
50.32,-0.1337,0.0211,0.174,-0.0914
50.34,0.2523,0.0658,-0.0787,-0.2147
50.36,-0.2217,-0.1216,0.0656,-0.0348
50.38,-0.1059,-0.1661,-0.087,-0.158
50.4,0.0433,0.0124,-0.0286,0.1502
50.42,-0.0111,-0.1027,-0.1146,-0.0309
50.44,0.1999,0.2445,0.1123,0.0466
50.46,-0.1173,-0.0547,-0.1157,-0.1483
50.48,-0.0591,0.1035,0.247,-0.0875
50.5,-0.0571,-0.0943,0.0829,-0.1443
50.52,-0.1062,0.076,-0.0183,-0.2036
50.54,-0.0718,0.0643,-0.0824,0.1269
50.56,0.0956,-0.0241,0.008,-0.1766
50.58,-0.2194,0.1486,0.0779,0.0294
50.6,0.4282,0.1113,0.2602,0.0769
50.62,-0.1564,0.0657,-0.2682,-0.3035
50.64,0.1749,0.0714,0.1392,-0.2573
50.66,0.1071,0.0436,-0.0365,-0.0657
50.68,0.1965,-0.1099,0.1328,-0.1552
50.7,0.0558,0.278,-0.2061,-0.1255
50.72,-0.0594,-0.0795,-0.0481,-0.2013
50.74,0.3394,0.1358,0.0541,-0.1583
50.76,0.0742,-0.2687,0.1645,0.0156
50.78,-0.0303,0.008,0.0915,-0.0101
50.8,-0.2315,-0.0039,0.1616,-0.2031
50.82,-0.1274,0.1642,0.1312,0.2161
50.84,-0.1691,0.2085,-0.1259,0.4212
50.86,-0.1832,0.1826,0.0047,0.1157
50.88,-0.1236,-0.1215,0.0215,-0.07
50.9,-0.0436,0.0849,0.0527,-0.0486
50.92,0.0776,-0.1418,-0.0644,-0.1082
50.94,0.0557,0.0059,-0.2882,-0.3626
50.96,-0.0012,0.1669,-0.0102,0.2165
50.98,0.2452,-0.0447,0.0708,-0.0269
51.0,0.4096,-0.1677,-0.1723,-0.0701
51.02,0.2652,-0.0976,0.1055,-0.0046
51.04,0.0934,0.0649,-0.0191,0.3469
51.06,0.0108,0.1677,0.0011,-0.4345
51.08,0.1415,0.0356,0.2457,-0.0229
51.1,0.1205,-0.0494,-0.0668,-0.3804
51.12,0.2866,0.0686,-0.1075,0.2746
51.14,0.1813,0.2351,-0.1585,-0.0434
51.16,-0.1025,0.1996,0.0966,0.3095
51.18,-0.0171,0.0916,0.2112,-0.0821
51.2,-0.0464,0.1623,-0.1243,0.0702
51.22,0.2713,-0.0995,-0.0912,0.0508
51.24,0.038,0.1714,0.0501,0.0285
51.26,0.1262,0.013,0.0869,0.3182
51.28,0.1511,-0.1046,-0.1549,0.153
51.3,-0.2335,-0.1154,0.0437,0.2065
51.32,0.3604,0.0613,-0.1195,-0.0808
51.34,0.0545,0.1968,-0.0191,-0.3775
51.36,0.13,-0.0166,-0.0015,0.1654
51.38,0.0156,0.0019,0.0382,0.0941
51.4,0.1914,-0.0093,-0.1191,-0.1586
51.42,-0.3362,-0.1326,-0.0356,-0.1193
51.44,-0.2283,-0.0056,-0.1366,0.2881
51.46,0.1001,-0.2402,0.0714,-0.0204
51.48,0.1856,0.0227,0.2763,0.0711
51.5,-0.2016,0.0633,-0.1063,0.23
51.52,-0.1175,0.1793,-0.0187,-0.2887
51.54,0.0707,-0.0711,-0.1957,0.2996
51.56,-0.0605,-0.2885,0.0674,0.1525
51.58,-0.1465,-0.1849,-0.296,-0.1168
51.6,-0.1788,0.1194,0.0615,-0.0663
51.62,0.0936,0.0063,0.0626,0.0891
51.64,-0.0998,0.0763,0.1016,0.169
51.66,-0.064,-0.0323,-0.0562,0.0551
51.68,-0.073,0.1585,0.0456,0.2129
51.7,-0.0147,-0.222,-0.0171,0.0225
51.72,-0.2407,0.1193,0.1208,0.2094
51.74,-0.0859,-0.1269,0.11,-0.2583
51.76,-0.0295,0.0597,-0.0772,0.1132
51.78,0.1407,-0.0536,0.0041,0.0815
51.8,0.1119,0.1683,0.1063,-0.2629
51.82,0.1521,-0.0053,0.0469,0.2168
51.84,-0.0332,-0.1462,0.0062,0.0165
51.86,0.2061,0.0939,-0.1031,-0.1834
51.88,0.072,-0.0125,0.0675,-0.0695
51.9,0.0347,-0.1685,-0.1903,0.1083
51.92,0.3723,0.2692,-0.0942,-0.2301
51.94,-0.0207,-0.035,-0.1184,-0.1003
51.96,-0.1207,0.1009,0.0645,0.1395
51.98,0.2315,0.2795,-0.0068,0.0067
52.0,-0.025,0.1795,0.2705,0.092
52.02,-0.0832,-0.1476,0.0504,0.3058
52.04,0.0229,0.1777,-0.085,-0.1893
52.06,-0.1676,-0.0276,-0.1685,0.0431
52.08,0.1409,0.1678,0.086,0.1702
52.1,-0.0664,0.0465,-0.0373,-0.0433
52.12,-0.1554,-0.0303,-0.0868,0.057
52.14,0.0801,0.1942,-0.0271,-0.0523
52.16,0.0319,-0.062,0.0704,0.2193
52.18,-0.0188,-0.0231,0.0696,-0.1144
52.2,-0.2155,0.0585,0.2106,0.1346
52.22,-0.0847,-0.209,0.012,0.171
52.24,-0.1819,-0.1158,0.1471,-0.0072
52.26,0.0823,-0.035,-0.1019,0.1003
52.28,0.035,-0.066,0.0027,0.0063
52.3,0.0648,0.1025,0.1168,-0.0051
52.32,-0.0811,-0.1137,0.1062,-0.1876
52.34,-0.0751,0.1941,0.0259,0.1031
52.36,-0.124,0.0662,0.0647,-0.1583
52.38,0.1285,-0.029,-0.0175,0.0032
52.4,-0.1424,0.0336,0.1058,0.0785
52.42,0.3559,-0.0906,0.0213,-0.0625
52.44,0.3402,0.022,-0.0531,-0.2312
52.46,-0.0891,-0.0163,0.1306,-0.0143
52.48,0.177,0.2019,-0.0038,-0.2906
52.5,-0.0409,0.0412,0.1615,0.1433
52.52,-0.0371,-0.1259,0.0033,0.2045
52.54,0.3106,-0.1683,-0.0596,0.1792
52.56,0.0137,0.0469,0.0906,0.1869
52.58,-0.2727,-0.1023,0.1265,-0.0371
52.6,0.1885,0.1331,-0.0181,0.2527
52.62,0.2235,-0.0718,0.1748,0.2066
52.64,0.0431,-0.0434,-0.2322,0.0371
52.66,0.1728,-0.1978,0.2738,0.2437
52.68,0.1902,-0.1362,-0.1683,0.2004
52.7,-0.129,0.0028,-0.0936,-0.0462
52.72,-0.1711,-0.1908,0.0793,-0.0231
52.74,0.0876,-0.0109,-0.0553,0.0637
52.76,-0.1545,-0.0858,-0.1068,-0.1875
52.78,-0.0849,-0.1714,0.0855,0.0655
52.8,-0.1768,0.0135,-0.0485,0.2169
52.82,0.1597,0.1131,-0.0043,-0.1152
52.84,-0.1617,0.1268,0.0346,-0.0415
52.86,-0.0695,0.1618,0.0073,0.0842
52.88,0.1231,0.1061,0.0291,-0.0581
52.9,0.1974,0.203,0.0904,0.1044
52.92,0.0717,-0.0685,0.0863,-0.1025
52.94,-0.1221,-0.068,0.1057,0.0986
52.96,-0.1713,0.1223,0.1383,-0.0396
52.98,-0.1523,0.0321,-0.1069,0.1021
53.0,-0.1278,0.0066,0.0094,0.1273
53.02,0.1757,-0.0382,0.0164,-0.1313
53.04,-0.0275,-0.0571,0.0521,0.0601
53.06,-0.2621,-0.1928,0.0744,-0.1159
53.08,0.0714,0.0233,-0.1525,-0.3479
53.1,0.2143,-0.0679,0.0441,-0.3774
53.12,-0.019,-0.1003,0.0335,0.0464
53.14,0.1777,-0.0144,0.2189,-0.154
53.16,-0.028,-0.1122,-0.1268,0.0908
53.18,0.0225,-0.1188,0.1892,-0.22
53.2,0.2677,0.0591,-0.1485,-0.3076
53.22,0.1682,0.0557,0.0748,0.0046
53.24,0.117,0.1654,0.0119,-0.1672
53.26,0.0782,-0.0095,0.2479,0.2524
53.28,-0.1828,0.0094,-0.3519,0.0623
53.3,0.0709,0.2587,0.1037,0.0014
53.32,-0.0543,0.1178,0.0012,0.4419
53.34,0.2541,-0.1154,0.0503,0.1606
53.36,-0.138,0.0477,-0.0394,0.0963
53.38,-0.0108,-0.0319,0.2251,0.2939
53.4,0.1698,0.026,-0.0396,0.0764
53.42,0.1419,0.1421,0.0767,-0.061
53.44,-0.0867,0.0761,-0.0153,-0.0067
53.46,-0.2615,-0.1997,0.182,-0.2354
53.48,0.4698,-0.0207,0.0119,-0.073
53.5,0.0832,0.014,-0.0191,0.2123
53.52,-0.038,0.234,-0.1999,0.0991
53.54,-0.0991,0.1345,-0.0744,-0.066
53.56,0.1158,0.1704,-0.1029,0.1313
53.58,-0.1665,-0.0755,0.2283,0.0774
53.6,0.0973,0.1645,-0.1755,-0.2332
53.62,0.0193,-0.0703,0.2252,0.2135
53.64,-0.0111,-0.0109,0.2356,0.0068
53.66,0.1885,-0.0482,0.0543,0.2093
53.68,-0.0189,-0.102,-0.1512,-0.2184
53.7,0.0076,-0.1257,0.0876,-0.1847
53.72,0.0651,-0.0686,0.0586,0.1198
53.74,-0.0562,-0.1125,0.0169,0.0917
53.76,0.0457,-0.0858,0.0039,-0.0498
53.78,-0.1509,-0.0236,0.1496,0.0879
53.8,0.1742,0.0808,0.1025,-0.0108
53.82,-0.2495,-0.2527,-0.0168,-0.1297
53.84,0.198,-0.1854,-0.0807,0.2935
53.86,-0.0751,-0.0501,0.0403,0.1946
53.88,-0.0179,0.0037,-0.0946,-0.132
53.9,-0.2217,-0.1272,-0.0131,-0.1607
53.92,0.0294,-0.0406,-0.1447,-0.0464
53.94,0.0021,-0.0382,-0.0106,-0.2539
53.96,-0.0578,-0.1161,0.2331,0.0073
53.98,0.0115,0.0563,0.1029,0.045
54.0,0.0724,0.0843,-0.1765,0.0711
54.02,0.0157,-0.0636,-0.0051,0.0262
54.04,0.1438,0.0221,0.0457,-0.1354
54.06,-0.0477,-0.0855,-0.0866,0.2172
54.08,-0.0254,0.0425,-0.0779,-0.0107
54.1,0.1125,0.0909,-0.0643,-0.3253
54.12,-0.0473,0.0897,-0.2281,-0.1424
54.14,-0.2618,0.2005,0.2063,-0.2192
54.16,0.1134,-0.0508,-0.1695,0.1286
54.18,0.1923,0.0932,-0.0136,0.1482
54.2,0.2078,0.0091,0.1073,0.1788
54.22,0.1034,-0.0055,0.3228,-0.4093
54.24,0.4519,0.124,0.1126,0.0382
54.26,-0.1158,-0.198,-0.142,-0.135
54.28,0.2571,-0.1136,0.1268,0.1523
54.3,0.0061,-0.0024,-0.1472,-0.3657
54.32,0.1333,0.0899,0.059,-0.1209
54.34,0.2772,0.0312,-0.0189,-0.0994
54.36,-0.1192,-0.0197,-0.1981,-0.0252
54.38,-0.0427,0.0131,-0.0348,0.0178
54.4,0.1686,0.3093,0.0606,0.0049
54.42,0.1175,0.0527,-0.0491,-0.0687
54.44,-0.1092,-0.2065,-0.1326,0.3299
54.46,-0.1663,0.0032,0.0686,-0.0379
54.48,-0.0353,0.048,-0.1377,0.1573
54.5,0.0513,0.0366,-0.0576,-0.0415
54.52,-0.06,0.0048,0.2085,-0.1366
54.54,-0.0927,0.0685,-0.1114,0.1145
54.56,-0.2507,0.3774,-0.0811,0.111
54.58,-0.1618,0.1828,0.1226,0.3237
54.6,0.1804,0.0091,0.1893,-0.0847
54.62,-0.0733,-0.0868,-0.1647,-0.2635
54.64,-0.0428,0.0062,0.1255,0.0855
54.66,-0.0203,0.226,0.2379,0.0761
54.68,0.2168,0.1851,-0.2142,-0.0503
54.7,-0.272,-0.0062,-0.2411,-0.1035
54.72,0.3144,0.0553,0.0016,-0.1104
54.74,0.0212,-0.1284,0.034,-0.1005
54.76,0.1182,0.0559,0.006,0.0337
54.78,0.0889,0.1561,0.1245,-0.1399
54.8,-0.0689,-0.0256,-0.0987,-0.0705
54.82,0.2086,0.0407,0.1237,0.085
54.84,-0.2898,-0.1743,0.1236,0.1071
54.86,0.1056,0.1056,0.2006,0.0643
54.88,-0.1603,-0.097,0.0718,0.0641
54.9,-0.0088,0.1148,0.0679,-0.2058
54.92,-0.1026,-0.016,0.117,0.1254
54.94,-0.1752,-0.0685,-0.038,-0.245
54.96,-0.0501,-0.0691,-0.0951,-0.35
54.98,-0.0728,-0.109,-0.0815,0.0199
55.0,0.1326,0.0905,-0.0058,-0.0966
55.02,-0.1527,-0.0947,-0.0843,0.0056
55.04,0.1317,-0.0121,0.1575,0.0901
55.06,-0.0547,0.0439,-0.0639,0.2637
55.08,-0.22,-0.0294,-0.0437,0.0131
55.1,-0.0146,-0.2326,0.0521,0.2841
55.12,0.0967,0.1683,0.2355,-0.1446
55.14,-0.0537,-0.2625,-0.1163,-0.041
55.16,-0.0847,-0.1687,0.1917,-0.1011
55.18,-0.1208,0.0872,-0.0579,0.0987
55.2,-0.137,0.1454,0.1478,0.1646
55.22,0.0068,-0.031,-0.0375,0.1879
55.24,-0.1628,0.0124,0.0134,-0.3622
55.26,-0.212,-0.0546,-0.0923,0.2351
55.28,0.1646,0.0659,0.0599,-0.1146
55.3,-0.1732,0.0399,0.1273,0.1747
55.32,0.0544,-0.2675,-0.0585,0.2247
55.34,0.0325,-0.0975,-0.0927,-0.0458
55.36,-0.0387,-0.0528,0.0762,0.0257
55.38,-0.0267,-0.11,-0.1633,-0.0786
55.4,0.1077,0.1448,-0.0635,0.0064
55.42,-0.4477,0.0131,-0.0621,0.1171
55.44,0.2696,-0.0581,0.0143,-0.1395
55.46,0.0282,0.0298,-0.1723,0.1021
55.48,0.1872,-0.148,-0.0752,-0.1107
55.5,0.2467,-0.0197,0.0196,0.0736
55.52,0.1157,0.0264,0.1649,-0.3453
55.54,0.1169,0.0297,-0.1646,0.0517
55.56,0.1072,0.1134,-0.0527,-0.0755
55.58,-0.1788,0.0397,0.1006,0.0121
55.6,0.0215,0.0696,0.1454,-0.2164
55.62,0.0753,-0.03,-0.1175,0.3621
55.64,-0.1434,0.0976,0.0802,-0.1655
55.66,0.0984,0.0631,-0.1761,0.0456
55.68,-0.0121,0.1439,0.1606,-0.2383
55.7,0.177,0.0135,0.0771,-0.0341
55.72,-0.1715,0.2081,-0.0008,-0.0452
55.74,0.0593,-0.1498,-0.0919,-0.153
55.76,0.0719,0.1718,0.069,-0.0269
55.78,0.2458,-0.0488,-0.0959,0.3568
55.8,0.0182,-0.1666,0.0262,0.0566
55.82,-0.0949,-0.0707,-0.1433,0.076
55.84,0.2785,-0.1121,-0.093,-0.0845
55.86,0.0206,-0.1408,0.0907,-0.1154
55.88,0.2114,0.0542,0.0976,0.043
55.9,0.0162,-0.0649,0.1153,-0.0017
55.92,0.1848,0.0127,0.0399,-0.0163
55.94,-0.3032,0.0196,-0.1401,0.0165
55.96,-0.0211,0.1393,-0.1941,-0.1085
55.98,-0.1235,-0.0901,0.1327,0.134
56.0,0.2565,-0.1479,-0.0432,0.1651
56.02,0.0887,-0.0962,0.2119,-0.5492
56.04,0.2022,0.1552,0.2,0.0725
56.06,-0.1605,0.1127,-0.1494,0.092
56.08,-0.1256,-0.0147,0.1023,0.0098
56.1,0.1024,0.1424,-0.0391,0.0304
56.12,-0.0691,-0.1241,0.0301,-0.0599
56.14,-0.1924,-0.1457,0.1683,0.016
56.16,-0.1178,0.1375,0.0166,0.0473
56.18,-0.0292,-0.1333,-0.1217,-0.0239
56.2,-0.0348,0.0633,-0.1499,0.2659
56.22,-0.2176,-0.0593,-0.0236,-0.1341
56.24,-0.1031,-0.1776,0.0968,0.189
56.26,0.0376,0.1544,-0.0557,-0.0861
56.28,-0.0804,0.209,0.0042,-0.2273
56.3,0.0056,-0.107,0.0356,-0.182
56.32,-0.0479,0.0892,-0.1324,-0.15
56.34,0.002,0.0474,-0.2042,0.0224
56.36,-0.162,0.0527,-0.1522,-0.3459
56.38,-0.0321,0.1319,-0.1305,0.1417
56.4,0.0229,0.1465,-0.0509,-0.2379
56.42,0.049,-0.1376,0.0581,0.0685
56.44,0.0111,0.0553,-0.0212,0.1032
56.46,0.0302,0.0174,-0.0184,0.0176
56.48,0.1743,-0.1908,0.0134,0.1502
56.5,-0.0789,-0.1735,0.0492,-0.0931
56.52,-0.1577,-0.1007,-0.1456,-0.0097
56.54,-0.1831,0.3156,0.0344,0.3193
56.56,-0.0216,0.0959,0.1628,0.1158
56.58,0.0988,-0.1056,-0.2848,0.1651
56.6,0.0761,-0.0977,-0.1684,0.2426
56.62,-0.0951,0.1109,-0.1196,-0.2856
56.64,-0.1422,-0.0161,-0.0179,-0.4097
56.66,0.1626,-0.1507,0.0024,0.2876
56.68,0.3038,-0.1313,-0.1981,-0.0929
56.7,0.0422,-0.243,0.0036,0.2634
56.72,0.1894,0.0071,0.0333,-0.2054
56.74,0.259,0.1974,0.0858,0.0299
56.76,0.2246,-0.1097,-0.0434,-0.0655
56.78,0.112,-0.1354,-0.0223,0.0781
56.8,0.0583,-0.108,0.0085,0.0205
56.82,0.0012,0.1143,-0.0636,0.2303
56.84,-0.0389,0.1,-0.0334,0.0035
56.86,-0.1026,-0.1233,-0.1131,0.137
56.88,-0.0504,-0.3592,-0.1799,0.199
56.9,0.0107,0.1936,0.1828,0.2357
56.92,-0.0047,-0.0198,-0.0886,0.19
56.94,-0.2492,-0.0141,-0.0881,0.1364
56.96,0.0463,-0.0583,-0.0474,-0.1411
56.98,-0.0221,-0.0086,-0.0336,0.2594
57.0,0.0634,-0.1343,0.0863,0.0272
57.02,-0.1082,0.1444,0.2066,-0.0634
57.04,0.0015,0.0902,-0.0308,-0.1007
57.06,0.067,-0.0231,-0.1289,0.1491
57.08,-0.0904,0.2404,-0.1255,0.2917
57.1,-0.0925,-0.1926,-0.1381,0.0787
57.12,-0.1738,0.2436,0.0344,0.1501
57.14,-0.1024,0.2003,-0.0825,-0.1819
57.16,-0.2848,0.0855,-0.087,0.0586
57.18,-0.0136,-0.1067,-0.0545,-0.0682
57.2,0.0803,-0.0862,-0.0883,-0.1674
57.22,-0.3137,-0.032,-0.0418,0.2045
57.24,0.1685,-0.046,0.1208,0.0059
57.26,0.0836,-0.0723,0.1583,-0.2498
57.28,-0.0737,0.0832,-0.0856,-0.2069
57.3,0.0303,0.0452,0.1347,0.1324
57.32,0.0391,0.0397,0.1134,-0.1251
57.34,0.1003,-0.1097,0.1706,-0.1489
57.36,-0.0856,0.0854,-0.1145,0.2635
57.38,0.0055,0.2633,0.0092,-0.031
57.4,0.2303,0.0654,0.1001,-0.0874
57.42,0.0677,0.1701,0.1389,0.0908
57.44,0.0517,-0.137,0.0035,0.0455
57.46,-0.0133,-0.0602,-0.1264,0.0658
57.48,0.0412,0.0605,-0.0749,0.302
57.5,0.0157,0.1618,0.0586,0.0498
57.52,-0.1076,-0.0016,0.106,0.1783
57.54,-0.2391,0.1438,0.1293,0.038
57.56,0.0306,0.005,-0.0935,0.0358
57.58,-0.1084,-0.1123,0.0404,-0.0156
57.6,0.0083,-0.0169,0.0046,-0.1439
57.62,0.0205,-0.1078,-0.0916,0.1491
57.64,0.0847,0.0938,0.1345,0.0903
57.66,0.0492,0.1064,0.0018,-0.0951
57.68,0.0945,-0.0799,0.147,-0.2397
57.7,0.335,-0.1213,-0.1015,0.0989
57.72,-0.0884,0.2234,-0.2483,-0.1434
57.74,-0.1322,0.0725,-0.0689,0.0756
57.76,-0.0051,-0.0196,-0.0726,0.0696
57.78,0.0056,-0.0529,0.1049,0.3499
57.8,-0.0272,-0.0458,-0.238,0.0587
57.82,0.0844,-0.1523,-0.0151,-0.306
57.84,0.2754,0.0098,0.0933,-0.2926
57.86,-0.0295,0.0734,0.0392,0.0497
57.88,0.2232,-0.1041,-0.2266,0.0847
57.9,0.0047,-0.0775,-0.0866,0.447
57.92,-0.0398,0.112,0.0462,-0.0707
57.94,-0.0521,0.1626,0.0135,0.0455
57.96,0.0035,-0.3099,-0.0094,0.3562
57.98,-0.1254,-0.0505,-0.0083,-0.2024
58.0,0.1367,-0.0119,-0.2135,0.071
58.02,-0.3616,-0.0173,0.1786,0.0638
58.04,-0.1225,0.1094,0.0856,0.2713
58.06,0.0229,-0.1006,-0.1338,0.0797
58.08,-0.0208,0.0811,0.1689,-0.1765
58.1,-0.2673,0.1511,0.023,-0.0056
58.12,0.1682,0.0087,0.007,0.0355
58.14,-0.1271,-0.1718,0.1496,-0.0285
58.16,0.1072,-0.1821,0.0335,0.106
58.18,-0.1292,0.0439,0.0576,-0.0885
58.2,0.2937,0.03,0.1598,0.3111
58.22,0.0705,0.0036,0.0332,-0.0155
58.24,0.0531,-0.0865,-0.1503,0.1191
58.26,0.2146,0.2209,-0.039,0.096
58.28,0.0469,0.1589,0.1291,-0.1814
58.3,-0.0626,-0.1512,0.1852,0.2421
58.32,-0.3333,-0.2677,0.0512,-0.0576
58.34,-0.1942,-0.1619,-0.2001,-0.0485
58.36,-0.2909,0.1659,0.1086,-0.0907
58.38,-0.2493,-0.1479,0.0604,-0.1965
58.4,-0.3102,-0.302,-0.2526,0.1223
58.42,-0.4243,-0.1168,-0.2226,-0.5956
58.44,-0.326,-0.4128,-0.0532,-0.1902
58.46,-0.4417,-0.4256,-0.3318,-0.598
58.48,-0.3485,-0.5081,-0.3726,-0.2907
58.5,-0.528,-0.4025,-0.1642,-0.6974
58.52,-0.5121,-0.4635,-0.3457,-0.1841
58.54,-0.4393,-0.4023,-0.2692,-0.4118
58.56,-0.3511,-0.3165,-0.1562,0.011
58.58,-0.4868,-0.2691,-0.0989,-0.2724
58.6,-0.347,-0.2372,-0.1958,-0.3868
58.62,-0.0421,-0.1536,-0.3032,-0.0462
58.64,-0.16,-0.0594,-0.0357,0.0125
58.66,0.1094,0.0617,0.3868,0.0205
58.68,0.4483,0.3195,0.3585,0.4155
58.7,0.7742,0.4679,0.3274,0.5515
58.72,0.728,0.292,0.4418,0.8574
58.74,0.9337,0.6491,0.6269,1.1353
58.76,1.0658,0.7019,0.552,0.8119
58.78,1.2588,0.8919,0.9559,1.1577
58.8,0.8987,0.7674,0.9044,1.1187
58.82,1.2681,0.7104,0.6436,1.1088
58.84,0.9257,0.8738,0.7239,0.9981
58.86,0.9929,0.6041,0.4592,0.6466
58.88,0.5737,0.5451,0.3945,0.4732
58.9,0.444,0.2787,0.3364,0.3978
58.92,0.1471,0.1449,0.0719,0.1715
58.94,-0.1205,-0.2693,-0.0073,-0.3933
58.96,-0.1568,-0.2378,-0.2354,0.0171
58.98,-0.4185,-0.2171,-0.2835,-0.2538
59.0,-0.3643,-0.2347,-0.3829,-0.1352
59.02,-0.7959,-0.1858,-0.3543,-0.294
59.04,-0.4334,-0.2028,-0.3371,-0.6091
59.06,-0.6468,-0.2496,-0.084,-0.5346
59.08,-0.216,-0.3254,-0.4297,-0.4603
59.1,-0.4606,-0.1346,-0.4023,-0.621
59.12,-0.4266,-0.1844,-0.1563,-0.0047
59.14,-0.5877,-0.1672,-0.312,-0.2806
59.16,-0.1995,0.0334,-0.3103,-0.2607
59.18,-0.2965,-0.1673,-0.1353,-0.2231
59.2,-0.6633,-0.2623,-0.0466,-0.2531
59.22,-0.143,-0.0854,-0.0347,0.2132
59.24,-0.1117,0.0318,-0.1768,-0.468
59.26,-0.0237,-0.0519,-0.1934,-0.1859
59.28,0.0387,0.0284,0.067,-0.2646
59.3,-0.0008,0.0951,0.0849,-0.0813
59.32,-0.1875,0.0705,-0.144,0.0887
59.34,0.0048,-0.0588,-0.0211,0.2494
59.36,-0.0342,-0.098,-0.1296,-0.1235
59.38,-0.0523,0.0867,-0.0489,-0.2418
59.4,-0.122,0.1601,0.1288,-0.096
59.42,-0.0018,0.1288,-0.0682,0.2803
59.44,-0.1518,-0.157,0.1223,0.0898
59.46,0.0562,-0.0799,-0.0637,-0.276
59.48,0.3805,-0.0935,-0.1315,0.2592
59.5,-0.0756,-0.1675,0.1081,0.1839
59.52,0.3176,0.04,0.0585,0.1006
59.54,-0.0504,-0.1868,0.0284,0.0517
59.56,-0.0911,0.1296,-0.046,0.0642
59.58,-0.3411,-0.0491,0.057,-0.1992
59.6,-0.1071,0.0244,-0.1856,-0.1426
59.62,0.0658,-0.1984,0.0976,0.0611
59.64,0.0337,0.1724,0.0928,0.1836
59.66,-0.2752,0.2176,-0.1402,-0.1021
59.68,0.0039,0.1803,-0.0302,-0.0358
59.7,0.041,-0.0462,0.1792,0.3121
59.72,-0.1022,-0.0574,-0.0481,0.1067
59.74,-0.1078,-0.1525,0.1507,0.1122
59.76,0.128,0.2342,-0.0272,0.1834
59.78,-0.0309,-0.1526,0.0629,0.1149
59.8,-0.0786,0.0366,0.2544,0.0466
59.82,-0.0498,0.0299,-0.0842,0.0313
59.84,0.0097,-0.0199,-0.0791,-0.0794
59.86,0.1155,0.0959,-0.0121,0.0198
59.88,-0.4048,0.0475,-0.0194,0.2721
59.9,-0.1021,0.1218,0.0607,0.1182
59.92,-0.0316,-0.1463,0.0781,0.0971
59.94,0.1436,-0.051,0.0911,-0.0352
59.96,-0.0716,0.1884,-0.172,0.2488
59.98,-0.1183,0.0753,0.0367,0.3694
