sample_id,phase,chunk,deployment,station,expected_event,reference_time_s,label_source,label_version,label_quality,split,primary_inclusion,exclusion_reason
XO.LT07..HH.2018.05.12.20.49.55,P,201805,XO,LT07,EVENT,44.99,PENDING_DATA_TEAM,PENDING_DATA_TEAM,PENDING_DATA_TEAM,main,True,
XO.LT07..HH.2018.05.12.20.49.55,S,201805,XO,LT07,EVENT,58.72,PENDING_DATA_TEAM,PENDING_DATA_TEAM,PENDING_DATA_TEAM,main,True,
XO.LT06..HH.2018.05.12.20.49.48,P,201805,XO,LT06,EVENT,45.0,PENDING_DATA_TEAM,PENDING_DATA_TEAM,PENDING_DATA_TEAM,main,True,
XO.LT06..HH.2018.05.12.20.49.48,S,201805,XO,LT06,EVENT,52.5,PENDING_DATA_TEAM,PENDING_DATA_TEAM,PENDING_DATA_TEAM,main,True,
XO.LT07..HH.2018.05.13.11.47.49,P,201805,XO,LT07,UNKNOWN,,PENDING_DATA_TEAM,PENDING_DATA_TEAM,PENDING_DATA_TEAM,main,False,expected_event_unknown_pending_data_team
XO.LT07..HH.2018.05.13.11.47.49,S,201805,XO,LT07,EVENT,44.99,PENDING_DATA_TEAM,PENDING_DATA_TEAM,PENDING_DATA_TEAM,main,True,
XO.LT14..HH.2018.05.13.16.49.13,P,201805,XO,LT14,EVENT,44.99,PENDING_DATA_TEAM,PENDING_DATA_TEAM,PENDING_DATA_TEAM,main,True,
XO.LT14..HH.2018.05.13.16.49.13,S,201805,XO,LT14,UNKNOWN,,PENDING_DATA_TEAM,PENDING_DATA_TEAM,PENDING_DATA_TEAM,main,False,expected_event_unknown_pending_data_team
XO.LT14..HH.2018.05.13.18.48.42,P,201805,XO,LT14,EVENT,44.99,PENDING_DATA_TEAM,PENDING_DATA_TEAM,PENDING_DATA_TEAM,main,True,
XO.LT14..HH.2018.05.13.18.48.42,S,201805,XO,LT14,UNKNOWN,,PENDING_DATA_TEAM,PENDING_DATA_TEAM,PENDING_DATA_TEAM,main,False,expected_event_unknown_pending_data_team
XO.LT06..HH.2018.05.14.09.20.39,P,201805,XO,LT06,EVENT,44.99,PENDING_DATA_TEAM,PENDING_DATA_TEAM,PENDING_DATA_TEAM,main,True,
XO.LT06..HH.2018.05.14.09.20.39,S,201805,XO,LT06,EVENT,54.87,PENDING_DATA_TEAM,PENDING_DATA_TEAM,PENDING_DATA_TEAM,main,True,
XO.LT07..HH.2018.05.15.13.02.52,P,201805,XO,LT07,EVENT,45.0,PENDING_DATA_TEAM,PENDING_DATA_TEAM,PENDING_DATA_TEAM,main,True,
XO.LT07..HH.2018.05.15.13.02.52,S,201805,XO,LT07,UNKNOWN,,PENDING_DATA_TEAM,PENDING_DATA_TEAM,PENDING_DATA_TEAM,main,False,expected_event_unknown_pending_data_team
XO.LD36..HH.2018.05.15.13.54.09,P,201805,XO,LD36,EVENT,44.99,PENDING_DATA_TEAM,PENDING_DATA_TEAM,PENDING_DATA_TEAM,main,True,
XO.LD36..HH.2018.05.15.13.54.09,S,201805,XO,LD36,UNKNOWN,,PENDING_DATA_TEAM,PENDING_DATA_TEAM,PENDING_DATA_TEAM,main,False,expected_event_unknown_pending_data_team
XO.LA25..HH.2018.05.15.13.54.12,P,201805,XO,LA25,EVENT,45.0,PENDING_DATA_TEAM,PENDING_DATA_TEAM,PENDING_DATA_TEAM,holdout,True,
XO.LA25..HH.2018.05.15.13.54.12,S,201805,XO,LA25,EVENT,74.84,PENDING_DATA_TEAM,PENDING_DATA_TEAM,PENDING_DATA_TEAM,holdout,True,
XO.LT07..HH.2018.05.15.10.17.37,P,201805,XO,LT07,UNKNOWN,,PENDING_DATA_TEAM,PENDING_DATA_TEAM,PENDING_DATA_TEAM,holdout,False,expected_event_unknown_pending_data_team
XO.LT07..HH.2018.05.15.10.17.37,S,201805,XO,LT07,EVENT,44.99,PENDING_DATA_TEAM,PENDING_DATA_TEAM,PENDING_DATA_TEAM,holdout,True,
XO.LT14..HH.2018.05.15.19.26.15,P,201805,XO,LT14,EVENT,44.99,PENDING_DATA_TEAM,PENDING_DATA_TEAM,PENDING_DATA_TEAM,main,True,
XO.LT14..HH.2018.05.15.19.26.15,S,201805,XO,LT14,EVENT,56.74,PENDING_DATA_TEAM,PENDING_DATA_TEAM,PENDING_DATA_TEAM,main,True,
XO.LT07..HH.2018.05.16.12.54.57,P,201805,XO,LT07,EVENT,45.0,PENDING_DATA_TEAM,PENDING_DATA_TEAM,PENDING_DATA_TEAM,main,True,
XO.LT07..HH.2018.05.16.12.54.57,S,201805,XO,LT07,EVENT,52.96,PENDING_DATA_TEAM,PENDING_DATA_TEAM,PENDING_DATA_TEAM,main,True,
XO.LT07..HH.2018.05.18.22.11.25,P,201805,XO,LT07,EVENT,44.99,PENDING_DATA_TEAM,PENDING_DATA_TEAM,PENDING_DATA_TEAM,main,True,
XO.LT07..HH.2018.05.18.22.11.25,S,201805,XO,LT07,EVENT,55.34,PENDING_DATA_TEAM,PENDING_DATA_TEAM,PENDING_DATA_TEAM,main,True,
XO.LT17..HH.2018.05.19.02.03.22,P,201805,XO,LT17,EVENT,44.99,PENDING_DATA_TEAM,PENDING_DATA_TEAM,PENDING_DATA_TEAM,main,True,
XO.LT17..HH.2018.05.19.02.03.22,S,201805,XO,LT17,EVENT,59.82,PENDING_DATA_TEAM,PENDING_DATA_TEAM,PENDING_DATA_TEAM,main,True,
XO.LT18..HH.2018.05.19.02.03.22,P,201805,XO,LT18,EVENT,45.0,PENDING_DATA_TEAM,PENDING_DATA_TEAM,PENDING_DATA_TEAM,holdout,True,
XO.LT18..HH.2018.05.19.02.03.22,S,201805,XO,LT18,EVENT,60.27,PENDING_DATA_TEAM,PENDING_DATA_TEAM,PENDING_DATA_TEAM,holdout,True,
XO.LT12..HH.2018.05.19.17.46.44,P,201805,XO,LT12,EVENT,45.0,PENDING_DATA_TEAM,PENDING_DATA_TEAM,PENDING_DATA_TEAM,main,True,
XO.LT12..HH.2018.05.19.17.46.44,S,201805,XO,LT12,EVENT,53.65,PENDING_DATA_TEAM,PENDING_DATA_TEAM,PENDING_DATA_TEAM,main,True,
XO.LT14..HH.2018.05.19.17.46.44,P,201805,XO,LT14,EVENT,45.0,PENDING_DATA_TEAM,PENDING_DATA_TEAM,PENDING_DATA_TEAM,main,True,
XO.LT14..HH.2018.05.19.17.46.44,S,201805,XO,LT14,EVENT,54.4,PENDING_DATA_TEAM,PENDING_DATA_TEAM,PENDING_DATA_TEAM,main,True,
XO.LT20..HH.2018.05.19.19.23.05,P,201805,XO,LT20,EVENT,45.0,PENDING_DATA_TEAM,PENDING_DATA_TEAM,PENDING_DATA_TEAM,main,True,
XO.LT20..HH.2018.05.19.19.23.05,S,201805,XO,LT20,EVENT,53.59,PENDING_DATA_TEAM,PENDING_DATA_TEAM,PENDING_DATA_TEAM,main,True,
XO.LT17..HH.2018.05.19.22.03.45,P,201805,XO,LT17,EVENT,44.99,PENDING_DATA_TEAM,PENDING_DATA_TEAM,PENDING_DATA_TEAM,main,True,
XO.LT17..HH.2018.05.19.22.03.45,S,201805,XO,LT17,EVENT,56.98,PENDING_DATA_TEAM,PENDING_DATA_TEAM,PENDING_DATA_TEAM,main,True,
XO.LT17..HH.2018.05.20.00.22.24,P,201805,XO,LT17,EVENT,44.99,PENDING_DATA_TEAM,PENDING_DATA_TEAM,PENDING_DATA_TEAM,main,True,
XO.LT17..HH.2018.05.20.00.22.24,S,201805,XO,LT17,EVENT,58.13,PENDING_DATA_TEAM,PENDING_DATA_TEAM,PENDING_DATA_TEAM,main,True,
XO.LT20..HH.2018.05.20.00.22.19,P,201805,XO,LT20,EVENT,44.99,PENDING_DATA_TEAM,PENDING_DATA_TEAM,PENDING_DATA_TEAM,holdout,True,
XO.LT20..HH.2018.05.20.00.22.19,S,201805,XO,LT20,EVENT,52.98,PENDING_DATA_TEAM,PENDING_DATA_TEAM,PENDING_DATA_TEAM,holdout,True,
XO.LA25..HH.2018.05.21.03.48.10,P,201805,XO,LA25,EVENT,44.99,PENDING_DATA_TEAM,PENDING_DATA_TEAM,PENDING_DATA_TEAM,holdout,True,
XO.LA25..HH.2018.05.21.03.48.10,S,201805,XO,LA25,EVENT,80.04,PENDING_DATA_TEAM,PENDING_DATA_TEAM,PENDING_DATA_TEAM,holdout,True,
XO.LT10..HH.2018.05.21.03.48.30,P,201805,XO,LT10,UNKNOWN,,PENDING_DATA_TEAM,PENDING_DATA_TEAM,PENDING_DATA_TEAM,main,False,expected_event_unknown_pending_data_team
XO.LT10..HH.2018.05.21.03.48.30,S,201805,XO,LT10,EVENT,44.99,PENDING_DATA_TEAM,PENDING_DATA_TEAM,PENDING_DATA_TEAM,main,True,
XO.LT14..HH.2018.05.21.04.42.07,P,201805,XO,LT14,EVENT,44.99,PENDING_DATA_TEAM,PENDING_DATA_TEAM,PENDING_DATA_TEAM,main,True,
XO.LT14..HH.2018.05.21.04.42.07,S,201805,XO,LT14,EVENT,76.0,PENDING_DATA_TEAM,PENDING_DATA_TEAM,PENDING_DATA_TEAM,main,True,
XO.LA30..HH.2018.05.21.04.42.52,P,201805,XO,LA30,UNKNOWN,,PENDING_DATA_TEAM,PENDING_DATA_TEAM,PENDING_DATA_TEAM,main,False,expected_event_unknown_pending_data_team
XO.LA30..HH.2018.05.21.04.42.52,S,201805,XO,LA30,EVENT,45.0,PENDING_DATA_TEAM,PENDING_DATA_TEAM,PENDING_DATA_TEAM,main,True,
XO.LA33..HH.2018.05.21.19.58.59,P,201805,XO,LA33,EVENT,45.0,PENDING_DATA_TEAM,PENDING_DATA_TEAM,PENDING_DATA_TEAM,main,True,
XO.LA33..HH.2018.05.21.19.58.59,S,201805,XO,LA33,EVENT,70.45,PENDING_DATA_TEAM,PENDING_DATA_TEAM,PENDING_DATA_TEAM,main,True,
XO.LT18..HH.2018.05.22.23.57.53,P,201805,XO,LT18,EVENT,44.99,PENDING_DATA_TEAM,PENDING_DATA_TEAM,PENDING_DATA_TEAM,main,True,
XO.LT18..HH.2018.05.22.23.57.53,S,201805,XO,LT18,EVENT,54.5,PENDING_DATA_TEAM,PENDING_DATA_TEAM,PENDING_DATA_TEAM,main,True,
XO.LT17..HH.2018.05.22.23.57.56,P,201805,XO,LT17,EVENT,44.99,PENDING_DATA_TEAM,PENDING_DATA_TEAM,PENDING_DATA_TEAM,main,True,
XO.LT17..HH.2018.05.22.23.57.56,S,201805,XO,LT17,EVENT,56.52,PENDING_DATA_TEAM,PENDING_DATA_TEAM,PENDING_DATA_TEAM,main,True,
XO.LT18..HH.2018.05.22.05.23.43,P,201805,XO,LT18,EVENT,44.99,PENDING_DATA_TEAM,PENDING_DATA_TEAM,PENDING_DATA_TEAM,main,True,
XO.LT18..HH.2018.05.22.05.23.43,S,201805,XO,LT18,EVENT,50.96,PENDING_DATA_TEAM,PENDING_DATA_TEAM,PENDING_DATA_TEAM,main,True,
XO.LT18..HH.2018.05.22.11.57.00,P,201805,XO,LT18,EVENT,44.99,PENDING_DATA_TEAM,PENDING_DATA_TEAM,PENDING_DATA_TEAM,main,True,
XO.LT18..HH.2018.05.22.11.57.00,S,201805,XO,LT18,EVENT,53.0,PENDING_DATA_TEAM,PENDING_DATA_TEAM,PENDING_DATA_TEAM,main,True,
XO.LT13..HH.2018.05.22.11.57.14,P,201805,XO,LT13,EVENT,44.99,PENDING_DATA_TEAM,PENDING_DATA_TEAM,PENDING_DATA_TEAM,main,True,
XO.LT13..HH.2018.05.22.11.57.14,S,201805,XO,LT13,UNKNOWN,,PENDING_DATA_TEAM,PENDING_DATA_TEAM,PENDING_DATA_TEAM,main,False,expected_event_unknown_pending_data_team
XO.LT14..HH.2018.05.23.05.00.54,P,201805,XO,LT14,EVENT,45.0,PENDING_DATA_TEAM,PENDING_DATA_TEAM,PENDING_DATA_TEAM,main,True,
XO.LT14..HH.2018.05.23.05.00.54,S,201805,XO,LT14,UNKNOWN,,PENDING_DATA_TEAM,PENDING_DATA_TEAM,PENDING_DATA_TEAM,main,False,expected_event_unknown_pending_data_team
XO.LT15..HH.2018.05.23.00.51.43,P,201805,XO,LT15,UNKNOWN,,PENDING_DATA_TEAM,PENDING_DATA_TEAM,PENDING_DATA_TEAM,main,False,expected_event_unknown_pending_data_team
XO.LT15..HH.2018.05.23.00.51.43,S,201805,XO,LT15,EVENT,45.0,PENDING_DATA_TEAM,PENDING_DATA_TEAM,PENDING_DATA_TEAM,main,True,
XO.LA25..HH.2018.05.23.00.51.49,P,201805,XO,LA25,EVENT,45.0,PENDING_DATA_TEAM,PENDING_DATA_TEAM,PENDING_DATA_TEAM,main,True,
XO.LA25..HH.2018.05.23.00.51.49,S,201805,XO,LA25,UNKNOWN,,PENDING_DATA_TEAM,PENDING_DATA_TEAM,PENDING_DATA_TEAM,main,False,expected_event_unknown_pending_data_team
XO.LD36..HH.2018.05.23.00.51.50,P,201805,XO,LD36,EVENT,44.99,PENDING_DATA_TEAM,PENDING_DATA_TEAM,PENDING_DATA_TEAM,main,True,
XO.LD36..HH.2018.05.23.00.51.50,S,201805,XO,LD36,UNKNOWN,,PENDING_DATA_TEAM,PENDING_DATA_TEAM,PENDING_DATA_TEAM,main,False,expected_event_unknown_pending_data_team
XO.LD41..HH.2018.05.24.03.19.38,P,201805,XO,LD41,EVENT,44.99,PENDING_DATA_TEAM,PENDING_DATA_TEAM,PENDING_DATA_TEAM,main,True,
XO.LD41..HH.2018.05.24.03.19.38,S,201805,XO,LD41,EVENT,69.81,PENDING_DATA_TEAM,PENDING_DATA_TEAM,PENDING_DATA_TEAM,main,True,
XO.LD41..HH.2018.05.24.12.30.13,P,201805,XO,LD41,EVENT,45.0,PENDING_DATA_TEAM,PENDING_DATA_TEAM,PENDING_DATA_TEAM,main,True,
XO.LD41..HH.2018.05.24.12.30.13,S,201805,XO,LD41,EVENT,73.95,PENDING_DATA_TEAM,PENDING_DATA_TEAM,PENDING_DATA_TEAM,main,True,
XO.LT20..HH.2018.05.25.06.03.39,P,201805,XO,LT20,EVENT,44.99,PENDING_DATA_TEAM,PENDING_DATA_TEAM,PENDING_DATA_TEAM,main,True,
XO.LT20..HH.2018.05.25.06.03.39,S,201805,XO,LT20,EVENT,62.83,PENDING_DATA_TEAM,PENDING_DATA_TEAM,PENDING_DATA_TEAM,main,True,
XO.LD45..HH.2018.05.25.06.30.42,P,201805,XO,LD45,EVENT,44.99,PENDING_DATA_TEAM,PENDING_DATA_TEAM,PENDING_DATA_TEAM,main,True,
XO.LD45..HH.2018.05.25.06.30.42,S,201805,XO,LD45,UNKNOWN,,PENDING_DATA_TEAM,PENDING_DATA_TEAM,PENDING_DATA_TEAM,main,False,expected_event_unknown_pending_data_team
XO.LA26..HH.2018.05.25.06.30.46,P,201805,XO,LA26,EVENT,44.99,PENDING_DATA_TEAM,PENDING_DATA_TEAM,PENDING_DATA_TEAM,main,True,
XO.LA26..HH.2018.05.25.06.30.46,S,201805,XO,LA26,UNKNOWN,,PENDING_DATA_TEAM,PENDING_DATA_TEAM,PENDING_DATA_TEAM,main,False,expected_event_unknown_pending_data_team
XO.LA34..HH.2018.05.25.06.30.56,P,201805,XO,LA34,UNKNOWN,,PENDING_DATA_TEAM,PENDING_DATA_TEAM,PENDING_DATA_TEAM,main,False,expected_event_unknown_pending_data_team
XO.LA34..HH.2018.05.25.06.30.56,S,201805,XO,LA34,EVENT,45.0,PENDING_DATA_TEAM,PENDING_DATA_TEAM,PENDING_DATA_TEAM,main,True,
XO.LA29..HH.2018.05.25.06.30.57,P,201805,XO,LA29,UNKNOWN,,PENDING_DATA_TEAM,PENDING_DATA_TEAM,PENDING_DATA_TEAM,main,False,expected_event_unknown_pending_data_team
XO.LA29..HH.2018.05.25.06.30.57,S,201805,XO,LA29,EVENT,45.0,PENDING_DATA_TEAM,PENDING_DATA_TEAM,PENDING_DATA_TEAM,main,True,
XO.LD41..HH.2018.05.25.04.54.19,P,201805,XO,LD41,EVENT,45.0,PENDING_DATA_TEAM,PENDING_DATA_TEAM,PENDING_DATA_TEAM,holdout,True,
XO.LD41..HH.2018.05.25.04.54.19,S,201805,XO,LD41,UNKNOWN,,PENDING_DATA_TEAM,PENDING_DATA_TEAM,PENDING_DATA_TEAM,holdout,False,expected_event_unknown_pending_data_team
XO.LD41..HH.2018.05.25.05.36.36,P,201805,XO,LD41,EVENT,45.0,PENDING_DATA_TEAM,PENDING_DATA_TEAM,PENDING_DATA_TEAM,main,True,
XO.LD41..HH.2018.05.25.05.36.36,S,201805,XO,LD41,UNKNOWN,,PENDING_DATA_TEAM,PENDING_DATA_TEAM,PENDING_DATA_TEAM,main,False,expected_event_unknown_pending_data_team
XO.LT04..HH.2018.05.25.08.10.32,P,201805,XO,LT04,EVENT,44.99,PENDING_DATA_TEAM,PENDING_DATA_TEAM,PENDING_DATA_TEAM,main,True,
XO.LT04..HH.2018.05.25.08.10.32,S,201805,XO,LT04,EVENT,58.21,PENDING_DATA_TEAM,PENDING_DATA_TEAM,PENDING_DATA_TEAM,main,True,
XO.LT04..HH.2018.05.25.08.40.15,P,201805,XO,LT04,EVENT,44.99,PENDING_DATA_TEAM,PENDING_DATA_TEAM,PENDING_DATA_TEAM,main,True,
XO.LT04..HH.2018.05.25.08.40.15,S,201805,XO,LT04,EVENT,52.26,PENDING_DATA_TEAM,PENDING_DATA_TEAM,PENDING_DATA_TEAM,main,True,
XO.LT18..HH.2018.05.26.11.55.24,P,201805,XO,LT18,EVENT,44.99,PENDING_DATA_TEAM,PENDING_DATA_TEAM,PENDING_DATA_TEAM,main,True,
XO.LT18..HH.2018.05.26.11.55.24,S,201805,XO,LT18,EVENT,54.87,PENDING_DATA_TEAM,PENDING_DATA_TEAM,PENDING_DATA_TEAM,main,True,
XO.LD44..HH.2018.05.26.11.58.59,P,201805,XO,LD44,EVENT,44.99,PENDING_DATA_TEAM,PENDING_DATA_TEAM,PENDING_DATA_TEAM,main,True,
XO.LD44..HH.2018.05.26.11.58.59,S,201805,XO,LD44,UNKNOWN,,PENDING_DATA_TEAM,PENDING_DATA_TEAM,PENDING_DATA_TEAM,main,False,expected_event_unknown_pending_data_team
XO.LA33..HH.2018.05.26.11.59.11,P,201805,XO,LA33,EVENT,44.99,PENDING_DATA_TEAM,PENDING_DATA_TEAM,PENDING_DATA_TEAM,main,True,
XO.LA33..HH.2018.05.26.11.59.11,S,201805,XO,LA33,UNKNOWN,,PENDING_DATA_TEAM,PENDING_DATA_TEAM,PENDING_DATA_TEAM,main,False,expected_event_unknown_pending_data_team
XO.LD38..HH.2018.05.26.19.37.24,P,201805,XO,LD38,EVENT,45.0,PENDING_DATA_TEAM,PENDING_DATA_TEAM,PENDING_DATA_TEAM,main,True,
XO.LD38..HH.2018.05.26.19.37.24,S,201805,XO,LD38,EVENT,58.54,PENDING_DATA_TEAM,PENDING_DATA_TEAM,PENDING_DATA_TEAM,main,True,
XO.LD41..HH.2018.05.26.10.39.55,P,201805,XO,LD41,EVENT,44.99,PENDING_DATA_TEAM,PENDING_DATA_TEAM,PENDING_DATA_TEAM,holdout,True,
XO.LD41..HH.2018.05.26.10.39.55,S,201805,XO,LD41,UNKNOWN,,PENDING_DATA_TEAM,PENDING_DATA_TEAM,PENDING_DATA_TEAM,holdout,False,expected_event_unknown_pending_data_team
XO.LD40..HH.2018.05.26.14.57.05,P,201805,XO,LD40,UNKNOWN,,PENDING_DATA_TEAM,PENDING_DATA_TEAM,PENDING_DATA_TEAM,main,False,expected_event_unknown_pending_data_team
XO.LD40..HH.2018.05.26.14.57.05,S,201805,XO,LD40,EVENT,44.99,PENDING_DATA_TEAM,PENDING_DATA_TEAM,PENDING_DATA_TEAM,main,True,
XO.LD41..HH.2018.05.27.16.25.34,P,201805,XO,LD41,EVENT,44.99,PENDING_DATA_TEAM,PENDING_DATA_TEAM,PENDING_DATA_TEAM,main,True,
XO.LD41..HH.2018.05.27.16.25.34,S,201805,XO,LD41,UNKNOWN,,PENDING_DATA_TEAM,PENDING_DATA_TEAM,PENDING_DATA_TEAM,main,False,expected_event_unknown_pending_data_team
XO.LA23..HH.2018.05.27.18.30.11,P,201805,XO,LA23,EVENT,44.99,PENDING_DATA_TEAM,PENDING_DATA_TEAM,PENDING_DATA_TEAM,main,True,
XO.LA23..HH.2018.05.27.18.30.11,S,201805,XO,LA23,EVENT,57.08,PENDING_DATA_TEAM,PENDING_DATA_TEAM,PENDING_DATA_TEAM,main,True,
XO.LT06..HH.2018.05.27.18.30.20,P,201805,XO,LT06,EVENT,44.99,PENDING_DATA_TEAM,PENDING_DATA_TEAM,PENDING_DATA_TEAM,holdout,True,
XO.LT06..HH.2018.05.27.18.30.20,S,201805,XO,LT06,UNKNOWN,,PENDING_DATA_TEAM,PENDING_DATA_TEAM,PENDING_DATA_TEAM,holdout,False,expected_event_unknown_pending_data_team
XO.LA29..HH.2018.05.27.18.30.30,P,201805,XO,LA29,EVENT,45.0,PENDING_DATA_TEAM,PENDING_DATA_TEAM,PENDING_DATA_TEAM,main,True,
XO.LA29..HH.2018.05.27.18.30.30,S,201805,XO,LA29,UNKNOWN,,PENDING_DATA_TEAM,PENDING_DATA_TEAM,PENDING_DATA_TEAM,main,False,expected_event_unknown_pending_data_team
XO.LT20..HH.2018.05.27.14.38.01,P,201805,XO,LT20,UNKNOWN,,PENDING_DATA_TEAM,PENDING_DATA_TEAM,PENDING_DATA_TEAM,holdout,False,expected_event_unknown_pending_data_team
XO.LT20..HH.2018.05.27.14.38.01,S,201805,XO,LT20,EVENT,44.99,PENDING_DATA_TEAM,PENDING_DATA_TEAM,PENDING_DATA_TEAM,holdout,True,
XO.LA32..HH.2018.05.28.07.33.19,P,201805,XO,LA32,EVENT,45.0,PENDING_DATA_TEAM,PENDING_DATA_TEAM,PENDING_DATA_TEAM,holdout,True,
XO.LA32..HH.2018.05.28.07.33.19,S,201805,XO,LA32,UNKNOWN,,PENDING_DATA_TEAM,PENDING_DATA_TEAM,PENDING_DATA_TEAM,holdout,False,expected_event_unknown_pending_data_team
XO.LT20..HH.2018.05.28.07.32.51,P,201805,XO,LT20,EVENT,44.99,PENDING_DATA_TEAM,PENDING_DATA_TEAM,PENDING_DATA_TEAM,main,True,
XO.LT20..HH.2018.05.28.07.32.51,S,201805,XO,LT20,EVENT,56.79,PENDING_DATA_TEAM,PENDING_DATA_TEAM,PENDING_DATA_TEAM,main,True,
XO.LD40..HH.2018.05.28.04.25.32,P,201805,XO,LD40,UNKNOWN,,PENDING_DATA_TEAM,PENDING_DATA_TEAM,PENDING_DATA_TEAM,main,False,expected_event_unknown_pending_data_team
XO.LD40..HH.2018.05.28.04.25.32,S,201805,XO,LD40,EVENT,45.0,PENDING_DATA_TEAM,PENDING_DATA_TEAM,PENDING_DATA_TEAM,main,True,
XO.LT01..HH.2018.05.28.08.07.29,P,201805,XO,LT01,UNKNOWN,,PENDING_DATA_TEAM,PENDING_DATA_TEAM,PENDING_DATA_TEAM,main,False,expected_event_unknown_pending_data_team
XO.LT01..HH.2018.05.28.08.07.29,S,201805,XO,LT01,EVENT,44.99,PENDING_DATA_TEAM,PENDING_DATA_TEAM,PENDING_DATA_TEAM,main,True,
XO.LD41..HH.2018.05.28.12.50.00,P,201805,XO,LD41,UNKNOWN,,PENDING_DATA_TEAM,PENDING_DATA_TEAM,PENDING_DATA_TEAM,main,False,expected_event_unknown_pending_data_team
XO.LD41..HH.2018.05.28.12.50.00,S,201805,XO,LD41,EVENT,45.0,PENDING_DATA_TEAM,PENDING_DATA_TEAM,PENDING_DATA_TEAM,main,True,
XO.LA39..HH.2018.05.28.12.49.32,P,201805,XO,LA39,UNKNOWN,,PENDING_DATA_TEAM,PENDING_DATA_TEAM,PENDING_DATA_TEAM,holdout,False,expected_event_unknown_pending_data_team
XO.LA39..HH.2018.05.28.12.49.32,S,201805,XO,LA39,EVENT,44.99,PENDING_DATA_TEAM,PENDING_DATA_TEAM,PENDING_DATA_TEAM,holdout,True,
XO.LD38..HH.2018.05.29.03.57.24,P,201805,XO,LD38,EVENT,45.0,PENDING_DATA_TEAM,PENDING_DATA_TEAM,PENDING_DATA_TEAM,main,True,
XO.LD38..HH.2018.05.29.03.57.24,S,201805,XO,LD38,EVENT,65.39,PENDING_DATA_TEAM,PENDING_DATA_TEAM,PENDING_DATA_TEAM,main,True,
XO.LT20..HH.2018.05.29.21.25.20,P,201805,XO,LT20,EVENT,44.99,PENDING_DATA_TEAM,PENDING_DATA_TEAM,PENDING_DATA_TEAM,main,True,
XO.LT20..HH.2018.05.29.21.25.20,S,201805,XO,LT20,EVENT,52.84,PENDING_DATA_TEAM,PENDING_DATA_TEAM,PENDING_DATA_TEAM,main,True,
XO.LT06..HH.2018.05.29.04.40.08,P,201805,XO,LT06,EVENT,44.99,PENDING_DATA_TEAM,PENDING_DATA_TEAM,PENDING_DATA_TEAM,main,True,
XO.LT06..HH.2018.05.29.04.40.08,S,201805,XO,LT06,EVENT,58.58,PENDING_DATA_TEAM,PENDING_DATA_TEAM,PENDING_DATA_TEAM,main,True,
XO.LT04..HH.2018.05.29.04.40.11,P,201805,XO,LT04,EVENT,44.99,PENDING_DATA_TEAM,PENDING_DATA_TEAM,PENDING_DATA_TEAM,main,True,
XO.LT04..HH.2018.05.29.04.40.11,S,201805,XO,LT04,EVENT,61.71,PENDING_DATA_TEAM,PENDING_DATA_TEAM,PENDING_DATA_TEAM,main,True,
XO.LT07..HH.2018.05.29.04.40.03,P,201805,XO,LT07,EVENT,44.99,PENDING_DATA_TEAM,PENDING_DATA_TEAM,PENDING_DATA_TEAM,main,True,
XO.LT07..HH.2018.05.29.04.40.03,S,201805,XO,LT07,EVENT,55.34,PENDING_DATA_TEAM,PENDING_DATA_TEAM,PENDING_DATA_TEAM,main,True,
XO.LA39..HH.2018.05.29.10.05.54,P,201805,XO,LA39,EVENT,45.0,PENDING_DATA_TEAM,PENDING_DATA_TEAM,PENDING_DATA_TEAM,main,True,
XO.LA39..HH.2018.05.29.10.05.54,S,201805,XO,LA39,EVENT,59.69,PENDING_DATA_TEAM,PENDING_DATA_TEAM,PENDING_DATA_TEAM,main,True,
XO.LT16..HH.2018.05.30.02.35.18,P,201805,XO,LT16,EVENT,45.0,PENDING_DATA_TEAM,PENDING_DATA_TEAM,PENDING_DATA_TEAM,main,True,
XO.LT16..HH.2018.05.30.02.35.18,S,201805,XO,LT16,UNKNOWN,,PENDING_DATA_TEAM,PENDING_DATA_TEAM,PENDING_DATA_TEAM,main,False,expected_event_unknown_pending_data_team
XO.LA26..HH.2018.05.30.02.35.28,P,201805,XO,LA26,EVENT,44.99,PENDING_DATA_TEAM,PENDING_DATA_TEAM,PENDING_DATA_TEAM,holdout,True,
XO.LA26..HH.2018.05.30.02.35.28,S,201805,XO,LA26,EVENT,62.39,PENDING_DATA_TEAM,PENDING_DATA_TEAM,PENDING_DATA_TEAM,holdout,True,
XO.LT20..HH.2018.05.30.02.35.41,P,201805,XO,LT20,EVENT,45.0,PENDING_DATA_TEAM,PENDING_DATA_TEAM,PENDING_DATA_TEAM,main,True,
XO.LT20..HH.2018.05.30.02.35.41,S,201805,XO,LT20,UNKNOWN,,PENDING_DATA_TEAM,PENDING_DATA_TEAM,PENDING_DATA_TEAM,main,False,expected_event_unknown_pending_data_team
XO.LA39..HH.2018.05.30.05.12.11,P,201805,XO,LA39,UNKNOWN,,PENDING_DATA_TEAM,PENDING_DATA_TEAM,PENDING_DATA_TEAM,main,False,expected_event_unknown_pending_data_team
XO.LA39..HH.2018.05.30.05.12.11,S,201805,XO,LA39,EVENT,44.99,PENDING_DATA_TEAM,PENDING_DATA_TEAM,PENDING_DATA_TEAM,main,True,
XO.LD41..HH.2018.05.30.20.36.25,P,201805,XO,LD41,EVENT,45.0,PENDING_DATA_TEAM,PENDING_DATA_TEAM,PENDING_DATA_TEAM,holdout,True,
XO.LD41..HH.2018.05.30.20.36.25,S,201805,XO,LD41,UNKNOWN,,PENDING_DATA_TEAM,PENDING_DATA_TEAM,PENDING_DATA_TEAM,holdout,False,expected_event_unknown_pending_data_team
XO.LA39..HH.2018.05.30.08.25.25,P,201805,XO,LA39,UNKNOWN,,PENDING_DATA_TEAM,PENDING_DATA_TEAM,PENDING_DATA_TEAM,main,False,expected_event_unknown_pending_data_team
XO.LA39..HH.2018.05.30.08.25.25,S,201805,XO,LA39,EVENT,44.99,PENDING_DATA_TEAM,PENDING_DATA_TEAM,PENDING_DATA_TEAM,main,True,
XO.LT01..HH.2018.05.30.09.48.51,P,201805,XO,LT01,UNKNOWN,,PENDING_DATA_TEAM,PENDING_DATA_TEAM,PENDING_DATA_TEAM,main,False,expected_event_unknown_pending_data_team
XO.LT01..HH.2018.05.30.09.48.51,S,201805,XO,LT01,EVENT,44.99,PENDING_DATA_TEAM,PENDING_DATA_TEAM,PENDING_DATA_TEAM,main,True,
XO.LA39..HH.2018.05.30.10.57.15,P,201805,XO,LA39,EVENT,45.0,PENDING_DATA_TEAM,PENDING_DATA_TEAM,PENDING_DATA_TEAM,main,True,
XO.LA39..HH.2018.05.30.10.57.15,S,201805,XO,LA39,EVENT,62.96,PENDING_DATA_TEAM,PENDING_DATA_TEAM,PENDING_DATA_TEAM,main,True,
XO.LD41..HH.2018.05.30.15.34.41,P,201805,XO,LD41,EVENT,44.99,PENDING_DATA_TEAM,PENDING_DATA_TEAM,PENDING_DATA_TEAM,holdout,True,
XO.LD41..HH.2018.05.30.15.34.41,S,201805,XO,LD41,UNKNOWN,,PENDING_DATA_TEAM,PENDING_DATA_TEAM,PENDING_DATA_TEAM,holdout,False,expected_event_unknown_pending_data_team
XO.LA39..HH.2018.05.30.19.04.27,P,201805,XO,LA39,EVENT,44.99,PENDING_DATA_TEAM,PENDING_DATA_TEAM,PENDING_DATA_TEAM,main,True,
XO.LA39..HH.2018.05.30.19.04.27,S,201805,XO,LA39,EVENT,58.98,PENDING_DATA_TEAM,PENDING_DATA_TEAM,PENDING_DATA_TEAM,main,True,
XO.LA39..HH.2018.05.30.21.27.46,P,201805,XO,LA39,UNKNOWN,,PENDING_DATA_TEAM,PENDING_DATA_TEAM,PENDING_DATA_TEAM,main,False,expected_event_unknown_pending_data_team
XO.LA39..HH.2018.05.30.21.27.46,S,201805,XO,LA39,EVENT,44.99,PENDING_DATA_TEAM,PENDING_DATA_TEAM,PENDING_DATA_TEAM,main,True,
XO.LT04..HH.2018.05.31.01.58.18,P,201805,XO,LT04,EVENT,45.0,PENDING_DATA_TEAM,PENDING_DATA_TEAM,PENDING_DATA_TEAM,main,True,
XO.LT04..HH.2018.05.31.01.58.18,S,201805,XO,LT04,UNKNOWN,,PENDING_DATA_TEAM,PENDING_DATA_TEAM,PENDING_DATA_TEAM,main,False,expected_event_unknown_pending_data_team
XO.LD40..HH.2018.05.31.08.14.27,P,201805,XO,LD40,EVENT,45.0,PENDING_DATA_TEAM,PENDING_DATA_TEAM,PENDING_DATA_TEAM,holdout,True,
XO.LD40..HH.2018.05.31.08.14.27,S,201805,XO,LD40,UNKNOWN,,PENDING_DATA_TEAM,PENDING_DATA_TEAM,PENDING_DATA_TEAM,holdout,False,expected_event_unknown_pending_data_team
XO.LT06..HH.2018.05.31.10.11.26,P,201805,XO,LT06,UNKNOWN,,PENDING_DATA_TEAM,PENDING_DATA_TEAM,PENDING_DATA_TEAM,main,False,expected_event_unknown_pending_data_team
XO.LT06..HH.2018.05.31.10.11.26,S,201805,XO,LT06,EVENT,44.99,PENDING_DATA_TEAM,PENDING_DATA_TEAM,PENDING_DATA_TEAM,main,True,
XO.LD40..HH.2018.05.31.19.02.50,P,201805,XO,LD40,EVENT,44.99,PENDING_DATA_TEAM,PENDING_DATA_TEAM,PENDING_DATA_TEAM,main,True,
XO.LD40..HH.2018.05.31.19.02.50,S,201805,XO,LD40,EVENT,70.83,PENDING_DATA_TEAM,PENDING_DATA_TEAM,PENDING_DATA_TEAM,main,True,
XO.LT18..HH.2018.05.31.17.51.09,P,201805,XO,LT18,EVENT,45.0,PENDING_DATA_TEAM,PENDING_DATA_TEAM,PENDING_DATA_TEAM,main,True,
XO.LT18..HH.2018.05.31.17.51.09,S,201805,XO,LT18,EVENT,55.45,PENDING_DATA_TEAM,PENDING_DATA_TEAM,PENDING_DATA_TEAM,main,True,
XO.LD41..HH.2018.05.25.12.35.29,P,201805,XO,LD41,EVENT,44.99,PENDING_DATA_TEAM,PENDING_DATA_TEAM,PENDING_DATA_TEAM,holdout,True,
XO.LD41..HH.2018.05.25.12.35.29,S,201805,XO,LD41,UNKNOWN,,PENDING_DATA_TEAM,PENDING_DATA_TEAM,PENDING_DATA_TEAM,holdout,False,expected_event_unknown_pending_data_team
XO.LT04..HH.2018.05.25.12.35.31,P,201805,XO,LT04,EVENT,44.99,PENDING_DATA_TEAM,PENDING_DATA_TEAM,PENDING_DATA_TEAM,main,True,
XO.LT04..HH.2018.05.25.12.35.31,S,201805,XO,LT04,EVENT,75.2,PENDING_DATA_TEAM,PENDING_DATA_TEAM,PENDING_DATA_TEAM,main,True,
XO.LT01..HH.2018.05.25.23.04.56,P,201805,XO,LT01,UNKNOWN,,PENDING_DATA_TEAM,PENDING_DATA_TEAM,PENDING_DATA_TEAM,main,False,expected_event_unknown_pending_data_team
XO.LT01..HH.2018.05.25.23.04.56,S,201805,XO,LT01,EVENT,44.99,PENDING_DATA_TEAM,PENDING_DATA_TEAM,PENDING_DATA_TEAM,main,True,
XO.LD38..HH.2018.05.27.10.36.29,P,201805,XO,LD38,EVENT,44.99,PENDING_DATA_TEAM,PENDING_DATA_TEAM,PENDING_DATA_TEAM,main,True,
XO.LD38..HH.2018.05.27.10.36.29,S,201805,XO,LD38,EVENT,68.08,PENDING_DATA_TEAM,PENDING_DATA_TEAM,PENDING_DATA_TEAM,main,True,
XO.LA39..HH.2018.05.29.06.56.15,P,201805,XO,LA39,EVENT,45.0,PENDING_DATA_TEAM,PENDING_DATA_TEAM,PENDING_DATA_TEAM,main,True,
XO.LA39..HH.2018.05.29.06.56.15,S,201805,XO,LA39,EVENT,60.21,PENDING_DATA_TEAM,PENDING_DATA_TEAM,PENDING_DATA_TEAM,main,True,
XO.LT14..HH.2018.05.30.01.52.09,P,201805,XO,LT14,EVENT,44.99,PENDING_DATA_TEAM,PENDING_DATA_TEAM,PENDING_DATA_TEAM,main,True,
XO.LT14..HH.2018.05.30.01.52.09,S,201805,XO,LT14,UNKNOWN,,PENDING_DATA_TEAM,PENDING_DATA_TEAM,PENDING_DATA_TEAM,main,False,expected_event_unknown_pending_data_team
XO.LA28..HH.2018.05.30.01.52.24,P,201805,XO,LA28,UNKNOWN,,PENDING_DATA_TEAM,PENDING_DATA_TEAM,PENDING_DATA_TEAM,main,False,expected_event_unknown_pending_data_team
XO.LA28..HH.2018.05.30.01.52.24,S,201805,XO,LA28,EVENT,44.99,PENDING_DATA_TEAM,PENDING_DATA_TEAM,PENDING_DATA_TEAM,main,True,
XO.LA39..HH.2018.05.30.08.39.12,P,201805,XO,LA39,UNKNOWN,,PENDING_DATA_TEAM,PENDING_DATA_TEAM,PENDING_DATA_TEAM,main,False,expected_event_unknown_pending_data_team
XO.LA39..HH.2018.05.30.08.39.12,S,201805,XO,LA39,EVENT,45.0,PENDING_DATA_TEAM,PENDING_DATA_TEAM,PENDING_DATA_TEAM,main,True,
XO.LD36..HH.2018.05.29.00.36.40,P,201805,XO,LD36,EVENT,45.0,PENDING_DATA_TEAM,PENDING_DATA_TEAM,PENDING_DATA_TEAM,main,True,
XO.LD36..HH.2018.05.29.00.36.40,S,201805,XO,LD36,UNKNOWN,,PENDING_DATA_TEAM,PENDING_DATA_TEAM,PENDING_DATA_TEAM,main,False,expected_event_unknown_pending_data_team
XO.LD41..HH.2018.05.29.07.10.38,P,201805,XO,LD41,EVENT,44.99,PENDING_DATA_TEAM,PENDING_DATA_TEAM,PENDING_DATA_TEAM,holdout,True,
XO.LD41..HH.2018.05.29.07.10.38,S,201805,XO,LD41,UNKNOWN,,PENDING_DATA_TEAM,PENDING_DATA_TEAM,PENDING_DATA_TEAM,holdout,False,expected_event_unknown_pending_data_team
XO.LT06..HH.2018.05.29.15.14.24,P,201805,XO,LT06,EVENT,45.0,PENDING_DATA_TEAM,PENDING_DATA_TEAM,PENDING_DATA_TEAM,main,True,
XO.LT06..HH.2018.05.29.15.14.24,S,201805,XO,LT06,EVENT,54.95,PENDING_DATA_TEAM,PENDING_DATA_TEAM,PENDING_DATA_TEAM,main,True,
XO.LT10..HH.2018.05.29.15.14.28,P,201805,XO,LT10,EVENT,45.0,PENDING_DATA_TEAM,PENDING_DATA_TEAM,PENDING_DATA_TEAM,main,True,
XO.LT10..HH.2018.05.29.15.14.28,S,201805,XO,LT10,EVENT,58.09,PENDING_DATA_TEAM,PENDING_DATA_TEAM,PENDING_DATA_TEAM,main,True,
XO.LD38..HH.2018.05.29.16.20.11,P,201805,XO,LD38,EVENT,45.0,PENDING_DATA_TEAM,PENDING_DATA_TEAM,PENDING_DATA_TEAM,holdout,True,
XO.LD38..HH.2018.05.29.16.20.11,S,201805,XO,LD38,EVENT,50.21,PENDING_DATA_TEAM,PENDING_DATA_TEAM,PENDING_DATA_TEAM,holdout,True,
XO.LA32..HH.2018.05.29.23.28.31,P,201805,XO,LA32,EVENT,45.0,PENDING_DATA_TEAM,PENDING_DATA_TEAM,PENDING_DATA_TEAM,main,True,
XO.LA32..HH.2018.05.29.23.28.31,S,201805,XO,LA32,UNKNOWN,,PENDING_DATA_TEAM,PENDING_DATA_TEAM,PENDING_DATA_TEAM,main,False,expected_event_unknown_pending_data_team
XO.LT09..HH.2018.05.28.09.24.23,P,201805,XO,LT09,EVENT,45.0,PENDING_DATA_TEAM,PENDING_DATA_TEAM,PENDING_DATA_TEAM,holdout,True,
XO.LT09..HH.2018.05.28.09.24.23,S,201805,XO,LT09,EVENT,53.37,PENDING_DATA_TEAM,PENDING_DATA_TEAM,PENDING_DATA_TEAM,holdout,True,
XO.LA29..HH.2018.05.28.09.24.23,P,201805,XO,LA29,EVENT,45.0,PENDING_DATA_TEAM,PENDING_DATA_TEAM,PENDING_DATA_TEAM,main,True,
XO.LA29..HH.2018.05.28.09.24.23,S,201805,XO,LA29,EVENT,53.34,PENDING_DATA_TEAM,PENDING_DATA_TEAM,PENDING_DATA_TEAM,main,True,
XO.LA32..HH.2018.05.28.09.24.25,P,201805,XO,LA32,EVENT,45.0,PENDING_DATA_TEAM,PENDING_DATA_TEAM,PENDING_DATA_TEAM,main,True,
XO.LA32..HH.2018.05.28.09.24.25,S,201805,XO,LA32,EVENT,55.11,PENDING_DATA_TEAM,PENDING_DATA_TEAM,PENDING_DATA_TEAM,main,True,
XO.LT06..HH.2018.05.28.18.47.03,P,201805,XO,LT06,EVENT,45.0,PENDING_DATA_TEAM,PENDING_DATA_TEAM,PENDING_DATA_TEAM,holdout,True,
XO.LT06..HH.2018.05.28.18.47.03,S,201805,XO,LT06,EVENT,53.23,PENDING_DATA_TEAM,PENDING_DATA_TEAM,PENDING_DATA_TEAM,holdout,True,
XO.LT04..HH.2018.05.28.22.01.04,P,201805,XO,LT04,EVENT,44.99,PENDING_DATA_TEAM,PENDING_DATA_TEAM,PENDING_DATA_TEAM,main,True,
XO.LT04..HH.2018.05.28.22.01.04,S,201805,XO,LT04,EVENT,59.39,PENDING_DATA_TEAM,PENDING_DATA_TEAM,PENDING_DATA_TEAM,main,True,
XO.LD38..HH.2018.05.27.04.41.02,P,201805,XO,LD38,EVENT,45.0,PENDING_DATA_TEAM,PENDING_DATA_TEAM,PENDING_DATA_TEAM,main,True,
XO.LD38..HH.2018.05.27.04.41.02,S,201805,XO,LD38,UNKNOWN,,PENDING_DATA_TEAM,PENDING_DATA_TEAM,PENDING_DATA_TEAM,main,False,expected_event_unknown_pending_data_team
XO.LA21..HH.2018.05.27.04.41.09,P,201805,XO,LA21,EVENT,44.99,PENDING_DATA_TEAM,PENDING_DATA_TEAM,PENDING_DATA_TEAM,main,True,
XO.LA21..HH.2018.05.27.04.41.09,S,201805,XO,LA21,EVENT,63.48,PENDING_DATA_TEAM,PENDING_DATA_TEAM,PENDING_DATA_TEAM,main,True,
XO.LA25..HH.2018.05.27.04.41.28,P,201805,XO,LA25,UNKNOWN,,PENDING_DATA_TEAM,PENDING_DATA_TEAM,PENDING_DATA_TEAM,main,False,expected_event_unknown_pending_data_team
XO.LA25..HH.2018.05.27.04.41.28,S,201805,XO,LA25,EVENT,45.0,PENDING_DATA_TEAM,PENDING_DATA_TEAM,PENDING_DATA_TEAM,main,True,
XO.LD40..HH.2018.05.27.15.40.08,P,201805,XO,LD40,UNKNOWN,,PENDING_DATA_TEAM,PENDING_DATA_TEAM,PENDING_DATA_TEAM,holdout,False,expected_event_unknown_pending_data_team
XO.LD40..HH.2018.05.27.15.40.08,S,201805,XO,LD40,EVENT,44.99,PENDING_DATA_TEAM,PENDING_DATA_TEAM,PENDING_DATA_TEAM,holdout,True,
XO.LD40..HH.2018.05.27.17.21.08,P,201805,XO,LD40,UNKNOWN,,PENDING_DATA_TEAM,PENDING_DATA_TEAM,PENDING_DATA_TEAM,holdout,False,expected_event_unknown_pending_data_team
XO.LD40..HH.2018.05.27.17.21.08,S,201805,XO,LD40,EVENT,44.99,PENDING_DATA_TEAM,PENDING_DATA_TEAM,PENDING_DATA_TEAM,holdout,True,
XO.LT13..HH.2018.05.27.23.08.14,P,201805,XO,LT13,EVENT,44.99,PENDING_DATA_TEAM,PENDING_DATA_TEAM,PENDING_DATA_TEAM,main,True,
XO.LT13..HH.2018.05.27.23.08.14,S,201805,XO,LT13,EVENT,54.9,PENDING_DATA_TEAM,PENDING_DATA_TEAM,PENDING_DATA_TEAM,main,True,
XO.LT07..HH.2018.05.24.21.33.57,P,201805,XO,LT07,EVENT,44.99,PENDING_DATA_TEAM,PENDING_DATA_TEAM,PENDING_DATA_TEAM,main,True,
XO.LT07..HH.2018.05.24.21.33.57,S,201805,XO,LT07,UNKNOWN,,PENDING_DATA_TEAM,PENDING_DATA_TEAM,PENDING_DATA_TEAM,main,False,expected_event_unknown_pending_data_team
XO.LD36..HH.2018.05.22.02.27.39,P,201805,XO,LD36,EVENT,45.0,PENDING_DATA_TEAM,PENDING_DATA_TEAM,PENDING_DATA_TEAM,main,True,
XO.LD36..HH.2018.05.22.02.27.39,S,201805,XO,LD36,EVENT,78.48,PENDING_DATA_TEAM,PENDING_DATA_TEAM,PENDING_DATA_TEAM,main,True,
XO.LT16..HH.2018.05.22.12.36.22,P,201805,XO,LT16,EVENT,45.0,PENDING_DATA_TEAM,PENDING_DATA_TEAM,PENDING_DATA_TEAM,main,True,
XO.LT16..HH.2018.05.22.12.36.22,S,201805,XO,LT16,UNKNOWN,,PENDING_DATA_TEAM,PENDING_DATA_TEAM,PENDING_DATA_TEAM,main,False,expected_event_unknown_pending_data_team
XO.LT10..HH.2018.05.18.16.34.36,P,201805,XO,LT10,EVENT,44.99,PENDING_DATA_TEAM,PENDING_DATA_TEAM,PENDING_DATA_TEAM,main,True,
XO.LT10..HH.2018.05.18.16.34.36,S,201805,XO,LT10,EVENT,50.1,PENDING_DATA_TEAM,PENDING_DATA_TEAM,PENDING_DATA_TEAM,main,True,
XO.LT10..HH.2018.05.16.21.10.06,P,201805,XO,LT10,EVENT,44.99,PENDING_DATA_TEAM,PENDING_DATA_TEAM,PENDING_DATA_TEAM,holdout,True,
XO.LT10..HH.2018.05.16.21.10.06,S,201805,XO,LT10,EVENT,56.68,PENDING_DATA_TEAM,PENDING_DATA_TEAM,PENDING_DATA_TEAM,holdout,True,
XO.LD36..HH.2018.05.15.12.37.51,P,201805,XO,LD36,EVENT,45.0,PENDING_DATA_TEAM,PENDING_DATA_TEAM,PENDING_DATA_TEAM,main,True,
XO.LD36..HH.2018.05.15.12.37.51,S,201805,XO,LD36,EVENT,56.36,PENDING_DATA_TEAM,PENDING_DATA_TEAM,PENDING_DATA_TEAM,main,True,
XO.LT17..HH.2018.06.01.15.49.14,P,201806,XO,LT17,EVENT,44.99,PENDING_DATA_TEAM,PENDING_DATA_TEAM,PENDING_DATA_TEAM,main,True,
XO.LT17..HH.2018.06.01.15.49.14,S,201806,XO,LT17,EVENT,56.72,PENDING_DATA_TEAM,PENDING_DATA_TEAM,PENDING_DATA_TEAM,main,True,
XO.LA39..HH.2018.06.01.17.32.37,P,201806,XO,LA39,UNKNOWN,,PENDING_DATA_TEAM,PENDING_DATA_TEAM,PENDING_DATA_TEAM,main,False,expected_event_unknown_pending_data_team
XO.LA39..HH.2018.06.01.17.32.37,S,201806,XO,LA39,EVENT,44.99,PENDING_DATA_TEAM,PENDING_DATA_TEAM,PENDING_DATA_TEAM,main,True,
XO.LT04..HH.2018.06.01.18.12.44,P,201806,XO,LT04,EVENT,44.99,PENDING_DATA_TEAM,PENDING_DATA_TEAM,PENDING_DATA_TEAM,main,True,
XO.LT04..HH.2018.06.01.18.12.44,S,201806,XO,LT04,UNKNOWN,,PENDING_DATA_TEAM,PENDING_DATA_TEAM,PENDING_DATA_TEAM,main,False,expected_event_unknown_pending_data_team
XO.LD40..HH.2018.06.01.18.41.12,P,201806,XO,LD40,EVENT,44.99,PENDING_DATA_TEAM,PENDING_DATA_TEAM,PENDING_DATA_TEAM,main,True,
XO.LD40..HH.2018.06.01.18.41.12,S,201806,XO,LD40,UNKNOWN,,PENDING_DATA_TEAM,PENDING_DATA_TEAM,PENDING_DATA_TEAM,main,False,expected_event_unknown_pending_data_team
XO.LA39..HH.2018.06.01.18.41.15,P,201806,XO,LA39,EVENT,44.99,PENDING_DATA_TEAM,PENDING_DATA_TEAM,PENDING_DATA_TEAM,main,True,
XO.LA39..HH.2018.06.01.18.41.15,S,201806,XO,LA39,EVENT,57.43,PENDING_DATA_TEAM,PENDING_DATA_TEAM,PENDING_DATA_TEAM,main,True,
XO.LA23..HH.2018.06.01.18.42.04,P,201806,XO,LA23,UNKNOWN,,PENDING_DATA_TEAM,PENDING_DATA_TEAM,PENDING_DATA_TEAM,main,False,expected_event_unknown_pending_data_team
XO.LA23..HH.2018.06.01.18.42.04,S,201806,XO,LA23,EVENT,45.0,PENDING_DATA_TEAM,PENDING_DATA_TEAM,PENDING_DATA_TEAM,main,True,
XO.LA39..HH.2018.06.01.22.02.14,P,201806,XO,LA39,EVENT,44.99,PENDING_DATA_TEAM,PENDING_DATA_TEAM,PENDING_DATA_TEAM,main,True,
XO.LA39..HH.2018.06.01.22.02.14,S,201806,XO,LA39,EVENT,63.34,PENDING_DATA_TEAM,PENDING_DATA_TEAM,PENDING_DATA_TEAM,main,True,
XO.LT04..HH.2018.06.01.22.02.35,P,201806,XO,LT04,EVENT,45.0,PENDING_DATA_TEAM,PENDING_DATA_TEAM,PENDING_DATA_TEAM,main,True,
XO.LT04..HH.2018.06.01.22.02.35,S,201806,XO,LT04,EVENT,79.49,PENDING_DATA_TEAM,PENDING_DATA_TEAM,PENDING_DATA_TEAM,main,True,
XO.LD40..HH.2018.06.01.18.36.01,P,201806,XO,LD40,UNKNOWN,,PENDING_DATA_TEAM,PENDING_DATA_TEAM,PENDING_DATA_TEAM,main,False,expected_event_unknown_pending_data_team
XO.LD40..HH.2018.06.01.18.36.01,S,201806,XO,LD40,EVENT,44.99,PENDING_DATA_TEAM,PENDING_DATA_TEAM,PENDING_DATA_TEAM,main,True,
XO.LA25..HH.2018.06.01.20.34.52,P,201806,XO,LA25,EVENT,44.99,PENDING_DATA_TEAM,PENDING_DATA_TEAM,PENDING_DATA_TEAM,main,True,
XO.LA25..HH.2018.06.01.20.34.52,S,201806,XO,LA25,EVENT,66.17,PENDING_DATA_TEAM,PENDING_DATA_TEAM,PENDING_DATA_TEAM,main,True,
XO.LT13..HH.2018.06.01.20.34.56,P,201806,XO,LT13,EVENT,44.99,PENDING_DATA_TEAM,PENDING_DATA_TEAM,PENDING_DATA_TEAM,holdout,True,
XO.LT13..HH.2018.06.01.20.34.56,S,201806,XO,LT13,EVENT,67.28,PENDING_DATA_TEAM,PENDING_DATA_TEAM,PENDING_DATA_TEAM,holdout,True,
XO.LT04..HH.2018.06.01.20.35.06,P,201806,XO,LT04,UNKNOWN,,PENDING_DATA_TEAM,PENDING_DATA_TEAM,PENDING_DATA_TEAM,main,False,expected_event_unknown_pending_data_team
XO.LT04..HH.2018.06.01.20.35.06,S,201806,XO,LT04,EVENT,45.0,PENDING_DATA_TEAM,PENDING_DATA_TEAM,PENDING_DATA_TEAM,main,True,
XO.LA28..HH.2018.06.01.20.35.12,P,201806,XO,LA28,UNKNOWN,,PENDING_DATA_TEAM,PENDING_DATA_TEAM,PENDING_DATA_TEAM,main,False,expected_event_unknown_pending_data_team
XO.LA28..HH.2018.06.01.20.35.12,S,201806,XO,LA28,EVENT,45.0,PENDING_DATA_TEAM,PENDING_DATA_TEAM,PENDING_DATA_TEAM,main,True,
XO.LT16..HH.2018.06.01.20.34.51,P,201806,XO,LT16,EVENT,44.99,PENDING_DATA_TEAM,PENDING_DATA_TEAM,PENDING_DATA_TEAM,main,True,
XO.LT16..HH.2018.06.01.20.34.51,S,201806,XO,LT16,UNKNOWN,,PENDING_DATA_TEAM,PENDING_DATA_TEAM,PENDING_DATA_TEAM,main,False,expected_event_unknown_pending_data_team
XO.LA39..HH.2018.06.01.21.46.51,P,201806,XO,LA39,UNKNOWN,,PENDING_DATA_TEAM,PENDING_DATA_TEAM,PENDING_DATA_TEAM,main,False,expected_event_unknown_pending_data_team
XO.LA39..HH.2018.06.01.21.46.51,S,201806,XO,LA39,EVENT,44.99,PENDING_DATA_TEAM,PENDING_DATA_TEAM,PENDING_DATA_TEAM,main,True,
XO.LT04..HH.2018.06.02.13.39.17,P,201806,XO,LT04,UNKNOWN,,PENDING_DATA_TEAM,PENDING_DATA_TEAM,PENDING_DATA_TEAM,main,False,expected_event_unknown_pending_data_team
XO.LT04..HH.2018.06.02.13.39.17,S,201806,XO,LT04,EVENT,44.99,PENDING_DATA_TEAM,PENDING_DATA_TEAM,PENDING_DATA_TEAM,main,True,
XO.LD40..HH.2018.06.02.15.35.07,P,201806,XO,LD40,EVENT,45.0,PENDING_DATA_TEAM,PENDING_DATA_TEAM,PENDING_DATA_TEAM,main,True,
XO.LD40..HH.2018.06.02.15.35.07,S,201806,XO,LD40,EVENT,68.54,PENDING_DATA_TEAM,PENDING_DATA_TEAM,PENDING_DATA_TEAM,main,True,
XO.LT01..HH.2018.06.02.15.44.09,P,201806,XO,LT01,UNKNOWN,,PENDING_DATA_TEAM,PENDING_DATA_TEAM,PENDING_DATA_TEAM,main,False,expected_event_unknown_pending_data_team
XO.LT01..HH.2018.06.02.15.44.09,S,201806,XO,LT01,EVENT,45.0,PENDING_DATA_TEAM,PENDING_DATA_TEAM,PENDING_DATA_TEAM,main,True,
XO.LA39..HH.2018.06.02.20.17.45,P,201806,XO,LA39,UNKNOWN,,PENDING_DATA_TEAM,PENDING_DATA_TEAM,PENDING_DATA_TEAM,main,False,expected_event_unknown_pending_data_team
XO.LA39..HH.2018.06.02.20.17.45,S,201806,XO,LA39,EVENT,45.0,PENDING_DATA_TEAM,PENDING_DATA_TEAM,PENDING_DATA_TEAM,main,True,
XO.LT01..HH.2018.06.02.21.04.45,P,201806,XO,LT01,UNKNOWN,,PENDING_DATA_TEAM,PENDING_DATA_TEAM,PENDING_DATA_TEAM,holdout,False,expected_event_unknown_pending_data_team
XO.LT01..HH.2018.06.02.21.04.45,S,201806,XO,LT01,EVENT,44.99,PENDING_DATA_TEAM,PENDING_DATA_TEAM,PENDING_DATA_TEAM,holdout,True,
XO.LA39..HH.2018.06.02.13.10.54,P,201806,XO,LA39,UNKNOWN,,PENDING_DATA_TEAM,PENDING_DATA_TEAM,PENDING_DATA_TEAM,main,False,expected_event_unknown_pending_data_team
XO.LA39..HH.2018.06.02.13.10.54,S,201806,XO,LA39,EVENT,44.99,PENDING_DATA_TEAM,PENDING_DATA_TEAM,PENDING_DATA_TEAM,main,True,
XO.LT04..HH.2018.06.02.19.17.37,P,201806,XO,LT04,UNKNOWN,,PENDING_DATA_TEAM,PENDING_DATA_TEAM,PENDING_DATA_TEAM,main,False,expected_event_unknown_pending_data_team
XO.LT04..HH.2018.06.02.19.17.37,S,201806,XO,LT04,EVENT,44.99,PENDING_DATA_TEAM,PENDING_DATA_TEAM,PENDING_DATA_TEAM,main,True,
XO.LT06..HH.2018.06.03.04.44.01,P,201806,XO,LT06,EVENT,44.99,PENDING_DATA_TEAM,PENDING_DATA_TEAM,PENDING_DATA_TEAM,main,True,
XO.LT06..HH.2018.06.03.04.44.01,S,201806,XO,LT06,EVENT,63.1,PENDING_DATA_TEAM,PENDING_DATA_TEAM,PENDING_DATA_TEAM,main,True,
XO.LA39..HH.2018.06.03.07.11.07,P,201806,XO,LA39,EVENT,44.99,PENDING_DATA_TEAM,PENDING_DATA_TEAM,PENDING_DATA_TEAM,main,True,
XO.LA39..HH.2018.06.03.07.11.07,S,201806,XO,LA39,EVENT,65.4,PENDING_DATA_TEAM,PENDING_DATA_TEAM,PENDING_DATA_TEAM,main,True,
XO.LD40..HH.2018.06.03.16.09.02,P,201806,XO,LD40,UNKNOWN,,PENDING_DATA_TEAM,PENDING_DATA_TEAM,PENDING_DATA_TEAM,main,False,expected_event_unknown_pending_data_team
XO.LD40..HH.2018.06.03.16.09.02,S,201806,XO,LD40,EVENT,45.0,PENDING_DATA_TEAM,PENDING_DATA_TEAM,PENDING_DATA_TEAM,main,True,
XO.LT01..HH.2018.06.03.16.08.35,P,201806,XO,LT01,EVENT,44.99,PENDING_DATA_TEAM,PENDING_DATA_TEAM,PENDING_DATA_TEAM,main,True,
XO.LT01..HH.2018.06.03.16.08.35,S,201806,XO,LT01,EVENT,73.81,PENDING_DATA_TEAM,PENDING_DATA_TEAM,PENDING_DATA_TEAM,main,True,
XO.LD38..HH.2018.06.03.21.07.13,P,201806,XO,LD38,EVENT,44.99,PENDING_DATA_TEAM,PENDING_DATA_TEAM,PENDING_DATA_TEAM,holdout,True,
XO.LD38..HH.2018.06.03.21.07.13,S,201806,XO,LD38,EVENT,63.23,PENDING_DATA_TEAM,PENDING_DATA_TEAM,PENDING_DATA_TEAM,holdout,True,
XO.LD41..HH.2018.06.03.05.04.35,P,201806,XO,LD41,EVENT,45.0,PENDING_DATA_TEAM,PENDING_DATA_TEAM,PENDING_DATA_TEAM,main,True,
XO.LD41..HH.2018.06.03.05.04.35,S,201806,XO,LD41,UNKNOWN,,PENDING_DATA_TEAM,PENDING_DATA_TEAM,PENDING_DATA_TEAM,main,False,expected_event_unknown_pending_data_team
XO.LD38..HH.2018.06.03.06.45.02,P,201806,XO,LD38,EVENT,44.99,PENDING_DATA_TEAM,PENDING_DATA_TEAM,PENDING_DATA_TEAM,main,True,
XO.LD38..HH.2018.06.03.06.45.02,S,201806,XO,LD38,UNKNOWN,,PENDING_DATA_TEAM,PENDING_DATA_TEAM,PENDING_DATA_TEAM,main,False,expected_event_unknown_pending_data_team
XO.LT18..HH.2018.06.03.08.02.03,P,201806,XO,LT18,EVENT,44.99,PENDING_DATA_TEAM,PENDING_DATA_TEAM,PENDING_DATA_TEAM,main,True,
XO.LT18..HH.2018.06.03.08.02.03,S,201806,XO,LT18,UNKNOWN,,PENDING_DATA_TEAM,PENDING_DATA_TEAM,PENDING_DATA_TEAM,main,False,expected_event_unknown_pending_data_team
XO.LA29..HH.2018.06.03.08.02.25,P,201806,XO,LA29,EVENT,45.0,PENDING_DATA_TEAM,PENDING_DATA_TEAM,PENDING_DATA_TEAM,main,True,
XO.LA29..HH.2018.06.03.08.02.25,S,201806,XO,LA29,UNKNOWN,,PENDING_DATA_TEAM,PENDING_DATA_TEAM,PENDING_DATA_TEAM,main,False,expected_event_unknown_pending_data_team
XO.LD41..HH.2018.06.03.21.56.35,P,201806,XO,LD41,EVENT,44.99,PENDING_DATA_TEAM,PENDING_DATA_TEAM,PENDING_DATA_TEAM,main,True,
XO.LD41..HH.2018.06.03.21.56.35,S,201806,XO,LD41,EVENT,74.04,PENDING_DATA_TEAM,PENDING_DATA_TEAM,PENDING_DATA_TEAM,main,True,
XO.LT14..HH.2018.06.04.05.38.19,P,201806,XO,LT14,EVENT,44.99,PENDING_DATA_TEAM,PENDING_DATA_TEAM,PENDING_DATA_TEAM,main,True,
XO.LT14..HH.2018.06.04.05.38.19,S,201806,XO,LT14,UNKNOWN,,PENDING_DATA_TEAM,PENDING_DATA_TEAM,PENDING_DATA_TEAM,main,False,expected_event_unknown_pending_data_team
XO.LT06..HH.2018.06.04.07.27.46,P,201806,XO,LT06,UNKNOWN,,PENDING_DATA_TEAM,PENDING_DATA_TEAM,PENDING_DATA_TEAM,holdout,False,expected_event_unknown_pending_data_team
XO.LT06..HH.2018.06.04.07.27.46,S,201806,XO,LT06,EVENT,45.0,PENDING_DATA_TEAM,PENDING_DATA_TEAM,PENDING_DATA_TEAM,holdout,True,
XO.LA39..HH.2018.06.04.08.53.49,P,201806,XO,LA39,EVENT,45.0,PENDING_DATA_TEAM,PENDING_DATA_TEAM,PENDING_DATA_TEAM,main,True,
XO.LA39..HH.2018.06.04.08.53.49,S,201806,XO,LA39,EVENT,60.23,PENDING_DATA_TEAM,PENDING_DATA_TEAM,PENDING_DATA_TEAM,main,True,
XO.LD40..HH.2018.06.04.08.53.55,P,201806,XO,LD40,EVENT,45.0,PENDING_DATA_TEAM,PENDING_DATA_TEAM,PENDING_DATA_TEAM,main,True,
XO.LD40..HH.2018.06.04.08.53.55,S,201806,XO,LD40,EVENT,62.19,PENDING_DATA_TEAM,PENDING_DATA_TEAM,PENDING_DATA_TEAM,main,True,
XO.LT01..HH.2018.06.04.08.53.58,P,201806,XO,LT01,EVENT,44.99,PENDING_DATA_TEAM,PENDING_DATA_TEAM,PENDING_DATA_TEAM,main,True,
XO.LT01..HH.2018.06.04.08.53.58,S,201806,XO,LT01,EVENT,65.44,PENDING_DATA_TEAM,PENDING_DATA_TEAM,PENDING_DATA_TEAM,main,True,
XO.LA25..HH.2018.06.04.11.08.53,P,201806,XO,LA25,EVENT,44.99,PENDING_DATA_TEAM,PENDING_DATA_TEAM,PENDING_DATA_TEAM,holdout,True,
XO.LA25..HH.2018.06.04.11.08.53,S,201806,XO,LA25,EVENT,73.02,PENDING_DATA_TEAM,PENDING_DATA_TEAM,PENDING_DATA_TEAM,holdout,True,
XO.LT06..HH.2018.06.04.11.08.54,P,201806,XO,LT06,UNKNOWN,,PENDING_DATA_TEAM,PENDING_DATA_TEAM,PENDING_DATA_TEAM,main,False,expected_event_unknown_pending_data_team
XO.LT06..HH.2018.06.04.11.08.54,S,201806,XO,LT06,EVENT,44.99,PENDING_DATA_TEAM,PENDING_DATA_TEAM,PENDING_DATA_TEAM,main,True,
XO.LD40..HH.2018.06.04.14.18.52,P,201806,XO,LD40,UNKNOWN,,PENDING_DATA_TEAM,PENDING_DATA_TEAM,PENDING_DATA_TEAM,holdout,False,expected_event_unknown_pending_data_team
XO.LD40..HH.2018.06.04.14.18.52,S,201806,XO,LD40,EVENT,44.99,PENDING_DATA_TEAM,PENDING_DATA_TEAM,PENDING_DATA_TEAM,holdout,True,
XO.LD41..HH.2018.06.04.23.19.16,P,201806,XO,LD41,EVENT,44.99,PENDING_DATA_TEAM,PENDING_DATA_TEAM,PENDING_DATA_TEAM,main,True,
XO.LD41..HH.2018.06.04.23.19.16,S,201806,XO,LD41,UNKNOWN,,PENDING_DATA_TEAM,PENDING_DATA_TEAM,PENDING_DATA_TEAM,main,False,expected_event_unknown_pending_data_team
XO.LT01..HH.2018.06.04.23.19.36,P,201806,XO,LT01,UNKNOWN,,PENDING_DATA_TEAM,PENDING_DATA_TEAM,PENDING_DATA_TEAM,main,False,expected_event_unknown_pending_data_team
XO.LT01..HH.2018.06.04.23.19.36,S,201806,XO,LT01,EVENT,44.99,PENDING_DATA_TEAM,PENDING_DATA_TEAM,PENDING_DATA_TEAM,main,True,
XO.LT04..HH.2018.06.04.07.08.50,P,201806,XO,LT04,UNKNOWN,,PENDING_DATA_TEAM,PENDING_DATA_TEAM,PENDING_DATA_TEAM,main,False,expected_event_unknown_pending_data_team
XO.LT04..HH.2018.06.04.07.08.50,S,201806,XO,LT04,EVENT,44.99,PENDING_DATA_TEAM,PENDING_DATA_TEAM,PENDING_DATA_TEAM,main,True,
XO.LA39..HH.2018.06.04.09.04.57,P,201806,XO,LA39,EVENT,44.99,PENDING_DATA_TEAM,PENDING_DATA_TEAM,PENDING_DATA_TEAM,holdout,True,
XO.LA39..HH.2018.06.04.09.04.57,S,201806,XO,LA39,EVENT,60.03,PENDING_DATA_TEAM,PENDING_DATA_TEAM,PENDING_DATA_TEAM,holdout,True,
XO.LA39..HH.2018.06.04.09.06.39,P,201806,XO,LA39,UNKNOWN,,PENDING_DATA_TEAM,PENDING_DATA_TEAM,PENDING_DATA_TEAM,main,False,expected_event_unknown_pending_data_team
XO.LA39..HH.2018.06.04.09.06.39,S,201806,XO,LA39,EVENT,44.99,PENDING_DATA_TEAM,PENDING_DATA_TEAM,PENDING_DATA_TEAM,main,True,
XO.LT01..HH.2018.06.04.11.30.33,P,201806,XO,LT01,UNKNOWN,,PENDING_DATA_TEAM,PENDING_DATA_TEAM,PENDING_DATA_TEAM,main,False,expected_event_unknown_pending_data_team
XO.LT01..HH.2018.06.04.11.30.33,S,201806,XO,LT01,EVENT,44.99,PENDING_DATA_TEAM,PENDING_DATA_TEAM,PENDING_DATA_TEAM,main,True,
XO.LT17..HH.2018.06.05.18.26.28,P,201806,XO,LT17,EVENT,44.99,PENDING_DATA_TEAM,PENDING_DATA_TEAM,PENDING_DATA_TEAM,holdout,True,
XO.LT17..HH.2018.06.05.18.26.28,S,201806,XO,LT17,EVENT,56.91,PENDING_DATA_TEAM,PENDING_DATA_TEAM,PENDING_DATA_TEAM,holdout,True,
XO.LD40..HH.2018.06.05.13.17.40,P,201806,XO,LD40,UNKNOWN,,PENDING_DATA_TEAM,PENDING_DATA_TEAM,PENDING_DATA_TEAM,main,False,expected_event_unknown_pending_data_team
XO.LD40..HH.2018.06.05.13.17.40,S,201806,XO,LD40,EVENT,44.99,PENDING_DATA_TEAM,PENDING_DATA_TEAM,PENDING_DATA_TEAM,main,True,
XO.LA39..HH.2018.06.05.14.06.23,P,201806,XO,LA39,EVENT,44.99,PENDING_DATA_TEAM,PENDING_DATA_TEAM,PENDING_DATA_TEAM,holdout,True,
XO.LA39..HH.2018.06.05.14.06.23,S,201806,XO,LA39,EVENT,58.45,PENDING_DATA_TEAM,PENDING_DATA_TEAM,PENDING_DATA_TEAM,holdout,True,
XO.LD36..HH.2018.06.05.15.48.02,P,201806,XO,LD36,EVENT,45.0,PENDING_DATA_TEAM,PENDING_DATA_TEAM,PENDING_DATA_TEAM,main,True,
XO.LD36..HH.2018.06.05.15.48.02,S,201806,XO,LD36,EVENT,62.28,PENDING_DATA_TEAM,PENDING_DATA_TEAM,PENDING_DATA_TEAM,main,True,
XO.LD41..HH.2018.06.05.15.48.13,P,201806,XO,LD41,EVENT,44.99,PENDING_DATA_TEAM,PENDING_DATA_TEAM,PENDING_DATA_TEAM,main,True,
XO.LD41..HH.2018.06.05.15.48.13,S,201806,XO,LD41,UNKNOWN,,PENDING_DATA_TEAM,PENDING_DATA_TEAM,PENDING_DATA_TEAM,main,False,expected_event_unknown_pending_data_team
XO.LD38..HH.2018.06.06.02.46.26,P,201806,XO,LD38,UNKNOWN,,PENDING_DATA_TEAM,PENDING_DATA_TEAM,PENDING_DATA_TEAM,main,False,expected_event_unknown_pending_data_team
XO.LD38..HH.2018.06.06.02.46.26,S,201806,XO,LD38,EVENT,44.99,PENDING_DATA_TEAM,PENDING_DATA_TEAM,PENDING_DATA_TEAM,main,True,
XO.LT07..HH.2018.06.06.09.33.43,P,201806,XO,LT07,EVENT,44.99,PENDING_DATA_TEAM,PENDING_DATA_TEAM,PENDING_DATA_TEAM,main,True,
XO.LT07..HH.2018.06.06.09.33.43,S,201806,XO,LT07,EVENT,59.37,PENDING_DATA_TEAM,PENDING_DATA_TEAM,PENDING_DATA_TEAM,main,True,
XO.LT01..HH.2018.06.07.03.06.19,P,201806,XO,LT01,UNKNOWN,,PENDING_DATA_TEAM,PENDING_DATA_TEAM,PENDING_DATA_TEAM,main,False,expected_event_unknown_pending_data_team
XO.LT01..HH.2018.06.07.03.06.19,S,201806,XO,LT01,EVENT,44.99,PENDING_DATA_TEAM,PENDING_DATA_TEAM,PENDING_DATA_TEAM,main,True,
XO.LT04..HH.2018.06.07.03.06.30,P,201806,XO,LT04,UNKNOWN,,PENDING_DATA_TEAM,PENDING_DATA_TEAM,PENDING_DATA_TEAM,main,False,expected_event_unknown_pending_data_team
XO.LT04..HH.2018.06.07.03.06.30,S,201806,XO,LT04,EVENT,44.99,PENDING_DATA_TEAM,PENDING_DATA_TEAM,PENDING_DATA_TEAM,main,True,
XO.LD40..HH.2018.06.07.08.49.44,P,201806,XO,LD40,EVENT,44.99,PENDING_DATA_TEAM,PENDING_DATA_TEAM,PENDING_DATA_TEAM,main,True,
XO.LD40..HH.2018.06.07.08.49.44,S,201806,XO,LD40,EVENT,69.92,PENDING_DATA_TEAM,PENDING_DATA_TEAM,PENDING_DATA_TEAM,main,True,
XO.LT20..HH.2018.06.07.12.05.57,P,201806,XO,LT20,EVENT,44.99,PENDING_DATA_TEAM,PENDING_DATA_TEAM,PENDING_DATA_TEAM,main,True,
XO.LT20..HH.2018.06.07.12.05.57,S,201806,XO,LT20,EVENT,59.84,PENDING_DATA_TEAM,PENDING_DATA_TEAM,PENDING_DATA_TEAM,main,True,
XO.LD38..HH.2018.06.07.16.10.19,P,201806,XO,LD38,UNKNOWN,,PENDING_DATA_TEAM,PENDING_DATA_TEAM,PENDING_DATA_TEAM,holdout,False,expected_event_unknown_pending_data_team
XO.LD38..HH.2018.06.07.16.10.19,S,201806,XO,LD38,EVENT,45.0,PENDING_DATA_TEAM,PENDING_DATA_TEAM,PENDING_DATA_TEAM,holdout,True,
XO.LT04..HH.2018.06.07.00.12.59,P,201806,XO,LT04,UNKNOWN,,PENDING_DATA_TEAM,PENDING_DATA_TEAM,PENDING_DATA_TEAM,main,False,expected_event_unknown_pending_data_team
XO.LT04..HH.2018.06.07.00.12.59,S,201806,XO,LT04,EVENT,44.99,PENDING_DATA_TEAM,PENDING_DATA_TEAM,PENDING_DATA_TEAM,main,True,
XO.LD40..HH.2018.06.07.01.10.09,P,201806,XO,LD40,UNKNOWN,,PENDING_DATA_TEAM,PENDING_DATA_TEAM,PENDING_DATA_TEAM,holdout,False,expected_event_unknown_pending_data_team
XO.LD40..HH.2018.06.07.01.10.09,S,201806,XO,LD40,EVENT,44.99,PENDING_DATA_TEAM,PENDING_DATA_TEAM,PENDING_DATA_TEAM,holdout,True,
XO.LT01..HH.2018.06.07.04.18.38,P,201806,XO,LT01,UNKNOWN,,PENDING_DATA_TEAM,PENDING_DATA_TEAM,PENDING_DATA_TEAM,main,False,expected_event_unknown_pending_data_team
XO.LT01..HH.2018.06.07.04.18.38,S,201806,XO,LT01,EVENT,44.99,PENDING_DATA_TEAM,PENDING_DATA_TEAM,PENDING_DATA_TEAM,main,True,
XO.LT01..HH.2018.06.07.05.19.07,P,201806,XO,LT01,UNKNOWN,,PENDING_DATA_TEAM,PENDING_DATA_TEAM,PENDING_DATA_TEAM,main,False,expected_event_unknown_pending_data_team
XO.LT01..HH.2018.06.07.05.19.07,S,201806,XO,LT01,EVENT,45.0,PENDING_DATA_TEAM,PENDING_DATA_TEAM,PENDING_DATA_TEAM,main,True,
XO.LT01..HH.2018.06.07.07.54.27,P,201806,XO,LT01,UNKNOWN,,PENDING_DATA_TEAM,PENDING_DATA_TEAM,PENDING_DATA_TEAM,main,False,expected_event_unknown_pending_data_team
XO.LT01..HH.2018.06.07.07.54.27,S,201806,XO,LT01,EVENT,44.99,PENDING_DATA_TEAM,PENDING_DATA_TEAM,PENDING_DATA_TEAM,main,True,
XO.LA39..HH.2018.06.07.09.02.11,P,201806,XO,LA39,EVENT,45.0,PENDING_DATA_TEAM,PENDING_DATA_TEAM,PENDING_DATA_TEAM,main,True,
XO.LA39..HH.2018.06.07.09.02.11,S,201806,XO,LA39,EVENT,62.73,PENDING_DATA_TEAM,PENDING_DATA_TEAM,PENDING_DATA_TEAM,main,True,
XO.LT16..HH.2018.06.07.10.21.53,P,201806,XO,LT16,EVENT,45.0,PENDING_DATA_TEAM,PENDING_DATA_TEAM,PENDING_DATA_TEAM,main,True,
XO.LT16..HH.2018.06.07.10.21.53,S,201806,XO,LT16,EVENT,55.2,PENDING_DATA_TEAM,PENDING_DATA_TEAM,PENDING_DATA_TEAM,main,True,
XO.LT14..HH.2018.06.07.10.21.56,P,201806,XO,LT14,EVENT,44.99,PENDING_DATA_TEAM,PENDING_DATA_TEAM,PENDING_DATA_TEAM,main,True,
XO.LT14..HH.2018.06.07.10.21.56,S,201806,XO,LT14,UNKNOWN,,PENDING_DATA_TEAM,PENDING_DATA_TEAM,PENDING_DATA_TEAM,main,False,expected_event_unknown_pending_data_team
XO.LD41..HH.2018.06.07.10.22.20,P,201806,XO,LD41,EVENT,45.0,PENDING_DATA_TEAM,PENDING_DATA_TEAM,PENDING_DATA_TEAM,main,True,
XO.LD41..HH.2018.06.07.10.22.20,S,201806,XO,LD41,UNKNOWN,,PENDING_DATA_TEAM,PENDING_DATA_TEAM,PENDING_DATA_TEAM,main,False,expected_event_unknown_pending_data_team
XO.LT06..HH.2018.06.07.14.11.41,P,201806,XO,LT06,EVENT,45.0,PENDING_DATA_TEAM,PENDING_DATA_TEAM,PENDING_DATA_TEAM,holdout,True,
XO.LT06..HH.2018.06.07.14.11.41,S,201806,XO,LT06,EVENT,51.36,PENDING_DATA_TEAM,PENDING_DATA_TEAM,PENDING_DATA_TEAM,holdout,True,
XO.LA34..HH.2018.06.07.18.32.01,P,201806,XO,LA34,EVENT,45.0,PENDING_DATA_TEAM,PENDING_DATA_TEAM,PENDING_DATA_TEAM,main,True,
XO.LA34..HH.2018.06.07.18.32.01,S,201806,XO,LA34,EVENT,78.24,PENDING_DATA_TEAM,PENDING_DATA_TEAM,PENDING_DATA_TEAM,main,True,
XO.LA28..HH.2018.06.07.18.32.07,P,201806,XO,LA28,EVENT,44.99,PENDING_DATA_TEAM,PENDING_DATA_TEAM,PENDING_DATA_TEAM,main,True,
XO.LA28..HH.2018.06.07.18.32.07,S,201806,XO,LA28,UNKNOWN,,PENDING_DATA_TEAM,PENDING_DATA_TEAM,PENDING_DATA_TEAM,main,False,expected_event_unknown_pending_data_team
XO.LA29..HH.2018.06.07.18.32.42,P,201806,XO,LA29,UNKNOWN,,PENDING_DATA_TEAM,PENDING_DATA_TEAM,PENDING_DATA_TEAM,main,False,expected_event_unknown_pending_data_team
XO.LA29..HH.2018.06.07.18.32.42,S,201806,XO,LA29,EVENT,45.0,PENDING_DATA_TEAM,PENDING_DATA_TEAM,PENDING_DATA_TEAM,main,True,
XO.LD40..HH.2018.06.07.20.53.26,P,201806,XO,LD40,UNKNOWN,,PENDING_DATA_TEAM,PENDING_DATA_TEAM,PENDING_DATA_TEAM,main,False,expected_event_unknown_pending_data_team
XO.LD40..HH.2018.06.07.20.53.26,S,201806,XO,LD40,EVENT,44.99,PENDING_DATA_TEAM,PENDING_DATA_TEAM,PENDING_DATA_TEAM,main,True,
XO.LT13..HH.2018.06.07.22.52.30,P,201806,XO,LT13,EVENT,44.99,PENDING_DATA_TEAM,PENDING_DATA_TEAM,PENDING_DATA_TEAM,main,True,
XO.LT13..HH.2018.06.07.22.52.30,S,201806,XO,LT13,UNKNOWN,,PENDING_DATA_TEAM,PENDING_DATA_TEAM,PENDING_DATA_TEAM,main,False,expected_event_unknown_pending_data_team
XO.LA39..HH.2018.06.09.08.03.20,P,201806,XO,LA39,UNKNOWN,,PENDING_DATA_TEAM,PENDING_DATA_TEAM,PENDING_DATA_TEAM,main,False,expected_event_unknown_pending_data_team
XO.LA39..HH.2018.06.09.08.03.20,S,201806,XO,LA39,EVENT,45.0,PENDING_DATA_TEAM,PENDING_DATA_TEAM,PENDING_DATA_TEAM,main,True,
XO.LD40..HH.2018.06.09.09.54.02,P,201806,XO,LD40,EVENT,44.99,PENDING_DATA_TEAM,PENDING_DATA_TEAM,PENDING_DATA_TEAM,main,True,
XO.LD40..HH.2018.06.09.09.54.02,S,201806,XO,LD40,EVENT,70.08,PENDING_DATA_TEAM,PENDING_DATA_TEAM,PENDING_DATA_TEAM,main,True,
XO.LD40..HH.2018.06.09.14.56.05,P,201806,XO,LD40,EVENT,45.0,PENDING_DATA_TEAM,PENDING_DATA_TEAM,PENDING_DATA_TEAM,main,True,
XO.LD40..HH.2018.06.09.14.56.05,S,201806,XO,LD40,EVENT,61.22,PENDING_DATA_TEAM,PENDING_DATA_TEAM,PENDING_DATA_TEAM,main,True,
XO.LA39..HH.2018.06.09.08.43.43,P,201806,XO,LA39,EVENT,45.0,PENDING_DATA_TEAM,PENDING_DATA_TEAM,PENDING_DATA_TEAM,main,True,
XO.LA39..HH.2018.06.09.08.43.43,S,201806,XO,LA39,EVENT,59.6,PENDING_DATA_TEAM,PENDING_DATA_TEAM,PENDING_DATA_TEAM,main,True,
XO.LA39..HH.2018.06.09.09.39.43,P,201806,XO,LA39,UNKNOWN,,PENDING_DATA_TEAM,PENDING_DATA_TEAM,PENDING_DATA_TEAM,main,False,expected_event_unknown_pending_data_team
XO.LA39..HH.2018.06.09.09.39.43,S,201806,XO,LA39,EVENT,45.0,PENDING_DATA_TEAM,PENDING_DATA_TEAM,PENDING_DATA_TEAM,main,True,
XO.LD40..HH.2018.06.09.12.03.23,P,201806,XO,LD40,UNKNOWN,,PENDING_DATA_TEAM,PENDING_DATA_TEAM,PENDING_DATA_TEAM,main,False,expected_event_unknown_pending_data_team
XO.LD40..HH.2018.06.09.12.03.23,S,201806,XO,LD40,EVENT,44.99,PENDING_DATA_TEAM,PENDING_DATA_TEAM,PENDING_DATA_TEAM,main,True,
XO.LA39..HH.2018.06.09.16.14.01,P,201806,XO,LA39,UNKNOWN,,PENDING_DATA_TEAM,PENDING_DATA_TEAM,PENDING_DATA_TEAM,main,False,expected_event_unknown_pending_data_team
XO.LA39..HH.2018.06.09.16.14.01,S,201806,XO,LA39,EVENT,44.99,PENDING_DATA_TEAM,PENDING_DATA_TEAM,PENDING_DATA_TEAM,main,True,
XO.LT18..HH.2018.06.09.17.49.02,P,201806,XO,LT18,EVENT,45.0,PENDING_DATA_TEAM,PENDING_DATA_TEAM,PENDING_DATA_TEAM,main,True,
XO.LT18..HH.2018.06.09.17.49.02,S,201806,XO,LT18,EVENT,50.75,PENDING_DATA_TEAM,PENDING_DATA_TEAM,PENDING_DATA_TEAM,main,True,
XO.LT17..HH.2018.06.09.17.49.04,P,201806,XO,LT17,EVENT,45.0,PENDING_DATA_TEAM,PENDING_DATA_TEAM,PENDING_DATA_TEAM,holdout,True,
XO.LT17..HH.2018.06.09.17.49.04,S,201806,XO,LT17,EVENT,52.9,PENDING_DATA_TEAM,PENDING_DATA_TEAM,PENDING_DATA_TEAM,holdout,True,
XO.LA28..HH.2018.06.09.23.45.12,P,201806,XO,LA28,UNKNOWN,,PENDING_DATA_TEAM,PENDING_DATA_TEAM,PENDING_DATA_TEAM,main,False,expected_event_unknown_pending_data_team
XO.LA28..HH.2018.06.09.23.45.12,S,201806,XO,LA28,EVENT,44.99,PENDING_DATA_TEAM,PENDING_DATA_TEAM,PENDING_DATA_TEAM,main,True,
XO.LD36..HH.2018.06.10.09.41.22,P,201806,XO,LD36,UNKNOWN,,PENDING_DATA_TEAM,PENDING_DATA_TEAM,PENDING_DATA_TEAM,main,False,expected_event_unknown_pending_data_team
XO.LD36..HH.2018.06.10.09.41.22,S,201806,XO,LD36,EVENT,44.99,PENDING_DATA_TEAM,PENDING_DATA_TEAM,PENDING_DATA_TEAM,main,True,
XO.LA39..HH.2018.06.10.18.56.24,P,201806,XO,LA39,UNKNOWN,,PENDING_DATA_TEAM,PENDING_DATA_TEAM,PENDING_DATA_TEAM,main,False,expected_event_unknown_pending_data_team
XO.LA39..HH.2018.06.10.18.56.24,S,201806,XO,LA39,EVENT,45.0,PENDING_DATA_TEAM,PENDING_DATA_TEAM,PENDING_DATA_TEAM,main,True,
XO.LT12..HH.2018.06.11.01.19.00,P,201806,XO,LT12,EVENT,45.0,PENDING_DATA_TEAM,PENDING_DATA_TEAM,PENDING_DATA_TEAM,holdout,True,
XO.LT12..HH.2018.06.11.01.19.00,S,201806,XO,LT12,EVENT,64.05,PENDING_DATA_TEAM,PENDING_DATA_TEAM,PENDING_DATA_TEAM,holdout,True,
XO.LT13..HH.2018.06.11.01.19.05,P,201806,XO,LT13,EVENT,45.0,PENDING_DATA_TEAM,PENDING_DATA_TEAM,PENDING_DATA_TEAM,holdout,True,
XO.LT13..HH.2018.06.11.01.19.05,S,201806,XO,LT13,UNKNOWN,,PENDING_DATA_TEAM,PENDING_DATA_TEAM,PENDING_DATA_TEAM,holdout,False,expected_event_unknown_pending_data_team
XO.LT16..HH.2018.06.11.01.18.55,P,201806,XO,LT16,EVENT,45.0,PENDING_DATA_TEAM,PENDING_DATA_TEAM,PENDING_DATA_TEAM,main,True,
XO.LT16..HH.2018.06.11.01.18.55,S,201806,XO,LT16,EVENT,60.25,PENDING_DATA_TEAM,PENDING_DATA_TEAM,PENDING_DATA_TEAM,main,True,
XO.LA33..HH.2018.06.11.01.19.13,P,201806,XO,LA33,EVENT,45.0,PENDING_DATA_TEAM,PENDING_DATA_TEAM,PENDING_DATA_TEAM,main,True,
XO.LA33..HH.2018.06.11.01.19.13,S,201806,XO,LA33,UNKNOWN,,PENDING_DATA_TEAM,PENDING_DATA_TEAM,PENDING_DATA_TEAM,main,False,expected_event_unknown_pending_data_team
XO.LT04..HH.2018.06.11.01.19.42,P,201806,XO,LT04,UNKNOWN,,PENDING_DATA_TEAM,PENDING_DATA_TEAM,PENDING_DATA_TEAM,main,False,expected_event_unknown_pending_data_team
XO.LT04..HH.2018.06.11.01.19.42,S,201806,XO,LT04,EVENT,45.0,PENDING_DATA_TEAM,PENDING_DATA_TEAM,PENDING_DATA_TEAM,main,True,
XO.LT06..HH.2018.06.11.16.27.35,P,201806,XO,LT06,EVENT,45.0,PENDING_DATA_TEAM,PENDING_DATA_TEAM,PENDING_DATA_TEAM,holdout,True,
XO.LT06..HH.2018.06.11.16.27.35,S,201806,XO,LT06,UNKNOWN,,PENDING_DATA_TEAM,PENDING_DATA_TEAM,PENDING_DATA_TEAM,holdout,False,expected_event_unknown_pending_data_team
XO.LD36..HH.2018.06.11.16.27.43,P,201806,XO,LD36,EVENT,44.99,PENDING_DATA_TEAM,PENDING_DATA_TEAM,PENDING_DATA_TEAM,main,True,
XO.LD36..HH.2018.06.11.16.27.43,S,201806,XO,LD36,EVENT,68.32,PENDING_DATA_TEAM,PENDING_DATA_TEAM,PENDING_DATA_TEAM,main,True,
XO.LA28..HH.2018.06.11.16.27.43,P,201806,XO,LA28,EVENT,44.99,PENDING_DATA_TEAM,PENDING_DATA_TEAM,PENDING_DATA_TEAM,main,True,
XO.LA28..HH.2018.06.11.16.27.43,S,201806,XO,LA28,UNKNOWN,,PENDING_DATA_TEAM,PENDING_DATA_TEAM,PENDING_DATA_TEAM,main,False,expected_event_unknown_pending_data_team
XO.LA32..HH.2018.06.11.16.27.47,P,201806,XO,LA32,EVENT,45.0,PENDING_DATA_TEAM,PENDING_DATA_TEAM,PENDING_DATA_TEAM,holdout,True,
XO.LA32..HH.2018.06.11.16.27.47,S,201806,XO,LA32,EVENT,72.04,PENDING_DATA_TEAM,PENDING_DATA_TEAM,PENDING_DATA_TEAM,holdout,True,
XO.LT18..HH.2018.06.11.16.27.52,P,201806,XO,LT18,EVENT,44.99,PENDING_DATA_TEAM,PENDING_DATA_TEAM,PENDING_DATA_TEAM,main,True,
XO.LT18..HH.2018.06.11.16.27.52,S,201806,XO,LT18,UNKNOWN,,PENDING_DATA_TEAM,PENDING_DATA_TEAM,PENDING_DATA_TEAM,main,False,expected_event_unknown_pending_data_team
XO.LA39..HH.2018.06.11.04.58.13,P,201806,XO,LA39,UNKNOWN,,PENDING_DATA_TEAM,PENDING_DATA_TEAM,PENDING_DATA_TEAM,main,False,expected_event_unknown_pending_data_team
XO.LA39..HH.2018.06.11.04.58.13,S,201806,XO,LA39,EVENT,45.0,PENDING_DATA_TEAM,PENDING_DATA_TEAM,PENDING_DATA_TEAM,main,True,
XO.LD41..HH.2018.06.11.10.42.15,P,201806,XO,LD41,EVENT,44.99,PENDING_DATA_TEAM,PENDING_DATA_TEAM,PENDING_DATA_TEAM,main,True,
XO.LD41..HH.2018.06.11.10.42.15,S,201806,XO,LD41,EVENT,76.24,PENDING_DATA_TEAM,PENDING_DATA_TEAM,PENDING_DATA_TEAM,main,True,
XO.LD41..HH.2018.06.11.11.37.35,P,201806,XO,LD41,EVENT,45.0,PENDING_DATA_TEAM,PENDING_DATA_TEAM,PENDING_DATA_TEAM,main,True,
XO.LD41..HH.2018.06.11.11.37.35,S,201806,XO,LD41,UNKNOWN,,PENDING_DATA_TEAM,PENDING_DATA_TEAM,PENDING_DATA_TEAM,main,False,expected_event_unknown_pending_data_team
XO.LT18..HH.2018.06.11.14.24.15,P,201806,XO,LT18,EVENT,44.99,PENDING_DATA_TEAM,PENDING_DATA_TEAM,PENDING_DATA_TEAM,main,True,
XO.LT18..HH.2018.06.11.14.24.15,S,201806,XO,LT18,EVENT,59.76,PENDING_DATA_TEAM,PENDING_DATA_TEAM,PENDING_DATA_TEAM,main,True,
XO.LT01..HH.2018.06.12.07.45.33,P,201806,XO,LT01,EVENT,44.99,PENDING_DATA_TEAM,PENDING_DATA_TEAM,PENDING_DATA_TEAM,main,True,
XO.LT01..HH.2018.06.12.07.45.33,S,201806,XO,LT01,UNKNOWN,,PENDING_DATA_TEAM,PENDING_DATA_TEAM,PENDING_DATA_TEAM,main,False,expected_event_unknown_pending_data_team
XO.LD40..HH.2018.06.12.11.07.57,P,201806,XO,LD40,EVENT,44.99,PENDING_DATA_TEAM,PENDING_DATA_TEAM,PENDING_DATA_TEAM,main,True,
XO.LD40..HH.2018.06.12.11.07.57,S,201806,XO,LD40,EVENT,66.04,PENDING_DATA_TEAM,PENDING_DATA_TEAM,PENDING_DATA_TEAM,main,True,
XO.LT01..HH.2018.06.12.23.24.29,P,201806,XO,LT01,EVENT,45.0,PENDING_DATA_TEAM,PENDING_DATA_TEAM,PENDING_DATA_TEAM,main,True,
XO.LT01..HH.2018.06.12.23.24.29,S,201806,XO,LT01,EVENT,66.61,PENDING_DATA_TEAM,PENDING_DATA_TEAM,PENDING_DATA_TEAM,main,True,
XO.LA39..HH.2018.06.12.02.22.21,P,201806,XO,LA39,EVENT,45.0,PENDING_DATA_TEAM,PENDING_DATA_TEAM,PENDING_DATA_TEAM,holdout,True,
XO.LA39..HH.2018.06.12.02.22.21,S,201806,XO,LA39,EVENT,59.98,PENDING_DATA_TEAM,PENDING_DATA_TEAM,PENDING_DATA_TEAM,holdout,True,
XO.LT01..HH.2018.06.12.16.24.38,P,201806,XO,LT01,EVENT,44.99,PENDING_DATA_TEAM,PENDING_DATA_TEAM,PENDING_DATA_TEAM,holdout,True,
XO.LT01..HH.2018.06.12.16.24.38,S,201806,XO,LT01,EVENT,69.87,PENDING_DATA_TEAM,PENDING_DATA_TEAM,PENDING_DATA_TEAM,holdout,True,
XO.LT01..HH.2018.06.12.18.57.46,P,201806,XO,LT01,UNKNOWN,,PENDING_DATA_TEAM,PENDING_DATA_TEAM,PENDING_DATA_TEAM,main,False,expected_event_unknown_pending_data_team
XO.LT01..HH.2018.06.12.18.57.46,S,201806,XO,LT01,EVENT,45.0,PENDING_DATA_TEAM,PENDING_DATA_TEAM,PENDING_DATA_TEAM,main,True,
XO.LT04..HH.2018.06.13.07.42.57,P,201806,XO,LT04,UNKNOWN,,PENDING_DATA_TEAM,PENDING_DATA_TEAM,PENDING_DATA_TEAM,main,False,expected_event_unknown_pending_data_team
XO.LT04..HH.2018.06.13.07.42.57,S,201806,XO,LT04,EVENT,44.99,PENDING_DATA_TEAM,PENDING_DATA_TEAM,PENDING_DATA_TEAM,main,True,
XO.LD38..HH.2018.06.13.18.40.04,P,201806,XO,LD38,EVENT,45.0,PENDING_DATA_TEAM,PENDING_DATA_TEAM,PENDING_DATA_TEAM,main,True,
XO.LD38..HH.2018.06.13.18.40.04,S,201806,XO,LD38,EVENT,54.1,PENDING_DATA_TEAM,PENDING_DATA_TEAM,PENDING_DATA_TEAM,main,True,
XO.LT04..HH.2018.06.13.18.40.27,P,201806,XO,LT04,EVENT,44.99,PENDING_DATA_TEAM,PENDING_DATA_TEAM,PENDING_DATA_TEAM,main,True,
XO.LT04..HH.2018.06.13.18.40.27,S,201806,XO,LT04,UNKNOWN,,PENDING_DATA_TEAM,PENDING_DATA_TEAM,PENDING_DATA_TEAM,main,False,expected_event_unknown_pending_data_team
XO.LA39..HH.2018.06.13.05.20.42,P,201806,XO,LA39,EVENT,44.99,PENDING_DATA_TEAM,PENDING_DATA_TEAM,PENDING_DATA_TEAM,holdout,True,
XO.LA39..HH.2018.06.13.05.20.42,S,201806,XO,LA39,EVENT,63.18,PENDING_DATA_TEAM,PENDING_DATA_TEAM,PENDING_DATA_TEAM,holdout,True,
XO.LT04..HH.2018.06.13.09.46.21,P,201806,XO,LT04,UNKNOWN,,PENDING_DATA_TEAM,PENDING_DATA_TEAM,PENDING_DATA_TEAM,main,False,expected_event_unknown_pending_data_team
XO.LT04..HH.2018.06.13.09.46.21,S,201806,XO,LT04,EVENT,44.99,PENDING_DATA_TEAM,PENDING_DATA_TEAM,PENDING_DATA_TEAM,main,True,
XO.LD38..HH.2018.06.13.16.20.04,P,201806,XO,LD38,UNKNOWN,,PENDING_DATA_TEAM,PENDING_DATA_TEAM,PENDING_DATA_TEAM,main,False,expected_event_unknown_pending_data_team
XO.LD38..HH.2018.06.13.16.20.04,S,201806,XO,LD38,EVENT,44.99,PENDING_DATA_TEAM,PENDING_DATA_TEAM,PENDING_DATA_TEAM,main,True,
XO.LT04..HH.2018.06.13.16.20.36,P,201806,XO,LT04,UNKNOWN,,PENDING_DATA_TEAM,PENDING_DATA_TEAM,PENDING_DATA_TEAM,holdout,False,expected_event_unknown_pending_data_team
XO.LT04..HH.2018.06.13.16.20.36,S,201806,XO,LT04,EVENT,44.99,PENDING_DATA_TEAM,PENDING_DATA_TEAM,PENDING_DATA_TEAM,holdout,True,
XO.LD40..HH.2018.06.13.23.44.16,P,201806,XO,LD40,EVENT,45.0,PENDING_DATA_TEAM,PENDING_DATA_TEAM,PENDING_DATA_TEAM,main,True,
XO.LD40..HH.2018.06.13.23.44.16,S,201806,XO,LD40,UNKNOWN,,PENDING_DATA_TEAM,PENDING_DATA_TEAM,PENDING_DATA_TEAM,main,False,expected_event_unknown_pending_data_team
XO.LT04..HH.2018.06.14.16.48.05,P,201806,XO,LT04,EVENT,44.99,PENDING_DATA_TEAM,PENDING_DATA_TEAM,PENDING_DATA_TEAM,main,True,
XO.LT04..HH.2018.06.14.16.48.05,S,201806,XO,LT04,EVENT,77.83,PENDING_DATA_TEAM,PENDING_DATA_TEAM,PENDING_DATA_TEAM,main,True,
XO.LD40..HH.2018.06.14.16.47.48,P,201806,XO,LD40,EVENT,44.99,PENDING_DATA_TEAM,PENDING_DATA_TEAM,PENDING_DATA_TEAM,main,True,
XO.LD40..HH.2018.06.14.16.47.48,S,201806,XO,LD40,EVENT,65.68,PENDING_DATA_TEAM,PENDING_DATA_TEAM,PENDING_DATA_TEAM,main,True,
XO.LT01..HH.2018.06.14.16.47.51,P,201806,XO,LT01,EVENT,45.0,PENDING_DATA_TEAM,PENDING_DATA_TEAM,PENDING_DATA_TEAM,main,True,
XO.LT01..HH.2018.06.14.16.47.51,S,201806,XO,LT01,EVENT,66.48,PENDING_DATA_TEAM,PENDING_DATA_TEAM,PENDING_DATA_TEAM,main,True,
XO.LA39..HH.2018.06.15.00.14.28,P,201806,XO,LA39,EVENT,45.0,PENDING_DATA_TEAM,PENDING_DATA_TEAM,PENDING_DATA_TEAM,holdout,True,
XO.LA39..HH.2018.06.15.00.14.28,S,201806,XO,LA39,EVENT,59.92,PENDING_DATA_TEAM,PENDING_DATA_TEAM,PENDING_DATA_TEAM,holdout,True,
XO.LA39..HH.2018.06.15.00.21.01,P,201806,XO,LA39,EVENT,45.0,PENDING_DATA_TEAM,PENDING_DATA_TEAM,PENDING_DATA_TEAM,main,True,
XO.LA39..HH.2018.06.15.00.21.01,S,201806,XO,LA39,EVENT,59.24,PENDING_DATA_TEAM,PENDING_DATA_TEAM,PENDING_DATA_TEAM,main,True,
XO.LT18..HH.2018.06.15.14.32.38,P,201806,XO,LT18,EVENT,44.99,PENDING_DATA_TEAM,PENDING_DATA_TEAM,PENDING_DATA_TEAM,main,True,
XO.LT18..HH.2018.06.15.14.32.38,S,201806,XO,LT18,UNKNOWN,,PENDING_DATA_TEAM,PENDING_DATA_TEAM,PENDING_DATA_TEAM,main,False,expected_event_unknown_pending_data_team
XO.LA29..HH.2018.06.16.02.51.48,P,201806,XO,LA29,EVENT,45.0,PENDING_DATA_TEAM,PENDING_DATA_TEAM,PENDING_DATA_TEAM,holdout,True,
XO.LA29..HH.2018.06.16.02.51.48,S,201806,XO,LA29,UNKNOWN,,PENDING_DATA_TEAM,PENDING_DATA_TEAM,PENDING_DATA_TEAM,holdout,False,expected_event_unknown_pending_data_team
XO.LA33..HH.2018.06.16.02.51.50,P,201806,XO,LA33,EVENT,44.99,PENDING_DATA_TEAM,PENDING_DATA_TEAM,PENDING_DATA_TEAM,holdout,True,
XO.LA33..HH.2018.06.16.02.51.50,S,201806,XO,LA33,UNKNOWN,,PENDING_DATA_TEAM,PENDING_DATA_TEAM,PENDING_DATA_TEAM,holdout,False,expected_event_unknown_pending_data_team
XO.LD45..HH.2018.06.16.02.51.59,P,201806,XO,LD45,EVENT,44.99,PENDING_DATA_TEAM,PENDING_DATA_TEAM,PENDING_DATA_TEAM,main,True,
XO.LD45..HH.2018.06.16.02.51.59,S,201806,XO,LD45,EVENT,78.11,PENDING_DATA_TEAM,PENDING_DATA_TEAM,PENDING_DATA_TEAM,main,True,
XO.LT07..HH.2018.06.16.14.37.30,P,201806,XO,LT07,EVENT,45.0,PENDING_DATA_TEAM,PENDING_DATA_TEAM,PENDING_DATA_TEAM,main,True,
XO.LT07..HH.2018.06.16.14.37.30,S,201806,XO,LT07,EVENT,55.69,PENDING_DATA_TEAM,PENDING_DATA_TEAM,PENDING_DATA_TEAM,main,True,
XO.LD40..HH.2018.06.16.18.21.43,P,201806,XO,LD40,EVENT,44.99,PENDING_DATA_TEAM,PENDING_DATA_TEAM,PENDING_DATA_TEAM,main,True,
XO.LD40..HH.2018.06.16.18.21.43,S,201806,XO,LD40,EVENT,64.35,PENDING_DATA_TEAM,PENDING_DATA_TEAM,PENDING_DATA_TEAM,main,True,
XO.LD38..HH.2018.06.17.04.31.57,P,201806,XO,LD38,EVENT,45.0,PENDING_DATA_TEAM,PENDING_DATA_TEAM,PENDING_DATA_TEAM,holdout,True,
XO.LD38..HH.2018.06.17.04.31.57,S,201806,XO,LD38,EVENT,61.96,PENDING_DATA_TEAM,PENDING_DATA_TEAM,PENDING_DATA_TEAM,holdout,True,
XO.LT14..HH.2018.06.17.20.38.39,P,201806,XO,LT14,EVENT,44.99,PENDING_DATA_TEAM,PENDING_DATA_TEAM,PENDING_DATA_TEAM,main,True,
XO.LT14..HH.2018.06.17.20.38.39,S,201806,XO,LT14,EVENT,61.24,PENDING_DATA_TEAM,PENDING_DATA_TEAM,PENDING_DATA_TEAM,main,True,
XO.LT01..HH.2018.06.18.21.45.13,P,201806,XO,LT01,UNKNOWN,,PENDING_DATA_TEAM,PENDING_DATA_TEAM,PENDING_DATA_TEAM,main,False,expected_event_unknown_pending_data_team
XO.LT01..HH.2018.06.18.21.45.13,S,201806,XO,LT01,EVENT,44.99,PENDING_DATA_TEAM,PENDING_DATA_TEAM,PENDING_DATA_TEAM,main,True,
XO.LT12..HH.2018.06.18.21.44.44,P,201806,XO,LT12,EVENT,45.0,PENDING_DATA_TEAM,PENDING_DATA_TEAM,PENDING_DATA_TEAM,main,True,
XO.LT12..HH.2018.06.18.21.44.44,S,201806,XO,LT12,EVENT,76.15,PENDING_DATA_TEAM,PENDING_DATA_TEAM,PENDING_DATA_TEAM,main,True,
XO.LD40..HH.2018.06.18.21.44.45,P,201806,XO,LD40,EVENT,44.99,PENDING_DATA_TEAM,PENDING_DATA_TEAM,PENDING_DATA_TEAM,main,True,
XO.LD40..HH.2018.06.18.21.44.45,S,201806,XO,LD40,EVENT,79.1,PENDING_DATA_TEAM,PENDING_DATA_TEAM,PENDING_DATA_TEAM,main,True,
XO.LA32..HH.2018.06.18.22.15.30,P,201806,XO,LA32,UNKNOWN,,PENDING_DATA_TEAM,PENDING_DATA_TEAM,PENDING_DATA_TEAM,main,False,expected_event_unknown_pending_data_team
XO.LA32..HH.2018.06.18.22.15.30,S,201806,XO,LA32,EVENT,44.99,PENDING_DATA_TEAM,PENDING_DATA_TEAM,PENDING_DATA_TEAM,main,True,
XO.LA39..HH.2018.06.19.19.12.37,P,201806,XO,LA39,EVENT,44.99,PENDING_DATA_TEAM,PENDING_DATA_TEAM,PENDING_DATA_TEAM,main,True,
XO.LA39..HH.2018.06.19.19.12.37,S,201806,XO,LA39,EVENT,60.79,PENDING_DATA_TEAM,PENDING_DATA_TEAM,PENDING_DATA_TEAM,main,True,
XO.LT15..HH.2018.06.19.20.20.15,P,201806,XO,LT15,EVENT,44.99,PENDING_DATA_TEAM,PENDING_DATA_TEAM,PENDING_DATA_TEAM,main,True,
XO.LT15..HH.2018.06.19.20.20.15,S,201806,XO,LT15,EVENT,50.2,PENDING_DATA_TEAM,PENDING_DATA_TEAM,PENDING_DATA_TEAM,main,True,
XO.LT10..HH.2018.06.19.20.20.27,P,201806,XO,LT10,EVENT,45.0,PENDING_DATA_TEAM,PENDING_DATA_TEAM,PENDING_DATA_TEAM,holdout,True,
XO.LT10..HH.2018.06.19.20.20.27,S,201806,XO,LT10,EVENT,58.75,PENDING_DATA_TEAM,PENDING_DATA_TEAM,PENDING_DATA_TEAM,holdout,True,
XO.LA34..HH.2018.06.19.20.20.37,P,201806,XO,LA34,UNKNOWN,,PENDING_DATA_TEAM,PENDING_DATA_TEAM,PENDING_DATA_TEAM,main,False,expected_event_unknown_pending_data_team
XO.LA34..HH.2018.06.19.20.20.37,S,201806,XO,LA34,EVENT,44.99,PENDING_DATA_TEAM,PENDING_DATA_TEAM,PENDING_DATA_TEAM,main,True,
XO.LA33..HH.2018.06.19.12.25.09,P,201806,XO,LA33,UNKNOWN,,PENDING_DATA_TEAM,PENDING_DATA_TEAM,PENDING_DATA_TEAM,main,False,expected_event_unknown_pending_data_team
XO.LA33..HH.2018.06.19.12.25.09,S,201806,XO,LA33,EVENT,45.0,PENDING_DATA_TEAM,PENDING_DATA_TEAM,PENDING_DATA_TEAM,main,True,
XO.LA25..HH.2018.06.19.18.55.00,P,201806,XO,LA25,UNKNOWN,,PENDING_DATA_TEAM,PENDING_DATA_TEAM,PENDING_DATA_TEAM,main,False,expected_event_unknown_pending_data_team
XO.LA25..HH.2018.06.19.18.55.00,S,201806,XO,LA25,EVENT,44.99,PENDING_DATA_TEAM,PENDING_DATA_TEAM,PENDING_DATA_TEAM,main,True,
XO.LD40..HH.2018.06.19.19.45.46,P,201806,XO,LD40,UNKNOWN,,PENDING_DATA_TEAM,PENDING_DATA_TEAM,PENDING_DATA_TEAM,main,False,expected_event_unknown_pending_data_team
XO.LD40..HH.2018.06.19.19.45.46,S,201806,XO,LD40,EVENT,44.99,PENDING_DATA_TEAM,PENDING_DATA_TEAM,PENDING_DATA_TEAM,main,True,
XO.LA39..HH.2018.06.20.11.36.52,P,201806,XO,LA39,EVENT,45.0,PENDING_DATA_TEAM,PENDING_DATA_TEAM,PENDING_DATA_TEAM,main,True,
XO.LA39..HH.2018.06.20.11.36.52,S,201806,XO,LA39,EVENT,62.75,PENDING_DATA_TEAM,PENDING_DATA_TEAM,PENDING_DATA_TEAM,main,True,
XO.LT01..HH.2018.06.20.15.31.21,P,201806,XO,LT01,UNKNOWN,,PENDING_DATA_TEAM,PENDING_DATA_TEAM,PENDING_DATA_TEAM,main,False,expected_event_unknown_pending_data_team
XO.LT01..HH.2018.06.20.15.31.21,S,201806,XO,LT01,EVENT,45.0,PENDING_DATA_TEAM,PENDING_DATA_TEAM,PENDING_DATA_TEAM,main,True,
XO.LT04..HH.2018.06.20.21.38.21,P,201806,XO,LT04,EVENT,44.99,PENDING_DATA_TEAM,PENDING_DATA_TEAM,PENDING_DATA_TEAM,main,True,
XO.LT04..HH.2018.06.20.21.38.21,S,201806,XO,LT04,EVENT,55.57,PENDING_DATA_TEAM,PENDING_DATA_TEAM,PENDING_DATA_TEAM,main,True,
XO.LD36..HH.2018.06.20.21.38.27,P,201806,XO,LD36,EVENT,45.0,PENDING_DATA_TEAM,PENDING_DATA_TEAM,PENDING_DATA_TEAM,main,True,
XO.LD36..HH.2018.06.20.21.38.27,S,201806,XO,LD36,EVENT,62.43,PENDING_DATA_TEAM,PENDING_DATA_TEAM,PENDING_DATA_TEAM,main,True,
XO.LD40..HH.2018.06.20.21.38.34,P,201806,XO,LD40,EVENT,45.0,PENDING_DATA_TEAM,PENDING_DATA_TEAM,PENDING_DATA_TEAM,main,True,
XO.LD40..HH.2018.06.20.21.38.34,S,201806,XO,LD40,EVENT,68.97,PENDING_DATA_TEAM,PENDING_DATA_TEAM,PENDING_DATA_TEAM,main,True,
XO.LT01..HH.2018.06.20.21.38.34,P,201806,XO,LT01,EVENT,44.99,PENDING_DATA_TEAM,PENDING_DATA_TEAM,PENDING_DATA_TEAM,main,True,
XO.LT01..HH.2018.06.20.21.38.34,S,201806,XO,LT01,UNKNOWN,,PENDING_DATA_TEAM,PENDING_DATA_TEAM,PENDING_DATA_TEAM,main,False,expected_event_unknown_pending_data_team
XO.LD41..HH.2018.06.20.21.38.40,P,201806,XO,LD41,EVENT,44.99,PENDING_DATA_TEAM,PENDING_DATA_TEAM,PENDING_DATA_TEAM,main,True,
XO.LD41..HH.2018.06.20.21.38.40,S,201806,XO,LD41,UNKNOWN,,PENDING_DATA_TEAM,PENDING_DATA_TEAM,PENDING_DATA_TEAM,main,False,expected_event_unknown_pending_data_team
XO.LA39..HH.2018.06.20.21.38.44,P,201806,XO,LA39,EVENT,44.99,PENDING_DATA_TEAM,PENDING_DATA_TEAM,PENDING_DATA_TEAM,main,True,
XO.LA39..HH.2018.06.20.21.38.44,S,201806,XO,LA39,EVENT,75.78,PENDING_DATA_TEAM,PENDING_DATA_TEAM,PENDING_DATA_TEAM,main,True,
XO.LT17..HH.2018.06.20.23.01.47,P,201806,XO,LT17,EVENT,44.99,PENDING_DATA_TEAM,PENDING_DATA_TEAM,PENDING_DATA_TEAM,main,True,
XO.LT17..HH.2018.06.20.23.01.47,S,201806,XO,LT17,UNKNOWN,,PENDING_DATA_TEAM,PENDING_DATA_TEAM,PENDING_DATA_TEAM,main,False,expected_event_unknown_pending_data_team
XO.LT09..HH.2018.06.20.04.53.40,P,201806,XO,LT09,UNKNOWN,,PENDING_DATA_TEAM,PENDING_DATA_TEAM,PENDING_DATA_TEAM,main,False,expected_event_unknown_pending_data_team
XO.LT09..HH.2018.06.20.04.53.40,S,201806,XO,LT09,EVENT,45.0,PENDING_DATA_TEAM,PENDING_DATA_TEAM,PENDING_DATA_TEAM,main,True,
XO.LA33..HH.2018.06.20.04.54.02,P,201806,XO,LA33,UNKNOWN,,PENDING_DATA_TEAM,PENDING_DATA_TEAM,PENDING_DATA_TEAM,main,False,expected_event_unknown_pending_data_team
XO.LA33..HH.2018.06.20.04.54.02,S,201806,XO,LA33,EVENT,44.99,PENDING_DATA_TEAM,PENDING_DATA_TEAM,PENDING_DATA_TEAM,main,True,
XO.LA21..HH.2018.06.20.05.24.43,P,201806,XO,LA21,EVENT,44.99,PENDING_DATA_TEAM,PENDING_DATA_TEAM,PENDING_DATA_TEAM,main,True,
XO.LA21..HH.2018.06.20.05.24.43,S,201806,XO,LA21,EVENT,61.51,PENDING_DATA_TEAM,PENDING_DATA_TEAM,PENDING_DATA_TEAM,main,True,
XO.LT14..HH.2018.06.20.05.24.56,P,201806,XO,LT14,EVENT,45.0,PENDING_DATA_TEAM,PENDING_DATA_TEAM,PENDING_DATA_TEAM,holdout,True,
XO.LT14..HH.2018.06.20.05.24.56,S,201806,XO,LT14,UNKNOWN,,PENDING_DATA_TEAM,PENDING_DATA_TEAM,PENDING_DATA_TEAM,holdout,False,expected_event_unknown_pending_data_team
XO.LA39..HH.2018.06.20.10.34.37,P,201806,XO,LA39,UNKNOWN,,PENDING_DATA_TEAM,PENDING_DATA_TEAM,PENDING_DATA_TEAM,main,False,expected_event_unknown_pending_data_team
XO.LA39..HH.2018.06.20.10.34.37,S,201806,XO,LA39,EVENT,45.0,PENDING_DATA_TEAM,PENDING_DATA_TEAM,PENDING_DATA_TEAM,main,True,
XO.LD40..HH.2018.06.20.10.34.49,P,201806,XO,LD40,UNKNOWN,,PENDING_DATA_TEAM,PENDING_DATA_TEAM,PENDING_DATA_TEAM,main,False,expected_event_unknown_pending_data_team
XO.LD40..HH.2018.06.20.10.34.49,S,201806,XO,LD40,EVENT,45.0,PENDING_DATA_TEAM,PENDING_DATA_TEAM,PENDING_DATA_TEAM,main,True,
XO.LT10..HH.2018.06.20.11.13.26,P,201806,XO,LT10,EVENT,44.99,PENDING_DATA_TEAM,PENDING_DATA_TEAM,PENDING_DATA_TEAM,main,True,
XO.LT10..HH.2018.06.20.11.13.26,S,201806,XO,LT10,EVENT,67.06,PENDING_DATA_TEAM,PENDING_DATA_TEAM,PENDING_DATA_TEAM,main,True,
XO.LD40..HH.2018.06.20.11.13.16,P,201806,XO,LD40,EVENT,45.0,PENDING_DATA_TEAM,PENDING_DATA_TEAM,PENDING_DATA_TEAM,main,True,
XO.LD40..HH.2018.06.20.11.13.16,S,201806,XO,LD40,EVENT,57.82,PENDING_DATA_TEAM,PENDING_DATA_TEAM,PENDING_DATA_TEAM,main,True,
XO.LA25..HH.2018.06.20.11.13.35,P,201806,XO,LA25,UNKNOWN,,PENDING_DATA_TEAM,PENDING_DATA_TEAM,PENDING_DATA_TEAM,main,False,expected_event_unknown_pending_data_team
XO.LA25..HH.2018.06.20.11.13.35,S,201806,XO,LA25,EVENT,44.99,PENDING_DATA_TEAM,PENDING_DATA_TEAM,PENDING_DATA_TEAM,main,True,
XO.LD40..HH.2018.06.20.10.19.47,P,201806,XO,LD40,UNKNOWN,,PENDING_DATA_TEAM,PENDING_DATA_TEAM,PENDING_DATA_TEAM,main,False,expected_event_unknown_pending_data_team
XO.LD40..HH.2018.06.20.10.19.47,S,201806,XO,LD40,EVENT,45.0,PENDING_DATA_TEAM,PENDING_DATA_TEAM,PENDING_DATA_TEAM,main,True,
XO.LT06..HH.2018.06.20.12.57.38,P,201806,XO,LT06,UNKNOWN,,PENDING_DATA_TEAM,PENDING_DATA_TEAM,PENDING_DATA_TEAM,main,False,expected_event_unknown_pending_data_team
XO.LT06..HH.2018.06.20.12.57.38,S,201806,XO,LT06,EVENT,44.99,PENDING_DATA_TEAM,PENDING_DATA_TEAM,PENDING_DATA_TEAM,main,True,
XO.LT04..HH.2018.06.20.16.18.30,P,201806,XO,LT04,UNKNOWN,,PENDING_DATA_TEAM,PENDING_DATA_TEAM,PENDING_DATA_TEAM,main,False,expected_event_unknown_pending_data_team
XO.LT04..HH.2018.06.20.16.18.30,S,201806,XO,LT04,EVENT,44.99,PENDING_DATA_TEAM,PENDING_DATA_TEAM,PENDING_DATA_TEAM,main,True,
XO.LT09..HH.2018.06.20.20.00.10,P,201806,XO,LT09,EVENT,45.0,PENDING_DATA_TEAM,PENDING_DATA_TEAM,PENDING_DATA_TEAM,holdout,True,
XO.LT09..HH.2018.06.20.20.00.10,S,201806,XO,LT09,EVENT,57.46,PENDING_DATA_TEAM,PENDING_DATA_TEAM,PENDING_DATA_TEAM,holdout,True,
XO.LA39..HH.2018.06.21.11.26.32,P,201806,XO,LA39,EVENT,45.0,PENDING_DATA_TEAM,PENDING_DATA_TEAM,PENDING_DATA_TEAM,main,True,
XO.LA39..HH.2018.06.21.11.26.32,S,201806,XO,LA39,EVENT,60.02,PENDING_DATA_TEAM,PENDING_DATA_TEAM,PENDING_DATA_TEAM,main,True,
XO.LA26..HH.2018.06.21.02.35.46,P,201806,XO,LA26,EVENT,44.99,PENDING_DATA_TEAM,PENDING_DATA_TEAM,PENDING_DATA_TEAM,main,True,
XO.LA26..HH.2018.06.21.02.35.46,S,201806,XO,LA26,EVENT,60.16,PENDING_DATA_TEAM,PENDING_DATA_TEAM,PENDING_DATA_TEAM,main,True,
XO.LT10..HH.2018.06.21.02.35.55,P,201806,XO,LT10,EVENT,45.0,PENDING_DATA_TEAM,PENDING_DATA_TEAM,PENDING_DATA_TEAM,main,True,
XO.LT10..HH.2018.06.21.02.35.55,S,201806,XO,LT10,UNKNOWN,,PENDING_DATA_TEAM,PENDING_DATA_TEAM,PENDING_DATA_TEAM,main,False,expected_event_unknown_pending_data_team
XO.LA29..HH.2018.06.21.02.36.18,P,201806,XO,LA29,UNKNOWN,,PENDING_DATA_TEAM,PENDING_DATA_TEAM,PENDING_DATA_TEAM,main,False,expected_event_unknown_pending_data_team
XO.LA29..HH.2018.06.21.02.36.18,S,201806,XO,LA29,EVENT,45.0,PENDING_DATA_TEAM,PENDING_DATA_TEAM,PENDING_DATA_TEAM,main,True,
XO.LA39..HH.2018.06.21.03.49.21,P,201806,XO,LA39,EVENT,45.0,PENDING_DATA_TEAM,PENDING_DATA_TEAM,PENDING_DATA_TEAM,main,True,
XO.LA39..HH.2018.06.21.03.49.21,S,201806,XO,LA39,EVENT,59.84,PENDING_DATA_TEAM,PENDING_DATA_TEAM,PENDING_DATA_TEAM,main,True,
XO.LD40..HH.2018.06.21.09.58.37,P,201806,XO,LD40,UNKNOWN,,PENDING_DATA_TEAM,PENDING_DATA_TEAM,PENDING_DATA_TEAM,main,False,expected_event_unknown_pending_data_team
XO.LD40..HH.2018.06.21.09.58.37,S,201806,XO,LD40,EVENT,45.0,PENDING_DATA_TEAM,PENDING_DATA_TEAM,PENDING_DATA_TEAM,main,True,
XO.LT04..HH.2018.06.22.06.57.04,P,201806,XO,LT04,EVENT,44.99,PENDING_DATA_TEAM,PENDING_DATA_TEAM,PENDING_DATA_TEAM,main,True,
XO.LT04..HH.2018.06.22.06.57.04,S,201806,XO,LT04,EVENT,74.14,PENDING_DATA_TEAM,PENDING_DATA_TEAM,PENDING_DATA_TEAM,main,True,
XO.LT12..HH.2018.06.22.21.22.21,P,201806,XO,LT12,EVENT,45.0,PENDING_DATA_TEAM,PENDING_DATA_TEAM,PENDING_DATA_TEAM,main,True,
XO.LT12..HH.2018.06.22.21.22.21,S,201806,XO,LT12,UNKNOWN,,PENDING_DATA_TEAM,PENDING_DATA_TEAM,PENDING_DATA_TEAM,main,False,expected_event_unknown_pending_data_team
XO.LD41..HH.2018.06.22.03.32.52,P,201806,XO,LD41,UNKNOWN,,PENDING_DATA_TEAM,PENDING_DATA_TEAM,PENDING_DATA_TEAM,holdout,False,expected_event_unknown_pending_data_team
XO.LD41..HH.2018.06.22.03.32.52,S,201806,XO,LD41,EVENT,44.99,PENDING_DATA_TEAM,PENDING_DATA_TEAM,PENDING_DATA_TEAM,holdout,True,
XO.LD38..HH.2018.06.22.14.46.31,P,201806,XO,LD38,EVENT,45.0,PENDING_DATA_TEAM,PENDING_DATA_TEAM,PENDING_DATA_TEAM,main,True,
XO.LD38..HH.2018.06.22.14.46.31,S,201806,XO,LD38,EVENT,64.49,PENDING_DATA_TEAM,PENDING_DATA_TEAM,PENDING_DATA_TEAM,main,True,
XO.LT04..HH.2018.06.22.16.56.20,P,201806,XO,LT04,UNKNOWN,,PENDING_DATA_TEAM,PENDING_DATA_TEAM,PENDING_DATA_TEAM,main,False,expected_event_unknown_pending_data_team
XO.LT04..HH.2018.06.22.16.56.20,S,201806,XO,LT04,EVENT,44.99,PENDING_DATA_TEAM,PENDING_DATA_TEAM,PENDING_DATA_TEAM,main,True,
XO.LA39..HH.2018.06.23.02.56.00,P,201806,XO,LA39,EVENT,44.99,PENDING_DATA_TEAM,PENDING_DATA_TEAM,PENDING_DATA_TEAM,holdout,True,
XO.LA39..HH.2018.06.23.02.56.00,S,201806,XO,LA39,EVENT,58.91,PENDING_DATA_TEAM,PENDING_DATA_TEAM,PENDING_DATA_TEAM,holdout,True,
XO.LD40..HH.2018.06.23.09.28.37,P,201806,XO,LD40,EVENT,45.0,PENDING_DATA_TEAM,PENDING_DATA_TEAM,PENDING_DATA_TEAM,main,True,
XO.LD40..HH.2018.06.23.09.28.37,S,201806,XO,LD40,EVENT,66.4,PENDING_DATA_TEAM,PENDING_DATA_TEAM,PENDING_DATA_TEAM,main,True,
XO.LA39..HH.2018.06.23.09.28.49,P,201806,XO,LA39,UNKNOWN,,PENDING_DATA_TEAM,PENDING_DATA_TEAM,PENDING_DATA_TEAM,main,False,expected_event_unknown_pending_data_team
XO.LA39..HH.2018.06.23.09.28.49,S,201806,XO,LA39,EVENT,45.0,PENDING_DATA_TEAM,PENDING_DATA_TEAM,PENDING_DATA_TEAM,main,True,
XO.LT06..HH.2018.06.23.11.18.23,P,201806,XO,LT06,EVENT,44.99,PENDING_DATA_TEAM,PENDING_DATA_TEAM,PENDING_DATA_TEAM,main,True,
XO.LT06..HH.2018.06.23.11.18.23,S,201806,XO,LT06,EVENT,56.88,PENDING_DATA_TEAM,PENDING_DATA_TEAM,PENDING_DATA_TEAM,main,True,
XO.LT12..HH.2018.06.23.11.18.26,P,201806,XO,LT12,EVENT,45.0,PENDING_DATA_TEAM,PENDING_DATA_TEAM,PENDING_DATA_TEAM,main,True,
XO.LT12..HH.2018.06.23.11.18.26,S,201806,XO,LT12,EVENT,59.67,PENDING_DATA_TEAM,PENDING_DATA_TEAM,PENDING_DATA_TEAM,main,True,
XO.LT01..HH.2018.06.23.22.50.12,P,201806,XO,LT01,EVENT,44.99,PENDING_DATA_TEAM,PENDING_DATA_TEAM,PENDING_DATA_TEAM,main,True,
XO.LT01..HH.2018.06.23.22.50.12,S,201806,XO,LT01,EVENT,68.67,PENDING_DATA_TEAM,PENDING_DATA_TEAM,PENDING_DATA_TEAM,main,True,
XO.LA39..HH.2018.06.23.22.50.05,P,201806,XO,LA39,EVENT,44.99,PENDING_DATA_TEAM,PENDING_DATA_TEAM,PENDING_DATA_TEAM,main,True,
XO.LA39..HH.2018.06.23.22.50.05,S,201806,XO,LA39,EVENT,59.4,PENDING_DATA_TEAM,PENDING_DATA_TEAM,PENDING_DATA_TEAM,main,True,
XO.LD40..HH.2018.06.23.03.58.02,P,201806,XO,LD40,UNKNOWN,,PENDING_DATA_TEAM,PENDING_DATA_TEAM,PENDING_DATA_TEAM,holdout,False,expected_event_unknown_pending_data_team
XO.LD40..HH.2018.06.23.03.58.02,S,201806,XO,LD40,EVENT,44.99,PENDING_DATA_TEAM,PENDING_DATA_TEAM,PENDING_DATA_TEAM,holdout,True,
XO.LT01..HH.2018.06.23.03.58.04,P,201806,XO,LT01,UNKNOWN,,PENDING_DATA_TEAM,PENDING_DATA_TEAM,PENDING_DATA_TEAM,holdout,False,expected_event_unknown_pending_data_team
XO.LT01..HH.2018.06.23.03.58.04,S,201806,XO,LT01,EVENT,45.0,PENDING_DATA_TEAM,PENDING_DATA_TEAM,PENDING_DATA_TEAM,holdout,True,
XO.LD40..HH.2018.06.23.09.03.32,P,201806,XO,LD40,UNKNOWN,,PENDING_DATA_TEAM,PENDING_DATA_TEAM,PENDING_DATA_TEAM,holdout,False,expected_event_unknown_pending_data_team
XO.LD40..HH.2018.06.23.09.03.32,S,201806,XO,LD40,EVENT,44.99,PENDING_DATA_TEAM,PENDING_DATA_TEAM,PENDING_DATA_TEAM,holdout,True,
XO.LD41..HH.2018.06.23.09.03.50,P,201806,XO,LD41,UNKNOWN,,PENDING_DATA_TEAM,PENDING_DATA_TEAM,PENDING_DATA_TEAM,holdout,False,expected_event_unknown_pending_data_team
XO.LD41..HH.2018.06.23.09.03.50,S,201806,XO,LD41,EVENT,45.0,PENDING_DATA_TEAM,PENDING_DATA_TEAM,PENDING_DATA_TEAM,holdout,True,
XO.LA39..HH.2018.06.23.10.49.45,P,201806,XO,LA39,UNKNOWN,,PENDING_DATA_TEAM,PENDING_DATA_TEAM,PENDING_DATA_TEAM,holdout,False,expected_event_unknown_pending_data_team
XO.LA39..HH.2018.06.23.10.49.45,S,201806,XO,LA39,EVENT,44.99,PENDING_DATA_TEAM,PENDING_DATA_TEAM,PENDING_DATA_TEAM,holdout,True,
XO.LD41..HH.2018.06.23.10.49.49,P,201806,XO,LD41,EVENT,45.0,PENDING_DATA_TEAM,PENDING_DATA_TEAM,PENDING_DATA_TEAM,holdout,True,
XO.LD41..HH.2018.06.23.10.49.49,S,201806,XO,LD41,UNKNOWN,,PENDING_DATA_TEAM,PENDING_DATA_TEAM,PENDING_DATA_TEAM,holdout,False,expected_event_unknown_pending_data_team
XO.LD41..HH.2018.06.23.11.26.22,P,201806,XO,LD41,EVENT,45.0,PENDING_DATA_TEAM,PENDING_DATA_TEAM,PENDING_DATA_TEAM,holdout,True,
XO.LD41..HH.2018.06.23.11.26.22,S,201806,XO,LD41,UNKNOWN,,PENDING_DATA_TEAM,PENDING_DATA_TEAM,PENDING_DATA_TEAM,holdout,False,expected_event_unknown_pending_data_team
XO.LT18..HH.2018.06.23.21.11.07,P,201806,XO,LT18,EVENT,45.0,PENDING_DATA_TEAM,PENDING_DATA_TEAM,PENDING_DATA_TEAM,main,True,
XO.LT18..HH.2018.06.23.21.11.07,S,201806,XO,LT18,UNKNOWN,,PENDING_DATA_TEAM,PENDING_DATA_TEAM,PENDING_DATA_TEAM,main,False,expected_event_unknown_pending_data_team
XO.LD41..HH.2018.06.24.21.53.25,P,201806,XO,LD41,EVENT,45.0,PENDING_DATA_TEAM,PENDING_DATA_TEAM,PENDING_DATA_TEAM,main,True,
XO.LD41..HH.2018.06.24.21.53.25,S,201806,XO,LD41,EVENT,76.64,PENDING_DATA_TEAM,PENDING_DATA_TEAM,PENDING_DATA_TEAM,main,True,
XO.LD40..HH.2018.06.24.21.53.31,P,201806,XO,LD40,UNKNOWN,,PENDING_DATA_TEAM,PENDING_DATA_TEAM,PENDING_DATA_TEAM,main,False,expected_event_unknown_pending_data_team
XO.LD40..HH.2018.06.24.21.53.31,S,201806,XO,LD40,EVENT,45.0,PENDING_DATA_TEAM,PENDING_DATA_TEAM,PENDING_DATA_TEAM,main,True,
XO.LD40..HH.2018.06.24.03.05.14,P,201806,XO,LD40,UNKNOWN,,PENDING_DATA_TEAM,PENDING_DATA_TEAM,PENDING_DATA_TEAM,main,False,expected_event_unknown_pending_data_team
XO.LD40..HH.2018.06.24.03.05.14,S,201806,XO,LD40,EVENT,45.0,PENDING_DATA_TEAM,PENDING_DATA_TEAM,PENDING_DATA_TEAM,main,True,
XO.LD40..HH.2018.06.24.06.41.24,P,201806,XO,LD40,EVENT,44.99,PENDING_DATA_TEAM,PENDING_DATA_TEAM,PENDING_DATA_TEAM,main,True,
XO.LD40..HH.2018.06.24.06.41.24,S,201806,XO,LD40,EVENT,68.51,PENDING_DATA_TEAM,PENDING_DATA_TEAM,PENDING_DATA_TEAM,main,True,
XO.LD41..HH.2018.06.24.06.41.33,P,201806,XO,LD41,EVENT,44.99,PENDING_DATA_TEAM,PENDING_DATA_TEAM,PENDING_DATA_TEAM,holdout,True,
XO.LD41..HH.2018.06.24.06.41.33,S,201806,XO,LD41,EVENT,73.38,PENDING_DATA_TEAM,PENDING_DATA_TEAM,PENDING_DATA_TEAM,holdout,True,
XO.LT20..HH.2018.06.24.07.28.52,P,201806,XO,LT20,EVENT,45.0,PENDING_DATA_TEAM,PENDING_DATA_TEAM,PENDING_DATA_TEAM,main,True,
XO.LT20..HH.2018.06.24.07.28.52,S,201806,XO,LT20,EVENT,51.83,PENDING_DATA_TEAM,PENDING_DATA_TEAM,PENDING_DATA_TEAM,main,True,
XO.LD40..HH.2018.06.24.11.28.11,P,201806,XO,LD40,UNKNOWN,,PENDING_DATA_TEAM,PENDING_DATA_TEAM,PENDING_DATA_TEAM,main,False,expected_event_unknown_pending_data_team
XO.LD40..HH.2018.06.24.11.28.11,S,201806,XO,LD40,EVENT,45.0,PENDING_DATA_TEAM,PENDING_DATA_TEAM,PENDING_DATA_TEAM,main,True,
XO.LA39..HH.2018.06.24.13.18.58,P,201806,XO,LA39,EVENT,45.0,PENDING_DATA_TEAM,PENDING_DATA_TEAM,PENDING_DATA_TEAM,main,True,
XO.LA39..HH.2018.06.24.13.18.58,S,201806,XO,LA39,EVENT,60.1,PENDING_DATA_TEAM,PENDING_DATA_TEAM,PENDING_DATA_TEAM,main,True,
XO.LT14..HH.2018.06.24.20.52.29,P,201806,XO,LT14,EVENT,44.99,PENDING_DATA_TEAM,PENDING_DATA_TEAM,PENDING_DATA_TEAM,holdout,True,
XO.LT14..HH.2018.06.24.20.52.29,S,201806,XO,LT14,UNKNOWN,,PENDING_DATA_TEAM,PENDING_DATA_TEAM,PENDING_DATA_TEAM,holdout,False,expected_event_unknown_pending_data_team
XO.LA39..HH.2018.06.25.06.46.14,P,201806,XO,LA39,UNKNOWN,,PENDING_DATA_TEAM,PENDING_DATA_TEAM,PENDING_DATA_TEAM,main,False,expected_event_unknown_pending_data_team
XO.LA39..HH.2018.06.25.06.46.14,S,201806,XO,LA39,EVENT,44.99,PENDING_DATA_TEAM,PENDING_DATA_TEAM,PENDING_DATA_TEAM,main,True,
XO.LA39..HH.2018.06.25.13.30.18,P,201806,XO,LA39,EVENT,45.0,PENDING_DATA_TEAM,PENDING_DATA_TEAM,PENDING_DATA_TEAM,main,True,
XO.LA39..HH.2018.06.25.13.30.18,S,201806,XO,LA39,EVENT,59.82,PENDING_DATA_TEAM,PENDING_DATA_TEAM,PENDING_DATA_TEAM,main,True,
XO.LD41..HH.2018.06.25.15.05.48,P,201806,XO,LD41,EVENT,45.0,PENDING_DATA_TEAM,PENDING_DATA_TEAM,PENDING_DATA_TEAM,main,True,
XO.LD41..HH.2018.06.25.15.05.48,S,201806,XO,LD41,UNKNOWN,,PENDING_DATA_TEAM,PENDING_DATA_TEAM,PENDING_DATA_TEAM,main,False,expected_event_unknown_pending_data_team
XO.LT18..HH.2018.06.25.20.45.33,P,201806,XO,LT18,EVENT,45.0,PENDING_DATA_TEAM,PENDING_DATA_TEAM,PENDING_DATA_TEAM,main,True,
XO.LT18..HH.2018.06.25.20.45.33,S,201806,XO,LT18,UNKNOWN,,PENDING_DATA_TEAM,PENDING_DATA_TEAM,PENDING_DATA_TEAM,main,False,expected_event_unknown_pending_data_team
XO.LT14..HH.2018.06.26.04.06.48,P,201806,XO,LT14,EVENT,44.99,PENDING_DATA_TEAM,PENDING_DATA_TEAM,PENDING_DATA_TEAM,main,True,
XO.LT14..HH.2018.06.26.04.06.48,S,201806,XO,LT14,UNKNOWN,,PENDING_DATA_TEAM,PENDING_DATA_TEAM,PENDING_DATA_TEAM,main,False,expected_event_unknown_pending_data_team
XO.LT01..HH.2018.06.26.04.07.06,P,201806,XO,LT01,UNKNOWN,,PENDING_DATA_TEAM,PENDING_DATA_TEAM,PENDING_DATA_TEAM,main,False,expected_event_unknown_pending_data_team
XO.LT01..HH.2018.06.26.04.07.06,S,201806,XO,LT01,EVENT,44.99,PENDING_DATA_TEAM,PENDING_DATA_TEAM,PENDING_DATA_TEAM,main,True,
XO.LD45..HH.2018.06.26.23.50.41,P,201806,XO,LD45,EVENT,45.0,PENDING_DATA_TEAM,PENDING_DATA_TEAM,PENDING_DATA_TEAM,main,True,
XO.LD45..HH.2018.06.26.23.50.41,S,201806,XO,LD45,UNKNOWN,,PENDING_DATA_TEAM,PENDING_DATA_TEAM,PENDING_DATA_TEAM,main,False,expected_event_unknown_pending_data_team
XO.LD45..HH.2018.06.27.00.26.02,P,201806,XO,LD45,EVENT,45.0,PENDING_DATA_TEAM,PENDING_DATA_TEAM,PENDING_DATA_TEAM,main,True,
XO.LD45..HH.2018.06.27.00.26.02,S,201806,XO,LD45,UNKNOWN,,PENDING_DATA_TEAM,PENDING_DATA_TEAM,PENDING_DATA_TEAM,main,False,expected_event_unknown_pending_data_team
XO.LD38..HH.2018.06.27.15.38.33,P,201806,XO,LD38,EVENT,45.0,PENDING_DATA_TEAM,PENDING_DATA_TEAM,PENDING_DATA_TEAM,main,True,
XO.LD38..HH.2018.06.27.15.38.33,S,201806,XO,LD38,EVENT,62.84,PENDING_DATA_TEAM,PENDING_DATA_TEAM,PENDING_DATA_TEAM,main,True,
XO.LD40..HH.2018.06.27.15.38.37,P,201806,XO,LD40,EVENT,45.0,PENDING_DATA_TEAM,PENDING_DATA_TEAM,PENDING_DATA_TEAM,holdout,True,
XO.LD40..HH.2018.06.27.15.38.37,S,201806,XO,LD40,EVENT,66.23,PENDING_DATA_TEAM,PENDING_DATA_TEAM,PENDING_DATA_TEAM,holdout,True,
XO.LD44..HH.2018.06.27.16.31.44,P,201806,XO,LD44,EVENT,44.99,PENDING_DATA_TEAM,PENDING_DATA_TEAM,PENDING_DATA_TEAM,main,True,
XO.LD44..HH.2018.06.27.16.31.44,S,201806,XO,LD44,EVENT,63.64,PENDING_DATA_TEAM,PENDING_DATA_TEAM,PENDING_DATA_TEAM,main,True,
XO.LT13..HH.2018.06.27.16.31.58,P,201806,XO,LT13,EVENT,44.99,PENDING_DATA_TEAM,PENDING_DATA_TEAM,PENDING_DATA_TEAM,main,True,
XO.LT13..HH.2018.06.27.16.31.58,S,201806,XO,LT13,UNKNOWN,,PENDING_DATA_TEAM,PENDING_DATA_TEAM,PENDING_DATA_TEAM,main,False,expected_event_unknown_pending_data_team
XO.LT14..HH.2018.06.27.16.32.06,P,201806,XO,LT14,EVENT,45.0,PENDING_DATA_TEAM,PENDING_DATA_TEAM,PENDING_DATA_TEAM,main,True,
XO.LT14..HH.2018.06.27.16.32.06,S,201806,XO,LT14,UNKNOWN,,PENDING_DATA_TEAM,PENDING_DATA_TEAM,PENDING_DATA_TEAM,main,False,expected_event_unknown_pending_data_team
XO.LA39..HH.2018.06.27.21.35.03,P,201806,XO,LA39,EVENT,45.0,PENDING_DATA_TEAM,PENDING_DATA_TEAM,PENDING_DATA_TEAM,main,True,
XO.LA39..HH.2018.06.27.21.35.03,S,201806,XO,LA39,EVENT,65.36,PENDING_DATA_TEAM,PENDING_DATA_TEAM,PENDING_DATA_TEAM,main,True,
XO.LD40..HH.2018.06.27.21.35.07,P,201806,XO,LD40,EVENT,44.99,PENDING_DATA_TEAM,PENDING_DATA_TEAM,PENDING_DATA_TEAM,holdout,True,
XO.LD40..HH.2018.06.27.21.35.07,S,201806,XO,LD40,EVENT,68.36,PENDING_DATA_TEAM,PENDING_DATA_TEAM,PENDING_DATA_TEAM,holdout,True,
XO.LD41..HH.2018.06.27.21.35.14,P,201806,XO,LD41,EVENT,45.0,PENDING_DATA_TEAM,PENDING_DATA_TEAM,PENDING_DATA_TEAM,main,True,
XO.LD41..HH.2018.06.27.21.35.14,S,201806,XO,LD41,EVENT,72.64,PENDING_DATA_TEAM,PENDING_DATA_TEAM,PENDING_DATA_TEAM,main,True,
XO.LA39..HH.2018.06.27.01.14.12,P,201806,XO,LA39,EVENT,45.0,PENDING_DATA_TEAM,PENDING_DATA_TEAM,PENDING_DATA_TEAM,holdout,True,
XO.LA39..HH.2018.06.27.01.14.12,S,201806,XO,LA39,EVENT,59.58,PENDING_DATA_TEAM,PENDING_DATA_TEAM,PENDING_DATA_TEAM,holdout,True,
XO.LT17..HH.2018.06.27.14.35.14,P,201806,XO,LT17,EVENT,44.99,PENDING_DATA_TEAM,PENDING_DATA_TEAM,PENDING_DATA_TEAM,main,True,
XO.LT17..HH.2018.06.27.14.35.14,S,201806,XO,LT17,EVENT,60.6,PENDING_DATA_TEAM,PENDING_DATA_TEAM,PENDING_DATA_TEAM,main,True,
XO.LT12..HH.2018.06.27.14.35.49,P,201806,XO,LT12,UNKNOWN,,PENDING_DATA_TEAM,PENDING_DATA_TEAM,PENDING_DATA_TEAM,main,False,expected_event_unknown_pending_data_team
XO.LT12..HH.2018.06.27.14.35.49,S,201806,XO,LT12,EVENT,45.0,PENDING_DATA_TEAM,PENDING_DATA_TEAM,PENDING_DATA_TEAM,main,True,
XO.LA39..HH.2018.06.27.15.03.47,P,201806,XO,LA39,EVENT,45.0,PENDING_DATA_TEAM,PENDING_DATA_TEAM,PENDING_DATA_TEAM,main,True,
XO.LA39..HH.2018.06.27.15.03.47,S,201806,XO,LA39,EVENT,59.74,PENDING_DATA_TEAM,PENDING_DATA_TEAM,PENDING_DATA_TEAM,main,True,
XO.LA39..HH.2018.06.27.18.15.52,P,201806,XO,LA39,EVENT,44.99,PENDING_DATA_TEAM,PENDING_DATA_TEAM,PENDING_DATA_TEAM,main,True,
XO.LA39..HH.2018.06.27.18.15.52,S,201806,XO,LA39,EVENT,62.13,PENDING_DATA_TEAM,PENDING_DATA_TEAM,PENDING_DATA_TEAM,main,True,
XO.LT01..HH.2018.06.27.18.42.22,P,201806,XO,LT01,UNKNOWN,,PENDING_DATA_TEAM,PENDING_DATA_TEAM,PENDING_DATA_TEAM,main,False,expected_event_unknown_pending_data_team
XO.LT01..HH.2018.06.27.18.42.22,S,201806,XO,LT01,EVENT,44.99,PENDING_DATA_TEAM,PENDING_DATA_TEAM,PENDING_DATA_TEAM,main,True,
XO.LD40..HH.2018.06.27.19.46.48,P,201806,XO,LD40,UNKNOWN,,PENDING_DATA_TEAM,PENDING_DATA_TEAM,PENDING_DATA_TEAM,main,False,expected_event_unknown_pending_data_team
XO.LD40..HH.2018.06.27.19.46.48,S,201806,XO,LD40,EVENT,44.99,PENDING_DATA_TEAM,PENDING_DATA_TEAM,PENDING_DATA_TEAM,main,True,
XO.LT01..HH.2018.06.27.19.46.50,P,201806,XO,LT01,UNKNOWN,,PENDING_DATA_TEAM,PENDING_DATA_TEAM,PENDING_DATA_TEAM,main,False,expected_event_unknown_pending_data_team
XO.LT01..HH.2018.06.27.19.46.50,S,201806,XO,LT01,EVENT,45.0,PENDING_DATA_TEAM,PENDING_DATA_TEAM,PENDING_DATA_TEAM,main,True,
XO.LT10..HH.2018.06.27.21.27.30,P,201806,XO,LT10,EVENT,44.99,PENDING_DATA_TEAM,PENDING_DATA_TEAM,PENDING_DATA_TEAM,main,True,
XO.LT10..HH.2018.06.27.21.27.30,S,201806,XO,LT10,EVENT,56.07,PENDING_DATA_TEAM,PENDING_DATA_TEAM,PENDING_DATA_TEAM,main,True,
XO.LT16..HH.2018.06.27.21.27.36,P,201806,XO,LT16,EVENT,45.0,PENDING_DATA_TEAM,PENDING_DATA_TEAM,PENDING_DATA_TEAM,main,True,
XO.LT16..HH.2018.06.27.21.27.36,S,201806,XO,LT16,UNKNOWN,,PENDING_DATA_TEAM,PENDING_DATA_TEAM,PENDING_DATA_TEAM,main,False,expected_event_unknown_pending_data_team
XO.LT04..HH.2018.06.29.01.00.03,P,201806,XO,LT04,EVENT,44.99,PENDING_DATA_TEAM,PENDING_DATA_TEAM,PENDING_DATA_TEAM,main,True,
XO.LT04..HH.2018.06.29.01.00.03,S,201806,XO,LT04,UNKNOWN,,PENDING_DATA_TEAM,PENDING_DATA_TEAM,PENDING_DATA_TEAM,main,False,expected_event_unknown_pending_data_team
XO.LD40..HH.2018.06.29.00.59.59,P,201806,XO,LD40,EVENT,44.99,PENDING_DATA_TEAM,PENDING_DATA_TEAM,PENDING_DATA_TEAM,main,True,
XO.LD40..HH.2018.06.29.00.59.59,S,201806,XO,LD40,EVENT,72.17,PENDING_DATA_TEAM,PENDING_DATA_TEAM,PENDING_DATA_TEAM,main,True,
XO.LT01..HH.2018.06.29.02.22.56,P,201806,XO,LT01,EVENT,45.0,PENDING_DATA_TEAM,PENDING_DATA_TEAM,PENDING_DATA_TEAM,holdout,True,
XO.LT01..HH.2018.06.29.02.22.56,S,201806,XO,LT01,EVENT,66.36,PENDING_DATA_TEAM,PENDING_DATA_TEAM,PENDING_DATA_TEAM,holdout,True,
XO.LT16..HH.2018.06.29.05.18.13,P,201806,XO,LT16,EVENT,45.0,PENDING_DATA_TEAM,PENDING_DATA_TEAM,PENDING_DATA_TEAM,holdout,True,
XO.LT16..HH.2018.06.29.05.18.13,S,201806,XO,LT16,UNKNOWN,,PENDING_DATA_TEAM,PENDING_DATA_TEAM,PENDING_DATA_TEAM,holdout,False,expected_event_unknown_pending_data_team
XO.LA39..HH.2018.06.29.13.41.44,P,201806,XO,LA39,EVENT,44.99,PENDING_DATA_TEAM,PENDING_DATA_TEAM,PENDING_DATA_TEAM,holdout,True,
XO.LA39..HH.2018.06.29.13.41.44,S,201806,XO,LA39,EVENT,59.58,PENDING_DATA_TEAM,PENDING_DATA_TEAM,PENDING_DATA_TEAM,holdout,True,
XO.LT17..HH.2018.06.29.18.55.25,P,201806,XO,LT17,EVENT,44.99,PENDING_DATA_TEAM,PENDING_DATA_TEAM,PENDING_DATA_TEAM,main,True,
XO.LT17..HH.2018.06.29.18.55.25,S,201806,XO,LT17,EVENT,51.22,PENDING_DATA_TEAM,PENDING_DATA_TEAM,PENDING_DATA_TEAM,main,True,
XO.LT12..HH.2018.06.29.18.55.46,P,201806,XO,LT12,EVENT,45.0,PENDING_DATA_TEAM,PENDING_DATA_TEAM,PENDING_DATA_TEAM,holdout,True,
XO.LT12..HH.2018.06.29.18.55.46,S,201806,XO,LT12,UNKNOWN,,PENDING_DATA_TEAM,PENDING_DATA_TEAM,PENDING_DATA_TEAM,holdout,False,expected_event_unknown_pending_data_team
XO.LD41..HH.2018.06.29.21.37.47,P,201806,XO,LD41,EVENT,45.0,PENDING_DATA_TEAM,PENDING_DATA_TEAM,PENDING_DATA_TEAM,main,True,
XO.LD41..HH.2018.06.29.21.37.47,S,201806,XO,LD41,UNKNOWN,,PENDING_DATA_TEAM,PENDING_DATA_TEAM,PENDING_DATA_TEAM,main,False,expected_event_unknown_pending_data_team
XO.LT01..HH.2018.06.30.03.05.03,P,201806,XO,LT01,EVENT,45.0,PENDING_DATA_TEAM,PENDING_DATA_TEAM,PENDING_DATA_TEAM,holdout,True,
XO.LT01..HH.2018.06.30.03.05.03,S,201806,XO,LT01,EVENT,70.13,PENDING_DATA_TEAM,PENDING_DATA_TEAM,PENDING_DATA_TEAM,holdout,True,
XO.LT04..HH.2018.06.30.22.09.27,P,201806,XO,LT04,UNKNOWN,,PENDING_DATA_TEAM,PENDING_DATA_TEAM,PENDING_DATA_TEAM,main,False,expected_event_unknown_pending_data_team
XO.LT04..HH.2018.06.30.22.09.27,S,201806,XO,LT04,EVENT,44.99,PENDING_DATA_TEAM,PENDING_DATA_TEAM,PENDING_DATA_TEAM,main,True,
XO.LT12..HH.2018.06.30.03.41.12,P,201806,XO,LT12,EVENT,44.99,PENDING_DATA_TEAM,PENDING_DATA_TEAM,PENDING_DATA_TEAM,main,True,
XO.LT12..HH.2018.06.30.03.41.12,S,201806,XO,LT12,EVENT,52.46,PENDING_DATA_TEAM,PENDING_DATA_TEAM,PENDING_DATA_TEAM,main,True,
XO.LD36..HH.2018.06.30.03.41.20,P,201806,XO,LD36,EVENT,44.99,PENDING_DATA_TEAM,PENDING_DATA_TEAM,PENDING_DATA_TEAM,holdout,True,
XO.LD36..HH.2018.06.30.03.41.20,S,201806,XO,LD36,EVENT,57.82,PENDING_DATA_TEAM,PENDING_DATA_TEAM,PENDING_DATA_TEAM,holdout,True,
XO.LT06..HH.2018.06.30.03.41.20,P,201806,XO,LT06,EVENT,45.0,PENDING_DATA_TEAM,PENDING_DATA_TEAM,PENDING_DATA_TEAM,main,True,
XO.LT06..HH.2018.06.30.03.41.20,S,201806,XO,LT06,UNKNOWN,,PENDING_DATA_TEAM,PENDING_DATA_TEAM,PENDING_DATA_TEAM,main,False,expected_event_unknown_pending_data_team
XO.LT20..HH.2018.06.30.11.21.06,P,201806,XO,LT20,EVENT,44.99,PENDING_DATA_TEAM,PENDING_DATA_TEAM,PENDING_DATA_TEAM,holdout,True,
XO.LT20..HH.2018.06.30.11.21.06,S,201806,XO,LT20,EVENT,51.07,PENDING_DATA_TEAM,PENDING_DATA_TEAM,PENDING_DATA_TEAM,holdout,True,
XO.LD38..HH.2018.06.15.22.30.17,P,201806,XO,LD38,UNKNOWN,,PENDING_DATA_TEAM,PENDING_DATA_TEAM,PENDING_DATA_TEAM,main,False,expected_event_unknown_pending_data_team
XO.LD38..HH.2018.06.15.22.30.17,S,201806,XO,LD38,EVENT,45.0,PENDING_DATA_TEAM,PENDING_DATA_TEAM,PENDING_DATA_TEAM,main,True,
XO.LT04..HH.2018.06.19.13.54.29,P,201806,XO,LT04,EVENT,44.99,PENDING_DATA_TEAM,PENDING_DATA_TEAM,PENDING_DATA_TEAM,main,True,
XO.LT04..HH.2018.06.19.13.54.29,S,201806,XO,LT04,EVENT,75.56,PENDING_DATA_TEAM,PENDING_DATA_TEAM,PENDING_DATA_TEAM,main,True,
XO.LD41..HH.2018.06.23.15.10.44,P,201806,XO,LD41,EVENT,45.0,PENDING_DATA_TEAM,PENDING_DATA_TEAM,PENDING_DATA_TEAM,main,True,
XO.LD41..HH.2018.06.23.15.10.44,S,201806,XO,LD41,UNKNOWN,,PENDING_DATA_TEAM,PENDING_DATA_TEAM,PENDING_DATA_TEAM,main,False,expected_event_unknown_pending_data_team
XO.LT17..HH.2018.06.24.21.03.43,P,201806,XO,LT17,UNKNOWN,,PENDING_DATA_TEAM,PENDING_DATA_TEAM,PENDING_DATA_TEAM,main,False,expected_event_unknown_pending_data_team
XO.LT17..HH.2018.06.24.21.03.43,S,201806,XO,LT17,EVENT,44.99,PENDING_DATA_TEAM,PENDING_DATA_TEAM,PENDING_DATA_TEAM,main,True,
XO.LD40..HH.2018.06.26.19.40.45,P,201806,XO,LD40,EVENT,44.99,PENDING_DATA_TEAM,PENDING_DATA_TEAM,PENDING_DATA_TEAM,holdout,True,
XO.LD40..HH.2018.06.26.19.40.45,S,201806,XO,LD40,EVENT,68.58,PENDING_DATA_TEAM,PENDING_DATA_TEAM,PENDING_DATA_TEAM,holdout,True,
XO.LT09..HH.2018.06.27.22.25.46,P,201806,XO,LT09,EVENT,45.0,PENDING_DATA_TEAM,PENDING_DATA_TEAM,PENDING_DATA_TEAM,main,True,
XO.LT09..HH.2018.06.27.22.25.46,S,201806,XO,LT09,EVENT,79.27,PENDING_DATA_TEAM,PENDING_DATA_TEAM,PENDING_DATA_TEAM,main,True,
XO.LT01..HH.2018.06.27.22.26.10,P,201806,XO,LT01,UNKNOWN,,PENDING_DATA_TEAM,PENDING_DATA_TEAM,PENDING_DATA_TEAM,holdout,False,expected_event_unknown_pending_data_team
XO.LT01..HH.2018.06.27.22.26.10,S,201806,XO,LT01,EVENT,45.0,PENDING_DATA_TEAM,PENDING_DATA_TEAM,PENDING_DATA_TEAM,holdout,True,
XO.LD38..HH.2018.06.28.19.05.54,P,201806,XO,LD38,EVENT,45.0,PENDING_DATA_TEAM,PENDING_DATA_TEAM,PENDING_DATA_TEAM,main,True,
XO.LD38..HH.2018.06.28.19.05.54,S,201806,XO,LD38,EVENT,61.7,PENDING_DATA_TEAM,PENDING_DATA_TEAM,PENDING_DATA_TEAM,main,True,
XO.LA39..HH.2018.06.01.05.03.57,P,201806,XO,LA39,EVENT,45.0,PENDING_DATA_TEAM,PENDING_DATA_TEAM,PENDING_DATA_TEAM,main,True,
XO.LA39..HH.2018.06.01.05.03.57,S,201806,XO,LA39,EVENT,59.19,PENDING_DATA_TEAM,PENDING_DATA_TEAM,PENDING_DATA_TEAM,main,True,
XO.LA39..HH.2018.06.01.17.07.48,P,201806,XO,LA39,UNKNOWN,,PENDING_DATA_TEAM,PENDING_DATA_TEAM,PENDING_DATA_TEAM,main,False,expected_event_unknown_pending_data_team
XO.LA39..HH.2018.06.01.17.07.48,S,201806,XO,LA39,EVENT,45.0,PENDING_DATA_TEAM,PENDING_DATA_TEAM,PENDING_DATA_TEAM,main,True,
XO.LD40..HH.2018.06.02.04.57.00,P,201806,XO,LD40,UNKNOWN,,PENDING_DATA_TEAM,PENDING_DATA_TEAM,PENDING_DATA_TEAM,main,False,expected_event_unknown_pending_data_team
XO.LD40..HH.2018.06.02.04.57.00,S,201806,XO,LD40,EVENT,45.0,PENDING_DATA_TEAM,PENDING_DATA_TEAM,PENDING_DATA_TEAM,main,True,
XO.LD40..HH.2018.06.02.15.42.51,P,201806,XO,LD40,UNKNOWN,,PENDING_DATA_TEAM,PENDING_DATA_TEAM,PENDING_DATA_TEAM,main,False,expected_event_unknown_pending_data_team
XO.LD40..HH.2018.06.02.15.42.51,S,201806,XO,LD40,EVENT,45.0,PENDING_DATA_TEAM,PENDING_DATA_TEAM,PENDING_DATA_TEAM,main,True,
XO.LT06..HH.2018.06.03.22.39.34,P,201806,XO,LT06,UNKNOWN,,PENDING_DATA_TEAM,PENDING_DATA_TEAM,PENDING_DATA_TEAM,main,False,expected_event_unknown_pending_data_team
XO.LT06..HH.2018.06.03.22.39.34,S,201806,XO,LT06,EVENT,45.0,PENDING_DATA_TEAM,PENDING_DATA_TEAM,PENDING_DATA_TEAM,main,True,
XO.LT01..HH.2018.06.06.02.15.01,P,201806,XO,LT01,UNKNOWN,,PENDING_DATA_TEAM,PENDING_DATA_TEAM,PENDING_DATA_TEAM,main,False,expected_event_unknown_pending_data_team
XO.LT01..HH.2018.06.06.02.15.01,S,201806,XO,LT01,EVENT,45.0,PENDING_DATA_TEAM,PENDING_DATA_TEAM,PENDING_DATA_TEAM,main,True,
XO.LA33..HH.2018.06.07.09.25.10,P,201806,XO,LA33,EVENT,44.99,PENDING_DATA_TEAM,PENDING_DATA_TEAM,PENDING_DATA_TEAM,main,True,
XO.LA33..HH.2018.06.07.09.25.10,S,201806,XO,LA33,EVENT,58.08,PENDING_DATA_TEAM,PENDING_DATA_TEAM,PENDING_DATA_TEAM,main,True,
XO.LA39..HH.2018.06.08.06.22.04,P,201806,XO,LA39,EVENT,44.99,PENDING_DATA_TEAM,PENDING_DATA_TEAM,PENDING_DATA_TEAM,main,True,
XO.LA39..HH.2018.06.08.06.22.04,S,201806,XO,LA39,EVENT,62.47,PENDING_DATA_TEAM,PENDING_DATA_TEAM,PENDING_DATA_TEAM,main,True,
XO.LD40..HH.2018.06.10.05.24.39,P,201806,XO,LD40,UNKNOWN,,PENDING_DATA_TEAM,PENDING_DATA_TEAM,PENDING_DATA_TEAM,holdout,False,expected_event_unknown_pending_data_team
XO.LD40..HH.2018.06.10.05.24.39,S,201806,XO,LD40,EVENT,44.99,PENDING_DATA_TEAM,PENDING_DATA_TEAM,PENDING_DATA_TEAM,holdout,True,
XO.LT01..HH.2018.06.10.09.11.42,P,201806,XO,LT01,UNKNOWN,,PENDING_DATA_TEAM,PENDING_DATA_TEAM,PENDING_DATA_TEAM,holdout,False,expected_event_unknown_pending_data_team
XO.LT01..HH.2018.06.10.09.11.42,S,201806,XO,LT01,EVENT,45.0,PENDING_DATA_TEAM,PENDING_DATA_TEAM,PENDING_DATA_TEAM,holdout,True,
XO.LD40..HH.2018.06.05.03.55.20,P,201806,XO,LD40,UNKNOWN,,PENDING_DATA_TEAM,PENDING_DATA_TEAM,PENDING_DATA_TEAM,main,False,expected_event_unknown_pending_data_team
XO.LD40..HH.2018.06.05.03.55.20,S,201806,XO,LD40,EVENT,45.33,PENDING_DATA_TEAM,PENDING_DATA_TEAM,PENDING_DATA_TEAM,main,True,
XO.LA39..HH.2018.06.06.09.29.04,P,201806,XO,LA39,UNKNOWN,,PENDING_DATA_TEAM,PENDING_DATA_TEAM,PENDING_DATA_TEAM,main,False,expected_event_unknown_pending_data_team
XO.LA39..HH.2018.06.06.09.29.04,S,201806,XO,LA39,EVENT,44.99,PENDING_DATA_TEAM,PENDING_DATA_TEAM,PENDING_DATA_TEAM,main,True,
XO.LA39..HH.2018.06.06.10.41.24,P,201806,XO,LA39,UNKNOWN,,PENDING_DATA_TEAM,PENDING_DATA_TEAM,PENDING_DATA_TEAM,holdout,False,expected_event_unknown_pending_data_team
XO.LA39..HH.2018.06.06.10.41.24,S,201806,XO,LA39,EVENT,45.0,PENDING_DATA_TEAM,PENDING_DATA_TEAM,PENDING_DATA_TEAM,holdout,True,
XO.LD40..HH.2018.06.06.13.51.38,P,201806,XO,LD40,UNKNOWN,,PENDING_DATA_TEAM,PENDING_DATA_TEAM,PENDING_DATA_TEAM,main,False,expected_event_unknown_pending_data_team
XO.LD40..HH.2018.06.06.13.51.38,S,201806,XO,LD40,EVENT,45.0,PENDING_DATA_TEAM,PENDING_DATA_TEAM,PENDING_DATA_TEAM,main,True,
XO.LD40..HH.2018.06.06.13.54.37,P,201806,XO,LD40,UNKNOWN,,PENDING_DATA_TEAM,PENDING_DATA_TEAM,PENDING_DATA_TEAM,main,False,expected_event_unknown_pending_data_team
XO.LD40..HH.2018.06.06.13.54.37,S,201806,XO,LD40,EVENT,44.99,PENDING_DATA_TEAM,PENDING_DATA_TEAM,PENDING_DATA_TEAM,main,True,
XO.LA29..HH.2018.06.16.10.24.41,P,201806,XO,LA29,UNKNOWN,,PENDING_DATA_TEAM,PENDING_DATA_TEAM,PENDING_DATA_TEAM,holdout,False,expected_event_unknown_pending_data_team
XO.LA29..HH.2018.06.16.10.24.41,S,201806,XO,LA29,EVENT,45.0,PENDING_DATA_TEAM,PENDING_DATA_TEAM,PENDING_DATA_TEAM,holdout,True,
XO.LT13..HH.2018.06.16.10.24.26,P,201806,XO,LT13,EVENT,45.0,PENDING_DATA_TEAM,PENDING_DATA_TEAM,PENDING_DATA_TEAM,main,True,
XO.LT13..HH.2018.06.16.10.24.26,S,201806,XO,LT13,EVENT,55.54,PENDING_DATA_TEAM,PENDING_DATA_TEAM,PENDING_DATA_TEAM,main,True,
XO.LD45..HH.2018.06.16.10.24.25,P,201806,XO,LD45,EVENT,44.99,PENDING_DATA_TEAM,PENDING_DATA_TEAM,PENDING_DATA_TEAM,main,True,
XO.LD45..HH.2018.06.16.10.24.25,S,201806,XO,LD45,EVENT,55.38,PENDING_DATA_TEAM,PENDING_DATA_TEAM,PENDING_DATA_TEAM,main,True,
XO.LA34..HH.2018.06.16.10.24.21,P,201806,XO,LA34,EVENT,44.99,PENDING_DATA_TEAM,PENDING_DATA_TEAM,PENDING_DATA_TEAM,main,True,
XO.LA34..HH.2018.06.16.10.24.21,S,201806,XO,LA34,EVENT,52.47,PENDING_DATA_TEAM,PENDING_DATA_TEAM,PENDING_DATA_TEAM,main,True,
XO.LT17..HH.2018.06.16.10.24.29,P,201806,XO,LT17,EVENT,45.0,PENDING_DATA_TEAM,PENDING_DATA_TEAM,PENDING_DATA_TEAM,holdout,True,
XO.LT17..HH.2018.06.16.10.24.29,S,201806,XO,LT17,UNKNOWN,,PENDING_DATA_TEAM,PENDING_DATA_TEAM,PENDING_DATA_TEAM,holdout,False,expected_event_unknown_pending_data_team
XO.LD40..HH.2018.06.17.05.47.57,P,201806,XO,LD40,UNKNOWN,,PENDING_DATA_TEAM,PENDING_DATA_TEAM,PENDING_DATA_TEAM,main,False,expected_event_unknown_pending_data_team
XO.LD40..HH.2018.06.17.05.47.57,S,201806,XO,LD40,EVENT,45.0,PENDING_DATA_TEAM,PENDING_DATA_TEAM,PENDING_DATA_TEAM,main,True,
XO.LD40..HH.2018.06.19.16.54.03,P,201806,XO,LD40,UNKNOWN,,PENDING_DATA_TEAM,PENDING_DATA_TEAM,PENDING_DATA_TEAM,main,False,expected_event_unknown_pending_data_team
XO.LD40..HH.2018.06.19.16.54.03,S,201806,XO,LD40,EVENT,44.99,PENDING_DATA_TEAM,PENDING_DATA_TEAM,PENDING_DATA_TEAM,main,True,
XO.LT01..HH.2018.06.20.09.27.13,P,201806,XO,LT01,EVENT,44.99,PENDING_DATA_TEAM,PENDING_DATA_TEAM,PENDING_DATA_TEAM,main,True,
XO.LT01..HH.2018.06.20.09.27.13,S,201806,XO,LT01,UNKNOWN,,PENDING_DATA_TEAM,PENDING_DATA_TEAM,PENDING_DATA_TEAM,main,False,expected_event_unknown_pending_data_team
XO.LD40..HH.2018.06.20.12.34.19,P,201806,XO,LD40,UNKNOWN,,PENDING_DATA_TEAM,PENDING_DATA_TEAM,PENDING_DATA_TEAM,main,False,expected_event_unknown_pending_data_team
XO.LD40..HH.2018.06.20.12.34.19,S,201806,XO,LD40,EVENT,45.0,PENDING_DATA_TEAM,PENDING_DATA_TEAM,PENDING_DATA_TEAM,main,True,
XO.LT01..HH.2018.06.15.09.47.11,P,201806,XO,LT01,EVENT,45.0,PENDING_DATA_TEAM,PENDING_DATA_TEAM,PENDING_DATA_TEAM,main,True,
XO.LT01..HH.2018.06.15.09.47.11,S,201806,XO,LT01,EVENT,53.61,PENDING_DATA_TEAM,PENDING_DATA_TEAM,PENDING_DATA_TEAM,main,True,
XO.LA39..HH.2018.06.15.09.47.18,P,201806,XO,LA39,EVENT,45.0,PENDING_DATA_TEAM,PENDING_DATA_TEAM,PENDING_DATA_TEAM,main,True,
XO.LA39..HH.2018.06.15.09.47.18,S,201806,XO,LA39,EVENT,59.27,PENDING_DATA_TEAM,PENDING_DATA_TEAM,PENDING_DATA_TEAM,main,True,
XO.LD41..HH.2018.06.15.09.47.29,P,201806,XO,LD41,EVENT,44.99,PENDING_DATA_TEAM,PENDING_DATA_TEAM,PENDING_DATA_TEAM,main,True,
XO.LD41..HH.2018.06.15.09.47.29,S,201806,XO,LD41,UNKNOWN,,PENDING_DATA_TEAM,PENDING_DATA_TEAM,PENDING_DATA_TEAM,main,False,expected_event_unknown_pending_data_team
XO.LT07..HH.2018.06.21.04.29.40,P,201806,XO,LT07,EVENT,45.0,PENDING_DATA_TEAM,PENDING_DATA_TEAM,PENDING_DATA_TEAM,main,True,
XO.LT07..HH.2018.06.21.04.29.40,S,201806,XO,LT07,EVENT,55.77,PENDING_DATA_TEAM,PENDING_DATA_TEAM,PENDING_DATA_TEAM,main,True,
XO.LA34..HH.2018.06.22.16.31.13,P,201806,XO,LA34,EVENT,45.0,PENDING_DATA_TEAM,PENDING_DATA_TEAM,PENDING_DATA_TEAM,main,True,
XO.LA34..HH.2018.06.22.16.31.13,S,201806,XO,LA34,EVENT,75.57,PENDING_DATA_TEAM,PENDING_DATA_TEAM,PENDING_DATA_TEAM,main,True,
XO.LD44..HH.2018.06.22.16.31.39,P,201806,XO,LD44,UNKNOWN,,PENDING_DATA_TEAM,PENDING_DATA_TEAM,PENDING_DATA_TEAM,main,False,expected_event_unknown_pending_data_team
XO.LD44..HH.2018.06.22.16.31.39,S,201806,XO,LD44,EVENT,44.99,PENDING_DATA_TEAM,PENDING_DATA_TEAM,PENDING_DATA_TEAM,main,True,
XO.LD38..HH.2018.06.23.03.56.47,P,201806,XO,LD38,EVENT,45.0,PENDING_DATA_TEAM,PENDING_DATA_TEAM,PENDING_DATA_TEAM,main,True,
XO.LD38..HH.2018.06.23.03.56.47,S,201806,XO,LD38,UNKNOWN,,PENDING_DATA_TEAM,PENDING_DATA_TEAM,PENDING_DATA_TEAM,main,False,expected_event_unknown_pending_data_team
XO.LA39..HH.2018.06.23.08.23.45,P,201806,XO,LA39,EVENT,44.99,PENDING_DATA_TEAM,PENDING_DATA_TEAM,PENDING_DATA_TEAM,main,True,
XO.LA39..HH.2018.06.23.08.23.45,S,201806,XO,LA39,EVENT,59.34,PENDING_DATA_TEAM,PENDING_DATA_TEAM,PENDING_DATA_TEAM,main,True,
XO.LD41..HH.2018.06.24.13.36.09,P,201806,XO,LD41,EVENT,44.99,PENDING_DATA_TEAM,PENDING_DATA_TEAM,PENDING_DATA_TEAM,holdout,True,
XO.LD41..HH.2018.06.24.13.36.09,S,201806,XO,LD41,UNKNOWN,,PENDING_DATA_TEAM,PENDING_DATA_TEAM,PENDING_DATA_TEAM,holdout,False,expected_event_unknown_pending_data_team
XO.LA21..HH.2018.06.25.11.14.34,P,201806,XO,LA21,EVENT,44.99,PENDING_DATA_TEAM,PENDING_DATA_TEAM,PENDING_DATA_TEAM,main,True,
XO.LA21..HH.2018.06.25.11.14.34,S,201806,XO,LA21,EVENT,58.84,PENDING_DATA_TEAM,PENDING_DATA_TEAM,PENDING_DATA_TEAM,main,True,
XO.LD40..HH.2018.06.25.11.14.59,P,201806,XO,LD40,UNKNOWN,,PENDING_DATA_TEAM,PENDING_DATA_TEAM,PENDING_DATA_TEAM,main,False,expected_event_unknown_pending_data_team
XO.LD40..HH.2018.06.25.11.14.59,S,201806,XO,LD40,EVENT,44.99,PENDING_DATA_TEAM,PENDING_DATA_TEAM,PENDING_DATA_TEAM,main,True,
XO.LT09..HH.2018.06.25.11.15.04,P,201806,XO,LT09,UNKNOWN,,PENDING_DATA_TEAM,PENDING_DATA_TEAM,PENDING_DATA_TEAM,main,False,expected_event_unknown_pending_data_team
XO.LT09..HH.2018.06.25.11.15.04,S,201806,XO,LT09,EVENT,45.0,PENDING_DATA_TEAM,PENDING_DATA_TEAM,PENDING_DATA_TEAM,main,True,
XO.LA21..HH.2018.06.27.13.14.06,P,201806,XO,LA21,EVENT,45.0,PENDING_DATA_TEAM,PENDING_DATA_TEAM,PENDING_DATA_TEAM,main,True,
XO.LA21..HH.2018.06.27.13.14.06,S,201806,XO,LA21,EVENT,55.1,PENDING_DATA_TEAM,PENDING_DATA_TEAM,PENDING_DATA_TEAM,main,True,
XO.LD40..HH.2018.06.27.13.14.18,P,201806,XO,LD40,EVENT,45.0,PENDING_DATA_TEAM,PENDING_DATA_TEAM,PENDING_DATA_TEAM,main,True,
XO.LD40..HH.2018.06.27.13.14.18,S,201806,XO,LD40,UNKNOWN,,PENDING_DATA_TEAM,PENDING_DATA_TEAM,PENDING_DATA_TEAM,main,False,expected_event_unknown_pending_data_team
XO.LD41..HH.2018.06.28.02.12.16,P,201806,XO,LD41,EVENT,44.99,PENDING_DATA_TEAM,PENDING_DATA_TEAM,PENDING_DATA_TEAM,holdout,True,
XO.LD41..HH.2018.06.28.02.12.16,S,201806,XO,LD41,EVENT,72.83,PENDING_DATA_TEAM,PENDING_DATA_TEAM,PENDING_DATA_TEAM,holdout,True,
XO.LD38..HH.2018.06.28.02.12.16,P,201806,XO,LD38,UNKNOWN,,PENDING_DATA_TEAM,PENDING_DATA_TEAM,PENDING_DATA_TEAM,main,False,expected_event_unknown_pending_data_team
XO.LD38..HH.2018.06.28.02.12.16,S,201806,XO,LD38,EVENT,45.0,PENDING_DATA_TEAM,PENDING_DATA_TEAM,PENDING_DATA_TEAM,main,True,
XO.LT01..HH.2018.06.28.16.18.09,P,201806,XO,LT01,UNKNOWN,,PENDING_DATA_TEAM,PENDING_DATA_TEAM,PENDING_DATA_TEAM,main,False,expected_event_unknown_pending_data_team
XO.LT01..HH.2018.06.28.16.18.09,S,201806,XO,LT01,EVENT,44.99,PENDING_DATA_TEAM,PENDING_DATA_TEAM,PENDING_DATA_TEAM,main,True,
XO.LT06..HH.2018.06.28.23.10.28,P,201806,XO,LT06,EVENT,44.99,PENDING_DATA_TEAM,PENDING_DATA_TEAM,PENDING_DATA_TEAM,main,True,
XO.LT06..HH.2018.06.28.23.10.28,S,201806,XO,LT06,EVENT,52.47,PENDING_DATA_TEAM,PENDING_DATA_TEAM,PENDING_DATA_TEAM,main,True,
XO.LD40..HH.2018.06.29.02.18.17,P,201806,XO,LD40,EVENT,44.99,PENDING_DATA_TEAM,PENDING_DATA_TEAM,PENDING_DATA_TEAM,main,True,
XO.LD40..HH.2018.06.29.02.18.17,S,201806,XO,LD40,EVENT,65.92,PENDING_DATA_TEAM,PENDING_DATA_TEAM,PENDING_DATA_TEAM,main,True,
XO.LT12..HH.2018.06.29.12.37.02,P,201806,XO,LT12,EVENT,45.0,PENDING_DATA_TEAM,PENDING_DATA_TEAM,PENDING_DATA_TEAM,main,True,
XO.LT12..HH.2018.06.29.12.37.02,S,201806,XO,LT12,EVENT,53.03,PENDING_DATA_TEAM,PENDING_DATA_TEAM,PENDING_DATA_TEAM,main,True,
XO.LT07..HH.2018.06.29.16.32.47,P,201806,XO,LT07,EVENT,45.0,PENDING_DATA_TEAM,PENDING_DATA_TEAM,PENDING_DATA_TEAM,main,True,
XO.LT07..HH.2018.06.29.16.32.47,S,201806,XO,LT07,EVENT,52.97,PENDING_DATA_TEAM,PENDING_DATA_TEAM,PENDING_DATA_TEAM,main,True,
XO.LD40..HH.2018.06.30.20.21.29,P,201806,XO,LD40,UNKNOWN,,PENDING_DATA_TEAM,PENDING_DATA_TEAM,PENDING_DATA_TEAM,main,False,expected_event_unknown_pending_data_team
XO.LD40..HH.2018.06.30.20.21.29,S,201806,XO,LD40,EVENT,45.0,PENDING_DATA_TEAM,PENDING_DATA_TEAM,PENDING_DATA_TEAM,main,True,
XO.LA39..HH.2018.07.01.04.04.30,P,201807,XO,LA39,EVENT,45.0,PENDING_DATA_TEAM,PENDING_DATA_TEAM,PENDING_DATA_TEAM,main,True,
XO.LA39..HH.2018.07.01.04.04.30,S,201807,XO,LA39,EVENT,59.73,PENDING_DATA_TEAM,PENDING_DATA_TEAM,PENDING_DATA_TEAM,main,True,
XO.LA25..HH.2018.07.01.19.54.40,P,201807,XO,LA25,EVENT,44.99,PENDING_DATA_TEAM,PENDING_DATA_TEAM,PENDING_DATA_TEAM,main,True,
XO.LA25..HH.2018.07.01.19.54.40,S,201807,XO,LA25,EVENT,70.2,PENDING_DATA_TEAM,PENDING_DATA_TEAM,PENDING_DATA_TEAM,main,True,
XO.LT16..HH.2018.07.01.19.54.44,P,201807,XO,LT16,EVENT,44.99,PENDING_DATA_TEAM,PENDING_DATA_TEAM,PENDING_DATA_TEAM,main,True,
XO.LT16..HH.2018.07.01.19.54.44,S,201807,XO,LT16,UNKNOWN,,PENDING_DATA_TEAM,PENDING_DATA_TEAM,PENDING_DATA_TEAM,main,False,expected_event_unknown_pending_data_team
XO.LA39..HH.2018.07.01.01.03.07,P,201807,XO,LA39,EVENT,44.99,PENDING_DATA_TEAM,PENDING_DATA_TEAM,PENDING_DATA_TEAM,main,True,
XO.LA39..HH.2018.07.01.01.03.07,S,201807,XO,LA39,EVENT,58.28,PENDING_DATA_TEAM,PENDING_DATA_TEAM,PENDING_DATA_TEAM,main,True,
XO.LA39..HH.2018.07.01.06.47.58,P,201807,XO,LA39,EVENT,45.0,PENDING_DATA_TEAM,PENDING_DATA_TEAM,PENDING_DATA_TEAM,main,True,
XO.LA39..HH.2018.07.01.06.47.58,S,201807,XO,LA39,EVENT,60.69,PENDING_DATA_TEAM,PENDING_DATA_TEAM,PENDING_DATA_TEAM,main,True,
XO.LT07..HH.2018.07.01.19.09.26,P,201807,XO,LT07,EVENT,45.0,PENDING_DATA_TEAM,PENDING_DATA_TEAM,PENDING_DATA_TEAM,main,True,
XO.LT07..HH.2018.07.01.19.09.26,S,201807,XO,LT07,EVENT,52.78,PENDING_DATA_TEAM,PENDING_DATA_TEAM,PENDING_DATA_TEAM,main,True,
XO.LT01..HH.2018.07.02.14.22.32,P,201807,XO,LT01,EVENT,45.0,PENDING_DATA_TEAM,PENDING_DATA_TEAM,PENDING_DATA_TEAM,main,True,
XO.LT01..HH.2018.07.02.14.22.32,S,201807,XO,LT01,EVENT,63.22,PENDING_DATA_TEAM,PENDING_DATA_TEAM,PENDING_DATA_TEAM,main,True,
XO.LD41..HH.2018.07.02.14.22.35,P,201807,XO,LD41,EVENT,45.0,PENDING_DATA_TEAM,PENDING_DATA_TEAM,PENDING_DATA_TEAM,main,True,
XO.LD41..HH.2018.07.02.14.22.35,S,201807,XO,LD41,EVENT,64.55,PENDING_DATA_TEAM,PENDING_DATA_TEAM,PENDING_DATA_TEAM,main,True,
XO.LD40..HH.2018.07.02.14.22.26,P,201807,XO,LD40,EVENT,45.0,PENDING_DATA_TEAM,PENDING_DATA_TEAM,PENDING_DATA_TEAM,main,True,
XO.LD40..HH.2018.07.02.14.22.26,S,201807,XO,LD40,EVENT,60.89,PENDING_DATA_TEAM,PENDING_DATA_TEAM,PENDING_DATA_TEAM,main,True,
XO.LT01..HH.2018.07.02.00.06.04,P,201807,XO,LT01,UNKNOWN,,PENDING_DATA_TEAM,PENDING_DATA_TEAM,PENDING_DATA_TEAM,holdout,False,expected_event_unknown_pending_data_team
XO.LT01..HH.2018.07.02.00.06.04,S,201807,XO,LT01,EVENT,44.99,PENDING_DATA_TEAM,PENDING_DATA_TEAM,PENDING_DATA_TEAM,holdout,True,
XO.LT17..HH.2018.07.02.03.50.52,P,201807,XO,LT17,EVENT,45.0,PENDING_DATA_TEAM,PENDING_DATA_TEAM,PENDING_DATA_TEAM,main,True,
XO.LT17..HH.2018.07.02.03.50.52,S,201807,XO,LT17,EVENT,49.31,PENDING_DATA_TEAM,PENDING_DATA_TEAM,PENDING_DATA_TEAM,main,True,
XO.LA39..HH.2018.07.03.01.45.18,P,201807,XO,LA39,EVENT,45.0,PENDING_DATA_TEAM,PENDING_DATA_TEAM,PENDING_DATA_TEAM,main,True,
XO.LA39..HH.2018.07.03.01.45.18,S,201807,XO,LA39,EVENT,60.3,PENDING_DATA_TEAM,PENDING_DATA_TEAM,PENDING_DATA_TEAM,main,True,
XO.LT01..HH.2018.07.03.07.07.13,P,201807,XO,LT01,EVENT,44.99,PENDING_DATA_TEAM,PENDING_DATA_TEAM,PENDING_DATA_TEAM,main,True,
XO.LT01..HH.2018.07.03.07.07.13,S,201807,XO,LT01,UNKNOWN,,PENDING_DATA_TEAM,PENDING_DATA_TEAM,PENDING_DATA_TEAM,main,False,expected_event_unknown_pending_data_team
XO.LT10..HH.2018.07.03.07.06.51,P,201807,XO,LT10,EVENT,44.99,PENDING_DATA_TEAM,PENDING_DATA_TEAM,PENDING_DATA_TEAM,main,True,
XO.LT10..HH.2018.07.03.07.06.51,S,201807,XO,LT10,UNKNOWN,,PENDING_DATA_TEAM,PENDING_DATA_TEAM,PENDING_DATA_TEAM,main,False,expected_event_unknown_pending_data_team
XO.LT12..HH.2018.07.03.07.06.57,P,201807,XO,LT12,EVENT,45.0,PENDING_DATA_TEAM,PENDING_DATA_TEAM,PENDING_DATA_TEAM,main,True,
XO.LT12..HH.2018.07.03.07.06.57,S,201807,XO,LT12,UNKNOWN,,PENDING_DATA_TEAM,PENDING_DATA_TEAM,PENDING_DATA_TEAM,main,False,expected_event_unknown_pending_data_team
XO.LD36..HH.2018.07.03.07.07.02,P,201807,XO,LD36,EVENT,44.99,PENDING_DATA_TEAM,PENDING_DATA_TEAM,PENDING_DATA_TEAM,main,True,
XO.LD36..HH.2018.07.03.07.07.02,S,201807,XO,LD36,UNKNOWN,,PENDING_DATA_TEAM,PENDING_DATA_TEAM,PENDING_DATA_TEAM,main,False,expected_event_unknown_pending_data_team
XO.LT13..HH.2018.07.03.07.11.22,P,201807,XO,LT13,EVENT,45.0,PENDING_DATA_TEAM,PENDING_DATA_TEAM,PENDING_DATA_TEAM,main,True,
XO.LT13..HH.2018.07.03.07.11.22,S,201807,XO,LT13,UNKNOWN,,PENDING_DATA_TEAM,PENDING_DATA_TEAM,PENDING_DATA_TEAM,main,False,expected_event_unknown_pending_data_team
XO.LD40..HH.2018.07.03.07.23.47,P,201807,XO,LD40,EVENT,44.99,PENDING_DATA_TEAM,PENDING_DATA_TEAM,PENDING_DATA_TEAM,main,True,
XO.LD40..HH.2018.07.03.07.23.47,S,201807,XO,LD40,EVENT,66.4,PENDING_DATA_TEAM,PENDING_DATA_TEAM,PENDING_DATA_TEAM,main,True,
XO.LD36..HH.2018.07.03.08.46.32,P,201807,XO,LD36,EVENT,44.99,PENDING_DATA_TEAM,PENDING_DATA_TEAM,PENDING_DATA_TEAM,main,True,
XO.LD36..HH.2018.07.03.08.46.32,S,201807,XO,LD36,UNKNOWN,,PENDING_DATA_TEAM,PENDING_DATA_TEAM,PENDING_DATA_TEAM,main,False,expected_event_unknown_pending_data_team
XO.LT06..HH.2018.07.03.08.46.40,P,201807,XO,LT06,UNKNOWN,,PENDING_DATA_TEAM,PENDING_DATA_TEAM,PENDING_DATA_TEAM,main,False,expected_event_unknown_pending_data_team
XO.LT06..HH.2018.07.03.08.46.40,S,201807,XO,LT06,EVENT,44.99,PENDING_DATA_TEAM,PENDING_DATA_TEAM,PENDING_DATA_TEAM,main,True,
XO.LT04..HH.2018.07.03.09.05.05,P,201807,XO,LT04,EVENT,45.0,PENDING_DATA_TEAM,PENDING_DATA_TEAM,PENDING_DATA_TEAM,holdout,True,
XO.LT04..HH.2018.07.03.09.05.05,S,201807,XO,LT04,UNKNOWN,,PENDING_DATA_TEAM,PENDING_DATA_TEAM,PENDING_DATA_TEAM,holdout,False,expected_event_unknown_pending_data_team
XO.LT14..HH.2018.07.03.09.04.52,P,201807,XO,LT14,EVENT,44.99,PENDING_DATA_TEAM,PENDING_DATA_TEAM,PENDING_DATA_TEAM,main,True,
XO.LT14..HH.2018.07.03.09.04.52,S,201807,XO,LT14,UNKNOWN,,PENDING_DATA_TEAM,PENDING_DATA_TEAM,PENDING_DATA_TEAM,main,False,expected_event_unknown_pending_data_team
XO.LT14..HH.2018.07.03.11.25.10,P,201807,XO,LT14,EVENT,45.0,PENDING_DATA_TEAM,PENDING_DATA_TEAM,PENDING_DATA_TEAM,main,True,
XO.LT14..HH.2018.07.03.11.25.10,S,201807,XO,LT14,EVENT,65.06,PENDING_DATA_TEAM,PENDING_DATA_TEAM,PENDING_DATA_TEAM,main,True,
XO.LT13..HH.2018.07.03.11.53.32,P,201807,XO,LT13,EVENT,44.99,PENDING_DATA_TEAM,PENDING_DATA_TEAM,PENDING_DATA_TEAM,main,True,
XO.LT13..HH.2018.07.03.11.53.32,S,201807,XO,LT13,UNKNOWN,,PENDING_DATA_TEAM,PENDING_DATA_TEAM,PENDING_DATA_TEAM,main,False,expected_event_unknown_pending_data_team
XO.LA21..HH.2018.07.03.19.18.22,P,201807,XO,LA21,EVENT,44.99,PENDING_DATA_TEAM,PENDING_DATA_TEAM,PENDING_DATA_TEAM,main,True,
XO.LA21..HH.2018.07.03.19.18.22,S,201807,XO,LA21,EVENT,53.35,PENDING_DATA_TEAM,PENDING_DATA_TEAM,PENDING_DATA_TEAM,main,True,
XO.LD36..HH.2018.07.03.19.18.32,P,201807,XO,LD36,EVENT,45.0,PENDING_DATA_TEAM,PENDING_DATA_TEAM,PENDING_DATA_TEAM,main,True,
XO.LD36..HH.2018.07.03.19.18.32,S,201807,XO,LD36,EVENT,61.3,PENDING_DATA_TEAM,PENDING_DATA_TEAM,PENDING_DATA_TEAM,main,True,
XO.LD38..HH.2018.07.03.19.18.32,P,201807,XO,LD38,EVENT,45.0,PENDING_DATA_TEAM,PENDING_DATA_TEAM,PENDING_DATA_TEAM,main,True,
XO.LD38..HH.2018.07.03.19.18.32,S,201807,XO,LD38,EVENT,61.77,PENDING_DATA_TEAM,PENDING_DATA_TEAM,PENDING_DATA_TEAM,main,True,
XO.LA32..HH.2018.07.03.19.18.46,P,201807,XO,LA32,EVENT,45.0,PENDING_DATA_TEAM,PENDING_DATA_TEAM,PENDING_DATA_TEAM,main,True,
XO.LA32..HH.2018.07.03.19.18.46,S,201807,XO,LA32,EVENT,71.37,PENDING_DATA_TEAM,PENDING_DATA_TEAM,PENDING_DATA_TEAM,main,True,
XO.LT12..HH.2018.07.03.19.18.46,P,201807,XO,LT12,EVENT,45.0,PENDING_DATA_TEAM,PENDING_DATA_TEAM,PENDING_DATA_TEAM,main,True,
XO.LT12..HH.2018.07.03.19.18.46,S,201807,XO,LT12,EVENT,71.92,PENDING_DATA_TEAM,PENDING_DATA_TEAM,PENDING_DATA_TEAM,main,True,
XO.LT14..HH.2018.07.03.19.18.51,P,201807,XO,LT14,EVENT,44.99,PENDING_DATA_TEAM,PENDING_DATA_TEAM,PENDING_DATA_TEAM,main,True,
XO.LT14..HH.2018.07.03.19.18.51,S,201807,XO,LT14,EVENT,75.91,PENDING_DATA_TEAM,PENDING_DATA_TEAM,PENDING_DATA_TEAM,main,True,
XO.LT09..HH.2018.07.03.19.19.04,P,201807,XO,LT09,UNKNOWN,,PENDING_DATA_TEAM,PENDING_DATA_TEAM,PENDING_DATA_TEAM,main,False,expected_event_unknown_pending_data_team
XO.LT09..HH.2018.07.03.19.19.04,S,201807,XO,LT09,EVENT,44.99,PENDING_DATA_TEAM,PENDING_DATA_TEAM,PENDING_DATA_TEAM,main,True,
XO.LT10..HH.2018.07.03.21.06.52,P,201807,XO,LT10,EVENT,44.99,PENDING_DATA_TEAM,PENDING_DATA_TEAM,PENDING_DATA_TEAM,main,True,
XO.LT10..HH.2018.07.03.21.06.52,S,201807,XO,LT10,EVENT,65.69,PENDING_DATA_TEAM,PENDING_DATA_TEAM,PENDING_DATA_TEAM,main,True,
XO.LT04..HH.2018.07.03.22.14.09,P,201807,XO,LT04,EVENT,44.99,PENDING_DATA_TEAM,PENDING_DATA_TEAM,PENDING_DATA_TEAM,main,True,
XO.LT04..HH.2018.07.03.22.14.09,S,201807,XO,LT04,EVENT,76.16,PENDING_DATA_TEAM,PENDING_DATA_TEAM,PENDING_DATA_TEAM,main,True,
XO.LT14..HH.2018.07.03.00.22.38,P,201807,XO,LT14,EVENT,44.99,PENDING_DATA_TEAM,PENDING_DATA_TEAM,PENDING_DATA_TEAM,main,True,
XO.LT14..HH.2018.07.03.00.22.38,S,201807,XO,LT14,EVENT,57.7,PENDING_DATA_TEAM,PENDING_DATA_TEAM,PENDING_DATA_TEAM,main,True,
XO.LT16..HH.2018.07.03.07.21.29,P,201807,XO,LT16,EVENT,45.0,PENDING_DATA_TEAM,PENDING_DATA_TEAM,PENDING_DATA_TEAM,main,True,
XO.LT16..HH.2018.07.03.07.21.29,S,201807,XO,LT16,UNKNOWN,,PENDING_DATA_TEAM,PENDING_DATA_TEAM,PENDING_DATA_TEAM,main,False,expected_event_unknown_pending_data_team
XO.LT14..HH.2018.07.03.10.14.00,P,201807,XO,LT14,EVENT,44.99,PENDING_DATA_TEAM,PENDING_DATA_TEAM,PENDING_DATA_TEAM,holdout,True,
XO.LT14..HH.2018.07.03.10.14.00,S,201807,XO,LT14,UNKNOWN,,PENDING_DATA_TEAM,PENDING_DATA_TEAM,PENDING_DATA_TEAM,holdout,False,expected_event_unknown_pending_data_team
XO.LT07..HH.2018.07.03.13.10.52,P,201807,XO,LT07,EVENT,45.0,PENDING_DATA_TEAM,PENDING_DATA_TEAM,PENDING_DATA_TEAM,holdout,True,
XO.LT07..HH.2018.07.03.13.10.52,S,201807,XO,LT07,EVENT,67.46,PENDING_DATA_TEAM,PENDING_DATA_TEAM,PENDING_DATA_TEAM,holdout,True,
XO.LT10..HH.2018.07.03.13.11.01,P,201807,XO,LT10,EVENT,45.0,PENDING_DATA_TEAM,PENDING_DATA_TEAM,PENDING_DATA_TEAM,holdout,True,
XO.LT10..HH.2018.07.03.13.11.01,S,201807,XO,LT10,EVENT,73.99,PENDING_DATA_TEAM,PENDING_DATA_TEAM,PENDING_DATA_TEAM,holdout,True,
XO.LT14..HH.2018.07.03.13.11.01,P,201807,XO,LT14,EVENT,44.99,PENDING_DATA_TEAM,PENDING_DATA_TEAM,PENDING_DATA_TEAM,main,True,
XO.LT14..HH.2018.07.03.13.11.01,S,201807,XO,LT14,EVENT,75.21,PENDING_DATA_TEAM,PENDING_DATA_TEAM,PENDING_DATA_TEAM,main,True,
XO.LD36..HH.2018.07.03.13.11.07,P,201807,XO,LD36,EVENT,44.99,PENDING_DATA_TEAM,PENDING_DATA_TEAM,PENDING_DATA_TEAM,main,True,
XO.LD36..HH.2018.07.03.13.11.07,S,201807,XO,LD36,EVENT,78.51,PENDING_DATA_TEAM,PENDING_DATA_TEAM,PENDING_DATA_TEAM,main,True,
XO.LT01..HH.2018.07.03.13.11.44,P,201807,XO,LT01,UNKNOWN,,PENDING_DATA_TEAM,PENDING_DATA_TEAM,PENDING_DATA_TEAM,holdout,False,expected_event_unknown_pending_data_team
XO.LT01..HH.2018.07.03.13.11.44,S,201807,XO,LT01,EVENT,45.0,PENDING_DATA_TEAM,PENDING_DATA_TEAM,PENDING_DATA_TEAM,holdout,True,
XO.LT10..HH.2018.07.03.13.15.39,P,201807,XO,LT10,UNKNOWN,,PENDING_DATA_TEAM,PENDING_DATA_TEAM,PENDING_DATA_TEAM,main,False,expected_event_unknown_pending_data_team
XO.LT10..HH.2018.07.03.13.15.39,S,201807,XO,LT10,EVENT,44.99,PENDING_DATA_TEAM,PENDING_DATA_TEAM,PENDING_DATA_TEAM,main,True,
XO.LT10..HH.2018.07.03.12.56.42,P,201807,XO,LT10,EVENT,45.0,PENDING_DATA_TEAM,PENDING_DATA_TEAM,PENDING_DATA_TEAM,holdout,True,
XO.LT10..HH.2018.07.03.12.56.42,S,201807,XO,LT10,EVENT,65.29,PENDING_DATA_TEAM,PENDING_DATA_TEAM,PENDING_DATA_TEAM,holdout,True,
XO.LA39..HH.2018.07.04.21.57.02,P,201807,XO,LA39,UNKNOWN,,PENDING_DATA_TEAM,PENDING_DATA_TEAM,PENDING_DATA_TEAM,holdout,False,expected_event_unknown_pending_data_team
XO.LA39..HH.2018.07.04.21.57.02,S,201807,XO,LA39,EVENT,44.99,PENDING_DATA_TEAM,PENDING_DATA_TEAM,PENDING_DATA_TEAM,holdout,True,
XO.LT06..HH.2018.07.04.05.55.42,P,201807,XO,LT06,UNKNOWN,,PENDING_DATA_TEAM,PENDING_DATA_TEAM,PENDING_DATA_TEAM,main,False,expected_event_unknown_pending_data_team
XO.LT06..HH.2018.07.04.05.55.42,S,201807,XO,LT06,EVENT,44.99,PENDING_DATA_TEAM,PENDING_DATA_TEAM,PENDING_DATA_TEAM,main,True,
XO.LA39..HH.2018.07.04.19.05.46,P,201807,XO,LA39,EVENT,45.0,PENDING_DATA_TEAM,PENDING_DATA_TEAM,PENDING_DATA_TEAM,holdout,True,
XO.LA39..HH.2018.07.04.19.05.46,S,201807,XO,LA39,UNKNOWN,,PENDING_DATA_TEAM,PENDING_DATA_TEAM,PENDING_DATA_TEAM,holdout,False,expected_event_unknown_pending_data_team
XO.LT20..HH.2018.07.05.04.59.34,P,201807,XO,LT20,UNKNOWN,,PENDING_DATA_TEAM,PENDING_DATA_TEAM,PENDING_DATA_TEAM,main,False,expected_event_unknown_pending_data_team
XO.LT20..HH.2018.07.05.04.59.34,S,201807,XO,LT20,EVENT,44.99,PENDING_DATA_TEAM,PENDING_DATA_TEAM,PENDING_DATA_TEAM,main,True,
XO.LT12..HH.2018.07.05.04.58.59,P,201807,XO,LT12,UNKNOWN,,PENDING_DATA_TEAM,PENDING_DATA_TEAM,PENDING_DATA_TEAM,main,False,expected_event_unknown_pending_data_team
XO.LT12..HH.2018.07.05.04.58.59,S,201807,XO,LT12,EVENT,45.0,PENDING_DATA_TEAM,PENDING_DATA_TEAM,PENDING_DATA_TEAM,main,True,
XO.LT17..HH.2018.07.05.17.41.35,P,201807,XO,LT17,EVENT,44.99,PENDING_DATA_TEAM,PENDING_DATA_TEAM,PENDING_DATA_TEAM,main,True,
XO.LT17..HH.2018.07.05.17.41.35,S,201807,XO,LT17,EVENT,61.06,PENDING_DATA_TEAM,PENDING_DATA_TEAM,PENDING_DATA_TEAM,main,True,
XO.LD44..HH.2018.07.05.17.41.40,P,201807,XO,LD44,EVENT,44.99,PENDING_DATA_TEAM,PENDING_DATA_TEAM,PENDING_DATA_TEAM,main,True,
XO.LD44..HH.2018.07.05.17.41.40,S,201807,XO,LD44,EVENT,63.66,PENDING_DATA_TEAM,PENDING_DATA_TEAM,PENDING_DATA_TEAM,main,True,
XO.LA34..HH.2018.07.05.17.41.48,P,201807,XO,LA34,EVENT,45.0,PENDING_DATA_TEAM,PENDING_DATA_TEAM,PENDING_DATA_TEAM,holdout,True,
XO.LA34..HH.2018.07.05.17.41.48,S,201807,XO,LA34,UNKNOWN,,PENDING_DATA_TEAM,PENDING_DATA_TEAM,PENDING_DATA_TEAM,holdout,False,expected_event_unknown_pending_data_team
XO.LD44..HH.2018.07.05.18.27.29,P,201807,XO,LD44,UNKNOWN,,PENDING_DATA_TEAM,PENDING_DATA_TEAM,PENDING_DATA_TEAM,main,False,expected_event_unknown_pending_data_team
XO.LD44..HH.2018.07.05.18.27.29,S,201807,XO,LD44,EVENT,44.99,PENDING_DATA_TEAM,PENDING_DATA_TEAM,PENDING_DATA_TEAM,main,True,
XO.LA33..HH.2018.07.05.18.27.50,P,201807,XO,LA33,UNKNOWN,,PENDING_DATA_TEAM,PENDING_DATA_TEAM,PENDING_DATA_TEAM,main,False,expected_event_unknown_pending_data_team
XO.LA33..HH.2018.07.05.18.27.50,S,201807,XO,LA33,EVENT,44.99,PENDING_DATA_TEAM,PENDING_DATA_TEAM,PENDING_DATA_TEAM,main,True,
XO.LA39..HH.2018.07.05.22.25.01,P,201807,XO,LA39,UNKNOWN,,PENDING_DATA_TEAM,PENDING_DATA_TEAM,PENDING_DATA_TEAM,main,False,expected_event_unknown_pending_data_team
XO.LA39..HH.2018.07.05.22.25.01,S,201807,XO,LA39,EVENT,45.0,PENDING_DATA_TEAM,PENDING_DATA_TEAM,PENDING_DATA_TEAM,main,True,
XO.LT04..HH.2018.07.06.02.16.13,P,201807,XO,LT04,EVENT,44.99,PENDING_DATA_TEAM,PENDING_DATA_TEAM,PENDING_DATA_TEAM,main,True,
XO.LT04..HH.2018.07.06.02.16.13,S,201807,XO,LT04,UNKNOWN,,PENDING_DATA_TEAM,PENDING_DATA_TEAM,PENDING_DATA_TEAM,main,False,expected_event_unknown_pending_data_team
XO.LT12..HH.2018.07.06.22.30.18,P,201807,XO,LT12,EVENT,45.0,PENDING_DATA_TEAM,PENDING_DATA_TEAM,PENDING_DATA_TEAM,main,True,
XO.LT12..HH.2018.07.06.22.30.18,S,201807,XO,LT12,EVENT,70.35,PENDING_DATA_TEAM,PENDING_DATA_TEAM,PENDING_DATA_TEAM,main,True,
XO.LT18..HH.2018.07.06.19.37.10,P,201807,XO,LT18,EVENT,44.99,PENDING_DATA_TEAM,PENDING_DATA_TEAM,PENDING_DATA_TEAM,main,True,
XO.LT18..HH.2018.07.06.19.37.10,S,201807,XO,LT18,UNKNOWN,,PENDING_DATA_TEAM,PENDING_DATA_TEAM,PENDING_DATA_TEAM,main,False,expected_event_unknown_pending_data_team
XO.LD40..HH.2018.07.06.21.48.29,P,201807,XO,LD40,UNKNOWN,,PENDING_DATA_TEAM,PENDING_DATA_TEAM,PENDING_DATA_TEAM,holdout,False,expected_event_unknown_pending_data_team
XO.LD40..HH.2018.07.06.21.48.29,S,201807,XO,LD40,EVENT,44.99,PENDING_DATA_TEAM,PENDING_DATA_TEAM,PENDING_DATA_TEAM,holdout,True,
XO.LA39..HH.2018.07.07.11.31.21,P,201807,XO,LA39,EVENT,45.0,PENDING_DATA_TEAM,PENDING_DATA_TEAM,PENDING_DATA_TEAM,main,True,
XO.LA39..HH.2018.07.07.11.31.21,S,201807,XO,LA39,EVENT,68.33,PENDING_DATA_TEAM,PENDING_DATA_TEAM,PENDING_DATA_TEAM,main,True,
XO.LT13..HH.2018.07.07.20.45.50,P,201807,XO,LT13,EVENT,44.99,PENDING_DATA_TEAM,PENDING_DATA_TEAM,PENDING_DATA_TEAM,main,True,
XO.LT13..HH.2018.07.07.20.45.50,S,201807,XO,LT13,EVENT,62.23,PENDING_DATA_TEAM,PENDING_DATA_TEAM,PENDING_DATA_TEAM,main,True,
XO.LT18..HH.2018.07.07.20.45.37,P,201807,XO,LT18,EVENT,44.99,PENDING_DATA_TEAM,PENDING_DATA_TEAM,PENDING_DATA_TEAM,main,True,
XO.LT18..HH.2018.07.07.20.45.37,S,201807,XO,LT18,EVENT,50.54,PENDING_DATA_TEAM,PENDING_DATA_TEAM,PENDING_DATA_TEAM,main,True,
XO.LD40..HH.2018.07.08.11.02.55,P,201807,XO,LD40,EVENT,44.99,PENDING_DATA_TEAM,PENDING_DATA_TEAM,PENDING_DATA_TEAM,main,True,
XO.LD40..HH.2018.07.08.11.02.55,S,201807,XO,LD40,EVENT,63.36,PENDING_DATA_TEAM,PENDING_DATA_TEAM,PENDING_DATA_TEAM,main,True,
XO.LT04..HH.2018.07.08.03.13.53,P,201807,XO,LT04,EVENT,44.99,PENDING_DATA_TEAM,PENDING_DATA_TEAM,PENDING_DATA_TEAM,main,True,
XO.LT04..HH.2018.07.08.03.13.53,S,201807,XO,LT04,UNKNOWN,,PENDING_DATA_TEAM,PENDING_DATA_TEAM,PENDING_DATA_TEAM,main,False,expected_event_unknown_pending_data_team
XO.LD41..HH.2018.07.08.05.42.20,P,201807,XO,LD41,EVENT,44.99,PENDING_DATA_TEAM,PENDING_DATA_TEAM,PENDING_DATA_TEAM,holdout,True,
XO.LD41..HH.2018.07.08.05.42.20,S,201807,XO,LD41,EVENT,62.09,PENDING_DATA_TEAM,PENDING_DATA_TEAM,PENDING_DATA_TEAM,holdout,True,
XO.LA32..HH.2018.07.08.15.13.51,P,201807,XO,LA32,EVENT,44.99,PENDING_DATA_TEAM,PENDING_DATA_TEAM,PENDING_DATA_TEAM,main,True,
XO.LA32..HH.2018.07.08.15.13.51,S,201807,XO,LA32,EVENT,52.89,PENDING_DATA_TEAM,PENDING_DATA_TEAM,PENDING_DATA_TEAM,main,True,
XO.LA26..HH.2018.07.08.15.13.51,P,201807,XO,LA26,EVENT,45.0,PENDING_DATA_TEAM,PENDING_DATA_TEAM,PENDING_DATA_TEAM,main,True,
XO.LA26..HH.2018.07.08.15.13.51,S,201807,XO,LA26,UNKNOWN,,PENDING_DATA_TEAM,PENDING_DATA_TEAM,PENDING_DATA_TEAM,main,False,expected_event_unknown_pending_data_team
XO.LA21..HH.2018.07.08.15.13.59,P,201807,XO,LA21,EVENT,44.99,PENDING_DATA_TEAM,PENDING_DATA_TEAM,PENDING_DATA_TEAM,holdout,True,
XO.LA21..HH.2018.07.08.15.13.59,S,201807,XO,LA21,EVENT,58.88,PENDING_DATA_TEAM,PENDING_DATA_TEAM,PENDING_DATA_TEAM,holdout,True,
XO.LD44..HH.2018.07.08.15.14.06,P,201807,XO,LD44,EVENT,45.0,PENDING_DATA_TEAM,PENDING_DATA_TEAM,PENDING_DATA_TEAM,main,True,
XO.LD44..HH.2018.07.08.15.14.06,S,201807,XO,LD44,EVENT,63.0,PENDING_DATA_TEAM,PENDING_DATA_TEAM,PENDING_DATA_TEAM,main,True,
XO.LA39..HH.2018.07.08.18.24.27,P,201807,XO,LA39,UNKNOWN,,PENDING_DATA_TEAM,PENDING_DATA_TEAM,PENDING_DATA_TEAM,main,False,expected_event_unknown_pending_data_team
XO.LA39..HH.2018.07.08.18.24.27,S,201807,XO,LA39,EVENT,44.99,PENDING_DATA_TEAM,PENDING_DATA_TEAM,PENDING_DATA_TEAM,main,True,
XO.LT01..HH.2018.07.09.17.48.38,P,201807,XO,LT01,EVENT,45.0,PENDING_DATA_TEAM,PENDING_DATA_TEAM,PENDING_DATA_TEAM,holdout,True,
XO.LT01..HH.2018.07.09.17.48.38,S,201807,XO,LT01,EVENT,67.36,PENDING_DATA_TEAM,PENDING_DATA_TEAM,PENDING_DATA_TEAM,holdout,True,
XO.LA39..HH.2018.07.09.17.48.29,P,201807,XO,LA39,EVENT,44.99,PENDING_DATA_TEAM,PENDING_DATA_TEAM,PENDING_DATA_TEAM,holdout,True,
XO.LA39..HH.2018.07.09.17.48.29,S,201807,XO,LA39,EVENT,59.92,PENDING_DATA_TEAM,PENDING_DATA_TEAM,PENDING_DATA_TEAM,holdout,True,
XO.LT04..HH.2018.07.09.20.54.09,P,201807,XO,LT04,EVENT,44.99,PENDING_DATA_TEAM,PENDING_DATA_TEAM,PENDING_DATA_TEAM,main,True,
XO.LT04..HH.2018.07.09.20.54.09,S,201807,XO,LT04,UNKNOWN,,PENDING_DATA_TEAM,PENDING_DATA_TEAM,PENDING_DATA_TEAM,main,False,expected_event_unknown_pending_data_team
XO.LT01..HH.2018.07.10.23.35.34,P,201807,XO,LT01,UNKNOWN,,PENDING_DATA_TEAM,PENDING_DATA_TEAM,PENDING_DATA_TEAM,main,False,expected_event_unknown_pending_data_team
XO.LT01..HH.2018.07.10.23.35.34,S,201807,XO,LT01,EVENT,45.0,PENDING_DATA_TEAM,PENDING_DATA_TEAM,PENDING_DATA_TEAM,main,True,
XO.LT01..HH.2018.07.10.16.43.25,P,201807,XO,LT01,UNKNOWN,,PENDING_DATA_TEAM,PENDING_DATA_TEAM,PENDING_DATA_TEAM,main,False,expected_event_unknown_pending_data_team
XO.LT01..HH.2018.07.10.16.43.25,S,201807,XO,LT01,EVENT,45.0,PENDING_DATA_TEAM,PENDING_DATA_TEAM,PENDING_DATA_TEAM,main,True,
XO.LD40..HH.2018.07.10.18.19.05,P,201807,XO,LD40,UNKNOWN,,PENDING_DATA_TEAM,PENDING_DATA_TEAM,PENDING_DATA_TEAM,main,False,expected_event_unknown_pending_data_team
XO.LD40..HH.2018.07.10.18.19.05,S,201807,XO,LD40,EVENT,45.0,PENDING_DATA_TEAM,PENDING_DATA_TEAM,PENDING_DATA_TEAM,main,True,
XO.LA39..HH.2018.07.10.21.15.46,P,201807,XO,LA39,EVENT,44.99,PENDING_DATA_TEAM,PENDING_DATA_TEAM,PENDING_DATA_TEAM,main,True,
XO.LA39..HH.2018.07.10.21.15.46,S,201807,XO,LA39,EVENT,59.39,PENDING_DATA_TEAM,PENDING_DATA_TEAM,PENDING_DATA_TEAM,main,True,
XO.LD40..HH.2018.07.10.21.16.19,P,201807,XO,LD40,UNKNOWN,,PENDING_DATA_TEAM,PENDING_DATA_TEAM,PENDING_DATA_TEAM,main,False,expected_event_unknown_pending_data_team
XO.LD40..HH.2018.07.10.21.16.19,S,201807,XO,LD40,EVENT,45.0,PENDING_DATA_TEAM,PENDING_DATA_TEAM,PENDING_DATA_TEAM,main,True,
XO.LT14..HH.2018.07.11.10.03.31,P,201807,XO,LT14,EVENT,44.99,PENDING_DATA_TEAM,PENDING_DATA_TEAM,PENDING_DATA_TEAM,main,True,
XO.LT14..HH.2018.07.11.10.03.31,S,201807,XO,LT14,UNKNOWN,,PENDING_DATA_TEAM,PENDING_DATA_TEAM,PENDING_DATA_TEAM,main,False,expected_event_unknown_pending_data_team
XO.LT04..HH.2018.07.11.10.03.42,P,201807,XO,LT04,UNKNOWN,,PENDING_DATA_TEAM,PENDING_DATA_TEAM,PENDING_DATA_TEAM,main,False,expected_event_unknown_pending_data_team
XO.LT04..HH.2018.07.11.10.03.42,S,201807,XO,LT04,EVENT,44.99,PENDING_DATA_TEAM,PENDING_DATA_TEAM,PENDING_DATA_TEAM,main,True,
XO.LT12..HH.2018.07.11.17.34.32,P,201807,XO,LT12,UNKNOWN,,PENDING_DATA_TEAM,PENDING_DATA_TEAM,PENDING_DATA_TEAM,main,False,expected_event_unknown_pending_data_team
XO.LT12..HH.2018.07.11.17.34.32,S,201807,XO,LT12,EVENT,44.99,PENDING_DATA_TEAM,PENDING_DATA_TEAM,PENDING_DATA_TEAM,main,True,
XO.LD41..HH.2018.07.11.17.45.47,P,201807,XO,LD41,EVENT,45.0,PENDING_DATA_TEAM,PENDING_DATA_TEAM,PENDING_DATA_TEAM,main,True,
XO.LD41..HH.2018.07.11.17.45.47,S,201807,XO,LD41,EVENT,70.54,PENDING_DATA_TEAM,PENDING_DATA_TEAM,PENDING_DATA_TEAM,main,True,
XO.LT04..HH.2018.07.11.17.50.27,P,201807,XO,LT04,UNKNOWN,,PENDING_DATA_TEAM,PENDING_DATA_TEAM,PENDING_DATA_TEAM,holdout,False,expected_event_unknown_pending_data_team
XO.LT04..HH.2018.07.11.17.50.27,S,201807,XO,LT04,EVENT,44.99,PENDING_DATA_TEAM,PENDING_DATA_TEAM,PENDING_DATA_TEAM,holdout,True,
XO.LT06..HH.2018.07.11.19.58.12,P,201807,XO,LT06,EVENT,45.0,PENDING_DATA_TEAM,PENDING_DATA_TEAM,PENDING_DATA_TEAM,main,True,
XO.LT06..HH.2018.07.11.19.58.12,S,201807,XO,LT06,UNKNOWN,,PENDING_DATA_TEAM,PENDING_DATA_TEAM,PENDING_DATA_TEAM,main,False,expected_event_unknown_pending_data_team
XO.LT20..HH.2018.07.11.07.48.46,P,201807,XO,LT20,UNKNOWN,,PENDING_DATA_TEAM,PENDING_DATA_TEAM,PENDING_DATA_TEAM,main,False,expected_event_unknown_pending_data_team
XO.LT20..HH.2018.07.11.07.48.46,S,201807,XO,LT20,EVENT,44.99,PENDING_DATA_TEAM,PENDING_DATA_TEAM,PENDING_DATA_TEAM,main,True,
XO.LD44..HH.2018.07.11.07.48.16,P,201807,XO,LD44,EVENT,44.99,PENDING_DATA_TEAM,PENDING_DATA_TEAM,PENDING_DATA_TEAM,main,True,
XO.LD44..HH.2018.07.11.07.48.16,S,201807,XO,LD44,EVENT,60.27,PENDING_DATA_TEAM,PENDING_DATA_TEAM,PENDING_DATA_TEAM,main,True,
XO.LD41..HH.2018.07.11.17.47.02,P,201807,XO,LD41,EVENT,45.0,PENDING_DATA_TEAM,PENDING_DATA_TEAM,PENDING_DATA_TEAM,main,True,
XO.LD41..HH.2018.07.11.17.47.02,S,201807,XO,LD41,EVENT,71.53,PENDING_DATA_TEAM,PENDING_DATA_TEAM,PENDING_DATA_TEAM,main,True,
XO.LD41..HH.2018.07.12.00.45.58,P,201807,XO,LD41,EVENT,45.0,PENDING_DATA_TEAM,PENDING_DATA_TEAM,PENDING_DATA_TEAM,holdout,True,
XO.LD41..HH.2018.07.12.00.45.58,S,201807,XO,LD41,EVENT,69.43,PENDING_DATA_TEAM,PENDING_DATA_TEAM,PENDING_DATA_TEAM,holdout,True,
XO.LT04..HH.2018.07.12.02.05.29,P,201807,XO,LT04,EVENT,44.99,PENDING_DATA_TEAM,PENDING_DATA_TEAM,PENDING_DATA_TEAM,main,True,
XO.LT04..HH.2018.07.12.02.05.29,S,201807,XO,LT04,EVENT,76.12,PENDING_DATA_TEAM,PENDING_DATA_TEAM,PENDING_DATA_TEAM,main,True,
XO.LD38..HH.2018.07.12.02.05.23,P,201807,XO,LD38,UNKNOWN,,PENDING_DATA_TEAM,PENDING_DATA_TEAM,PENDING_DATA_TEAM,main,False,expected_event_unknown_pending_data_team
XO.LD38..HH.2018.07.12.02.05.23,S,201807,XO,LD38,EVENT,45.0,PENDING_DATA_TEAM,PENDING_DATA_TEAM,PENDING_DATA_TEAM,main,True,
XO.LT06..HH.2018.07.12.02.57.14,P,201807,XO,LT06,EVENT,44.99,PENDING_DATA_TEAM,PENDING_DATA_TEAM,PENDING_DATA_TEAM,main,True,
XO.LT06..HH.2018.07.12.02.57.14,S,201807,XO,LT06,EVENT,53.01,PENDING_DATA_TEAM,PENDING_DATA_TEAM,PENDING_DATA_TEAM,main,True,
XO.LT09..HH.2018.07.12.02.57.23,P,201807,XO,LT09,EVENT,44.99,PENDING_DATA_TEAM,PENDING_DATA_TEAM,PENDING_DATA_TEAM,main,True,
XO.LT09..HH.2018.07.12.02.57.23,S,201807,XO,LT09,UNKNOWN,,PENDING_DATA_TEAM,PENDING_DATA_TEAM,PENDING_DATA_TEAM,main,False,expected_event_unknown_pending_data_team
XO.LD41..HH.2018.07.12.02.57.39,P,201807,XO,LD41,EVENT,45.0,PENDING_DATA_TEAM,PENDING_DATA_TEAM,PENDING_DATA_TEAM,holdout,True,
XO.LD41..HH.2018.07.12.02.57.39,S,201807,XO,LD41,UNKNOWN,,PENDING_DATA_TEAM,PENDING_DATA_TEAM,PENDING_DATA_TEAM,holdout,False,expected_event_unknown_pending_data_team
XO.LA34..HH.2018.07.12.02.57.39,P,201807,XO,LA34,EVENT,44.99,PENDING_DATA_TEAM,PENDING_DATA_TEAM,PENDING_DATA_TEAM,holdout,True,
XO.LA34..HH.2018.07.12.02.57.39,S,201807,XO,LA34,UNKNOWN,,PENDING_DATA_TEAM,PENDING_DATA_TEAM,PENDING_DATA_TEAM,holdout,False,expected_event_unknown_pending_data_team
XO.LD41..HH.2018.07.12.08.20.27,P,201807,XO,LD41,EVENT,44.99,PENDING_DATA_TEAM,PENDING_DATA_TEAM,PENDING_DATA_TEAM,main,True,
XO.LD41..HH.2018.07.12.08.20.27,S,201807,XO,LD41,EVENT,60.18,PENDING_DATA_TEAM,PENDING_DATA_TEAM,PENDING_DATA_TEAM,main,True,
XO.LA39..HH.2018.07.12.08.20.45,P,201807,XO,LA39,UNKNOWN,,PENDING_DATA_TEAM,PENDING_DATA_TEAM,PENDING_DATA_TEAM,main,False,expected_event_unknown_pending_data_team
XO.LA39..HH.2018.07.12.08.20.45,S,201807,XO,LA39,EVENT,45.0,PENDING_DATA_TEAM,PENDING_DATA_TEAM,PENDING_DATA_TEAM,main,True,
XO.LT07..HH.2018.07.12.21.03.00,P,201807,XO,LT07,EVENT,45.0,PENDING_DATA_TEAM,PENDING_DATA_TEAM,PENDING_DATA_TEAM,main,True,
XO.LT07..HH.2018.07.12.21.03.00,S,201807,XO,LT07,UNKNOWN,,PENDING_DATA_TEAM,PENDING_DATA_TEAM,PENDING_DATA_TEAM,main,False,expected_event_unknown_pending_data_team
XO.LT12..HH.2018.07.12.21.03.12,P,201807,XO,LT12,EVENT,45.0,PENDING_DATA_TEAM,PENDING_DATA_TEAM,PENDING_DATA_TEAM,main,True,
XO.LT12..HH.2018.07.12.21.03.12,S,201807,XO,LT12,EVENT,70.49,PENDING_DATA_TEAM,PENDING_DATA_TEAM,PENDING_DATA_TEAM,main,True,
XO.LT06..HH.2018.07.12.23.34.15,P,201807,XO,LT06,EVENT,44.99,PENDING_DATA_TEAM,PENDING_DATA_TEAM,PENDING_DATA_TEAM,main,True,
XO.LT06..HH.2018.07.12.23.34.15,S,201807,XO,LT06,EVENT,51.53,PENDING_DATA_TEAM,PENDING_DATA_TEAM,PENDING_DATA_TEAM,main,True,
XO.LD40..HH.2018.07.12.00.37.42,P,201807,XO,LD40,UNKNOWN,,PENDING_DATA_TEAM,PENDING_DATA_TEAM,PENDING_DATA_TEAM,main,False,expected_event_unknown_pending_data_team
XO.LD40..HH.2018.07.12.00.37.42,S,201807,XO,LD40,EVENT,45.0,PENDING_DATA_TEAM,PENDING_DATA_TEAM,PENDING_DATA_TEAM,main,True,
XO.LT01..HH.2018.07.12.00.47.49,P,201807,XO,LT01,UNKNOWN,,PENDING_DATA_TEAM,PENDING_DATA_TEAM,PENDING_DATA_TEAM,main,False,expected_event_unknown_pending_data_team
XO.LT01..HH.2018.07.12.00.47.49,S,201807,XO,LT01,EVENT,44.99,PENDING_DATA_TEAM,PENDING_DATA_TEAM,PENDING_DATA_TEAM,main,True,
XO.LD41..HH.2018.07.12.00.47.35,P,201807,XO,LD41,EVENT,44.99,PENDING_DATA_TEAM,PENDING_DATA_TEAM,PENDING_DATA_TEAM,holdout,True,
XO.LD41..HH.2018.07.12.00.47.35,S,201807,XO,LD41,EVENT,69.22,PENDING_DATA_TEAM,PENDING_DATA_TEAM,PENDING_DATA_TEAM,holdout,True,
XO.LA39..HH.2018.07.12.00.47.36,P,201807,XO,LA39,UNKNOWN,,PENDING_DATA_TEAM,PENDING_DATA_TEAM,PENDING_DATA_TEAM,main,False,expected_event_unknown_pending_data_team
XO.LA39..HH.2018.07.12.00.47.36,S,201807,XO,LA39,EVENT,44.99,PENDING_DATA_TEAM,PENDING_DATA_TEAM,PENDING_DATA_TEAM,main,True,
XO.LD41..HH.2018.07.12.01.45.08,P,201807,XO,LD41,EVENT,45.0,PENDING_DATA_TEAM,PENDING_DATA_TEAM,PENDING_DATA_TEAM,main,True,
XO.LD41..HH.2018.07.12.01.45.08,S,201807,XO,LD41,UNKNOWN,,PENDING_DATA_TEAM,PENDING_DATA_TEAM,PENDING_DATA_TEAM,main,False,expected_event_unknown_pending_data_team
XO.LT01..HH.2018.07.12.06.43.21,P,201807,XO,LT01,UNKNOWN,,PENDING_DATA_TEAM,PENDING_DATA_TEAM,PENDING_DATA_TEAM,main,False,expected_event_unknown_pending_data_team
XO.LT01..HH.2018.07.12.06.43.21,S,201807,XO,LT01,EVENT,44.99,PENDING_DATA_TEAM,PENDING_DATA_TEAM,PENDING_DATA_TEAM,main,True,
XO.LD40..HH.2018.07.12.07.07.16,P,201807,XO,LD40,UNKNOWN,,PENDING_DATA_TEAM,PENDING_DATA_TEAM,PENDING_DATA_TEAM,main,False,expected_event_unknown_pending_data_team
XO.LD40..HH.2018.07.12.07.07.16,S,201807,XO,LD40,EVENT,44.99,PENDING_DATA_TEAM,PENDING_DATA_TEAM,PENDING_DATA_TEAM,main,True,
XO.LT04..HH.2018.07.12.08.32.02,P,201807,XO,LT04,UNKNOWN,,PENDING_DATA_TEAM,PENDING_DATA_TEAM,PENDING_DATA_TEAM,main,False,expected_event_unknown_pending_data_team
XO.LT04..HH.2018.07.12.08.32.02,S,201807,XO,LT04,EVENT,44.99,PENDING_DATA_TEAM,PENDING_DATA_TEAM,PENDING_DATA_TEAM,main,True,
XO.LT01..HH.2018.07.12.09.38.55,P,201807,XO,LT01,UNKNOWN,,PENDING_DATA_TEAM,PENDING_DATA_TEAM,PENDING_DATA_TEAM,main,False,expected_event_unknown_pending_data_team
XO.LT01..HH.2018.07.12.09.38.55,S,201807,XO,LT01,EVENT,44.99,PENDING_DATA_TEAM,PENDING_DATA_TEAM,PENDING_DATA_TEAM,main,True,
XO.LT17..HH.2018.07.12.10.25.09,P,201807,XO,LT17,UNKNOWN,,PENDING_DATA_TEAM,PENDING_DATA_TEAM,PENDING_DATA_TEAM,main,False,expected_event_unknown_pending_data_team
XO.LT17..HH.2018.07.12.10.25.09,S,201807,XO,LT17,EVENT,45.0,PENDING_DATA_TEAM,PENDING_DATA_TEAM,PENDING_DATA_TEAM,main,True,
XO.LA39..HH.2018.07.12.14.39.37,P,201807,XO,LA39,UNKNOWN,,PENDING_DATA_TEAM,PENDING_DATA_TEAM,PENDING_DATA_TEAM,main,False,expected_event_unknown_pending_data_team
XO.LA39..HH.2018.07.12.14.39.37,S,201807,XO,LA39,EVENT,44.99,PENDING_DATA_TEAM,PENDING_DATA_TEAM,PENDING_DATA_TEAM,main,True,
XO.LA33..HH.2018.07.13.07.11.32,P,201807,XO,LA33,EVENT,44.99,PENDING_DATA_TEAM,PENDING_DATA_TEAM,PENDING_DATA_TEAM,main,True,
XO.LA33..HH.2018.07.13.07.11.32,S,201807,XO,LA33,EVENT,63.28,PENDING_DATA_TEAM,PENDING_DATA_TEAM,PENDING_DATA_TEAM,main,True,
XO.LT01..HH.2018.07.13.10.08.23,P,201807,XO,LT01,UNKNOWN,,PENDING_DATA_TEAM,PENDING_DATA_TEAM,PENDING_DATA_TEAM,main,False,expected_event_unknown_pending_data_team
XO.LT01..HH.2018.07.13.10.08.23,S,201807,XO,LT01,EVENT,45.0,PENDING_DATA_TEAM,PENDING_DATA_TEAM,PENDING_DATA_TEAM,main,True,
XO.LA39..HH.2018.07.13.21.32.30,P,201807,XO,LA39,EVENT,45.0,PENDING_DATA_TEAM,PENDING_DATA_TEAM,PENDING_DATA_TEAM,main,True,
XO.LA39..HH.2018.07.13.21.32.30,S,201807,XO,LA39,EVENT,60.11,PENDING_DATA_TEAM,PENDING_DATA_TEAM,PENDING_DATA_TEAM,main,True,
XO.LD41..HH.2018.07.13.21.32.49,P,201807,XO,LD41,EVENT,44.99,PENDING_DATA_TEAM,PENDING_DATA_TEAM,PENDING_DATA_TEAM,main,True,
XO.LD41..HH.2018.07.13.21.32.49,S,201807,XO,LD41,EVENT,74.58,PENDING_DATA_TEAM,PENDING_DATA_TEAM,PENDING_DATA_TEAM,main,True,
XO.LD41..HH.2018.07.13.22.30.43,P,201807,XO,LD41,EVENT,44.99,PENDING_DATA_TEAM,PENDING_DATA_TEAM,PENDING_DATA_TEAM,main,True,
XO.LD41..HH.2018.07.13.22.30.43,S,201807,XO,LD41,EVENT,75.26,PENDING_DATA_TEAM,PENDING_DATA_TEAM,PENDING_DATA_TEAM,main,True,
XO.WD46..HH.2018.07.13.22.30.13,P,201807,XO,WD46,EVENT,45.0,PENDING_DATA_TEAM,PENDING_DATA_TEAM,PENDING_DATA_TEAM,main,True,
XO.WD46..HH.2018.07.13.22.30.13,S,201807,XO,WD46,UNKNOWN,,PENDING_DATA_TEAM,PENDING_DATA_TEAM,PENDING_DATA_TEAM,main,False,expected_event_unknown_pending_data_team
XO.LA39..HH.2018.07.13.11.44.00,P,201807,XO,LA39,UNKNOWN,,PENDING_DATA_TEAM,PENDING_DATA_TEAM,PENDING_DATA_TEAM,holdout,False,expected_event_unknown_pending_data_team
XO.LA39..HH.2018.07.13.11.44.00,S,201807,XO,LA39,EVENT,45.0,PENDING_DATA_TEAM,PENDING_DATA_TEAM,PENDING_DATA_TEAM,holdout,True,
XO.LD40..HH.2018.07.14.15.38.46,P,201807,XO,LD40,EVENT,44.99,PENDING_DATA_TEAM,PENDING_DATA_TEAM,PENDING_DATA_TEAM,holdout,True,
XO.LD40..HH.2018.07.14.15.38.46,S,201807,XO,LD40,EVENT,66.45,PENDING_DATA_TEAM,PENDING_DATA_TEAM,PENDING_DATA_TEAM,holdout,True,
XO.LA39..HH.2018.07.14.19.00.28,P,201807,XO,LA39,EVENT,45.0,PENDING_DATA_TEAM,PENDING_DATA_TEAM,PENDING_DATA_TEAM,main,True,
XO.LA39..HH.2018.07.14.19.00.28,S,201807,XO,LA39,EVENT,62.01,PENDING_DATA_TEAM,PENDING_DATA_TEAM,PENDING_DATA_TEAM,main,True,
XO.LD40..HH.2018.07.14.19.27.17,P,201807,XO,LD40,UNKNOWN,,PENDING_DATA_TEAM,PENDING_DATA_TEAM,PENDING_DATA_TEAM,main,False,expected_event_unknown_pending_data_team
XO.LD40..HH.2018.07.14.19.27.17,S,201807,XO,LD40,EVENT,45.0,PENDING_DATA_TEAM,PENDING_DATA_TEAM,PENDING_DATA_TEAM,main,True,
XO.LD41..HH.2018.07.14.19.27.36,P,201807,XO,LD41,UNKNOWN,,PENDING_DATA_TEAM,PENDING_DATA_TEAM,PENDING_DATA_TEAM,main,False,expected_event_unknown_pending_data_team
XO.LD41..HH.2018.07.14.19.27.36,S,201807,XO,LD41,EVENT,44.99,PENDING_DATA_TEAM,PENDING_DATA_TEAM,PENDING_DATA_TEAM,main,True,
XO.LA33..HH.2018.07.15.00.14.08,P,201807,XO,LA33,EVENT,45.0,PENDING_DATA_TEAM,PENDING_DATA_TEAM,PENDING_DATA_TEAM,main,True,
XO.LA33..HH.2018.07.15.00.14.08,S,201807,XO,LA33,EVENT,56.18,PENDING_DATA_TEAM,PENDING_DATA_TEAM,PENDING_DATA_TEAM,main,True,
XO.LA29..HH.2018.07.15.00.14.14,P,201807,XO,LA29,EVENT,45.0,PENDING_DATA_TEAM,PENDING_DATA_TEAM,PENDING_DATA_TEAM,main,True,
XO.LA29..HH.2018.07.15.00.14.14,S,201807,XO,LA29,EVENT,59.98,PENDING_DATA_TEAM,PENDING_DATA_TEAM,PENDING_DATA_TEAM,main,True,
XO.LT14..HH.2018.07.15.00.14.28,P,201807,XO,LT14,EVENT,44.99,PENDING_DATA_TEAM,PENDING_DATA_TEAM,PENDING_DATA_TEAM,holdout,True,
XO.LT14..HH.2018.07.15.00.14.28,S,201807,XO,LT14,UNKNOWN,,PENDING_DATA_TEAM,PENDING_DATA_TEAM,PENDING_DATA_TEAM,holdout,False,expected_event_unknown_pending_data_team
XO.LT10..HH.2018.07.15.00.14.29,P,201807,XO,LT10,EVENT,45.0,PENDING_DATA_TEAM,PENDING_DATA_TEAM,PENDING_DATA_TEAM,main,True,
XO.LT10..HH.2018.07.15.00.14.29,S,201807,XO,LT10,EVENT,72.05,PENDING_DATA_TEAM,PENDING_DATA_TEAM,PENDING_DATA_TEAM,main,True,
XO.LA23..HH.2018.07.15.00.15.03,P,201807,XO,LA23,UNKNOWN,,PENDING_DATA_TEAM,PENDING_DATA_TEAM,PENDING_DATA_TEAM,main,False,expected_event_unknown_pending_data_team
XO.LA23..HH.2018.07.15.00.15.03,S,201807,XO,LA23,EVENT,44.99,PENDING_DATA_TEAM,PENDING_DATA_TEAM,PENDING_DATA_TEAM,main,True,
XO.LA34..HH.2018.07.15.01.52.47,P,201807,XO,LA34,EVENT,44.99,PENDING_DATA_TEAM,PENDING_DATA_TEAM,PENDING_DATA_TEAM,main,True,
XO.LA34..HH.2018.07.15.01.52.47,S,201807,XO,LA34,EVENT,55.86,PENDING_DATA_TEAM,PENDING_DATA_TEAM,PENDING_DATA_TEAM,main,True,
XO.LD36..HH.2018.07.15.01.53.00,P,201807,XO,LD36,EVENT,44.99,PENDING_DATA_TEAM,PENDING_DATA_TEAM,PENDING_DATA_TEAM,main,True,
XO.LD36..HH.2018.07.15.01.53.00,S,201807,XO,LD36,EVENT,64.76,PENDING_DATA_TEAM,PENDING_DATA_TEAM,PENDING_DATA_TEAM,main,True,
XO.LT04..HH.2018.07.16.00.19.34,P,201807,XO,LT04,UNKNOWN,,PENDING_DATA_TEAM,PENDING_DATA_TEAM,PENDING_DATA_TEAM,holdout,False,expected_event_unknown_pending_data_team
XO.LT04..HH.2018.07.16.00.19.34,S,201807,XO,LT04,EVENT,44.99,PENDING_DATA_TEAM,PENDING_DATA_TEAM,PENDING_DATA_TEAM,holdout,True,
XO.WD49..HH.2018.07.16.08.15.57,P,201807,XO,WD49,EVENT,44.99,PENDING_DATA_TEAM,PENDING_DATA_TEAM,PENDING_DATA_TEAM,holdout,True,
XO.WD49..HH.2018.07.16.08.15.57,S,201807,XO,WD49,UNKNOWN,,PENDING_DATA_TEAM,PENDING_DATA_TEAM,PENDING_DATA_TEAM,holdout,False,expected_event_unknown_pending_data_team
XO.LA39..HH.2018.07.16.22.51.24,P,201807,XO,LA39,EVENT,45.0,PENDING_DATA_TEAM,PENDING_DATA_TEAM,PENDING_DATA_TEAM,main,True,
XO.LA39..HH.2018.07.16.22.51.24,S,201807,XO,LA39,EVENT,62.57,PENDING_DATA_TEAM,PENDING_DATA_TEAM,PENDING_DATA_TEAM,main,True,
XO.LT17..HH.2018.07.16.07.24.24,P,201807,XO,LT17,EVENT,44.99,PENDING_DATA_TEAM,PENDING_DATA_TEAM,PENDING_DATA_TEAM,main,True,
XO.LT17..HH.2018.07.16.07.24.24,S,201807,XO,LT17,EVENT,50.09,PENDING_DATA_TEAM,PENDING_DATA_TEAM,PENDING_DATA_TEAM,main,True,
XO.LT20..HH.2018.07.16.07.24.44,P,201807,XO,LT20,UNKNOWN,,PENDING_DATA_TEAM,PENDING_DATA_TEAM,PENDING_DATA_TEAM,main,False,expected_event_unknown_pending_data_team
XO.LT20..HH.2018.07.16.07.24.44,S,201807,XO,LT20,EVENT,44.99,PENDING_DATA_TEAM,PENDING_DATA_TEAM,PENDING_DATA_TEAM,main,True,
XO.LD40..HH.2018.07.16.11.35.05,P,201807,XO,LD40,UNKNOWN,,PENDING_DATA_TEAM,PENDING_DATA_TEAM,PENDING_DATA_TEAM,main,False,expected_event_unknown_pending_data_team
XO.LD40..HH.2018.07.16.11.35.05,S,201807,XO,LD40,EVENT,44.99,PENDING_DATA_TEAM,PENDING_DATA_TEAM,PENDING_DATA_TEAM,main,True,
XO.LT18..HH.2018.07.17.03.30.59,P,201807,XO,LT18,EVENT,44.99,PENDING_DATA_TEAM,PENDING_DATA_TEAM,PENDING_DATA_TEAM,main,True,
XO.LT18..HH.2018.07.17.03.30.59,S,201807,XO,LT18,EVENT,58.8,PENDING_DATA_TEAM,PENDING_DATA_TEAM,PENDING_DATA_TEAM,main,True,
XO.LT12..HH.2018.07.17.03.31.00,P,201807,XO,LT12,EVENT,44.99,PENDING_DATA_TEAM,PENDING_DATA_TEAM,PENDING_DATA_TEAM,holdout,True,
XO.LT12..HH.2018.07.17.03.31.00,S,201807,XO,LT12,EVENT,60.63,PENDING_DATA_TEAM,PENDING_DATA_TEAM,PENDING_DATA_TEAM,holdout,True,
XO.LA34..HH.2018.07.17.03.31.05,P,201807,XO,LA34,EVENT,45.0,PENDING_DATA_TEAM,PENDING_DATA_TEAM,PENDING_DATA_TEAM,main,True,
XO.LA34..HH.2018.07.17.03.31.05,S,201807,XO,LA34,EVENT,64.55,PENDING_DATA_TEAM,PENDING_DATA_TEAM,PENDING_DATA_TEAM,main,True,
XO.LD36..HH.2018.07.17.03.31.15,P,201807,XO,LD36,EVENT,44.99,PENDING_DATA_TEAM,PENDING_DATA_TEAM,PENDING_DATA_TEAM,main,True,
XO.LD36..HH.2018.07.17.03.31.15,S,201807,XO,LD36,UNKNOWN,,PENDING_DATA_TEAM,PENDING_DATA_TEAM,PENDING_DATA_TEAM,main,False,expected_event_unknown_pending_data_team
XO.LD44..HH.2018.07.17.03.31.27,P,201807,XO,LD44,UNKNOWN,,PENDING_DATA_TEAM,PENDING_DATA_TEAM,PENDING_DATA_TEAM,main,False,expected_event_unknown_pending_data_team
XO.LD44..HH.2018.07.17.03.31.27,S,201807,XO,LD44,EVENT,45.0,PENDING_DATA_TEAM,PENDING_DATA_TEAM,PENDING_DATA_TEAM,main,True,
XO.WD49..HH.2018.07.17.02.33.12,P,201807,XO,WD49,EVENT,44.99,PENDING_DATA_TEAM,PENDING_DATA_TEAM,PENDING_DATA_TEAM,main,True,
XO.WD49..HH.2018.07.17.02.33.12,S,201807,XO,WD49,EVENT,68.04,PENDING_DATA_TEAM,PENDING_DATA_TEAM,PENDING_DATA_TEAM,main,True,
XO.LD41..HH.2018.07.17.02.33.20,P,201807,XO,LD41,EVENT,45.0,PENDING_DATA_TEAM,PENDING_DATA_TEAM,PENDING_DATA_TEAM,main,True,
XO.LD41..HH.2018.07.17.02.33.20,S,201807,XO,LD41,UNKNOWN,,PENDING_DATA_TEAM,PENDING_DATA_TEAM,PENDING_DATA_TEAM,main,False,expected_event_unknown_pending_data_team
XO.LT06..HH.2018.07.17.17.34.45,P,201807,XO,LT06,EVENT,44.99,PENDING_DATA_TEAM,PENDING_DATA_TEAM,PENDING_DATA_TEAM,holdout,True,
XO.LT06..HH.2018.07.17.17.34.45,S,201807,XO,LT06,EVENT,57.26,PENDING_DATA_TEAM,PENDING_DATA_TEAM,PENDING_DATA_TEAM,holdout,True,
XO.LA26..HH.2018.07.17.17.35.05,P,201807,XO,LA26,EVENT,44.99,PENDING_DATA_TEAM,PENDING_DATA_TEAM,PENDING_DATA_TEAM,main,True,
XO.LA26..HH.2018.07.17.17.35.05,S,201807,XO,LA26,UNKNOWN,,PENDING_DATA_TEAM,PENDING_DATA_TEAM,PENDING_DATA_TEAM,main,False,expected_event_unknown_pending_data_team
XO.LT20..HH.2018.07.17.21.17.43,P,201807,XO,LT20,UNKNOWN,,PENDING_DATA_TEAM,PENDING_DATA_TEAM,PENDING_DATA_TEAM,main,False,expected_event_unknown_pending_data_team
XO.LT20..HH.2018.07.17.21.17.43,S,201807,XO,LT20,EVENT,45.0,PENDING_DATA_TEAM,PENDING_DATA_TEAM,PENDING_DATA_TEAM,main,True,
XO.LA34..HH.2018.07.18.11.56.27,P,201807,XO,LA34,EVENT,45.0,PENDING_DATA_TEAM,PENDING_DATA_TEAM,PENDING_DATA_TEAM,main,True,
XO.LA34..HH.2018.07.18.11.56.27,S,201807,XO,LA34,UNKNOWN,,PENDING_DATA_TEAM,PENDING_DATA_TEAM,PENDING_DATA_TEAM,main,False,expected_event_unknown_pending_data_team
XO.WD52..HH.2018.07.18.19.05.35,P,201807,XO,WD52,EVENT,45.0,PENDING_DATA_TEAM,PENDING_DATA_TEAM,PENDING_DATA_TEAM,main,True,
XO.WD52..HH.2018.07.18.19.05.35,S,201807,XO,WD52,UNKNOWN,,PENDING_DATA_TEAM,PENDING_DATA_TEAM,PENDING_DATA_TEAM,main,False,expected_event_unknown_pending_data_team
XO.LA34..HH.2018.07.18.19.05.40,P,201807,XO,LA34,EVENT,45.0,PENDING_DATA_TEAM,PENDING_DATA_TEAM,PENDING_DATA_TEAM,holdout,True,
XO.LA34..HH.2018.07.18.19.05.40,S,201807,XO,LA34,EVENT,61.3,PENDING_DATA_TEAM,PENDING_DATA_TEAM,PENDING_DATA_TEAM,holdout,True,
XO.WD60..HH.2018.07.18.19.06.03,P,201807,XO,WD60,EVENT,45.0,PENDING_DATA_TEAM,PENDING_DATA_TEAM,PENDING_DATA_TEAM,holdout,True,
XO.WD60..HH.2018.07.18.19.06.03,S,201807,XO,WD60,UNKNOWN,,PENDING_DATA_TEAM,PENDING_DATA_TEAM,PENDING_DATA_TEAM,holdout,False,expected_event_unknown_pending_data_team
XO.LT18..HH.2018.07.18.19.19.45,P,201807,XO,LT18,EVENT,44.99,PENDING_DATA_TEAM,PENDING_DATA_TEAM,PENDING_DATA_TEAM,holdout,True,
XO.LT18..HH.2018.07.18.19.19.45,S,201807,XO,LT18,EVENT,51.42,PENDING_DATA_TEAM,PENDING_DATA_TEAM,PENDING_DATA_TEAM,holdout,True,
XO.LD44..HH.2018.07.18.19.19.52,P,201807,XO,LD44,EVENT,44.99,PENDING_DATA_TEAM,PENDING_DATA_TEAM,PENDING_DATA_TEAM,main,True,
XO.LD44..HH.2018.07.18.19.19.52,S,201807,XO,LD44,EVENT,55.49,PENDING_DATA_TEAM,PENDING_DATA_TEAM,PENDING_DATA_TEAM,main,True,
XO.LT20..HH.2018.07.18.19.23.10,P,201807,XO,LT20,EVENT,44.99,PENDING_DATA_TEAM,PENDING_DATA_TEAM,PENDING_DATA_TEAM,main,True,
XO.LT20..HH.2018.07.18.19.23.10,S,201807,XO,LT20,EVENT,53.71,PENDING_DATA_TEAM,PENDING_DATA_TEAM,PENDING_DATA_TEAM,main,True,
XO.LT18..HH.2018.07.18.01.55.25,P,201807,XO,LT18,UNKNOWN,,PENDING_DATA_TEAM,PENDING_DATA_TEAM,PENDING_DATA_TEAM,main,False,expected_event_unknown_pending_data_team
XO.LT18..HH.2018.07.18.01.55.25,S,201807,XO,LT18,EVENT,44.99,PENDING_DATA_TEAM,PENDING_DATA_TEAM,PENDING_DATA_TEAM,main,True,
XO.LA29..HH.2018.07.18.01.55.31,P,201807,XO,LA29,UNKNOWN,,PENDING_DATA_TEAM,PENDING_DATA_TEAM,PENDING_DATA_TEAM,main,False,expected_event_unknown_pending_data_team
XO.LA29..HH.2018.07.18.01.55.31,S,201807,XO,LA29,EVENT,45.0,PENDING_DATA_TEAM,PENDING_DATA_TEAM,PENDING_DATA_TEAM,main,True,
XO.WD58..HH.2018.07.18.14.07.46,P,201807,XO,WD58,EVENT,44.99,PENDING_DATA_TEAM,PENDING_DATA_TEAM,PENDING_DATA_TEAM,main,True,
XO.WD58..HH.2018.07.18.14.07.46,S,201807,XO,WD58,UNKNOWN,,PENDING_DATA_TEAM,PENDING_DATA_TEAM,PENDING_DATA_TEAM,main,False,expected_event_unknown_pending_data_team
XO.LD40..HH.2018.07.18.18.47.37,P,201807,XO,LD40,UNKNOWN,,PENDING_DATA_TEAM,PENDING_DATA_TEAM,PENDING_DATA_TEAM,main,False,expected_event_unknown_pending_data_team
XO.LD40..HH.2018.07.18.18.47.37,S,201807,XO,LD40,EVENT,45.0,PENDING_DATA_TEAM,PENDING_DATA_TEAM,PENDING_DATA_TEAM,main,True,
XO.WS75..HH.2018.07.19.02.27.41,P,201807,XO,WS75,EVENT,45.0,PENDING_DATA_TEAM,PENDING_DATA_TEAM,PENDING_DATA_TEAM,holdout,True,
XO.WS75..HH.2018.07.19.02.27.41,S,201807,XO,WS75,UNKNOWN,,PENDING_DATA_TEAM,PENDING_DATA_TEAM,PENDING_DATA_TEAM,holdout,False,expected_event_unknown_pending_data_team
XO.LT13..HH.2018.07.19.02.27.56,P,201807,XO,LT13,EVENT,44.99,PENDING_DATA_TEAM,PENDING_DATA_TEAM,PENDING_DATA_TEAM,main,True,
XO.LT13..HH.2018.07.19.02.27.56,S,201807,XO,LT13,UNKNOWN,,PENDING_DATA_TEAM,PENDING_DATA_TEAM,PENDING_DATA_TEAM,main,False,expected_event_unknown_pending_data_team
XO.LT16..HH.2018.07.19.02.27.59,P,201807,XO,LT16,EVENT,45.0,PENDING_DATA_TEAM,PENDING_DATA_TEAM,PENDING_DATA_TEAM,main,True,
XO.LT16..HH.2018.07.19.02.27.59,S,201807,XO,LT16,UNKNOWN,,PENDING_DATA_TEAM,PENDING_DATA_TEAM,PENDING_DATA_TEAM,main,False,expected_event_unknown_pending_data_team
XO.LT14..HH.2018.07.19.02.28.04,P,201807,XO,LT14,EVENT,44.99,PENDING_DATA_TEAM,PENDING_DATA_TEAM,PENDING_DATA_TEAM,main,True,
XO.LT14..HH.2018.07.19.02.28.04,S,201807,XO,LT14,UNKNOWN,,PENDING_DATA_TEAM,PENDING_DATA_TEAM,PENDING_DATA_TEAM,main,False,expected_event_unknown_pending_data_team
XO.WD63..HH.2018.07.19.02.28.07,P,201807,XO,WD63,EVENT,45.0,PENDING_DATA_TEAM,PENDING_DATA_TEAM,PENDING_DATA_TEAM,holdout,True,
XO.WD63..HH.2018.07.19.02.28.07,S,201807,XO,WD63,UNKNOWN,,PENDING_DATA_TEAM,PENDING_DATA_TEAM,PENDING_DATA_TEAM,holdout,False,expected_event_unknown_pending_data_team
XO.WD60..HH.2018.07.19.02.28.15,P,201807,XO,WD60,EVENT,45.0,PENDING_DATA_TEAM,PENDING_DATA_TEAM,PENDING_DATA_TEAM,main,True,
XO.WD60..HH.2018.07.19.02.28.15,S,201807,XO,WD60,UNKNOWN,,PENDING_DATA_TEAM,PENDING_DATA_TEAM,PENDING_DATA_TEAM,main,False,expected_event_unknown_pending_data_team
XO.LD45..HH.2018.07.19.02.54.07,P,201807,XO,LD45,EVENT,45.0,PENDING_DATA_TEAM,PENDING_DATA_TEAM,PENDING_DATA_TEAM,holdout,True,
XO.LD45..HH.2018.07.19.02.54.07,S,201807,XO,LD45,EVENT,54.47,PENDING_DATA_TEAM,PENDING_DATA_TEAM,PENDING_DATA_TEAM,holdout,True,
XO.LT07..HH.2018.07.19.06.06.09,P,201807,XO,LT07,EVENT,44.99,PENDING_DATA_TEAM,PENDING_DATA_TEAM,PENDING_DATA_TEAM,holdout,True,
XO.LT07..HH.2018.07.19.06.06.09,S,201807,XO,LT07,EVENT,52.83,PENDING_DATA_TEAM,PENDING_DATA_TEAM,PENDING_DATA_TEAM,holdout,True,
XO.LT07..HH.2018.07.19.10.36.01,P,201807,XO,LT07,EVENT,44.99,PENDING_DATA_TEAM,PENDING_DATA_TEAM,PENDING_DATA_TEAM,holdout,True,
XO.LT07..HH.2018.07.19.10.36.01,S,201807,XO,LT07,UNKNOWN,,PENDING_DATA_TEAM,PENDING_DATA_TEAM,PENDING_DATA_TEAM,holdout,False,expected_event_unknown_pending_data_team
XO.LD36..HH.2018.07.19.10.36.09,P,201807,XO,LD36,EVENT,44.99,PENDING_DATA_TEAM,PENDING_DATA_TEAM,PENDING_DATA_TEAM,main,True,
XO.LD36..HH.2018.07.19.10.36.09,S,201807,XO,LD36,UNKNOWN,,PENDING_DATA_TEAM,PENDING_DATA_TEAM,PENDING_DATA_TEAM,main,False,expected_event_unknown_pending_data_team
XO.LA34..HH.2018.07.19.14.32.56,P,201807,XO,LA34,EVENT,45.0,PENDING_DATA_TEAM,PENDING_DATA_TEAM,PENDING_DATA_TEAM,main,True,
XO.LA34..HH.2018.07.19.14.32.56,S,201807,XO,LA34,EVENT,61.66,PENDING_DATA_TEAM,PENDING_DATA_TEAM,PENDING_DATA_TEAM,main,True,
XO.WD59..HH.2018.07.19.14.33.19,P,201807,XO,WD59,EVENT,45.0,PENDING_DATA_TEAM,PENDING_DATA_TEAM,PENDING_DATA_TEAM,main,True,
XO.WD59..HH.2018.07.19.14.33.19,S,201807,XO,WD59,EVENT,79.93,PENDING_DATA_TEAM,PENDING_DATA_TEAM,PENDING_DATA_TEAM,main,True,
XO.WD60..HH.2018.07.19.14.33.19,P,201807,XO,WD60,EVENT,45.0,PENDING_DATA_TEAM,PENDING_DATA_TEAM,PENDING_DATA_TEAM,holdout,True,
XO.WD60..HH.2018.07.19.14.33.19,S,201807,XO,WD60,EVENT,77.97,PENDING_DATA_TEAM,PENDING_DATA_TEAM,PENDING_DATA_TEAM,holdout,True,
XO.LA32..HH.2018.07.19.14.33.03,P,201807,XO,LA32,EVENT,45.0,PENDING_DATA_TEAM,PENDING_DATA_TEAM,PENDING_DATA_TEAM,main,True,
XO.LA32..HH.2018.07.19.14.33.03,S,201807,XO,LA32,EVENT,66.49,PENDING_DATA_TEAM,PENDING_DATA_TEAM,PENDING_DATA_TEAM,main,True,
XO.LA30..HH.2018.07.19.14.33.30,P,201807,XO,LA30,UNKNOWN,,PENDING_DATA_TEAM,PENDING_DATA_TEAM,PENDING_DATA_TEAM,main,False,expected_event_unknown_pending_data_team
XO.LA30..HH.2018.07.19.14.33.30,S,201807,XO,LA30,EVENT,44.99,PENDING_DATA_TEAM,PENDING_DATA_TEAM,PENDING_DATA_TEAM,main,True,
XO.LT20..HH.2018.07.19.14.32.44,P,201807,XO,LT20,EVENT,44.99,PENDING_DATA_TEAM,PENDING_DATA_TEAM,PENDING_DATA_TEAM,main,True,
XO.LT20..HH.2018.07.19.14.32.44,S,201807,XO,LT20,EVENT,53.63,PENDING_DATA_TEAM,PENDING_DATA_TEAM,PENDING_DATA_TEAM,main,True,
XO.LD44..HH.2018.07.19.14.32.49,P,201807,XO,LD44,EVENT,45.0,PENDING_DATA_TEAM,PENDING_DATA_TEAM,PENDING_DATA_TEAM,main,True,
XO.LD44..HH.2018.07.19.14.32.49,S,201807,XO,LD44,EVENT,56.68,PENDING_DATA_TEAM,PENDING_DATA_TEAM,PENDING_DATA_TEAM,main,True,
XO.WD60..HH.2018.07.19.15.04.49,P,201807,XO,WD60,UNKNOWN,,PENDING_DATA_TEAM,PENDING_DATA_TEAM,PENDING_DATA_TEAM,main,False,expected_event_unknown_pending_data_team
XO.WD60..HH.2018.07.19.15.04.49,S,201807,XO,WD60,EVENT,45.0,PENDING_DATA_TEAM,PENDING_DATA_TEAM,PENDING_DATA_TEAM,main,True,
XO.LT20..HH.2018.07.19.21.15.38,P,201807,XO,LT20,EVENT,44.99,PENDING_DATA_TEAM,PENDING_DATA_TEAM,PENDING_DATA_TEAM,main,True,
XO.LT20..HH.2018.07.19.21.15.38,S,201807,XO,LT20,EVENT,53.17,PENDING_DATA_TEAM,PENDING_DATA_TEAM,PENDING_DATA_TEAM,main,True,
XO.LT13..HH.2018.07.19.21.15.53,P,201807,XO,LT13,EVENT,44.99,PENDING_DATA_TEAM,PENDING_DATA_TEAM,PENDING_DATA_TEAM,main,True,
XO.LT13..HH.2018.07.19.21.15.53,S,201807,XO,LT13,UNKNOWN,,PENDING_DATA_TEAM,PENDING_DATA_TEAM,PENDING_DATA_TEAM,main,False,expected_event_unknown_pending_data_team
XO.LA28..HH.2018.07.19.21.16.06,P,201807,XO,LA28,EVENT,44.99,PENDING_DATA_TEAM,PENDING_DATA_TEAM,PENDING_DATA_TEAM,main,True,
XO.LA28..HH.2018.07.19.21.16.06,S,201807,XO,LA28,EVENT,73.36,PENDING_DATA_TEAM,PENDING_DATA_TEAM,PENDING_DATA_TEAM,main,True,
XO.WD49..HH.2018.07.19.03.27.23,P,201807,XO,WD49,EVENT,45.0,PENDING_DATA_TEAM,PENDING_DATA_TEAM,PENDING_DATA_TEAM,main,True,
XO.WD49..HH.2018.07.19.03.27.23,S,201807,XO,WD49,EVENT,67.13,PENDING_DATA_TEAM,PENDING_DATA_TEAM,PENDING_DATA_TEAM,main,True,
XO.LD41..HH.2018.07.19.09.30.03,P,201807,XO,LD41,EVENT,45.0,PENDING_DATA_TEAM,PENDING_DATA_TEAM,PENDING_DATA_TEAM,main,True,
XO.LD41..HH.2018.07.19.09.30.03,S,201807,XO,LD41,UNKNOWN,,PENDING_DATA_TEAM,PENDING_DATA_TEAM,PENDING_DATA_TEAM,main,False,expected_event_unknown_pending_data_team
XO.WD46..HH.2018.07.19.12.43.41,P,201807,XO,WD46,EVENT,44.99,PENDING_DATA_TEAM,PENDING_DATA_TEAM,PENDING_DATA_TEAM,main,True,
XO.WD46..HH.2018.07.19.12.43.41,S,201807,XO,WD46,UNKNOWN,,PENDING_DATA_TEAM,PENDING_DATA_TEAM,PENDING_DATA_TEAM,main,False,expected_event_unknown_pending_data_team
XO.LA39..HH.2018.07.19.12.43.50,P,201807,XO,LA39,EVENT,44.99,PENDING_DATA_TEAM,PENDING_DATA_TEAM,PENDING_DATA_TEAM,main,True,
XO.LA39..HH.2018.07.19.12.43.50,S,201807,XO,LA39,EVENT,60.62,PENDING_DATA_TEAM,PENDING_DATA_TEAM,PENDING_DATA_TEAM,main,True,
XO.LT17..HH.2018.07.19.14.15.51,P,201807,XO,LT17,EVENT,44.99,PENDING_DATA_TEAM,PENDING_DATA_TEAM,PENDING_DATA_TEAM,main,True,
XO.LT17..HH.2018.07.19.14.15.51,S,201807,XO,LT17,EVENT,53.06,PENDING_DATA_TEAM,PENDING_DATA_TEAM,PENDING_DATA_TEAM,main,True,
XO.LD44..HH.2018.07.19.14.15.56,P,201807,XO,LD44,EVENT,45.0,PENDING_DATA_TEAM,PENDING_DATA_TEAM,PENDING_DATA_TEAM,main,True,
XO.LD44..HH.2018.07.19.14.15.56,S,201807,XO,LD44,EVENT,56.51,PENDING_DATA_TEAM,PENDING_DATA_TEAM,PENDING_DATA_TEAM,main,True,
XO.WD62..HH.2018.07.19.14.16.15,P,201807,XO,WD62,EVENT,44.99,PENDING_DATA_TEAM,PENDING_DATA_TEAM,PENDING_DATA_TEAM,main,True,
XO.WD62..HH.2018.07.19.14.16.15,S,201807,XO,WD62,EVENT,70.95,PENDING_DATA_TEAM,PENDING_DATA_TEAM,PENDING_DATA_TEAM,main,True,
XO.WD64..HH.2018.07.19.14.16.20,P,201807,XO,WD64,EVENT,44.99,PENDING_DATA_TEAM,PENDING_DATA_TEAM,PENDING_DATA_TEAM,main,True,
XO.WD64..HH.2018.07.19.14.16.20,S,201807,XO,WD64,EVENT,75.49,PENDING_DATA_TEAM,PENDING_DATA_TEAM,PENDING_DATA_TEAM,main,True,
XO.LA25..HH.2018.07.19.14.16.25,P,201807,XO,LA25,EVENT,44.99,PENDING_DATA_TEAM,PENDING_DATA_TEAM,PENDING_DATA_TEAM,main,True,
XO.LA25..HH.2018.07.19.14.16.25,S,201807,XO,LA25,EVENT,79.18,PENDING_DATA_TEAM,PENDING_DATA_TEAM,PENDING_DATA_TEAM,main,True,
XO.LT20..HH.2018.07.19.14.25.14,P,201807,XO,LT20,EVENT,44.99,PENDING_DATA_TEAM,PENDING_DATA_TEAM,PENDING_DATA_TEAM,main,True,
XO.LT20..HH.2018.07.19.14.25.14,S,201807,XO,LT20,EVENT,59.1,PENDING_DATA_TEAM,PENDING_DATA_TEAM,PENDING_DATA_TEAM,main,True,
XO.LT18..HH.2018.07.19.14.25.08,P,201807,XO,LT18,EVENT,44.99,PENDING_DATA_TEAM,PENDING_DATA_TEAM,PENDING_DATA_TEAM,main,True,
XO.LT18..HH.2018.07.19.14.25.08,S,201807,XO,LT18,UNKNOWN,,PENDING_DATA_TEAM,PENDING_DATA_TEAM,PENDING_DATA_TEAM,main,False,expected_event_unknown_pending_data_team
XO.LA28..HH.2018.07.19.14.45.01,P,201807,XO,LA28,EVENT,44.99,PENDING_DATA_TEAM,PENDING_DATA_TEAM,PENDING_DATA_TEAM,holdout,True,
XO.LA28..HH.2018.07.19.14.45.01,S,201807,XO,LA28,EVENT,74.05,PENDING_DATA_TEAM,PENDING_DATA_TEAM,PENDING_DATA_TEAM,holdout,True,
XO.LD36..HH.2018.07.19.14.45.43,P,201807,XO,LD36,UNKNOWN,,PENDING_DATA_TEAM,PENDING_DATA_TEAM,PENDING_DATA_TEAM,main,False,expected_event_unknown_pending_data_team
XO.LD36..HH.2018.07.19.14.45.43,S,201807,XO,LD36,EVENT,44.99,PENDING_DATA_TEAM,PENDING_DATA_TEAM,PENDING_DATA_TEAM,main,True,
XO.WS75..HH.2018.07.19.15.24.20,P,201807,XO,WS75,EVENT,44.99,PENDING_DATA_TEAM,PENDING_DATA_TEAM,PENDING_DATA_TEAM,holdout,True,
XO.WS75..HH.2018.07.19.15.24.20,S,201807,XO,WS75,UNKNOWN,,PENDING_DATA_TEAM,PENDING_DATA_TEAM,PENDING_DATA_TEAM,holdout,False,expected_event_unknown_pending_data_team
XO.LT12..HH.2018.07.19.15.43.52,P,201807,XO,LT12,EVENT,45.0,PENDING_DATA_TEAM,PENDING_DATA_TEAM,PENDING_DATA_TEAM,main,True,
XO.LT12..HH.2018.07.19.15.43.52,S,201807,XO,LT12,EVENT,55.33,PENDING_DATA_TEAM,PENDING_DATA_TEAM,PENDING_DATA_TEAM,main,True,
XO.LT17..HH.2018.07.19.16.46.04,P,201807,XO,LT17,EVENT,44.99,PENDING_DATA_TEAM,PENDING_DATA_TEAM,PENDING_DATA_TEAM,main,True,
XO.LT17..HH.2018.07.19.16.46.04,S,201807,XO,LT17,EVENT,52.05,PENDING_DATA_TEAM,PENDING_DATA_TEAM,PENDING_DATA_TEAM,main,True,
XO.LD40..HH.2018.07.19.17.25.06,P,201807,XO,LD40,UNKNOWN,,PENDING_DATA_TEAM,PENDING_DATA_TEAM,PENDING_DATA_TEAM,main,False,expected_event_unknown_pending_data_team
XO.LD40..HH.2018.07.19.17.25.06,S,201807,XO,LD40,EVENT,45.0,PENDING_DATA_TEAM,PENDING_DATA_TEAM,PENDING_DATA_TEAM,main,True,
XO.LA39..HH.2018.07.20.10.42.20,P,201807,XO,LA39,EVENT,45.0,PENDING_DATA_TEAM,PENDING_DATA_TEAM,PENDING_DATA_TEAM,main,True,
XO.LA39..HH.2018.07.20.10.42.20,S,201807,XO,LA39,EVENT,62.36,PENDING_DATA_TEAM,PENDING_DATA_TEAM,PENDING_DATA_TEAM,main,True,
XO.LT18..HH.2018.07.20.16.23.18,P,201807,XO,LT18,EVENT,44.99,PENDING_DATA_TEAM,PENDING_DATA_TEAM,PENDING_DATA_TEAM,main,True,
XO.LT18..HH.2018.07.20.16.23.18,S,201807,XO,LT18,EVENT,59.76,PENDING_DATA_TEAM,PENDING_DATA_TEAM,PENDING_DATA_TEAM,main,True,
XO.LT17..HH.2018.07.20.16.23.20,P,201807,XO,LT17,EVENT,44.99,PENDING_DATA_TEAM,PENDING_DATA_TEAM,PENDING_DATA_TEAM,main,True,
XO.LT17..HH.2018.07.20.16.23.20,S,201807,XO,LT17,UNKNOWN,,PENDING_DATA_TEAM,PENDING_DATA_TEAM,PENDING_DATA_TEAM,main,False,expected_event_unknown_pending_data_team
XO.LT20..HH.2018.07.20.16.23.14,P,201807,XO,LT20,EVENT,44.99,PENDING_DATA_TEAM,PENDING_DATA_TEAM,PENDING_DATA_TEAM,main,True,
XO.LT20..HH.2018.07.20.16.23.14,S,201807,XO,LT20,EVENT,55.46,PENDING_DATA_TEAM,PENDING_DATA_TEAM,PENDING_DATA_TEAM,main,True,
XO.WD68..HH.2018.07.20.16.23.27,P,201807,XO,WD68,EVENT,44.99,PENDING_DATA_TEAM,PENDING_DATA_TEAM,PENDING_DATA_TEAM,main,True,
XO.WD68..HH.2018.07.20.16.23.27,S,201807,XO,WD68,UNKNOWN,,PENDING_DATA_TEAM,PENDING_DATA_TEAM,PENDING_DATA_TEAM,main,False,expected_event_unknown_pending_data_team
XO.LA29..HH.2018.07.20.16.23.42,P,201807,XO,LA29,EVENT,44.99,PENDING_DATA_TEAM,PENDING_DATA_TEAM,PENDING_DATA_TEAM,main,True,
XO.LA29..HH.2018.07.20.16.23.42,S,201807,XO,LA29,UNKNOWN,,PENDING_DATA_TEAM,PENDING_DATA_TEAM,PENDING_DATA_TEAM,main,False,expected_event_unknown_pending_data_team
XO.LT12..HH.2018.07.20.16.23.42,P,201807,XO,LT12,EVENT,45.0,PENDING_DATA_TEAM,PENDING_DATA_TEAM,PENDING_DATA_TEAM,main,True,
XO.LT12..HH.2018.07.20.16.23.42,S,201807,XO,LT12,EVENT,75.41,PENDING_DATA_TEAM,PENDING_DATA_TEAM,PENDING_DATA_TEAM,main,True,
XO.WD62..HH.2018.07.20.18.01.13,P,201807,XO,WD62,EVENT,45.0,PENDING_DATA_TEAM,PENDING_DATA_TEAM,PENDING_DATA_TEAM,main,True,
XO.WD62..HH.2018.07.20.18.01.13,S,201807,XO,WD62,UNKNOWN,,PENDING_DATA_TEAM,PENDING_DATA_TEAM,PENDING_DATA_TEAM,main,False,expected_event_unknown_pending_data_team
XO.LT10..HH.2018.07.20.18.01.18,P,201807,XO,LT10,EVENT,44.99,PENDING_DATA_TEAM,PENDING_DATA_TEAM,PENDING_DATA_TEAM,holdout,True,
XO.LT10..HH.2018.07.20.18.01.18,S,201807,XO,LT10,UNKNOWN,,PENDING_DATA_TEAM,PENDING_DATA_TEAM,PENDING_DATA_TEAM,holdout,False,expected_event_unknown_pending_data_team
XO.WD47..HH.2018.07.20.20.46.07,P,201807,XO,WD47,EVENT,45.0,PENDING_DATA_TEAM,PENDING_DATA_TEAM,PENDING_DATA_TEAM,main,True,
XO.WD47..HH.2018.07.20.20.46.07,S,201807,XO,WD47,UNKNOWN,,PENDING_DATA_TEAM,PENDING_DATA_TEAM,PENDING_DATA_TEAM,main,False,expected_event_unknown_pending_data_team
XO.LT07..HH.2018.07.20.06.33.44,P,201807,XO,LT07,EVENT,44.99,PENDING_DATA_TEAM,PENDING_DATA_TEAM,PENDING_DATA_TEAM,holdout,True,
XO.LT07..HH.2018.07.20.06.33.44,S,201807,XO,LT07,UNKNOWN,,PENDING_DATA_TEAM,PENDING_DATA_TEAM,PENDING_DATA_TEAM,holdout,False,expected_event_unknown_pending_data_team
XO.LT20..HH.2018.07.20.10.59.43,P,201807,XO,LT20,UNKNOWN,,PENDING_DATA_TEAM,PENDING_DATA_TEAM,PENDING_DATA_TEAM,holdout,False,expected_event_unknown_pending_data_team
XO.LT20..HH.2018.07.20.10.59.43,S,201807,XO,LT20,EVENT,45.0,PENDING_DATA_TEAM,PENDING_DATA_TEAM,PENDING_DATA_TEAM,holdout,True,
XO.LA39..HH.2018.07.20.16.07.41,P,201807,XO,LA39,EVENT,45.0,PENDING_DATA_TEAM,PENDING_DATA_TEAM,PENDING_DATA_TEAM,main,True,
XO.LA39..HH.2018.07.20.16.07.41,S,201807,XO,LA39,EVENT,58.93,PENDING_DATA_TEAM,PENDING_DATA_TEAM,PENDING_DATA_TEAM,main,True,
XO.LD45..HH.2018.07.21.07.58.08,P,201807,XO,LD45,EVENT,45.0,PENDING_DATA_TEAM,PENDING_DATA_TEAM,PENDING_DATA_TEAM,main,True,
XO.LD45..HH.2018.07.21.07.58.08,S,201807,XO,LD45,EVENT,55.23,PENDING_DATA_TEAM,PENDING_DATA_TEAM,PENDING_DATA_TEAM,main,True,
XO.WD67..HH.2018.07.21.07.58.28,P,201807,XO,WD67,EVENT,45.0,PENDING_DATA_TEAM,PENDING_DATA_TEAM,PENDING_DATA_TEAM,holdout,True,
XO.WD67..HH.2018.07.21.07.58.28,S,201807,XO,WD67,UNKNOWN,,PENDING_DATA_TEAM,PENDING_DATA_TEAM,PENDING_DATA_TEAM,holdout,False,expected_event_unknown_pending_data_team
XO.WD61..HH.2018.07.21.07.58.32,P,201807,XO,WD61,EVENT,44.99,PENDING_DATA_TEAM,PENDING_DATA_TEAM,PENDING_DATA_TEAM,holdout,True,
XO.WD61..HH.2018.07.21.07.58.32,S,201807,XO,WD61,UNKNOWN,,PENDING_DATA_TEAM,PENDING_DATA_TEAM,PENDING_DATA_TEAM,holdout,False,expected_event_unknown_pending_data_team
XO.WD63..HH.2018.07.21.07.58.32,P,201807,XO,WD63,EVENT,44.99,PENDING_DATA_TEAM,PENDING_DATA_TEAM,PENDING_DATA_TEAM,main,True,
XO.WD63..HH.2018.07.21.07.58.32,S,201807,XO,WD63,UNKNOWN,,PENDING_DATA_TEAM,PENDING_DATA_TEAM,PENDING_DATA_TEAM,main,False,expected_event_unknown_pending_data_team
XO.LT18..HH.2018.07.21.08.02.29,P,201807,XO,LT18,EVENT,44.99,PENDING_DATA_TEAM,PENDING_DATA_TEAM,PENDING_DATA_TEAM,main,True,
XO.LT18..HH.2018.07.21.08.02.29,S,201807,XO,LT18,EVENT,51.04,PENDING_DATA_TEAM,PENDING_DATA_TEAM,PENDING_DATA_TEAM,main,True,
XO.LD45..HH.2018.07.21.08.02.34,P,201807,XO,LD45,EVENT,44.99,PENDING_DATA_TEAM,PENDING_DATA_TEAM,PENDING_DATA_TEAM,main,True,
XO.LD45..HH.2018.07.21.08.02.34,S,201807,XO,LD45,EVENT,54.05,PENDING_DATA_TEAM,PENDING_DATA_TEAM,PENDING_DATA_TEAM,main,True,
XO.LT13..HH.2018.07.21.08.02.47,P,201807,XO,LT13,EVENT,44.99,PENDING_DATA_TEAM,PENDING_DATA_TEAM,PENDING_DATA_TEAM,main,True,
XO.LT13..HH.2018.07.21.08.02.47,S,201807,XO,LT13,UNKNOWN,,PENDING_DATA_TEAM,PENDING_DATA_TEAM,PENDING_DATA_TEAM,main,False,expected_event_unknown_pending_data_team
XO.LT12..HH.2018.07.21.08.02.53,P,201807,XO,LT12,EVENT,45.0,PENDING_DATA_TEAM,PENDING_DATA_TEAM,PENDING_DATA_TEAM,main,True,
XO.LT12..HH.2018.07.21.08.02.53,S,201807,XO,LT12,UNKNOWN,,PENDING_DATA_TEAM,PENDING_DATA_TEAM,PENDING_DATA_TEAM,main,False,expected_event_unknown_pending_data_team
XO.LT18..HH.2018.07.21.08.14.41,P,201807,XO,LT18,EVENT,44.99,PENDING_DATA_TEAM,PENDING_DATA_TEAM,PENDING_DATA_TEAM,main,True,
XO.LT18..HH.2018.07.21.08.14.41,S,201807,XO,LT18,EVENT,51.09,PENDING_DATA_TEAM,PENDING_DATA_TEAM,PENDING_DATA_TEAM,main,True,
XO.LD44..HH.2018.07.21.08.14.48,P,201807,XO,LD44,EVENT,45.0,PENDING_DATA_TEAM,PENDING_DATA_TEAM,PENDING_DATA_TEAM,holdout,True,
XO.LD44..HH.2018.07.21.08.14.48,S,201807,XO,LD44,UNKNOWN,,PENDING_DATA_TEAM,PENDING_DATA_TEAM,PENDING_DATA_TEAM,holdout,False,expected_event_unknown_pending_data_team
XO.LA32..HH.2018.07.21.08.15.01,P,201807,XO,LA32,EVENT,45.0,PENDING_DATA_TEAM,PENDING_DATA_TEAM,PENDING_DATA_TEAM,holdout,True,
XO.LA32..HH.2018.07.21.08.15.01,S,201807,XO,LA32,EVENT,66.27,PENDING_DATA_TEAM,PENDING_DATA_TEAM,PENDING_DATA_TEAM,holdout,True,
XO.WD67..HH.2018.07.21.08.15.06,P,201807,XO,WD67,EVENT,45.0,PENDING_DATA_TEAM,PENDING_DATA_TEAM,PENDING_DATA_TEAM,main,True,
XO.WD67..HH.2018.07.21.08.15.06,S,201807,XO,WD67,UNKNOWN,,PENDING_DATA_TEAM,PENDING_DATA_TEAM,PENDING_DATA_TEAM,main,False,expected_event_unknown_pending_data_team
XO.LT10..HH.2018.07.21.08.15.11,P,201807,XO,LT10,EVENT,44.99,PENDING_DATA_TEAM,PENDING_DATA_TEAM,PENDING_DATA_TEAM,main,True,
XO.LT10..HH.2018.07.21.08.15.11,S,201807,XO,LT10,EVENT,73.33,PENDING_DATA_TEAM,PENDING_DATA_TEAM,PENDING_DATA_TEAM,main,True,
XO.LT17..HH.2018.07.21.08.28.08,P,201807,XO,LT17,EVENT,44.99,PENDING_DATA_TEAM,PENDING_DATA_TEAM,PENDING_DATA_TEAM,main,True,
XO.LT17..HH.2018.07.21.08.28.08,S,201807,XO,LT17,EVENT,51.68,PENDING_DATA_TEAM,PENDING_DATA_TEAM,PENDING_DATA_TEAM,main,True,
XO.WD68..HH.2018.07.21.08.28.22,P,201807,XO,WD68,EVENT,44.99,PENDING_DATA_TEAM,PENDING_DATA_TEAM,PENDING_DATA_TEAM,main,True,
XO.WD68..HH.2018.07.21.08.28.22,S,201807,XO,WD68,UNKNOWN,,PENDING_DATA_TEAM,PENDING_DATA_TEAM,PENDING_DATA_TEAM,main,False,expected_event_unknown_pending_data_team
XO.LT18..HH.2018.07.21.10.05.24,P,201807,XO,LT18,EVENT,44.99,PENDING_DATA_TEAM,PENDING_DATA_TEAM,PENDING_DATA_TEAM,main,True,
XO.LT18..HH.2018.07.21.10.05.24,S,201807,XO,LT18,EVENT,51.51,PENDING_DATA_TEAM,PENDING_DATA_TEAM,PENDING_DATA_TEAM,main,True,
XO.LT20..HH.2018.07.21.10.05.27,P,201807,XO,LT20,EVENT,44.99,PENDING_DATA_TEAM,PENDING_DATA_TEAM,PENDING_DATA_TEAM,main,True,
XO.LT20..HH.2018.07.21.10.05.27,S,201807,XO,LT20,EVENT,53.03,PENDING_DATA_TEAM,PENDING_DATA_TEAM,PENDING_DATA_TEAM,main,True,
XO.WD69..HH.2018.07.21.10.05.28,P,201807,XO,WD69,EVENT,44.99,PENDING_DATA_TEAM,PENDING_DATA_TEAM,PENDING_DATA_TEAM,main,True,
XO.WD69..HH.2018.07.21.10.05.28,S,201807,XO,WD69,UNKNOWN,,PENDING_DATA_TEAM,PENDING_DATA_TEAM,PENDING_DATA_TEAM,main,False,expected_event_unknown_pending_data_team
XO.WD65..HH.2018.07.21.10.05.43,P,201807,XO,WD65,EVENT,44.99,PENDING_DATA_TEAM,PENDING_DATA_TEAM,PENDING_DATA_TEAM,main,True,
XO.WD65..HH.2018.07.21.10.05.43,S,201807,XO,WD65,UNKNOWN,,PENDING_DATA_TEAM,PENDING_DATA_TEAM,PENDING_DATA_TEAM,main,False,expected_event_unknown_pending_data_team
XO.WD59..HH.2018.07.21.10.09.31,P,201807,XO,WD59,EVENT,44.99,PENDING_DATA_TEAM,PENDING_DATA_TEAM,PENDING_DATA_TEAM,main,True,
XO.WD59..HH.2018.07.21.10.09.31,S,201807,XO,WD59,UNKNOWN,,PENDING_DATA_TEAM,PENDING_DATA_TEAM,PENDING_DATA_TEAM,main,False,expected_event_unknown_pending_data_team
XO.LD45..HH.2018.07.21.11.48.06,P,201807,XO,LD45,EVENT,45.0,PENDING_DATA_TEAM,PENDING_DATA_TEAM,PENDING_DATA_TEAM,main,True,
XO.LD45..HH.2018.07.21.11.48.06,S,201807,XO,LD45,UNKNOWN,,PENDING_DATA_TEAM,PENDING_DATA_TEAM,PENDING_DATA_TEAM,main,False,expected_event_unknown_pending_data_team
XO.LT13..HH.2018.07.21.11.48.19,P,201807,XO,LT13,EVENT,44.99,PENDING_DATA_TEAM,PENDING_DATA_TEAM,PENDING_DATA_TEAM,main,True,
XO.LT13..HH.2018.07.21.11.48.19,S,201807,XO,LT13,UNKNOWN,,PENDING_DATA_TEAM,PENDING_DATA_TEAM,PENDING_DATA_TEAM,main,False,expected_event_unknown_pending_data_team
XO.LT16..HH.2018.07.21.11.48.22,P,201807,XO,LT16,EVENT,45.0,PENDING_DATA_TEAM,PENDING_DATA_TEAM,PENDING_DATA_TEAM,main,True,
XO.LT16..HH.2018.07.21.11.48.22,S,201807,XO,LT16,UNKNOWN,,PENDING_DATA_TEAM,PENDING_DATA_TEAM,PENDING_DATA_TEAM,main,False,expected_event_unknown_pending_data_team
XO.LT01..HH.2018.07.21.06.55.54,P,201807,XO,LT01,UNKNOWN,,PENDING_DATA_TEAM,PENDING_DATA_TEAM,PENDING_DATA_TEAM,main,False,expected_event_unknown_pending_data_team
XO.LT01..HH.2018.07.21.06.55.54,S,201807,XO,LT01,EVENT,44.99,PENDING_DATA_TEAM,PENDING_DATA_TEAM,PENDING_DATA_TEAM,main,True,
XO.LD40..HH.2018.07.21.07.49.29,P,201807,XO,LD40,EVENT,44.99,PENDING_DATA_TEAM,PENDING_DATA_TEAM,PENDING_DATA_TEAM,main,True,
XO.LD40..HH.2018.07.21.07.49.29,S,201807,XO,LD40,EVENT,66.43,PENDING_DATA_TEAM,PENDING_DATA_TEAM,PENDING_DATA_TEAM,main,True,
XO.LT20..HH.2018.07.21.08.21.14,P,201807,XO,LT20,EVENT,44.99,PENDING_DATA_TEAM,PENDING_DATA_TEAM,PENDING_DATA_TEAM,holdout,True,
XO.LT20..HH.2018.07.21.08.21.14,S,201807,XO,LT20,EVENT,53.46,PENDING_DATA_TEAM,PENDING_DATA_TEAM,PENDING_DATA_TEAM,holdout,True,
XO.LT18..HH.2018.07.21.09.52.12,P,201807,XO,LT18,EVENT,44.99,PENDING_DATA_TEAM,PENDING_DATA_TEAM,PENDING_DATA_TEAM,main,True,
XO.LT18..HH.2018.07.21.09.52.12,S,201807,XO,LT18,EVENT,51.55,PENDING_DATA_TEAM,PENDING_DATA_TEAM,PENDING_DATA_TEAM,main,True,
XO.LD44..HH.2018.07.21.09.52.29,P,201807,XO,LD44,UNKNOWN,,PENDING_DATA_TEAM,PENDING_DATA_TEAM,PENDING_DATA_TEAM,main,False,expected_event_unknown_pending_data_team
XO.LD44..HH.2018.07.21.09.52.29,S,201807,XO,LD44,EVENT,44.99,PENDING_DATA_TEAM,PENDING_DATA_TEAM,PENDING_DATA_TEAM,main,True,
XO.LA34..HH.2018.07.21.09.52.42,P,201807,XO,LA34,UNKNOWN,,PENDING_DATA_TEAM,PENDING_DATA_TEAM,PENDING_DATA_TEAM,main,False,expected_event_unknown_pending_data_team
XO.LA34..HH.2018.07.21.09.52.42,S,201807,XO,LA34,EVENT,45.0,PENDING_DATA_TEAM,PENDING_DATA_TEAM,PENDING_DATA_TEAM,main,True,
XO.LT04..HH.2018.07.21.16.10.26,P,201807,XO,LT04,UNKNOWN,,PENDING_DATA_TEAM,PENDING_DATA_TEAM,PENDING_DATA_TEAM,main,False,expected_event_unknown_pending_data_team
XO.LT04..HH.2018.07.21.16.10.26,S,201807,XO,LT04,EVENT,44.99,PENDING_DATA_TEAM,PENDING_DATA_TEAM,PENDING_DATA_TEAM,main,True,
XO.WD49..HH.2018.07.21.22.57.32,P,201807,XO,WD49,EVENT,45.0,PENDING_DATA_TEAM,PENDING_DATA_TEAM,PENDING_DATA_TEAM,main,True,
XO.WD49..HH.2018.07.21.22.57.32,S,201807,XO,WD49,UNKNOWN,,PENDING_DATA_TEAM,PENDING_DATA_TEAM,PENDING_DATA_TEAM,main,False,expected_event_unknown_pending_data_team
XO.LT01..HH.2018.07.21.22.57.52,P,201807,XO,LT01,UNKNOWN,,PENDING_DATA_TEAM,PENDING_DATA_TEAM,PENDING_DATA_TEAM,main,False,expected_event_unknown_pending_data_team
XO.LT01..HH.2018.07.21.22.57.52,S,201807,XO,LT01,EVENT,45.0,PENDING_DATA_TEAM,PENDING_DATA_TEAM,PENDING_DATA_TEAM,main,True,
XO.WS75..HH.2018.07.22.00.28.35,P,201807,XO,WS75,UNKNOWN,,PENDING_DATA_TEAM,PENDING_DATA_TEAM,PENDING_DATA_TEAM,main,False,expected_event_unknown_pending_data_team
XO.WS75..HH.2018.07.22.00.28.35,S,201807,XO,WS75,EVENT,45.0,PENDING_DATA_TEAM,PENDING_DATA_TEAM,PENDING_DATA_TEAM,main,True,
XO.LT17..HH.2018.07.22.00.27.59,P,201807,XO,LT17,EVENT,45.0,PENDING_DATA_TEAM,PENDING_DATA_TEAM,PENDING_DATA_TEAM,main,True,
XO.LT17..HH.2018.07.22.00.27.59,S,201807,XO,LT17,EVENT,71.24,PENDING_DATA_TEAM,PENDING_DATA_TEAM,PENDING_DATA_TEAM,main,True,
XO.LT12..HH.2018.07.22.00.27.48,P,201807,XO,LT12,EVENT,45.0,PENDING_DATA_TEAM,PENDING_DATA_TEAM,PENDING_DATA_TEAM,holdout,True,
XO.LT12..HH.2018.07.22.00.27.48,S,201807,XO,LT12,UNKNOWN,,PENDING_DATA_TEAM,PENDING_DATA_TEAM,PENDING_DATA_TEAM,holdout,False,expected_event_unknown_pending_data_team
XO.WD62..HH.2018.07.22.00.28.09,P,201807,XO,WD62,EVENT,44.99,PENDING_DATA_TEAM,PENDING_DATA_TEAM,PENDING_DATA_TEAM,main,True,
XO.WD62..HH.2018.07.22.00.28.09,S,201807,XO,WD62,UNKNOWN,,PENDING_DATA_TEAM,PENDING_DATA_TEAM,PENDING_DATA_TEAM,main,False,expected_event_unknown_pending_data_team
XO.WD58..HH.2018.07.22.00.28.10,P,201807,XO,WD58,EVENT,44.99,PENDING_DATA_TEAM,PENDING_DATA_TEAM,PENDING_DATA_TEAM,main,True,
XO.WD58..HH.2018.07.22.00.28.10,S,201807,XO,WD58,UNKNOWN,,PENDING_DATA_TEAM,PENDING_DATA_TEAM,PENDING_DATA_TEAM,main,False,expected_event_unknown_pending_data_team
XO.LT04..HH.2018.07.22.16.21.10,P,201807,XO,LT04,EVENT,44.99,PENDING_DATA_TEAM,PENDING_DATA_TEAM,PENDING_DATA_TEAM,main,True,
XO.LT04..HH.2018.07.22.16.21.10,S,201807,XO,LT04,EVENT,65.31,PENDING_DATA_TEAM,PENDING_DATA_TEAM,PENDING_DATA_TEAM,main,True,
XO.WS75..HH.2018.07.22.16.21.18,P,201807,XO,WS75,EVENT,45.0,PENDING_DATA_TEAM,PENDING_DATA_TEAM,PENDING_DATA_TEAM,main,True,
XO.WS75..HH.2018.07.22.16.21.18,S,201807,XO,WS75,EVENT,72.99,PENDING_DATA_TEAM,PENDING_DATA_TEAM,PENDING_DATA_TEAM,main,True,
XO.LD41..HH.2018.07.22.16.21.19,P,201807,XO,LD41,EVENT,44.99,PENDING_DATA_TEAM,PENDING_DATA_TEAM,PENDING_DATA_TEAM,main,True,
XO.LD41..HH.2018.07.22.16.21.19,S,201807,XO,LD41,UNKNOWN,,PENDING_DATA_TEAM,PENDING_DATA_TEAM,PENDING_DATA_TEAM,main,False,expected_event_unknown_pending_data_team
XO.LT20..HH.2018.07.22.16.21.20,P,201807,XO,LT20,EVENT,44.99,PENDING_DATA_TEAM,PENDING_DATA_TEAM,PENDING_DATA_TEAM,main,True,
XO.LT20..HH.2018.07.22.16.21.20,S,201807,XO,LT20,UNKNOWN,,PENDING_DATA_TEAM,PENDING_DATA_TEAM,PENDING_DATA_TEAM,main,False,expected_event_unknown_pending_data_team
XO.LT20..HH.2018.07.22.17.12.47,P,201807,XO,LT20,EVENT,45.0,PENDING_DATA_TEAM,PENDING_DATA_TEAM,PENDING_DATA_TEAM,main,True,
XO.LT20..HH.2018.07.22.17.12.47,S,201807,XO,LT20,EVENT,53.61,PENDING_DATA_TEAM,PENDING_DATA_TEAM,PENDING_DATA_TEAM,main,True,
XO.WD68..HH.2018.07.22.17.12.59,P,201807,XO,WD68,EVENT,44.99,PENDING_DATA_TEAM,PENDING_DATA_TEAM,PENDING_DATA_TEAM,main,True,
XO.WD68..HH.2018.07.22.17.12.59,S,201807,XO,WD68,EVENT,62.56,PENDING_DATA_TEAM,PENDING_DATA_TEAM,PENDING_DATA_TEAM,main,True,
XO.LA30..HH.2018.07.22.17.13.08,P,201807,XO,LA30,EVENT,45.0,PENDING_DATA_TEAM,PENDING_DATA_TEAM,PENDING_DATA_TEAM,main,True,
XO.LA30..HH.2018.07.22.17.13.08,S,201807,XO,LA30,EVENT,70.56,PENDING_DATA_TEAM,PENDING_DATA_TEAM,PENDING_DATA_TEAM,main,True,
XO.LD36..HH.2018.07.22.17.13.23,P,201807,XO,LD36,EVENT,45.0,PENDING_DATA_TEAM,PENDING_DATA_TEAM,PENDING_DATA_TEAM,main,True,
XO.LD36..HH.2018.07.22.17.13.23,S,201807,XO,LD36,UNKNOWN,,PENDING_DATA_TEAM,PENDING_DATA_TEAM,PENDING_DATA_TEAM,main,False,expected_event_unknown_pending_data_team
XO.LT12..HH.2018.07.23.11.32.01,P,201807,XO,LT12,EVENT,45.0,PENDING_DATA_TEAM,PENDING_DATA_TEAM,PENDING_DATA_TEAM,main,True,
XO.LT12..HH.2018.07.23.11.32.01,S,201807,XO,LT12,UNKNOWN,,PENDING_DATA_TEAM,PENDING_DATA_TEAM,PENDING_DATA_TEAM,main,False,expected_event_unknown_pending_data_team
XO.WD61..HH.2018.07.23.11.32.03,P,201807,XO,WD61,EVENT,44.99,PENDING_DATA_TEAM,PENDING_DATA_TEAM,PENDING_DATA_TEAM,main,True,
XO.WD61..HH.2018.07.23.11.32.03,S,201807,XO,WD61,UNKNOWN,,PENDING_DATA_TEAM,PENDING_DATA_TEAM,PENDING_DATA_TEAM,main,False,expected_event_unknown_pending_data_team
XO.LA21..HH.2018.07.23.11.32.04,P,201807,XO,LA21,EVENT,45.0,PENDING_DATA_TEAM,PENDING_DATA_TEAM,PENDING_DATA_TEAM,holdout,True,
XO.LA21..HH.2018.07.23.11.32.04,S,201807,XO,LA21,UNKNOWN,,PENDING_DATA_TEAM,PENDING_DATA_TEAM,PENDING_DATA_TEAM,holdout,False,expected_event_unknown_pending_data_team
XO.LT18..HH.2018.07.23.14.43.47,P,201807,XO,LT18,EVENT,44.99,PENDING_DATA_TEAM,PENDING_DATA_TEAM,PENDING_DATA_TEAM,main,True,
XO.LT18..HH.2018.07.23.14.43.47,S,201807,XO,LT18,UNKNOWN,,PENDING_DATA_TEAM,PENDING_DATA_TEAM,PENDING_DATA_TEAM,main,False,expected_event_unknown_pending_data_team
XO.LT20..HH.2018.07.23.14.47.03,P,201807,XO,LT20,EVENT,44.99,PENDING_DATA_TEAM,PENDING_DATA_TEAM,PENDING_DATA_TEAM,main,True,
XO.LT20..HH.2018.07.23.14.47.03,S,201807,XO,LT20,EVENT,53.53,PENDING_DATA_TEAM,PENDING_DATA_TEAM,PENDING_DATA_TEAM,main,True,
XO.LT15..HH.2018.07.24.04.12.07,P,201807,XO,LT15,EVENT,45.0,PENDING_DATA_TEAM,PENDING_DATA_TEAM,PENDING_DATA_TEAM,main,True,
XO.LT15..HH.2018.07.24.04.12.07,S,201807,XO,LT15,EVENT,51.68,PENDING_DATA_TEAM,PENDING_DATA_TEAM,PENDING_DATA_TEAM,main,True,
XO.LT17..HH.2018.07.24.04.12.25,P,201807,XO,LT17,EVENT,44.99,PENDING_DATA_TEAM,PENDING_DATA_TEAM,PENDING_DATA_TEAM,main,True,
XO.LT17..HH.2018.07.24.04.12.25,S,201807,XO,LT17,UNKNOWN,,PENDING_DATA_TEAM,PENDING_DATA_TEAM,PENDING_DATA_TEAM,main,False,expected_event_unknown_pending_data_team
XO.WS75..HH.2018.07.24.04.12.27,P,201807,XO,WS75,EVENT,45.0,PENDING_DATA_TEAM,PENDING_DATA_TEAM,PENDING_DATA_TEAM,main,True,
XO.WS75..HH.2018.07.24.04.12.27,S,201807,XO,WS75,UNKNOWN,,PENDING_DATA_TEAM,PENDING_DATA_TEAM,PENDING_DATA_TEAM,main,False,expected_event_unknown_pending_data_team
XO.WD63..HH.2018.07.24.04.12.34,P,201807,XO,WD63,EVENT,44.99,PENDING_DATA_TEAM,PENDING_DATA_TEAM,PENDING_DATA_TEAM,holdout,True,
XO.WD63..HH.2018.07.24.04.12.34,S,201807,XO,WD63,UNKNOWN,,PENDING_DATA_TEAM,PENDING_DATA_TEAM,PENDING_DATA_TEAM,holdout,False,expected_event_unknown_pending_data_team
XO.LT09..HH.2018.07.24.04.16.32,P,201807,XO,LT09,EVENT,45.0,PENDING_DATA_TEAM,PENDING_DATA_TEAM,PENDING_DATA_TEAM,main,True,
XO.LT09..HH.2018.07.24.04.16.32,S,201807,XO,LT09,EVENT,50.78,PENDING_DATA_TEAM,PENDING_DATA_TEAM,PENDING_DATA_TEAM,main,True,
XO.LT15..HH.2018.07.24.04.16.32,P,201807,XO,LT15,EVENT,45.0,PENDING_DATA_TEAM,PENDING_DATA_TEAM,PENDING_DATA_TEAM,main,True,
XO.LT15..HH.2018.07.24.04.16.32,S,201807,XO,LT15,EVENT,51.71,PENDING_DATA_TEAM,PENDING_DATA_TEAM,PENDING_DATA_TEAM,main,True,
XO.LT10..HH.2018.07.24.04.16.34,P,201807,XO,LT10,EVENT,44.99,PENDING_DATA_TEAM,PENDING_DATA_TEAM,PENDING_DATA_TEAM,main,True,
XO.LT10..HH.2018.07.24.04.16.34,S,201807,XO,LT10,EVENT,52.22,PENDING_DATA_TEAM,PENDING_DATA_TEAM,PENDING_DATA_TEAM,main,True,
XO.LD45..HH.2018.07.24.04.16.50,P,201807,XO,LD45,EVENT,45.0,PENDING_DATA_TEAM,PENDING_DATA_TEAM,PENDING_DATA_TEAM,holdout,True,
XO.LD45..HH.2018.07.24.04.16.50,S,201807,XO,LD45,EVENT,65.94,PENDING_DATA_TEAM,PENDING_DATA_TEAM,PENDING_DATA_TEAM,holdout,True,
XO.LD44..HH.2018.07.24.04.16.51,P,201807,XO,LD44,EVENT,45.0,PENDING_DATA_TEAM,PENDING_DATA_TEAM,PENDING_DATA_TEAM,main,True,
XO.LD44..HH.2018.07.24.04.16.51,S,201807,XO,LD44,EVENT,66.48,PENDING_DATA_TEAM,PENDING_DATA_TEAM,PENDING_DATA_TEAM,main,True,
XO.WD58..HH.2018.07.24.04.16.52,P,201807,XO,WD58,EVENT,44.99,PENDING_DATA_TEAM,PENDING_DATA_TEAM,PENDING_DATA_TEAM,main,True,
XO.WD58..HH.2018.07.24.04.16.52,S,201807,XO,WD58,EVENT,66.95,PENDING_DATA_TEAM,PENDING_DATA_TEAM,PENDING_DATA_TEAM,main,True,
XO.WD53..HH.2018.07.24.04.17.03,P,201807,XO,WD53,EVENT,44.99,PENDING_DATA_TEAM,PENDING_DATA_TEAM,PENDING_DATA_TEAM,main,True,
XO.WD53..HH.2018.07.24.04.17.03,S,201807,XO,WD53,UNKNOWN,,PENDING_DATA_TEAM,PENDING_DATA_TEAM,PENDING_DATA_TEAM,main,False,expected_event_unknown_pending_data_team
XO.LA25..HH.2018.07.24.14.29.30,P,201807,XO,LA25,EVENT,44.99,PENDING_DATA_TEAM,PENDING_DATA_TEAM,PENDING_DATA_TEAM,main,True,
XO.LA25..HH.2018.07.24.14.29.30,S,201807,XO,LA25,EVENT,78.95,PENDING_DATA_TEAM,PENDING_DATA_TEAM,PENDING_DATA_TEAM,main,True,
XO.WD62..HH.2018.07.24.14.29.24,P,201807,XO,WD62,EVENT,44.99,PENDING_DATA_TEAM,PENDING_DATA_TEAM,PENDING_DATA_TEAM,holdout,True,
XO.WD62..HH.2018.07.24.14.29.24,S,201807,XO,WD62,EVENT,74.48,PENDING_DATA_TEAM,PENDING_DATA_TEAM,PENDING_DATA_TEAM,holdout,True,
XO.WD69..HH.2018.07.24.14.29.03,P,201807,XO,WD69,EVENT,44.99,PENDING_DATA_TEAM,PENDING_DATA_TEAM,PENDING_DATA_TEAM,main,True,
XO.WD69..HH.2018.07.24.14.29.03,S,201807,XO,WD69,EVENT,62.96,PENDING_DATA_TEAM,PENDING_DATA_TEAM,PENDING_DATA_TEAM,main,True,
XO.LA33..HH.2018.07.24.15.50.41,P,201807,XO,LA33,EVENT,44.99,PENDING_DATA_TEAM,PENDING_DATA_TEAM,PENDING_DATA_TEAM,main,True,
XO.LA33..HH.2018.07.24.15.50.41,S,201807,XO,LA33,UNKNOWN,,PENDING_DATA_TEAM,PENDING_DATA_TEAM,PENDING_DATA_TEAM,main,False,expected_event_unknown_pending_data_team
XO.LA30..HH.2018.07.24.15.50.43,P,201807,XO,LA30,EVENT,44.99,PENDING_DATA_TEAM,PENDING_DATA_TEAM,PENDING_DATA_TEAM,main,True,
XO.LA30..HH.2018.07.24.15.50.43,S,201807,XO,LA30,UNKNOWN,,PENDING_DATA_TEAM,PENDING_DATA_TEAM,PENDING_DATA_TEAM,main,False,expected_event_unknown_pending_data_team
XO.LT14..HH.2018.07.24.15.50.44,P,201807,XO,LT14,EVENT,44.99,PENDING_DATA_TEAM,PENDING_DATA_TEAM,PENDING_DATA_TEAM,main,True,
XO.LT14..HH.2018.07.24.15.50.44,S,201807,XO,LT14,UNKNOWN,,PENDING_DATA_TEAM,PENDING_DATA_TEAM,PENDING_DATA_TEAM,main,False,expected_event_unknown_pending_data_team
XO.LT15..HH.2018.07.24.15.50.47,P,201807,XO,LT15,UNKNOWN,,PENDING_DATA_TEAM,PENDING_DATA_TEAM,PENDING_DATA_TEAM,main,False,expected_event_unknown_pending_data_team
XO.LT15..HH.2018.07.24.15.50.47,S,201807,XO,LT15,EVENT,44.99,PENDING_DATA_TEAM,PENDING_DATA_TEAM,PENDING_DATA_TEAM,main,True,
XO.WD68..HH.2018.07.24.15.50.55,P,201807,XO,WD68,EVENT,44.99,PENDING_DATA_TEAM,PENDING_DATA_TEAM,PENDING_DATA_TEAM,main,True,
XO.WD68..HH.2018.07.24.15.50.55,S,201807,XO,WD68,EVENT,68.03,PENDING_DATA_TEAM,PENDING_DATA_TEAM,PENDING_DATA_TEAM,main,True,
XO.WD63..HH.2018.07.24.15.50.59,P,201807,XO,WD63,EVENT,44.99,PENDING_DATA_TEAM,PENDING_DATA_TEAM,PENDING_DATA_TEAM,main,True,
XO.WD63..HH.2018.07.24.15.50.59,S,201807,XO,WD63,EVENT,71.2,PENDING_DATA_TEAM,PENDING_DATA_TEAM,PENDING_DATA_TEAM,main,True,
XO.WD67..HH.2018.07.24.15.51.05,P,201807,XO,WD67,EVENT,45.0,PENDING_DATA_TEAM,PENDING_DATA_TEAM,PENDING_DATA_TEAM,main,True,
XO.WD67..HH.2018.07.24.15.51.05,S,201807,XO,WD67,EVENT,75.01,PENDING_DATA_TEAM,PENDING_DATA_TEAM,PENDING_DATA_TEAM,main,True,
XO.WD64..HH.2018.07.24.15.51.38,P,201807,XO,WD64,UNKNOWN,,PENDING_DATA_TEAM,PENDING_DATA_TEAM,PENDING_DATA_TEAM,main,False,expected_event_unknown_pending_data_team
XO.WD64..HH.2018.07.24.15.51.38,S,201807,XO,WD64,EVENT,45.0,PENDING_DATA_TEAM,PENDING_DATA_TEAM,PENDING_DATA_TEAM,main,True,
XO.WD55..HH.2018.07.24.04.19.19,P,201807,XO,WD55,UNKNOWN,,PENDING_DATA_TEAM,PENDING_DATA_TEAM,PENDING_DATA_TEAM,holdout,False,expected_event_unknown_pending_data_team
XO.WD55..HH.2018.07.24.04.19.19,S,201807,XO,WD55,EVENT,44.99,PENDING_DATA_TEAM,PENDING_DATA_TEAM,PENDING_DATA_TEAM,holdout,True,
XO.LT12..HH.2018.07.24.04.18.21,P,201807,XO,LT12,EVENT,45.0,PENDING_DATA_TEAM,PENDING_DATA_TEAM,PENDING_DATA_TEAM,main,True,
XO.LT12..HH.2018.07.24.04.18.21,S,201807,XO,LT12,EVENT,48.87,PENDING_DATA_TEAM,PENDING_DATA_TEAM,PENDING_DATA_TEAM,main,True,
XO.LT14..HH.2018.07.24.04.18.28,P,201807,XO,LT14,EVENT,44.99,PENDING_DATA_TEAM,PENDING_DATA_TEAM,PENDING_DATA_TEAM,main,True,
XO.LT14..HH.2018.07.24.04.18.28,S,201807,XO,LT14,UNKNOWN,,PENDING_DATA_TEAM,PENDING_DATA_TEAM,PENDING_DATA_TEAM,main,False,expected_event_unknown_pending_data_team
XO.LA33..HH.2018.07.24.04.18.32,P,201807,XO,LA33,EVENT,45.0,PENDING_DATA_TEAM,PENDING_DATA_TEAM,PENDING_DATA_TEAM,main,True,
XO.LA33..HH.2018.07.24.04.18.32,S,201807,XO,LA33,EVENT,58.52,PENDING_DATA_TEAM,PENDING_DATA_TEAM,PENDING_DATA_TEAM,main,True,
XO.LT13..HH.2018.07.24.04.13.05,P,201807,XO,LT13,EVENT,44.99,PENDING_DATA_TEAM,PENDING_DATA_TEAM,PENDING_DATA_TEAM,main,True,
XO.LT13..HH.2018.07.24.04.13.05,S,201807,XO,LT13,EVENT,53.16,PENDING_DATA_TEAM,PENDING_DATA_TEAM,PENDING_DATA_TEAM,main,True,
XO.LT16..HH.2018.07.24.04.13.08,P,201807,XO,LT16,EVENT,45.0,PENDING_DATA_TEAM,PENDING_DATA_TEAM,PENDING_DATA_TEAM,main,True,
XO.LT16..HH.2018.07.24.04.13.08,S,201807,XO,LT16,UNKNOWN,,PENDING_DATA_TEAM,PENDING_DATA_TEAM,PENDING_DATA_TEAM,main,False,expected_event_unknown_pending_data_team
XO.WD46..HH.2018.07.24.20.21.13,P,201807,XO,WD46,EVENT,44.99,PENDING_DATA_TEAM,PENDING_DATA_TEAM,PENDING_DATA_TEAM,main,True,
XO.WD46..HH.2018.07.24.20.21.13,S,201807,XO,WD46,UNKNOWN,,PENDING_DATA_TEAM,PENDING_DATA_TEAM,PENDING_DATA_TEAM,main,False,expected_event_unknown_pending_data_team
XO.WD56..HH.2018.07.24.20.21.44,P,201807,XO,WD56,EVENT,44.99,PENDING_DATA_TEAM,PENDING_DATA_TEAM,PENDING_DATA_TEAM,holdout,True,
XO.WD56..HH.2018.07.24.20.21.44,S,201807,XO,WD56,UNKNOWN,,PENDING_DATA_TEAM,PENDING_DATA_TEAM,PENDING_DATA_TEAM,holdout,False,expected_event_unknown_pending_data_team
XO.WS74..HH.2018.07.25.04.07.49,P,201807,XO,WS74,EVENT,44.99,PENDING_DATA_TEAM,PENDING_DATA_TEAM,PENDING_DATA_TEAM,main,True,
XO.WS74..HH.2018.07.25.04.07.49,S,201807,XO,WS74,UNKNOWN,,PENDING_DATA_TEAM,PENDING_DATA_TEAM,PENDING_DATA_TEAM,main,False,expected_event_unknown_pending_data_team
XO.WD68..HH.2018.07.25.04.07.52,P,201807,XO,WD68,EVENT,45.0,PENDING_DATA_TEAM,PENDING_DATA_TEAM,PENDING_DATA_TEAM,main,True,
XO.WD68..HH.2018.07.25.04.07.52,S,201807,XO,WD68,UNKNOWN,,PENDING_DATA_TEAM,PENDING_DATA_TEAM,PENDING_DATA_TEAM,main,False,expected_event_unknown_pending_data_team
XO.LA28..HH.2018.07.25.21.38.27,P,201807,XO,LA28,EVENT,44.99,PENDING_DATA_TEAM,PENDING_DATA_TEAM,PENDING_DATA_TEAM,main,True,
XO.LA28..HH.2018.07.25.21.38.27,S,201807,XO,LA28,EVENT,71.2,PENDING_DATA_TEAM,PENDING_DATA_TEAM,PENDING_DATA_TEAM,main,True,
XO.WD66..HH.2018.07.25.21.37.52,P,201807,XO,WD66,EVENT,44.99,PENDING_DATA_TEAM,PENDING_DATA_TEAM,PENDING_DATA_TEAM,main,True,
XO.WD66..HH.2018.07.25.21.37.52,S,201807,XO,WD66,UNKNOWN,,PENDING_DATA_TEAM,PENDING_DATA_TEAM,PENDING_DATA_TEAM,main,False,expected_event_unknown_pending_data_team
XO.LD44..HH.2018.07.25.21.37.59,P,201807,XO,LD44,EVENT,44.99,PENDING_DATA_TEAM,PENDING_DATA_TEAM,PENDING_DATA_TEAM,holdout,True,
XO.LD44..HH.2018.07.25.21.37.59,S,201807,XO,LD44,EVENT,52.26,PENDING_DATA_TEAM,PENDING_DATA_TEAM,PENDING_DATA_TEAM,holdout,True,
XO.LT20..HH.2018.07.25.21.38.17,P,201807,XO,LT20,EVENT,44.99,PENDING_DATA_TEAM,PENDING_DATA_TEAM,PENDING_DATA_TEAM,holdout,True,
XO.LT20..HH.2018.07.25.21.38.17,S,201807,XO,LT20,UNKNOWN,,PENDING_DATA_TEAM,PENDING_DATA_TEAM,PENDING_DATA_TEAM,holdout,False,expected_event_unknown_pending_data_team
XO.LA25..HH.2018.07.25.21.38.31,P,201807,XO,LA25,EVENT,44.99,PENDING_DATA_TEAM,PENDING_DATA_TEAM,PENDING_DATA_TEAM,main,True,
XO.LA25..HH.2018.07.25.21.38.31,S,201807,XO,LA25,UNKNOWN,,PENDING_DATA_TEAM,PENDING_DATA_TEAM,PENDING_DATA_TEAM,main,False,expected_event_unknown_pending_data_team
XO.LT16..HH.2018.07.25.04.14.41,P,201807,XO,LT16,EVENT,45.0,PENDING_DATA_TEAM,PENDING_DATA_TEAM,PENDING_DATA_TEAM,main,True,
XO.LT16..HH.2018.07.25.04.14.41,S,201807,XO,LT16,EVENT,54.99,PENDING_DATA_TEAM,PENDING_DATA_TEAM,PENDING_DATA_TEAM,main,True,
XO.WD66..HH.2018.07.25.18.33.52,P,201807,XO,WD66,EVENT,44.99,PENDING_DATA_TEAM,PENDING_DATA_TEAM,PENDING_DATA_TEAM,holdout,True,
XO.WD66..HH.2018.07.25.18.33.52,S,201807,XO,WD66,UNKNOWN,,PENDING_DATA_TEAM,PENDING_DATA_TEAM,PENDING_DATA_TEAM,holdout,False,expected_event_unknown_pending_data_team
XO.LD44..HH.2018.07.25.18.33.58,P,201807,XO,LD44,EVENT,44.99,PENDING_DATA_TEAM,PENDING_DATA_TEAM,PENDING_DATA_TEAM,holdout,True,
XO.LD44..HH.2018.07.25.18.33.58,S,201807,XO,LD44,EVENT,52.17,PENDING_DATA_TEAM,PENDING_DATA_TEAM,PENDING_DATA_TEAM,holdout,True,
XO.WD68..HH.2018.07.25.18.33.58,P,201807,XO,WD68,EVENT,44.99,PENDING_DATA_TEAM,PENDING_DATA_TEAM,PENDING_DATA_TEAM,main,True,
XO.WD68..HH.2018.07.25.18.33.58,S,201807,XO,WD68,EVENT,52.23,PENDING_DATA_TEAM,PENDING_DATA_TEAM,PENDING_DATA_TEAM,main,True,
XO.WD52..HH.2018.07.25.18.34.03,P,201807,XO,WD52,EVENT,44.99,PENDING_DATA_TEAM,PENDING_DATA_TEAM,PENDING_DATA_TEAM,holdout,True,
XO.WD52..HH.2018.07.25.18.34.03,S,201807,XO,WD52,EVENT,54.14,PENDING_DATA_TEAM,PENDING_DATA_TEAM,PENDING_DATA_TEAM,holdout,True,
XO.LA21..HH.2018.07.25.18.34.32,P,201807,XO,LA21,EVENT,45.0,PENDING_DATA_TEAM,PENDING_DATA_TEAM,PENDING_DATA_TEAM,main,True,
XO.LA21..HH.2018.07.25.18.34.32,S,201807,XO,LA21,UNKNOWN,,PENDING_DATA_TEAM,PENDING_DATA_TEAM,PENDING_DATA_TEAM,main,False,expected_event_unknown_pending_data_team
XO.LD40..HH.2018.07.26.10.55.02,P,201807,XO,LD40,EVENT,44.99,PENDING_DATA_TEAM,PENDING_DATA_TEAM,PENDING_DATA_TEAM,main,True,
XO.LD40..HH.2018.07.26.10.55.02,S,201807,XO,LD40,EVENT,66.85,PENDING_DATA_TEAM,PENDING_DATA_TEAM,PENDING_DATA_TEAM,main,True,
XO.WD70..HH.2018.07.26.10.54.53,P,201807,XO,WD70,EVENT,44.99,PENDING_DATA_TEAM,PENDING_DATA_TEAM,PENDING_DATA_TEAM,main,True,
XO.WD70..HH.2018.07.26.10.54.53,S,201807,XO,WD70,UNKNOWN,,PENDING_DATA_TEAM,PENDING_DATA_TEAM,PENDING_DATA_TEAM,main,False,expected_event_unknown_pending_data_team
XO.LA29..HH.2018.07.26.11.38.26,P,201807,XO,LA29,UNKNOWN,,PENDING_DATA_TEAM,PENDING_DATA_TEAM,PENDING_DATA_TEAM,holdout,False,expected_event_unknown_pending_data_team
XO.LA29..HH.2018.07.26.11.38.26,S,201807,XO,LA29,EVENT,45.0,PENDING_DATA_TEAM,PENDING_DATA_TEAM,PENDING_DATA_TEAM,holdout,True,
XO.LA29..HH.2018.07.26.08.11.03,P,201807,XO,LA29,EVENT,45.0,PENDING_DATA_TEAM,PENDING_DATA_TEAM,PENDING_DATA_TEAM,main,True,
XO.LA29..HH.2018.07.26.08.11.03,S,201807,XO,LA29,EVENT,57.43,PENDING_DATA_TEAM,PENDING_DATA_TEAM,PENDING_DATA_TEAM,main,True,
XO.LA26..HH.2018.07.26.08.11.23,P,201807,XO,LA26,UNKNOWN,,PENDING_DATA_TEAM,PENDING_DATA_TEAM,PENDING_DATA_TEAM,main,False,expected_event_unknown_pending_data_team
XO.LA26..HH.2018.07.26.08.11.23,S,201807,XO,LA26,EVENT,45.0,PENDING_DATA_TEAM,PENDING_DATA_TEAM,PENDING_DATA_TEAM,main,True,
XO.WD50..HH.2018.07.26.15.26.07,P,201807,XO,WD50,EVENT,45.0,PENDING_DATA_TEAM,PENDING_DATA_TEAM,PENDING_DATA_TEAM,main,True,
XO.WD50..HH.2018.07.26.15.26.07,S,201807,XO,WD50,EVENT,67.02,PENDING_DATA_TEAM,PENDING_DATA_TEAM,PENDING_DATA_TEAM,main,True,
XO.LD38..HH.2018.07.26.15.26.05,P,201807,XO,LD38,EVENT,44.99,PENDING_DATA_TEAM,PENDING_DATA_TEAM,PENDING_DATA_TEAM,main,True,
XO.LD38..HH.2018.07.26.15.26.05,S,201807,XO,LD38,EVENT,65.62,PENDING_DATA_TEAM,PENDING_DATA_TEAM,PENDING_DATA_TEAM,main,True,
XO.LA25..HH.2018.07.27.17.13.11,P,201807,XO,LA25,EVENT,44.99,PENDING_DATA_TEAM,PENDING_DATA_TEAM,PENDING_DATA_TEAM,holdout,True,
XO.LA25..HH.2018.07.27.17.13.11,S,201807,XO,LA25,EVENT,77.24,PENDING_DATA_TEAM,PENDING_DATA_TEAM,PENDING_DATA_TEAM,holdout,True,
XO.WD51..HH.2018.07.27.17.13.32,P,201807,XO,WD51,UNKNOWN,,PENDING_DATA_TEAM,PENDING_DATA_TEAM,PENDING_DATA_TEAM,main,False,expected_event_unknown_pending_data_team
XO.WD51..HH.2018.07.27.17.13.32,S,201807,XO,WD51,EVENT,44.99,PENDING_DATA_TEAM,PENDING_DATA_TEAM,PENDING_DATA_TEAM,main,True,
XO.LA23..HH.2018.07.27.17.13.42,P,201807,XO,LA23,UNKNOWN,,PENDING_DATA_TEAM,PENDING_DATA_TEAM,PENDING_DATA_TEAM,main,False,expected_event_unknown_pending_data_team
XO.LA23..HH.2018.07.27.17.13.42,S,201807,XO,LA23,EVENT,45.0,PENDING_DATA_TEAM,PENDING_DATA_TEAM,PENDING_DATA_TEAM,main,True,
XO.LA39..HH.2018.07.27.22.32.01,P,201807,XO,LA39,EVENT,45.0,PENDING_DATA_TEAM,PENDING_DATA_TEAM,PENDING_DATA_TEAM,main,True,
XO.LA39..HH.2018.07.27.22.32.01,S,201807,XO,LA39,EVENT,68.46,PENDING_DATA_TEAM,PENDING_DATA_TEAM,PENDING_DATA_TEAM,main,True,
XO.WD56..HH.2018.07.27.22.32.10,P,201807,XO,WD56,EVENT,45.0,PENDING_DATA_TEAM,PENDING_DATA_TEAM,PENDING_DATA_TEAM,holdout,True,
XO.WD56..HH.2018.07.27.22.32.10,S,201807,XO,WD56,UNKNOWN,,PENDING_DATA_TEAM,PENDING_DATA_TEAM,PENDING_DATA_TEAM,holdout,False,expected_event_unknown_pending_data_team
XO.WD46..HH.2018.07.27.00.53.08,P,201807,XO,WD46,EVENT,45.0,PENDING_DATA_TEAM,PENDING_DATA_TEAM,PENDING_DATA_TEAM,main,True,
XO.WD46..HH.2018.07.27.00.53.08,S,201807,XO,WD46,UNKNOWN,,PENDING_DATA_TEAM,PENDING_DATA_TEAM,PENDING_DATA_TEAM,main,False,expected_event_unknown_pending_data_team
XO.WD70..HH.2018.07.27.00.53.16,P,201807,XO,WD70,EVENT,45.0,PENDING_DATA_TEAM,PENDING_DATA_TEAM,PENDING_DATA_TEAM,holdout,True,
XO.WD70..HH.2018.07.27.00.53.16,S,201807,XO,WD70,EVENT,59.18,PENDING_DATA_TEAM,PENDING_DATA_TEAM,PENDING_DATA_TEAM,holdout,True,
XO.WD54..HH.2018.07.27.00.53.02,P,201807,XO,WD54,EVENT,45.0,PENDING_DATA_TEAM,PENDING_DATA_TEAM,PENDING_DATA_TEAM,main,True,
XO.WD54..HH.2018.07.27.00.53.02,S,201807,XO,WD54,EVENT,49.69,PENDING_DATA_TEAM,PENDING_DATA_TEAM,PENDING_DATA_TEAM,main,True,
XO.WS72..HH.2018.07.27.12.47.55,P,201807,XO,WS72,EVENT,44.99,PENDING_DATA_TEAM,PENDING_DATA_TEAM,PENDING_DATA_TEAM,holdout,True,
XO.WS72..HH.2018.07.27.12.47.55,S,201807,XO,WS72,UNKNOWN,,PENDING_DATA_TEAM,PENDING_DATA_TEAM,PENDING_DATA_TEAM,holdout,False,expected_event_unknown_pending_data_team
XO.WD50..HH.2018.07.27.13.49.07,P,201807,XO,WD50,EVENT,45.0,PENDING_DATA_TEAM,PENDING_DATA_TEAM,PENDING_DATA_TEAM,main,True,
XO.WD50..HH.2018.07.27.13.49.07,S,201807,XO,WD50,EVENT,66.28,PENDING_DATA_TEAM,PENDING_DATA_TEAM,PENDING_DATA_TEAM,main,True,
XO.WD70..HH.2018.07.27.14.45.35,P,201807,XO,WD70,EVENT,44.99,PENDING_DATA_TEAM,PENDING_DATA_TEAM,PENDING_DATA_TEAM,main,True,
XO.WD70..HH.2018.07.27.14.45.35,S,201807,XO,WD70,EVENT,60.82,PENDING_DATA_TEAM,PENDING_DATA_TEAM,PENDING_DATA_TEAM,main,True,
XO.WS72..HH.2018.07.27.14.45.38,P,201807,XO,WS72,EVENT,44.99,PENDING_DATA_TEAM,PENDING_DATA_TEAM,PENDING_DATA_TEAM,main,True,
XO.WS72..HH.2018.07.27.14.45.38,S,201807,XO,WS72,EVENT,62.39,PENDING_DATA_TEAM,PENDING_DATA_TEAM,PENDING_DATA_TEAM,main,True,
XO.LT07..HH.2018.07.27.17.42.34,P,201807,XO,LT07,UNKNOWN,,PENDING_DATA_TEAM,PENDING_DATA_TEAM,PENDING_DATA_TEAM,main,False,expected_event_unknown_pending_data_team
XO.LT07..HH.2018.07.27.17.42.34,S,201807,XO,LT07,EVENT,44.99,PENDING_DATA_TEAM,PENDING_DATA_TEAM,PENDING_DATA_TEAM,main,True,
XO.LT20..HH.2018.07.27.20.02.37,P,201807,XO,LT20,EVENT,44.99,PENDING_DATA_TEAM,PENDING_DATA_TEAM,PENDING_DATA_TEAM,main,True,
XO.LT20..HH.2018.07.27.20.02.37,S,201807,XO,LT20,EVENT,52.82,PENDING_DATA_TEAM,PENDING_DATA_TEAM,PENDING_DATA_TEAM,main,True,
XO.LD45..HH.2018.07.28.12.21.53,P,201807,XO,LD45,EVENT,44.99,PENDING_DATA_TEAM,PENDING_DATA_TEAM,PENDING_DATA_TEAM,holdout,True,
XO.LD45..HH.2018.07.28.12.21.53,S,201807,XO,LD45,UNKNOWN,,PENDING_DATA_TEAM,PENDING_DATA_TEAM,PENDING_DATA_TEAM,holdout,False,expected_event_unknown_pending_data_team
XO.LT13..HH.2018.07.28.12.21.57,P,201807,XO,LT13,EVENT,44.99,PENDING_DATA_TEAM,PENDING_DATA_TEAM,PENDING_DATA_TEAM,main,True,
XO.LT13..HH.2018.07.28.12.21.57,S,201807,XO,LT13,EVENT,56.9,PENDING_DATA_TEAM,PENDING_DATA_TEAM,PENDING_DATA_TEAM,main,True,
XO.LA33..HH.2018.07.28.12.21.59,P,201807,XO,LA33,EVENT,44.99,PENDING_DATA_TEAM,PENDING_DATA_TEAM,PENDING_DATA_TEAM,holdout,True,
XO.LA33..HH.2018.07.28.12.21.59,S,201807,XO,LA33,EVENT,58.36,PENDING_DATA_TEAM,PENDING_DATA_TEAM,PENDING_DATA_TEAM,holdout,True,
XO.WD50..HH.2018.07.28.03.44.40,P,201807,XO,WD50,EVENT,44.99,PENDING_DATA_TEAM,PENDING_DATA_TEAM,PENDING_DATA_TEAM,holdout,True,
XO.WD50..HH.2018.07.28.03.44.40,S,201807,XO,WD50,EVENT,62.09,PENDING_DATA_TEAM,PENDING_DATA_TEAM,PENDING_DATA_TEAM,holdout,True,
XO.WS72..HH.2018.07.28.03.44.35,P,201807,XO,WS72,EVENT,45.0,PENDING_DATA_TEAM,PENDING_DATA_TEAM,PENDING_DATA_TEAM,main,True,
XO.WS72..HH.2018.07.28.03.44.35,S,201807,XO,WS72,EVENT,58.7,PENDING_DATA_TEAM,PENDING_DATA_TEAM,PENDING_DATA_TEAM,main,True,
XO.LT20..HH.2018.07.28.05.28.40,P,201807,XO,LT20,EVENT,45.0,PENDING_DATA_TEAM,PENDING_DATA_TEAM,PENDING_DATA_TEAM,holdout,True,
XO.LT20..HH.2018.07.28.05.28.40,S,201807,XO,LT20,UNKNOWN,,PENDING_DATA_TEAM,PENDING_DATA_TEAM,PENDING_DATA_TEAM,holdout,False,expected_event_unknown_pending_data_team
XO.WD70..HH.2018.07.28.06.04.54,P,201807,XO,WD70,EVENT,44.99,PENDING_DATA_TEAM,PENDING_DATA_TEAM,PENDING_DATA_TEAM,main,True,
XO.WD70..HH.2018.07.28.06.04.54,S,201807,XO,WD70,UNKNOWN,,PENDING_DATA_TEAM,PENDING_DATA_TEAM,PENDING_DATA_TEAM,main,False,expected_event_unknown_pending_data_team
XO.WD54..HH.2018.07.28.06.04.55,P,201807,XO,WD54,UNKNOWN,,PENDING_DATA_TEAM,PENDING_DATA_TEAM,PENDING_DATA_TEAM,main,False,expected_event_unknown_pending_data_team
XO.WD54..HH.2018.07.28.06.04.55,S,201807,XO,WD54,EVENT,44.99,PENDING_DATA_TEAM,PENDING_DATA_TEAM,PENDING_DATA_TEAM,main,True,
XO.LA39..HH.2018.07.28.06.14.22,P,201807,XO,LA39,EVENT,45.0,PENDING_DATA_TEAM,PENDING_DATA_TEAM,PENDING_DATA_TEAM,main,True,
XO.LA39..HH.2018.07.28.06.14.22,S,201807,XO,LA39,EVENT,59.69,PENDING_DATA_TEAM,PENDING_DATA_TEAM,PENDING_DATA_TEAM,main,True,
XO.LT06..HH.2018.07.29.12.23.19,P,201807,XO,LT06,EVENT,45.0,PENDING_DATA_TEAM,PENDING_DATA_TEAM,PENDING_DATA_TEAM,main,True,
XO.LT06..HH.2018.07.29.12.23.19,S,201807,XO,LT06,EVENT,60.3,PENDING_DATA_TEAM,PENDING_DATA_TEAM,PENDING_DATA_TEAM,main,True,
XO.WS71..HH.2018.07.29.12.23.26,P,201807,XO,WS71,EVENT,45.0,PENDING_DATA_TEAM,PENDING_DATA_TEAM,PENDING_DATA_TEAM,main,True,
XO.WS71..HH.2018.07.29.12.23.26,S,201807,XO,WS71,EVENT,67.88,PENDING_DATA_TEAM,PENDING_DATA_TEAM,PENDING_DATA_TEAM,main,True,
XO.LT14..HH.2018.07.29.12.23.33,P,201807,XO,LT14,EVENT,45.0,PENDING_DATA_TEAM,PENDING_DATA_TEAM,PENDING_DATA_TEAM,holdout,True,
XO.LT14..HH.2018.07.29.12.23.33,S,201807,XO,LT14,UNKNOWN,,PENDING_DATA_TEAM,PENDING_DATA_TEAM,PENDING_DATA_TEAM,holdout,False,expected_event_unknown_pending_data_team
XO.LT12..HH.2018.07.29.12.23.36,P,201807,XO,LT12,EVENT,45.0,PENDING_DATA_TEAM,PENDING_DATA_TEAM,PENDING_DATA_TEAM,main,True,
XO.LT12..HH.2018.07.29.12.23.36,S,201807,XO,LT12,UNKNOWN,,PENDING_DATA_TEAM,PENDING_DATA_TEAM,PENDING_DATA_TEAM,main,False,expected_event_unknown_pending_data_team
XO.WD54..HH.2018.07.29.12.16.32,P,201807,XO,WD54,EVENT,45.0,PENDING_DATA_TEAM,PENDING_DATA_TEAM,PENDING_DATA_TEAM,holdout,True,
XO.WD54..HH.2018.07.29.12.16.32,S,201807,XO,WD54,EVENT,50.84,PENDING_DATA_TEAM,PENDING_DATA_TEAM,PENDING_DATA_TEAM,holdout,True,
XO.LT07..HH.2018.07.30.11.33.29,P,201807,XO,LT07,EVENT,45.0,PENDING_DATA_TEAM,PENDING_DATA_TEAM,PENDING_DATA_TEAM,main,True,
XO.LT07..HH.2018.07.30.11.33.29,S,201807,XO,LT07,EVENT,53.26,PENDING_DATA_TEAM,PENDING_DATA_TEAM,PENDING_DATA_TEAM,main,True,
XO.LA30..HH.2018.07.30.11.33.47,P,201807,XO,LA30,EVENT,44.99,PENDING_DATA_TEAM,PENDING_DATA_TEAM,PENDING_DATA_TEAM,main,True,
XO.LA30..HH.2018.07.30.11.33.47,S,201807,XO,LA30,UNKNOWN,,PENDING_DATA_TEAM,PENDING_DATA_TEAM,PENDING_DATA_TEAM,main,False,expected_event_unknown_pending_data_team
XO.LA32..HH.2018.07.30.11.33.50,P,201807,XO,LA32,EVENT,45.0,PENDING_DATA_TEAM,PENDING_DATA_TEAM,PENDING_DATA_TEAM,main,True,
XO.LA32..HH.2018.07.30.11.33.50,S,201807,XO,LA32,EVENT,69.41,PENDING_DATA_TEAM,PENDING_DATA_TEAM,PENDING_DATA_TEAM,main,True,
XO.WD58..HH.2018.07.30.11.33.55,P,201807,XO,WD58,EVENT,44.99,PENDING_DATA_TEAM,PENDING_DATA_TEAM,PENDING_DATA_TEAM,holdout,True,
XO.WD58..HH.2018.07.30.11.33.55,S,201807,XO,WD58,EVENT,73.15,PENDING_DATA_TEAM,PENDING_DATA_TEAM,PENDING_DATA_TEAM,holdout,True,
XO.LT15..HH.2018.07.30.11.34.05,P,201807,XO,LT15,UNKNOWN,,PENDING_DATA_TEAM,PENDING_DATA_TEAM,PENDING_DATA_TEAM,holdout,False,expected_event_unknown_pending_data_team
XO.LT15..HH.2018.07.30.11.34.05,S,201807,XO,LT15,EVENT,45.0,PENDING_DATA_TEAM,PENDING_DATA_TEAM,PENDING_DATA_TEAM,holdout,True,
XO.WS75..HH.2018.07.30.11.34.05,P,201807,XO,WS75,EVENT,44.99,PENDING_DATA_TEAM,PENDING_DATA_TEAM,PENDING_DATA_TEAM,main,True,
XO.WS75..HH.2018.07.30.11.34.05,S,201807,XO,WS75,EVENT,80.62,PENDING_DATA_TEAM,PENDING_DATA_TEAM,PENDING_DATA_TEAM,main,True,
XO.WS72..HH.2018.07.30.23.50.10,P,201807,XO,WS72,EVENT,44.99,PENDING_DATA_TEAM,PENDING_DATA_TEAM,PENDING_DATA_TEAM,main,True,
XO.WS72..HH.2018.07.30.23.50.10,S,201807,XO,WS72,EVENT,60.58,PENDING_DATA_TEAM,PENDING_DATA_TEAM,PENDING_DATA_TEAM,main,True,
XO.WS71..HH.2018.07.30.23.50.19,P,201807,XO,WS71,EVENT,44.99,PENDING_DATA_TEAM,PENDING_DATA_TEAM,PENDING_DATA_TEAM,main,True,
XO.WS71..HH.2018.07.30.23.50.19,S,201807,XO,WS71,UNKNOWN,,PENDING_DATA_TEAM,PENDING_DATA_TEAM,PENDING_DATA_TEAM,main,False,expected_event_unknown_pending_data_team
XO.LD41..HH.2018.07.30.23.50.28,P,201807,XO,LD41,EVENT,44.99,PENDING_DATA_TEAM,PENDING_DATA_TEAM,PENDING_DATA_TEAM,main,True,
XO.LD41..HH.2018.07.30.23.50.28,S,201807,XO,LD41,UNKNOWN,,PENDING_DATA_TEAM,PENDING_DATA_TEAM,PENDING_DATA_TEAM,main,False,expected_event_unknown_pending_data_team
XO.WD53..HH.2018.07.30.12.27.58,P,201807,XO,WD53,EVENT,45.0,PENDING_DATA_TEAM,PENDING_DATA_TEAM,PENDING_DATA_TEAM,main,True,
XO.WD53..HH.2018.07.30.12.27.58,S,201807,XO,WD53,UNKNOWN,,PENDING_DATA_TEAM,PENDING_DATA_TEAM,PENDING_DATA_TEAM,main,False,expected_event_unknown_pending_data_team
XO.WS71..HH.2018.07.30.12.28.04,P,201807,XO,WS71,UNKNOWN,,PENDING_DATA_TEAM,PENDING_DATA_TEAM,PENDING_DATA_TEAM,main,False,expected_event_unknown_pending_data_team
XO.WS71..HH.2018.07.30.12.28.04,S,201807,XO,WS71,EVENT,45.0,PENDING_DATA_TEAM,PENDING_DATA_TEAM,PENDING_DATA_TEAM,main,True,
XO.LT01..HH.2018.07.31.12.25.28,P,201807,XO,LT01,EVENT,45.0,PENDING_DATA_TEAM,PENDING_DATA_TEAM,PENDING_DATA_TEAM,holdout,True,
XO.LT01..HH.2018.07.31.12.25.28,S,201807,XO,LT01,UNKNOWN,,PENDING_DATA_TEAM,PENDING_DATA_TEAM,PENDING_DATA_TEAM,holdout,False,expected_event_unknown_pending_data_team
XO.LD38..HH.2018.07.31.12.25.39,P,201807,XO,LD38,UNKNOWN,,PENDING_DATA_TEAM,PENDING_DATA_TEAM,PENDING_DATA_TEAM,main,False,expected_event_unknown_pending_data_team
XO.LD38..HH.2018.07.31.12.25.39,S,201807,XO,LD38,EVENT,45.0,PENDING_DATA_TEAM,PENDING_DATA_TEAM,PENDING_DATA_TEAM,main,True,
XO.WD57..HH.2018.07.31.12.25.44,P,201807,XO,WD57,EVENT,45.0,PENDING_DATA_TEAM,PENDING_DATA_TEAM,PENDING_DATA_TEAM,main,True,
XO.WD57..HH.2018.07.31.12.25.44,S,201807,XO,WD57,UNKNOWN,,PENDING_DATA_TEAM,PENDING_DATA_TEAM,PENDING_DATA_TEAM,main,False,expected_event_unknown_pending_data_team
XO.WD46..HH.2018.07.31.12.44.00,P,201807,XO,WD46,EVENT,44.99,PENDING_DATA_TEAM,PENDING_DATA_TEAM,PENDING_DATA_TEAM,main,True,
XO.WD46..HH.2018.07.31.12.44.00,S,201807,XO,WD46,UNKNOWN,,PENDING_DATA_TEAM,PENDING_DATA_TEAM,PENDING_DATA_TEAM,main,False,expected_event_unknown_pending_data_team
XO.WS72..HH.2018.07.31.12.44.12,P,201807,XO,WS72,EVENT,44.99,PENDING_DATA_TEAM,PENDING_DATA_TEAM,PENDING_DATA_TEAM,main,True,
XO.WS72..HH.2018.07.31.12.44.12,S,201807,XO,WS72,EVENT,60.51,PENDING_DATA_TEAM,PENDING_DATA_TEAM,PENDING_DATA_TEAM,main,True,
XO.LA39..HH.2018.07.31.06.49.44,P,201807,XO,LA39,EVENT,45.0,PENDING_DATA_TEAM,PENDING_DATA_TEAM,PENDING_DATA_TEAM,main,True,
XO.LA39..HH.2018.07.31.06.49.44,S,201807,XO,LA39,EVENT,59.88,PENDING_DATA_TEAM,PENDING_DATA_TEAM,PENDING_DATA_TEAM,main,True,
XO.WD57..HH.2018.07.31.06.59.56,P,201807,XO,WD57,EVENT,44.99,PENDING_DATA_TEAM,PENDING_DATA_TEAM,PENDING_DATA_TEAM,main,True,
XO.WD57..HH.2018.07.31.06.59.56,S,201807,XO,WD57,EVENT,77.2,PENDING_DATA_TEAM,PENDING_DATA_TEAM,PENDING_DATA_TEAM,main,True,
XO.WD70..HH.2018.07.31.06.59.30,P,201807,XO,WD70,EVENT,44.99,PENDING_DATA_TEAM,PENDING_DATA_TEAM,PENDING_DATA_TEAM,holdout,True,
XO.WD70..HH.2018.07.31.06.59.30,S,201807,XO,WD70,EVENT,58.65,PENDING_DATA_TEAM,PENDING_DATA_TEAM,PENDING_DATA_TEAM,holdout,True,
XO.WD48..HH.2018.07.31.06.59.34,P,201807,XO,WD48,EVENT,44.99,PENDING_DATA_TEAM,PENDING_DATA_TEAM,PENDING_DATA_TEAM,main,True,
XO.WD48..HH.2018.07.31.06.59.34,S,201807,XO,WD48,EVENT,61.67,PENDING_DATA_TEAM,PENDING_DATA_TEAM,PENDING_DATA_TEAM,main,True,
XO.WD49..HH.2018.07.31.06.59.43,P,201807,XO,WD49,EVENT,44.99,PENDING_DATA_TEAM,PENDING_DATA_TEAM,PENDING_DATA_TEAM,main,True,
XO.WD49..HH.2018.07.31.06.59.43,S,201807,XO,WD49,UNKNOWN,,PENDING_DATA_TEAM,PENDING_DATA_TEAM,PENDING_DATA_TEAM,main,False,expected_event_unknown_pending_data_team
XO.LA39..HH.2018.07.31.07.01.07,P,201807,XO,LA39,UNKNOWN,,PENDING_DATA_TEAM,PENDING_DATA_TEAM,PENDING_DATA_TEAM,holdout,False,expected_event_unknown_pending_data_team
XO.LA39..HH.2018.07.31.07.01.07,S,201807,XO,LA39,EVENT,45.0,PENDING_DATA_TEAM,PENDING_DATA_TEAM,PENDING_DATA_TEAM,holdout,True,
XO.WS71..HH.2018.07.31.07.01.27,P,201807,XO,WS71,UNKNOWN,,PENDING_DATA_TEAM,PENDING_DATA_TEAM,PENDING_DATA_TEAM,main,False,expected_event_unknown_pending_data_team
XO.WS71..HH.2018.07.31.07.01.27,S,201807,XO,WS71,EVENT,45.0,PENDING_DATA_TEAM,PENDING_DATA_TEAM,PENDING_DATA_TEAM,main,True,
XO.WD70..HH.2018.07.31.07.03.13,P,201807,XO,WD70,UNKNOWN,,PENDING_DATA_TEAM,PENDING_DATA_TEAM,PENDING_DATA_TEAM,main,False,expected_event_unknown_pending_data_team
XO.WD70..HH.2018.07.31.07.03.13,S,201807,XO,WD70,EVENT,45.0,PENDING_DATA_TEAM,PENDING_DATA_TEAM,PENDING_DATA_TEAM,main,True,
XO.WD49..HH.2018.07.31.09.40.21,P,201807,XO,WD49,EVENT,45.0,PENDING_DATA_TEAM,PENDING_DATA_TEAM,PENDING_DATA_TEAM,main,True,
XO.WD49..HH.2018.07.31.09.40.21,S,201807,XO,WD49,UNKNOWN,,PENDING_DATA_TEAM,PENDING_DATA_TEAM,PENDING_DATA_TEAM,main,False,expected_event_unknown_pending_data_team
XO.WD46..HH.2018.07.31.09.59.37,P,201807,XO,WD46,EVENT,45.0,PENDING_DATA_TEAM,PENDING_DATA_TEAM,PENDING_DATA_TEAM,main,True,
XO.WD46..HH.2018.07.31.09.59.37,S,201807,XO,WD46,UNKNOWN,,PENDING_DATA_TEAM,PENDING_DATA_TEAM,PENDING_DATA_TEAM,main,False,expected_event_unknown_pending_data_team
XO.WD48..HH.2018.07.31.09.59.54,P,201807,XO,WD48,EVENT,44.99,PENDING_DATA_TEAM,PENDING_DATA_TEAM,PENDING_DATA_TEAM,main,True,
XO.WD48..HH.2018.07.31.09.59.54,S,201807,XO,WD48,EVENT,62.27,PENDING_DATA_TEAM,PENDING_DATA_TEAM,PENDING_DATA_TEAM,main,True,
XO.WD57..HH.2018.07.31.10.03.11,P,201807,XO,WD57,EVENT,45.0,PENDING_DATA_TEAM,PENDING_DATA_TEAM,PENDING_DATA_TEAM,main,True,
XO.WD57..HH.2018.07.31.10.03.11,S,201807,XO,WD57,UNKNOWN,,PENDING_DATA_TEAM,PENDING_DATA_TEAM,PENDING_DATA_TEAM,main,False,expected_event_unknown_pending_data_team
XO.LA39..HH.2018.07.31.11.43.28,P,201807,XO,LA39,UNKNOWN,,PENDING_DATA_TEAM,PENDING_DATA_TEAM,PENDING_DATA_TEAM,main,False,expected_event_unknown_pending_data_team
XO.LA39..HH.2018.07.31.11.43.28,S,201807,XO,LA39,EVENT,45.0,PENDING_DATA_TEAM,PENDING_DATA_TEAM,PENDING_DATA_TEAM,main,True,
XO.WD51..HH.2018.07.31.11.50.35,P,201807,XO,WD51,EVENT,45.0,PENDING_DATA_TEAM,PENDING_DATA_TEAM,PENDING_DATA_TEAM,main,True,
XO.WD51..HH.2018.07.31.11.50.35,S,201807,XO,WD51,EVENT,65.67,PENDING_DATA_TEAM,PENDING_DATA_TEAM,PENDING_DATA_TEAM,main,True,
XO.WS72..HH.2018.07.31.12.34.17,P,201807,XO,WS72,UNKNOWN,,PENDING_DATA_TEAM,PENDING_DATA_TEAM,PENDING_DATA_TEAM,holdout,False,expected_event_unknown_pending_data_team
XO.WS72..HH.2018.07.31.12.34.17,S,201807,XO,WS72,EVENT,44.99,PENDING_DATA_TEAM,PENDING_DATA_TEAM,PENDING_DATA_TEAM,holdout,True,
XO.WS71..HH.2018.07.31.12.34.35,P,201807,XO,WS71,UNKNOWN,,PENDING_DATA_TEAM,PENDING_DATA_TEAM,PENDING_DATA_TEAM,main,False,expected_event_unknown_pending_data_team
XO.WS71..HH.2018.07.31.12.34.35,S,201807,XO,WS71,EVENT,44.99,PENDING_DATA_TEAM,PENDING_DATA_TEAM,PENDING_DATA_TEAM,main,True,
XO.WD48..HH.2018.07.31.13.23.26,P,201807,XO,WD48,EVENT,44.99,PENDING_DATA_TEAM,PENDING_DATA_TEAM,PENDING_DATA_TEAM,main,True,
XO.WD48..HH.2018.07.31.13.23.26,S,201807,XO,WD48,EVENT,61.85,PENDING_DATA_TEAM,PENDING_DATA_TEAM,PENDING_DATA_TEAM,main,True,
XO.LD41..HH.2018.07.31.13.24.04,P,201807,XO,LD41,UNKNOWN,,PENDING_DATA_TEAM,PENDING_DATA_TEAM,PENDING_DATA_TEAM,main,False,expected_event_unknown_pending_data_team
XO.LD41..HH.2018.07.31.13.24.04,S,201807,XO,LD41,EVENT,45.0,PENDING_DATA_TEAM,PENDING_DATA_TEAM,PENDING_DATA_TEAM,main,True,
XO.WS72..HH.2018.07.31.13.48.03,P,201807,XO,WS72,UNKNOWN,,PENDING_DATA_TEAM,PENDING_DATA_TEAM,PENDING_DATA_TEAM,main,False,expected_event_unknown_pending_data_team
XO.WS72..HH.2018.07.31.13.48.03,S,201807,XO,WS72,EVENT,45.0,PENDING_DATA_TEAM,PENDING_DATA_TEAM,PENDING_DATA_TEAM,main,True,
XO.LA39..HH.2018.07.31.13.47.46,P,201807,XO,LA39,EVENT,45.0,PENDING_DATA_TEAM,PENDING_DATA_TEAM,PENDING_DATA_TEAM,main,True,
XO.LA39..HH.2018.07.31.13.47.46,S,201807,XO,LA39,EVENT,60.38,PENDING_DATA_TEAM,PENDING_DATA_TEAM,PENDING_DATA_TEAM,main,True,
XO.LT07..HH.2018.07.31.14.34.07,P,201807,XO,LT07,EVENT,44.99,PENDING_DATA_TEAM,PENDING_DATA_TEAM,PENDING_DATA_TEAM,main,True,
XO.LT07..HH.2018.07.31.14.34.07,S,201807,XO,LT07,EVENT,53.85,PENDING_DATA_TEAM,PENDING_DATA_TEAM,PENDING_DATA_TEAM,main,True,
XO.LT12..HH.2018.07.31.14.34.22,P,201807,XO,LT12,EVENT,45.0,PENDING_DATA_TEAM,PENDING_DATA_TEAM,PENDING_DATA_TEAM,main,True,
XO.LT12..HH.2018.07.31.14.34.22,S,201807,XO,LT12,EVENT,65.08,PENDING_DATA_TEAM,PENDING_DATA_TEAM,PENDING_DATA_TEAM,main,True,
XO.WD57..HH.2018.07.31.14.34.27,P,201807,XO,WD57,EVENT,44.99,PENDING_DATA_TEAM,PENDING_DATA_TEAM,PENDING_DATA_TEAM,holdout,True,
XO.WD57..HH.2018.07.31.14.34.27,S,201807,XO,WD57,EVENT,69.64,PENDING_DATA_TEAM,PENDING_DATA_TEAM,PENDING_DATA_TEAM,holdout,True,
XO.WS72..HH.2018.07.31.14.34.33,P,201807,XO,WS72,EVENT,44.99,PENDING_DATA_TEAM,PENDING_DATA_TEAM,PENDING_DATA_TEAM,main,True,
XO.WS72..HH.2018.07.31.14.34.33,S,201807,XO,WS72,EVENT,73.83,PENDING_DATA_TEAM,PENDING_DATA_TEAM,PENDING_DATA_TEAM,main,True,
XO.LA33..HH.2018.07.31.14.34.33,P,201807,XO,LA33,EVENT,44.99,PENDING_DATA_TEAM,PENDING_DATA_TEAM,PENDING_DATA_TEAM,main,True,
XO.LA33..HH.2018.07.31.14.34.33,S,201807,XO,LA33,UNKNOWN,,PENDING_DATA_TEAM,PENDING_DATA_TEAM,PENDING_DATA_TEAM,main,False,expected_event_unknown_pending_data_team
XO.LA39..HH.2018.07.31.14.32.05,P,201807,XO,LA39,EVENT,45.0,PENDING_DATA_TEAM,PENDING_DATA_TEAM,PENDING_DATA_TEAM,main,True,
XO.LA39..HH.2018.07.31.14.32.05,S,201807,XO,LA39,EVENT,57.03,PENDING_DATA_TEAM,PENDING_DATA_TEAM,PENDING_DATA_TEAM,main,True,
XO.WD51..HH.2018.07.31.17.09.43,P,201807,XO,WD51,EVENT,45.0,PENDING_DATA_TEAM,PENDING_DATA_TEAM,PENDING_DATA_TEAM,main,True,
XO.WD51..HH.2018.07.31.17.09.43,S,201807,XO,WD51,EVENT,70.69,PENDING_DATA_TEAM,PENDING_DATA_TEAM,PENDING_DATA_TEAM,main,True,
XO.WD70..HH.2018.07.31.17.09.31,P,201807,XO,WD70,EVENT,44.99,PENDING_DATA_TEAM,PENDING_DATA_TEAM,PENDING_DATA_TEAM,main,True,
XO.WD70..HH.2018.07.31.17.09.31,S,201807,XO,WD70,EVENT,62.03,PENDING_DATA_TEAM,PENDING_DATA_TEAM,PENDING_DATA_TEAM,main,True,
XO.WD49..HH.2018.07.31.17.09.48,P,201807,XO,WD49,EVENT,45.0,PENDING_DATA_TEAM,PENDING_DATA_TEAM,PENDING_DATA_TEAM,main,True,
XO.WD49..HH.2018.07.31.17.09.48,S,201807,XO,WD49,UNKNOWN,,PENDING_DATA_TEAM,PENDING_DATA_TEAM,PENDING_DATA_TEAM,main,False,expected_event_unknown_pending_data_team
XO.WD48..HH.2018.07.31.23.43.46,P,201807,XO,WD48,UNKNOWN,,PENDING_DATA_TEAM,PENDING_DATA_TEAM,PENDING_DATA_TEAM,main,False,expected_event_unknown_pending_data_team
XO.WD48..HH.2018.07.31.23.43.46,S,201807,XO,WD48,EVENT,44.99,PENDING_DATA_TEAM,PENDING_DATA_TEAM,PENDING_DATA_TEAM,main,True,
XO.LD40..HH.2018.07.01.15.44.41,P,201807,XO,LD40,EVENT,45.0,PENDING_DATA_TEAM,PENDING_DATA_TEAM,PENDING_DATA_TEAM,holdout,True,
XO.LD40..HH.2018.07.01.15.44.41,S,201807,XO,LD40,EVENT,70.62,PENDING_DATA_TEAM,PENDING_DATA_TEAM,PENDING_DATA_TEAM,holdout,True,
XO.LA39..HH.2018.07.01.15.44.48,P,201807,XO,LA39,UNKNOWN,,PENDING_DATA_TEAM,PENDING_DATA_TEAM,PENDING_DATA_TEAM,main,False,expected_event_unknown_pending_data_team
XO.LA39..HH.2018.07.01.15.44.48,S,201807,XO,LA39,EVENT,44.99,PENDING_DATA_TEAM,PENDING_DATA_TEAM,PENDING_DATA_TEAM,main,True,
XO.LA39..HH.2018.07.02.10.27.32,P,201807,XO,LA39,EVENT,45.0,PENDING_DATA_TEAM,PENDING_DATA_TEAM,PENDING_DATA_TEAM,main,True,
XO.LA39..HH.2018.07.02.10.27.32,S,201807,XO,LA39,EVENT,59.25,PENDING_DATA_TEAM,PENDING_DATA_TEAM,PENDING_DATA_TEAM,main,True,
XO.LD45..HH.2018.07.07.12.17.44,P,201807,XO,LD45,EVENT,44.99,PENDING_DATA_TEAM,PENDING_DATA_TEAM,PENDING_DATA_TEAM,main,True,
XO.LD45..HH.2018.07.07.12.17.44,S,201807,XO,LD45,EVENT,63.67,PENDING_DATA_TEAM,PENDING_DATA_TEAM,PENDING_DATA_TEAM,main,True,
XO.LT16..HH.2018.07.07.12.17.52,P,201807,XO,LT16,EVENT,45.0,PENDING_DATA_TEAM,PENDING_DATA_TEAM,PENDING_DATA_TEAM,main,True,
XO.LT16..HH.2018.07.07.12.17.52,S,201807,XO,LT16,UNKNOWN,,PENDING_DATA_TEAM,PENDING_DATA_TEAM,PENDING_DATA_TEAM,main,False,expected_event_unknown_pending_data_team
XO.LA34..HH.2018.07.07.12.17.52,P,201807,XO,LA34,EVENT,45.0,PENDING_DATA_TEAM,PENDING_DATA_TEAM,PENDING_DATA_TEAM,main,True,
XO.LA34..HH.2018.07.07.12.17.52,S,201807,XO,LA34,EVENT,69.43,PENDING_DATA_TEAM,PENDING_DATA_TEAM,PENDING_DATA_TEAM,main,True,
XO.LA33..HH.2018.07.07.12.17.55,P,201807,XO,LA33,EVENT,44.99,PENDING_DATA_TEAM,PENDING_DATA_TEAM,PENDING_DATA_TEAM,main,True,
XO.LA33..HH.2018.07.07.12.17.55,S,201807,XO,LA33,UNKNOWN,,PENDING_DATA_TEAM,PENDING_DATA_TEAM,PENDING_DATA_TEAM,main,False,expected_event_unknown_pending_data_team
XO.LA28..HH.2018.07.07.12.18.05,P,201807,XO,LA28,EVENT,44.99,PENDING_DATA_TEAM,PENDING_DATA_TEAM,PENDING_DATA_TEAM,main,True,
XO.LA28..HH.2018.07.07.12.18.05,S,201807,XO,LA28,UNKNOWN,,PENDING_DATA_TEAM,PENDING_DATA_TEAM,PENDING_DATA_TEAM,main,False,expected_event_unknown_pending_data_team
XO.LA39..HH.2018.07.12.06.51.24,P,201807,XO,LA39,EVENT,45.0,PENDING_DATA_TEAM,PENDING_DATA_TEAM,PENDING_DATA_TEAM,main,True,
XO.LA39..HH.2018.07.12.06.51.24,S,201807,XO,LA39,EVENT,59.47,PENDING_DATA_TEAM,PENDING_DATA_TEAM,PENDING_DATA_TEAM,main,True,
XO.LT01..HH.2018.07.12.06.51.58,P,201807,XO,LT01,UNKNOWN,,PENDING_DATA_TEAM,PENDING_DATA_TEAM,PENDING_DATA_TEAM,holdout,False,expected_event_unknown_pending_data_team
XO.LT01..HH.2018.07.12.06.51.58,S,201807,XO,LT01,EVENT,45.0,PENDING_DATA_TEAM,PENDING_DATA_TEAM,PENDING_DATA_TEAM,holdout,True,
XO.LD40..HH.2018.07.13.11.58.35,P,201807,XO,LD40,UNKNOWN,,PENDING_DATA_TEAM,PENDING_DATA_TEAM,PENDING_DATA_TEAM,main,False,expected_event_unknown_pending_data_team
XO.LD40..HH.2018.07.13.11.58.35,S,201807,XO,LD40,EVENT,45.0,PENDING_DATA_TEAM,PENDING_DATA_TEAM,PENDING_DATA_TEAM,main,True,
XO.LT01..HH.2018.07.15.22.56.46,P,201807,XO,LT01,UNKNOWN,,PENDING_DATA_TEAM,PENDING_DATA_TEAM,PENDING_DATA_TEAM,main,False,expected_event_unknown_pending_data_team
XO.LT01..HH.2018.07.15.22.56.46,S,201807,XO,LT01,EVENT,45.0,PENDING_DATA_TEAM,PENDING_DATA_TEAM,PENDING_DATA_TEAM,main,True,
XO.LA39..HH.2018.07.21.22.22.28,P,201807,XO,LA39,UNKNOWN,,PENDING_DATA_TEAM,PENDING_DATA_TEAM,PENDING_DATA_TEAM,main,False,expected_event_unknown_pending_data_team
XO.LA39..HH.2018.07.21.22.22.28,S,201807,XO,LA39,EVENT,44.99,PENDING_DATA_TEAM,PENDING_DATA_TEAM,PENDING_DATA_TEAM,main,True,
XO.WS72..HH.2018.07.25.11.33.25,P,201807,XO,WS72,EVENT,44.99,PENDING_DATA_TEAM,PENDING_DATA_TEAM,PENDING_DATA_TEAM,holdout,True,
XO.WS72..HH.2018.07.25.11.33.25,S,201807,XO,WS72,EVENT,62.62,PENDING_DATA_TEAM,PENDING_DATA_TEAM,PENDING_DATA_TEAM,holdout,True,
XO.WD48..HH.2018.07.25.11.33.25,P,201807,XO,WD48,EVENT,44.99,PENDING_DATA_TEAM,PENDING_DATA_TEAM,PENDING_DATA_TEAM,main,True,
XO.WD48..HH.2018.07.25.11.33.25,S,201807,XO,WD48,EVENT,63.22,PENDING_DATA_TEAM,PENDING_DATA_TEAM,PENDING_DATA_TEAM,main,True,
XO.WD51..HH.2018.07.25.11.33.33,P,201807,XO,WD51,EVENT,44.99,PENDING_DATA_TEAM,PENDING_DATA_TEAM,PENDING_DATA_TEAM,main,True,
XO.WD51..HH.2018.07.25.11.33.33,S,201807,XO,WD51,EVENT,67.98,PENDING_DATA_TEAM,PENDING_DATA_TEAM,PENDING_DATA_TEAM,main,True,
XO.WD49..HH.2018.07.25.11.33.38,P,201807,XO,WD49,EVENT,44.99,PENDING_DATA_TEAM,PENDING_DATA_TEAM,PENDING_DATA_TEAM,holdout,True,
XO.WD49..HH.2018.07.25.11.33.38,S,201807,XO,WD49,UNKNOWN,,PENDING_DATA_TEAM,PENDING_DATA_TEAM,PENDING_DATA_TEAM,holdout,False,expected_event_unknown_pending_data_team
XO.LD38..HH.2018.07.25.11.33.48,P,201807,XO,LD38,UNKNOWN,,PENDING_DATA_TEAM,PENDING_DATA_TEAM,PENDING_DATA_TEAM,main,False,expected_event_unknown_pending_data_team
XO.LD38..HH.2018.07.25.11.33.48,S,201807,XO,LD38,EVENT,45.0,PENDING_DATA_TEAM,PENDING_DATA_TEAM,PENDING_DATA_TEAM,main,True,
XO.LT01..HH.2018.07.25.11.33.54,P,201807,XO,LT01,UNKNOWN,,PENDING_DATA_TEAM,PENDING_DATA_TEAM,PENDING_DATA_TEAM,main,False,expected_event_unknown_pending_data_team
XO.LT01..HH.2018.07.25.11.33.54,S,201807,XO,LT01,EVENT,44.99,PENDING_DATA_TEAM,PENDING_DATA_TEAM,PENDING_DATA_TEAM,main,True,
XO.LA33..HH.2018.07.26.07.31.37,P,201807,XO,LA33,EVENT,45.0,PENDING_DATA_TEAM,PENDING_DATA_TEAM,PENDING_DATA_TEAM,holdout,True,
XO.LA33..HH.2018.07.26.07.31.37,S,201807,XO,LA33,EVENT,58.09,PENDING_DATA_TEAM,PENDING_DATA_TEAM,PENDING_DATA_TEAM,holdout,True,
XO.LT13..HH.2018.07.26.07.31.29,P,201807,XO,LT13,EVENT,44.99,PENDING_DATA_TEAM,PENDING_DATA_TEAM,PENDING_DATA_TEAM,main,True,
XO.LT13..HH.2018.07.26.07.31.29,S,201807,XO,LT13,EVENT,51.9,PENDING_DATA_TEAM,PENDING_DATA_TEAM,PENDING_DATA_TEAM,main,True,
XO.WS74..HH.2018.07.26.07.31.39,P,201807,XO,WS74,EVENT,44.99,PENDING_DATA_TEAM,PENDING_DATA_TEAM,PENDING_DATA_TEAM,main,True,
XO.WS74..HH.2018.07.26.07.31.39,S,201807,XO,WS74,UNKNOWN,,PENDING_DATA_TEAM,PENDING_DATA_TEAM,PENDING_DATA_TEAM,main,False,expected_event_unknown_pending_data_team
XO.LT04..HH.2018.07.01.20.57.50,P,201807,XO,LT04,EVENT,44.99,PENDING_DATA_TEAM,PENDING_DATA_TEAM,PENDING_DATA_TEAM,main,True,
XO.LT04..HH.2018.07.01.20.57.50,S,201807,XO,LT04,UNKNOWN,,PENDING_DATA_TEAM,PENDING_DATA_TEAM,PENDING_DATA_TEAM,main,False,expected_event_unknown_pending_data_team
XO.LD40..HH.2018.07.01.21.11.45,P,201807,XO,LD40,UNKNOWN,,PENDING_DATA_TEAM,PENDING_DATA_TEAM,PENDING_DATA_TEAM,main,False,expected_event_unknown_pending_data_team
XO.LD40..HH.2018.07.01.21.11.45,S,201807,XO,LD40,EVENT,44.99,PENDING_DATA_TEAM,PENDING_DATA_TEAM,PENDING_DATA_TEAM,main,True,
XO.LA21..HH.2018.07.02.10.35.26,P,201807,XO,LA21,EVENT,44.99,PENDING_DATA_TEAM,PENDING_DATA_TEAM,PENDING_DATA_TEAM,main,True,
XO.LA21..HH.2018.07.02.10.35.26,S,201807,XO,LA21,EVENT,54.08,PENDING_DATA_TEAM,PENDING_DATA_TEAM,PENDING_DATA_TEAM,main,True,
XO.LA26..HH.2018.07.02.10.35.32,P,201807,XO,LA26,EVENT,45.0,PENDING_DATA_TEAM,PENDING_DATA_TEAM,PENDING_DATA_TEAM,main,True,
XO.LA26..HH.2018.07.02.10.35.32,S,201807,XO,LA26,UNKNOWN,,PENDING_DATA_TEAM,PENDING_DATA_TEAM,PENDING_DATA_TEAM,main,False,expected_event_unknown_pending_data_team
XO.LT07..HH.2018.07.02.10.35.41,P,201807,XO,LT07,EVENT,45.0,PENDING_DATA_TEAM,PENDING_DATA_TEAM,PENDING_DATA_TEAM,main,True,
XO.LT07..HH.2018.07.02.10.35.41,S,201807,XO,LT07,UNKNOWN,,PENDING_DATA_TEAM,PENDING_DATA_TEAM,PENDING_DATA_TEAM,main,False,expected_event_unknown_pending_data_team
XO.LT13..HH.2018.07.03.07.10.15,P,201807,XO,LT13,EVENT,44.99,PENDING_DATA_TEAM,PENDING_DATA_TEAM,PENDING_DATA_TEAM,main,True,
XO.LT13..HH.2018.07.03.07.10.15,S,201807,XO,LT13,UNKNOWN,,PENDING_DATA_TEAM,PENDING_DATA_TEAM,PENDING_DATA_TEAM,main,False,expected_event_unknown_pending_data_team
XO.LT01..HH.2018.07.04.17.33.43,P,201807,XO,LT01,UNKNOWN,,PENDING_DATA_TEAM,PENDING_DATA_TEAM,PENDING_DATA_TEAM,main,False,expected_event_unknown_pending_data_team
XO.LT01..HH.2018.07.04.17.33.43,S,201807,XO,LT01,EVENT,45.0,PENDING_DATA_TEAM,PENDING_DATA_TEAM,PENDING_DATA_TEAM,main,True,
XO.LT07..HH.2018.07.05.00.42.23,P,201807,XO,LT07,EVENT,44.99,PENDING_DATA_TEAM,PENDING_DATA_TEAM,PENDING_DATA_TEAM,holdout,True,
XO.LT07..HH.2018.07.05.00.42.23,S,201807,XO,LT07,UNKNOWN,,PENDING_DATA_TEAM,PENDING_DATA_TEAM,PENDING_DATA_TEAM,holdout,False,expected_event_unknown_pending_data_team
XO.LA39..HH.2018.07.05.00.42.49,P,201807,XO,LA39,UNKNOWN,,PENDING_DATA_TEAM,PENDING_DATA_TEAM,PENDING_DATA_TEAM,main,False,expected_event_unknown_pending_data_team
XO.LA39..HH.2018.07.05.00.42.49,S,201807,XO,LA39,EVENT,44.99,PENDING_DATA_TEAM,PENDING_DATA_TEAM,PENDING_DATA_TEAM,main,True,
XO.LA29..HH.2018.07.05.19.54.01,P,201807,XO,LA29,UNKNOWN,,PENDING_DATA_TEAM,PENDING_DATA_TEAM,PENDING_DATA_TEAM,holdout,False,expected_event_unknown_pending_data_team
XO.LA29..HH.2018.07.05.19.54.01,S,201807,XO,LA29,EVENT,45.0,PENDING_DATA_TEAM,PENDING_DATA_TEAM,PENDING_DATA_TEAM,holdout,True,
XO.LT10..HH.2018.07.06.20.10.30,P,201807,XO,LT10,EVENT,45.0,PENDING_DATA_TEAM,PENDING_DATA_TEAM,PENDING_DATA_TEAM,main,True,
XO.LT10..HH.2018.07.06.20.10.30,S,201807,XO,LT10,EVENT,55.94,PENDING_DATA_TEAM,PENDING_DATA_TEAM,PENDING_DATA_TEAM,main,True,
XO.LT06..HH.2018.07.06.20.10.34,P,201807,XO,LT06,UNKNOWN,,PENDING_DATA_TEAM,PENDING_DATA_TEAM,PENDING_DATA_TEAM,main,False,expected_event_unknown_pending_data_team
XO.LT06..HH.2018.07.06.20.10.34,S,201807,XO,LT06,EVENT,45.0,PENDING_DATA_TEAM,PENDING_DATA_TEAM,PENDING_DATA_TEAM,main,True,
XO.LT04..HH.2018.07.07.07.33.12,P,201807,XO,LT04,EVENT,44.99,PENDING_DATA_TEAM,PENDING_DATA_TEAM,PENDING_DATA_TEAM,main,True,
XO.LT04..HH.2018.07.07.07.33.12,S,201807,XO,LT04,EVENT,55.42,PENDING_DATA_TEAM,PENDING_DATA_TEAM,PENDING_DATA_TEAM,main,True,
XO.LD45..HH.2018.07.10.18.47.50,P,201807,XO,LD45,EVENT,44.99,PENDING_DATA_TEAM,PENDING_DATA_TEAM,PENDING_DATA_TEAM,main,True,
XO.LD45..HH.2018.07.10.18.47.50,S,201807,XO,LD45,UNKNOWN,,PENDING_DATA_TEAM,PENDING_DATA_TEAM,PENDING_DATA_TEAM,main,False,expected_event_unknown_pending_data_team
XO.LA33..HH.2018.07.10.18.48.03,P,201807,XO,LA33,EVENT,44.99,PENDING_DATA_TEAM,PENDING_DATA_TEAM,PENDING_DATA_TEAM,holdout,True,
XO.LA33..HH.2018.07.10.18.48.03,S,201807,XO,LA33,UNKNOWN,,PENDING_DATA_TEAM,PENDING_DATA_TEAM,PENDING_DATA_TEAM,holdout,False,expected_event_unknown_pending_data_team
XO.LT16..HH.2018.07.11.19.47.18,P,201807,XO,LT16,EVENT,45.0,PENDING_DATA_TEAM,PENDING_DATA_TEAM,PENDING_DATA_TEAM,holdout,True,
XO.LT16..HH.2018.07.11.19.47.18,S,201807,XO,LT16,UNKNOWN,,PENDING_DATA_TEAM,PENDING_DATA_TEAM,PENDING_DATA_TEAM,holdout,False,expected_event_unknown_pending_data_team
XO.LT20..HH.2018.07.11.07.07.38,P,201807,XO,LT20,UNKNOWN,,PENDING_DATA_TEAM,PENDING_DATA_TEAM,PENDING_DATA_TEAM,main,False,expected_event_unknown_pending_data_team
XO.LT20..HH.2018.07.11.07.07.38,S,201807,XO,LT20,EVENT,44.99,PENDING_DATA_TEAM,PENDING_DATA_TEAM,PENDING_DATA_TEAM,main,True,
XO.LT12..HH.2018.07.11.07.07.41,P,201807,XO,LT12,UNKNOWN,,PENDING_DATA_TEAM,PENDING_DATA_TEAM,PENDING_DATA_TEAM,main,False,expected_event_unknown_pending_data_team
XO.LT12..HH.2018.07.11.07.07.41,S,201807,XO,LT12,EVENT,45.0,PENDING_DATA_TEAM,PENDING_DATA_TEAM,PENDING_DATA_TEAM,main,True,
XO.LD45..HH.2018.07.11.07.07.50,P,201807,XO,LD45,UNKNOWN,,PENDING_DATA_TEAM,PENDING_DATA_TEAM,PENDING_DATA_TEAM,main,False,expected_event_unknown_pending_data_team
XO.LD45..HH.2018.07.11.07.07.50,S,201807,XO,LD45,EVENT,44.99,PENDING_DATA_TEAM,PENDING_DATA_TEAM,PENDING_DATA_TEAM,main,True,
XO.LA32..HH.2018.07.11.07.07.52,P,201807,XO,LA32,UNKNOWN,,PENDING_DATA_TEAM,PENDING_DATA_TEAM,PENDING_DATA_TEAM,main,False,expected_event_unknown_pending_data_team
XO.LA32..HH.2018.07.11.07.07.52,S,201807,XO,LA32,EVENT,44.99,PENDING_DATA_TEAM,PENDING_DATA_TEAM,PENDING_DATA_TEAM,main,True,
XO.LT16..HH.2018.07.12.04.09.09,P,201807,XO,LT16,EVENT,45.0,PENDING_DATA_TEAM,PENDING_DATA_TEAM,PENDING_DATA_TEAM,main,True,
XO.LT16..HH.2018.07.12.04.09.09,S,201807,XO,LT16,EVENT,50.84,PENDING_DATA_TEAM,PENDING_DATA_TEAM,PENDING_DATA_TEAM,main,True,
XO.LD40..HH.2018.07.15.02.04.38,P,201807,XO,LD40,UNKNOWN,,PENDING_DATA_TEAM,PENDING_DATA_TEAM,PENDING_DATA_TEAM,main,False,expected_event_unknown_pending_data_team
XO.LD40..HH.2018.07.15.02.04.38,S,201807,XO,LD40,EVENT,44.99,PENDING_DATA_TEAM,PENDING_DATA_TEAM,PENDING_DATA_TEAM,main,True,
XO.LA39..HH.2018.07.20.18.44.31,P,201807,XO,LA39,EVENT,44.99,PENDING_DATA_TEAM,PENDING_DATA_TEAM,PENDING_DATA_TEAM,main,True,
XO.LA39..HH.2018.07.20.18.44.31,S,201807,XO,LA39,EVENT,64.07,PENDING_DATA_TEAM,PENDING_DATA_TEAM,PENDING_DATA_TEAM,main,True,
XO.WD46..HH.2018.07.14.19.25.48,P,201807,XO,WD46,EVENT,44.99,PENDING_DATA_TEAM,PENDING_DATA_TEAM,PENDING_DATA_TEAM,main,True,
XO.WD46..HH.2018.07.14.19.25.48,S,201807,XO,WD46,UNKNOWN,,PENDING_DATA_TEAM,PENDING_DATA_TEAM,PENDING_DATA_TEAM,main,False,expected_event_unknown_pending_data_team
XO.LA39..HH.2018.07.18.02.49.23,P,201807,XO,LA39,EVENT,44.99,PENDING_DATA_TEAM,PENDING_DATA_TEAM,PENDING_DATA_TEAM,main,True,
XO.LA39..HH.2018.07.18.02.49.23,S,201807,XO,LA39,EVENT,63.92,PENDING_DATA_TEAM,PENDING_DATA_TEAM,PENDING_DATA_TEAM,main,True,
XO.LT13..HH.2018.07.18.13.01.43,P,201807,XO,LT13,EVENT,44.99,PENDING_DATA_TEAM,PENDING_DATA_TEAM,PENDING_DATA_TEAM,main,True,
XO.LT13..HH.2018.07.18.13.01.43,S,201807,XO,LT13,UNKNOWN,,PENDING_DATA_TEAM,PENDING_DATA_TEAM,PENDING_DATA_TEAM,main,False,expected_event_unknown_pending_data_team
XO.LT13..HH.2018.07.21.00.02.15,P,201807,XO,LT13,EVENT,44.99,PENDING_DATA_TEAM,PENDING_DATA_TEAM,PENDING_DATA_TEAM,holdout,True,
XO.LT13..HH.2018.07.21.00.02.15,S,201807,XO,LT13,EVENT,56.07,PENDING_DATA_TEAM,PENDING_DATA_TEAM,PENDING_DATA_TEAM,holdout,True,
XO.WD69..HH.2018.07.21.15.15.02,P,201807,XO,WD69,EVENT,44.99,PENDING_DATA_TEAM,PENDING_DATA_TEAM,PENDING_DATA_TEAM,main,True,
XO.WD69..HH.2018.07.21.15.15.02,S,201807,XO,WD69,EVENT,57.42,PENDING_DATA_TEAM,PENDING_DATA_TEAM,PENDING_DATA_TEAM,main,True,
XO.LT17..HH.2018.07.21.15.15.02,P,201807,XO,LT17,EVENT,44.99,PENDING_DATA_TEAM,PENDING_DATA_TEAM,PENDING_DATA_TEAM,main,True,
XO.LT17..HH.2018.07.21.15.15.02,S,201807,XO,LT17,UNKNOWN,,PENDING_DATA_TEAM,PENDING_DATA_TEAM,PENDING_DATA_TEAM,main,False,expected_event_unknown_pending_data_team
XO.WS75..HH.2018.07.21.15.15.13,P,201807,XO,WS75,UNKNOWN,,PENDING_DATA_TEAM,PENDING_DATA_TEAM,PENDING_DATA_TEAM,main,False,expected_event_unknown_pending_data_team
XO.WS75..HH.2018.07.21.15.15.13,S,201807,XO,WS75,EVENT,44.99,PENDING_DATA_TEAM,PENDING_DATA_TEAM,PENDING_DATA_TEAM,main,True,
XO.WS75..HH.2018.07.22.02.53.35,P,201807,XO,WS75,EVENT,45.0,PENDING_DATA_TEAM,PENDING_DATA_TEAM,PENDING_DATA_TEAM,main,True,
XO.WS75..HH.2018.07.22.02.53.35,S,201807,XO,WS75,UNKNOWN,,PENDING_DATA_TEAM,PENDING_DATA_TEAM,PENDING_DATA_TEAM,main,False,expected_event_unknown_pending_data_team
XO.LT01..HH.2018.07.22.22.51.51,P,201807,XO,LT01,UNKNOWN,,PENDING_DATA_TEAM,PENDING_DATA_TEAM,PENDING_DATA_TEAM,main,False,expected_event_unknown_pending_data_team
XO.LT01..HH.2018.07.22.22.51.51,S,201807,XO,LT01,EVENT,44.99,PENDING_DATA_TEAM,PENDING_DATA_TEAM,PENDING_DATA_TEAM,main,True,
XO.LA39..HH.2018.07.22.22.51.22,P,201807,XO,LA39,EVENT,45.0,PENDING_DATA_TEAM,PENDING_DATA_TEAM,PENDING_DATA_TEAM,main,True,
XO.LA39..HH.2018.07.22.22.51.22,S,201807,XO,LA39,EVENT,58.77,PENDING_DATA_TEAM,PENDING_DATA_TEAM,PENDING_DATA_TEAM,main,True,
XO.WD67..HH.2018.07.24.19.14.03,P,201807,XO,WD67,EVENT,45.0,PENDING_DATA_TEAM,PENDING_DATA_TEAM,PENDING_DATA_TEAM,main,True,
XO.WD67..HH.2018.07.24.19.14.03,S,201807,XO,WD67,EVENT,56.18,PENDING_DATA_TEAM,PENDING_DATA_TEAM,PENDING_DATA_TEAM,main,True,
XO.WD53..HH.2018.07.25.00.59.51,P,201807,XO,WD53,EVENT,44.99,PENDING_DATA_TEAM,PENDING_DATA_TEAM,PENDING_DATA_TEAM,main,True,
XO.WD53..HH.2018.07.25.00.59.51,S,201807,XO,WD53,UNKNOWN,,PENDING_DATA_TEAM,PENDING_DATA_TEAM,PENDING_DATA_TEAM,main,False,expected_event_unknown_pending_data_team
XO.WD57..HH.2018.07.25.00.59.51,P,201807,XO,WD57,EVENT,45.0,PENDING_DATA_TEAM,PENDING_DATA_TEAM,PENDING_DATA_TEAM,main,True,
XO.WD57..HH.2018.07.25.00.59.51,S,201807,XO,WD57,UNKNOWN,,PENDING_DATA_TEAM,PENDING_DATA_TEAM,PENDING_DATA_TEAM,main,False,expected_event_unknown_pending_data_team
XO.LT15..HH.2018.07.25.03.30.53,P,201807,XO,LT15,EVENT,45.0,PENDING_DATA_TEAM,PENDING_DATA_TEAM,PENDING_DATA_TEAM,main,True,
XO.LT15..HH.2018.07.25.03.30.53,S,201807,XO,LT15,EVENT,49.89,PENDING_DATA_TEAM,PENDING_DATA_TEAM,PENDING_DATA_TEAM,main,True,
XO.LT14..HH.2018.07.25.03.31.03,P,201807,XO,LT14,EVENT,44.99,PENDING_DATA_TEAM,PENDING_DATA_TEAM,PENDING_DATA_TEAM,main,True,
XO.LT14..HH.2018.07.25.03.31.03,S,201807,XO,LT14,UNKNOWN,,PENDING_DATA_TEAM,PENDING_DATA_TEAM,PENDING_DATA_TEAM,main,False,expected_event_unknown_pending_data_team
XO.WD54..HH.2018.07.25.08.22.55,P,201807,XO,WD54,EVENT,44.99,PENDING_DATA_TEAM,PENDING_DATA_TEAM,PENDING_DATA_TEAM,main,True,
XO.WD54..HH.2018.07.25.08.22.55,S,201807,XO,WD54,UNKNOWN,,PENDING_DATA_TEAM,PENDING_DATA_TEAM,PENDING_DATA_TEAM,main,False,expected_event_unknown_pending_data_team
XO.LD44..HH.2018.07.25.17.26.25,P,201807,XO,LD44,EVENT,44.99,PENDING_DATA_TEAM,PENDING_DATA_TEAM,PENDING_DATA_TEAM,holdout,True,
XO.LD44..HH.2018.07.25.17.26.25,S,201807,XO,LD44,EVENT,50.68,PENDING_DATA_TEAM,PENDING_DATA_TEAM,PENDING_DATA_TEAM,holdout,True,
XO.WD69..HH.2018.07.25.22.03.55,P,201807,XO,WD69,EVENT,44.99,PENDING_DATA_TEAM,PENDING_DATA_TEAM,PENDING_DATA_TEAM,holdout,True,
XO.WD69..HH.2018.07.25.22.03.55,S,201807,XO,WD69,EVENT,53.6,PENDING_DATA_TEAM,PENDING_DATA_TEAM,PENDING_DATA_TEAM,holdout,True,
XO.WS74..HH.2018.07.25.22.03.59,P,201807,XO,WS74,EVENT,44.99,PENDING_DATA_TEAM,PENDING_DATA_TEAM,PENDING_DATA_TEAM,main,True,
XO.WS74..HH.2018.07.25.22.03.59,S,201807,XO,WS74,UNKNOWN,,PENDING_DATA_TEAM,PENDING_DATA_TEAM,PENDING_DATA_TEAM,main,False,expected_event_unknown_pending_data_team
XO.WD68..HH.2018.07.25.22.04.06,P,201807,XO,WD68,EVENT,44.99,PENDING_DATA_TEAM,PENDING_DATA_TEAM,PENDING_DATA_TEAM,main,True,
XO.WD68..HH.2018.07.25.22.04.06,S,201807,XO,WD68,EVENT,62.23,PENDING_DATA_TEAM,PENDING_DATA_TEAM,PENDING_DATA_TEAM,main,True,
XO.LA33..HH.2018.07.25.22.04.29,P,201807,XO,LA33,UNKNOWN,,PENDING_DATA_TEAM,PENDING_DATA_TEAM,PENDING_DATA_TEAM,main,False,expected_event_unknown_pending_data_team
XO.LA33..HH.2018.07.25.22.04.29,S,201807,XO,LA33,EVENT,45.0,PENDING_DATA_TEAM,PENDING_DATA_TEAM,PENDING_DATA_TEAM,main,True,
XO.LD36..HH.2018.07.25.06.12.34,P,201807,XO,LD36,EVENT,44.99,PENDING_DATA_TEAM,PENDING_DATA_TEAM,PENDING_DATA_TEAM,main,True,
XO.LD36..HH.2018.07.25.06.12.34,S,201807,XO,LD36,EVENT,79.85,PENDING_DATA_TEAM,PENDING_DATA_TEAM,PENDING_DATA_TEAM,main,True,
XO.LA28..HH.2018.07.25.06.12.35,P,201807,XO,LA28,EVENT,44.99,PENDING_DATA_TEAM,PENDING_DATA_TEAM,PENDING_DATA_TEAM,holdout,True,
XO.LA28..HH.2018.07.25.06.12.35,S,201807,XO,LA28,UNKNOWN,,PENDING_DATA_TEAM,PENDING_DATA_TEAM,PENDING_DATA_TEAM,holdout,False,expected_event_unknown_pending_data_team
XO.WD56..HH.2018.07.25.06.12.38,P,201807,XO,WD56,EVENT,45.0,PENDING_DATA_TEAM,PENDING_DATA_TEAM,PENDING_DATA_TEAM,main,True,
XO.WD56..HH.2018.07.25.06.12.38,S,201807,XO,WD56,UNKNOWN,,PENDING_DATA_TEAM,PENDING_DATA_TEAM,PENDING_DATA_TEAM,main,False,expected_event_unknown_pending_data_team
XO.LA23..HH.2018.07.25.06.12.38,P,201807,XO,LA23,EVENT,45.0,PENDING_DATA_TEAM,PENDING_DATA_TEAM,PENDING_DATA_TEAM,main,True,
XO.LA23..HH.2018.07.25.06.12.38,S,201807,XO,LA23,UNKNOWN,,PENDING_DATA_TEAM,PENDING_DATA_TEAM,PENDING_DATA_TEAM,main,False,expected_event_unknown_pending_data_team
XO.LT16..HH.2018.07.25.06.13.01,P,201807,XO,LT16,UNKNOWN,,PENDING_DATA_TEAM,PENDING_DATA_TEAM,PENDING_DATA_TEAM,main,False,expected_event_unknown_pending_data_team
XO.LT16..HH.2018.07.25.06.13.01,S,201807,XO,LT16,EVENT,45.0,PENDING_DATA_TEAM,PENDING_DATA_TEAM,PENDING_DATA_TEAM,main,True,
XO.WD61..HH.2018.07.25.14.10.24,P,201807,XO,WD61,EVENT,45.0,PENDING_DATA_TEAM,PENDING_DATA_TEAM,PENDING_DATA_TEAM,main,True,
XO.WD61..HH.2018.07.25.14.10.24,S,201807,XO,WD61,UNKNOWN,,PENDING_DATA_TEAM,PENDING_DATA_TEAM,PENDING_DATA_TEAM,main,False,expected_event_unknown_pending_data_team
XO.LT01..HH.2018.07.26.13.34.31,P,201807,XO,LT01,UNKNOWN,,PENDING_DATA_TEAM,PENDING_DATA_TEAM,PENDING_DATA_TEAM,main,False,expected_event_unknown_pending_data_team
XO.LT01..HH.2018.07.26.13.34.31,S,201807,XO,LT01,EVENT,44.99,PENDING_DATA_TEAM,PENDING_DATA_TEAM,PENDING_DATA_TEAM,main,True,
XO.LA39..HH.2018.07.26.17.39.25,P,201807,XO,LA39,EVENT,45.0,PENDING_DATA_TEAM,PENDING_DATA_TEAM,PENDING_DATA_TEAM,main,True,
XO.LA39..HH.2018.07.26.17.39.25,S,201807,XO,LA39,EVENT,59.32,PENDING_DATA_TEAM,PENDING_DATA_TEAM,PENDING_DATA_TEAM,main,True,
XO.LD40..HH.2018.07.26.17.39.51,P,201807,XO,LD40,UNKNOWN,,PENDING_DATA_TEAM,PENDING_DATA_TEAM,PENDING_DATA_TEAM,main,False,expected_event_unknown_pending_data_team
XO.LD40..HH.2018.07.26.17.39.51,S,201807,XO,LD40,EVENT,45.0,PENDING_DATA_TEAM,PENDING_DATA_TEAM,PENDING_DATA_TEAM,main,True,
XO.LA33..HH.2018.07.26.19.18.07,P,201807,XO,LA33,UNKNOWN,,PENDING_DATA_TEAM,PENDING_DATA_TEAM,PENDING_DATA_TEAM,holdout,False,expected_event_unknown_pending_data_team
XO.LA33..HH.2018.07.26.19.18.07,S,201807,XO,LA33,EVENT,44.99,PENDING_DATA_TEAM,PENDING_DATA_TEAM,PENDING_DATA_TEAM,holdout,True,
XO.WD64..HH.2018.07.26.19.17.55,P,201807,XO,WD64,EVENT,44.99,PENDING_DATA_TEAM,PENDING_DATA_TEAM,PENDING_DATA_TEAM,main,True,
XO.WD64..HH.2018.07.26.19.17.55,S,201807,XO,WD64,UNKNOWN,,PENDING_DATA_TEAM,PENDING_DATA_TEAM,PENDING_DATA_TEAM,main,False,expected_event_unknown_pending_data_team
XO.WS74..HH.2018.07.26.19.18.04,P,201807,XO,WS74,UNKNOWN,,PENDING_DATA_TEAM,PENDING_DATA_TEAM,PENDING_DATA_TEAM,main,False,expected_event_unknown_pending_data_team
XO.WS74..HH.2018.07.26.19.18.04,S,201807,XO,WS74,EVENT,44.99,PENDING_DATA_TEAM,PENDING_DATA_TEAM,PENDING_DATA_TEAM,main,True,
XO.WD70..HH.2018.07.26.21.48.46,P,201807,XO,WD70,EVENT,45.0,PENDING_DATA_TEAM,PENDING_DATA_TEAM,PENDING_DATA_TEAM,holdout,True,
XO.WD70..HH.2018.07.26.21.48.46,S,201807,XO,WD70,EVENT,63.27,PENDING_DATA_TEAM,PENDING_DATA_TEAM,PENDING_DATA_TEAM,holdout,True,
XO.WS72..HH.2018.07.26.21.48.50,P,201807,XO,WS72,EVENT,44.99,PENDING_DATA_TEAM,PENDING_DATA_TEAM,PENDING_DATA_TEAM,main,True,
XO.WS72..HH.2018.07.26.21.48.50,S,201807,XO,WS72,EVENT,65.24,PENDING_DATA_TEAM,PENDING_DATA_TEAM,PENDING_DATA_TEAM,main,True,
XO.WD49..HH.2018.07.26.21.49.02,P,201807,XO,WD49,EVENT,45.0,PENDING_DATA_TEAM,PENDING_DATA_TEAM,PENDING_DATA_TEAM,holdout,True,
XO.WD49..HH.2018.07.26.21.49.02,S,201807,XO,WD49,EVENT,73.3,PENDING_DATA_TEAM,PENDING_DATA_TEAM,PENDING_DATA_TEAM,holdout,True,
XO.WS72..HH.2018.07.26.07.31.27,P,201807,XO,WS72,EVENT,44.99,PENDING_DATA_TEAM,PENDING_DATA_TEAM,PENDING_DATA_TEAM,holdout,True,
XO.WS72..HH.2018.07.26.07.31.27,S,201807,XO,WS72,EVENT,59.75,PENDING_DATA_TEAM,PENDING_DATA_TEAM,PENDING_DATA_TEAM,holdout,True,
XO.LD45..HH.2018.07.27.05.54.23,P,201807,XO,LD45,EVENT,44.99,PENDING_DATA_TEAM,PENDING_DATA_TEAM,PENDING_DATA_TEAM,main,True,
XO.LD45..HH.2018.07.27.05.54.23,S,201807,XO,LD45,UNKNOWN,,PENDING_DATA_TEAM,PENDING_DATA_TEAM,PENDING_DATA_TEAM,main,False,expected_event_unknown_pending_data_team
XO.WD69..HH.2018.07.27.17.19.03,P,201807,XO,WD69,EVENT,44.99,PENDING_DATA_TEAM,PENDING_DATA_TEAM,PENDING_DATA_TEAM,main,True,
XO.WD69..HH.2018.07.27.17.19.03,S,201807,XO,WD69,UNKNOWN,,PENDING_DATA_TEAM,PENDING_DATA_TEAM,PENDING_DATA_TEAM,main,False,expected_event_unknown_pending_data_team
XO.LD41..HH.2018.07.27.17.27.32,P,201807,XO,LD41,EVENT,44.99,PENDING_DATA_TEAM,PENDING_DATA_TEAM,PENDING_DATA_TEAM,main,True,
XO.LD41..HH.2018.07.27.17.27.32,S,201807,XO,LD41,EVENT,59.43,PENDING_DATA_TEAM,PENDING_DATA_TEAM,PENDING_DATA_TEAM,main,True,
XO.LD36..HH.2018.07.27.17.28.15,P,201807,XO,LD36,UNKNOWN,,PENDING_DATA_TEAM,PENDING_DATA_TEAM,PENDING_DATA_TEAM,main,False,expected_event_unknown_pending_data_team
XO.LD36..HH.2018.07.27.17.28.15,S,201807,XO,LD36,EVENT,44.99,PENDING_DATA_TEAM,PENDING_DATA_TEAM,PENDING_DATA_TEAM,main,True,
XO.LD38..HH.2018.07.27.21.41.18,P,201807,XO,LD38,EVENT,45.0,PENDING_DATA_TEAM,PENDING_DATA_TEAM,PENDING_DATA_TEAM,holdout,True,
XO.LD38..HH.2018.07.27.21.41.18,S,201807,XO,LD38,UNKNOWN,,PENDING_DATA_TEAM,PENDING_DATA_TEAM,PENDING_DATA_TEAM,holdout,False,expected_event_unknown_pending_data_team
XO.WS72..HH.2018.07.27.21.41.16,P,201807,XO,WS72,EVENT,44.99,PENDING_DATA_TEAM,PENDING_DATA_TEAM,PENDING_DATA_TEAM,main,True,
XO.WS72..HH.2018.07.27.21.41.16,S,201807,XO,WS72,EVENT,59.09,PENDING_DATA_TEAM,PENDING_DATA_TEAM,PENDING_DATA_TEAM,main,True,
XO.WD54..HH.2018.07.28.05.17.43,P,201807,XO,WD54,EVENT,45.0,PENDING_DATA_TEAM,PENDING_DATA_TEAM,PENDING_DATA_TEAM,main,True,
XO.WD54..HH.2018.07.28.05.17.43,S,201807,XO,WD54,EVENT,50.52,PENDING_DATA_TEAM,PENDING_DATA_TEAM,PENDING_DATA_TEAM,main,True,
XO.LD40..HH.2018.07.28.07.51.26,P,201807,XO,LD40,UNKNOWN,,PENDING_DATA_TEAM,PENDING_DATA_TEAM,PENDING_DATA_TEAM,main,False,expected_event_unknown_pending_data_team
XO.LD40..HH.2018.07.28.07.51.26,S,201807,XO,LD40,EVENT,45.0,PENDING_DATA_TEAM,PENDING_DATA_TEAM,PENDING_DATA_TEAM,main,True,
XO.WD50..HH.2018.07.28.15.41.40,P,201807,XO,WD50,EVENT,45.0,PENDING_DATA_TEAM,PENDING_DATA_TEAM,PENDING_DATA_TEAM,main,True,
XO.WD50..HH.2018.07.28.15.41.40,S,201807,XO,WD50,EVENT,66.52,PENDING_DATA_TEAM,PENDING_DATA_TEAM,PENDING_DATA_TEAM,main,True,
XO.WS72..HH.2018.07.29.05.06.35,P,201807,XO,WS72,EVENT,45.0,PENDING_DATA_TEAM,PENDING_DATA_TEAM,PENDING_DATA_TEAM,main,True,
XO.WS72..HH.2018.07.29.05.06.35,S,201807,XO,WS72,EVENT,59.46,PENDING_DATA_TEAM,PENDING_DATA_TEAM,PENDING_DATA_TEAM,main,True,
XO.WD54..HH.2018.07.29.05.06.27,P,201807,XO,WD54,EVENT,44.99,PENDING_DATA_TEAM,PENDING_DATA_TEAM,PENDING_DATA_TEAM,main,True,
XO.WD54..HH.2018.07.29.05.06.27,S,201807,XO,WD54,EVENT,54.14,PENDING_DATA_TEAM,PENDING_DATA_TEAM,PENDING_DATA_TEAM,main,True,
XO.LD38..HH.2018.07.29.06.15.18,P,201807,XO,LD38,EVENT,44.99,PENDING_DATA_TEAM,PENDING_DATA_TEAM,PENDING_DATA_TEAM,main,True,
XO.LD38..HH.2018.07.29.06.15.18,S,201807,XO,LD38,EVENT,52.69,PENDING_DATA_TEAM,PENDING_DATA_TEAM,PENDING_DATA_TEAM,main,True,
XO.LT14..HH.2018.07.29.08.44.57,P,201807,XO,LT14,EVENT,44.99,PENDING_DATA_TEAM,PENDING_DATA_TEAM,PENDING_DATA_TEAM,holdout,True,
XO.LT14..HH.2018.07.29.08.44.57,S,201807,XO,LT14,UNKNOWN,,PENDING_DATA_TEAM,PENDING_DATA_TEAM,PENDING_DATA_TEAM,holdout,False,expected_event_unknown_pending_data_team
XO.LA32..HH.2018.07.29.08.44.57,P,201807,XO,LA32,EVENT,45.0,PENDING_DATA_TEAM,PENDING_DATA_TEAM,PENDING_DATA_TEAM,main,True,
XO.LA32..HH.2018.07.29.08.44.57,S,201807,XO,LA32,UNKNOWN,,PENDING_DATA_TEAM,PENDING_DATA_TEAM,PENDING_DATA_TEAM,main,False,expected_event_unknown_pending_data_team
XO.LT16..HH.2018.07.29.08.44.57,P,201807,XO,LT16,EVENT,44.99,PENDING_DATA_TEAM,PENDING_DATA_TEAM,PENDING_DATA_TEAM,main,True,
XO.LT16..HH.2018.07.29.08.44.57,S,201807,XO,LT16,UNKNOWN,,PENDING_DATA_TEAM,PENDING_DATA_TEAM,PENDING_DATA_TEAM,main,False,expected_event_unknown_pending_data_team
XO.LT15..HH.2018.07.29.08.44.59,P,201807,XO,LT15,UNKNOWN,,PENDING_DATA_TEAM,PENDING_DATA_TEAM,PENDING_DATA_TEAM,main,False,expected_event_unknown_pending_data_team
XO.LT15..HH.2018.07.29.08.44.59,S,201807,XO,LT15,EVENT,45.0,PENDING_DATA_TEAM,PENDING_DATA_TEAM,PENDING_DATA_TEAM,main,True,
XO.LA29..HH.2018.07.29.08.45.00,P,201807,XO,LA29,EVENT,45.0,PENDING_DATA_TEAM,PENDING_DATA_TEAM,PENDING_DATA_TEAM,main,True,
XO.LA29..HH.2018.07.29.08.45.00,S,201807,XO,LA29,EVENT,55.97,PENDING_DATA_TEAM,PENDING_DATA_TEAM,PENDING_DATA_TEAM,main,True,
XO.WD46..HH.2018.07.29.10.43.22,P,201807,XO,WD46,EVENT,45.0,PENDING_DATA_TEAM,PENDING_DATA_TEAM,PENDING_DATA_TEAM,main,True,
XO.WD46..HH.2018.07.29.10.43.22,S,201807,XO,WD46,UNKNOWN,,PENDING_DATA_TEAM,PENDING_DATA_TEAM,PENDING_DATA_TEAM,main,False,expected_event_unknown_pending_data_team
XO.WD50..HH.2018.07.29.10.43.41,P,201807,XO,WD50,EVENT,45.0,PENDING_DATA_TEAM,PENDING_DATA_TEAM,PENDING_DATA_TEAM,main,True,
XO.WD50..HH.2018.07.29.10.43.41,S,201807,XO,WD50,EVENT,64.9,PENDING_DATA_TEAM,PENDING_DATA_TEAM,PENDING_DATA_TEAM,main,True,
XO.WD49..HH.2018.07.29.10.43.46,P,201807,XO,WD49,EVENT,45.0,PENDING_DATA_TEAM,PENDING_DATA_TEAM,PENDING_DATA_TEAM,holdout,True,
XO.WD49..HH.2018.07.29.10.43.46,S,201807,XO,WD49,EVENT,67.74,PENDING_DATA_TEAM,PENDING_DATA_TEAM,PENDING_DATA_TEAM,holdout,True,
XO.LT06..HH.2018.07.29.10.49.58,P,201807,XO,LT06,EVENT,45.0,PENDING_DATA_TEAM,PENDING_DATA_TEAM,PENDING_DATA_TEAM,main,True,
XO.LT06..HH.2018.07.29.10.49.58,S,201807,XO,LT06,EVENT,52.98,PENDING_DATA_TEAM,PENDING_DATA_TEAM,PENDING_DATA_TEAM,main,True,
XO.WD51..HH.2018.07.29.10.50.19,P,201807,XO,WD51,EVENT,45.0,PENDING_DATA_TEAM,PENDING_DATA_TEAM,PENDING_DATA_TEAM,main,True,
XO.WD51..HH.2018.07.29.10.50.19,S,201807,XO,WD51,UNKNOWN,,PENDING_DATA_TEAM,PENDING_DATA_TEAM,PENDING_DATA_TEAM,main,False,expected_event_unknown_pending_data_team
XO.LT17..HH.2018.07.29.14.28.17,P,201807,XO,LT17,EVENT,45.0,PENDING_DATA_TEAM,PENDING_DATA_TEAM,PENDING_DATA_TEAM,main,True,
XO.LT17..HH.2018.07.29.14.28.17,S,201807,XO,LT17,EVENT,51.0,PENDING_DATA_TEAM,PENDING_DATA_TEAM,PENDING_DATA_TEAM,main,True,
XO.LA39..HH.2018.07.31.05.39.22,P,201807,XO,LA39,EVENT,44.99,PENDING_DATA_TEAM,PENDING_DATA_TEAM,PENDING_DATA_TEAM,main,True,
XO.LA39..HH.2018.07.31.05.39.22,S,201807,XO,LA39,EVENT,60.8,PENDING_DATA_TEAM,PENDING_DATA_TEAM,PENDING_DATA_TEAM,main,True,
XO.WD50..HH.2018.07.31.05.39.24,P,201807,XO,WD50,EVENT,44.99,PENDING_DATA_TEAM,PENDING_DATA_TEAM,PENDING_DATA_TEAM,main,True,
XO.WD50..HH.2018.07.31.05.39.24,S,201807,XO,WD50,EVENT,61.14,PENDING_DATA_TEAM,PENDING_DATA_TEAM,PENDING_DATA_TEAM,main,True,
XO.LD40..HH.2018.07.31.16.56.54,P,201807,XO,LD40,UNKNOWN,,PENDING_DATA_TEAM,PENDING_DATA_TEAM,PENDING_DATA_TEAM,holdout,False,expected_event_unknown_pending_data_team
XO.LD40..HH.2018.07.31.16.56.54,S,201807,XO,LD40,EVENT,45.0,PENDING_DATA_TEAM,PENDING_DATA_TEAM,PENDING_DATA_TEAM,holdout,True,
XO.WD69..HH.2018.07.31.19.21.34,P,201807,XO,WD69,EVENT,44.99,PENDING_DATA_TEAM,PENDING_DATA_TEAM,PENDING_DATA_TEAM,main,True,
XO.WD69..HH.2018.07.31.19.21.34,S,201807,XO,WD69,EVENT,55.11,PENDING_DATA_TEAM,PENDING_DATA_TEAM,PENDING_DATA_TEAM,main,True,
XO.LD44..HH.2018.07.31.19.21.36,P,201807,XO,LD44,EVENT,44.99,PENDING_DATA_TEAM,PENDING_DATA_TEAM,PENDING_DATA_TEAM,main,True,
XO.LD44..HH.2018.07.31.19.21.36,S,201807,XO,LD44,EVENT,56.18,PENDING_DATA_TEAM,PENDING_DATA_TEAM,PENDING_DATA_TEAM,main,True,
XO.LT01..HH.2018.07.31.23.15.16,P,201807,XO,LT01,UNKNOWN,,PENDING_DATA_TEAM,PENDING_DATA_TEAM,PENDING_DATA_TEAM,main,False,expected_event_unknown_pending_data_team
XO.LT01..HH.2018.07.31.23.15.16,S,201807,XO,LT01,EVENT,45.0,PENDING_DATA_TEAM,PENDING_DATA_TEAM,PENDING_DATA_TEAM,main,True,
XO.LA39..HH.2018.07.31.13.47.53,P,201807,XO,LA39,EVENT,45.0,PENDING_DATA_TEAM,PENDING_DATA_TEAM,PENDING_DATA_TEAM,holdout,True,
XO.LA39..HH.2018.07.31.13.47.53,S,201807,XO,LA39,UNKNOWN,,PENDING_DATA_TEAM,PENDING_DATA_TEAM,PENDING_DATA_TEAM,holdout,False,expected_event_unknown_pending_data_team
