sample_id,phase,station,split,truth_s,selected_time_s,action,risk,verdict,auto_at_50pct,snr_db,gap_ratio,clipping_ratio,missing_channels,config_version,config_hash
XO.LT07..HH.2018.05.13.11.47.49,S,LT07,main,44.99,95.145,FUSE,22.3,wrong,NOT_EVALUABLE,9.6,0.0,0.0007,,semifinal_v1.5.1,58011ddcaeaa2160bc51d32f50f956ca8ea552ed98363eaef11d301276495815
XO.LT06..HH.2018.05.14.09.20.39,P,LT06,main,44.99,,ABSTAIN,22.8,no_pick,NOT_EVALUABLE,15.7,0.25,0.0072,E,semifinal_v1.5.1,58011ddcaeaa2160bc51d32f50f956ca8ea552ed98363eaef11d301276495815
XO.LT07..HH.2018.05.15.13.02.52,P,LT07,main,45.0,,ABSTAIN,6.0,no_pick,NOT_EVALUABLE,6.1,0.0,0.0005,,semifinal_v1.5.1,58011ddcaeaa2160bc51d32f50f956ca8ea552ed98363eaef11d301276495815
XO.LD36..HH.2018.05.15.13.54.09,P,LD36,main,44.99,,ABSTAIN,21.3,no_pick,NOT_EVALUABLE,14.4,0.25,0.0007,,semifinal_v1.5.1,58011ddcaeaa2160bc51d32f50f956ca8ea552ed98363eaef11d301276495815
XO.LA25..HH.2018.05.15.13.54.12,S,LA25,holdout,74.84,,ABSTAIN,46.3,no_pick,NOT_EVALUABLE,13.4,0.25,0.0012,E,semifinal_v1.5.1,58011ddcaeaa2160bc51d32f50f956ca8ea552ed98363eaef11d301276495815
XO.LT07..HH.2018.05.18.22.11.25,P,LT07,main,44.99,,ABSTAIN,6.0,no_pick,NOT_EVALUABLE,6.3,0.0,0.0005,,semifinal_v1.5.1,58011ddcaeaa2160bc51d32f50f956ca8ea552ed98363eaef11d301276495815
XO.LT07..HH.2018.05.18.22.11.25,S,LT07,main,55.34,,ABSTAIN,6.0,no_pick,NOT_EVALUABLE,6.3,0.0,0.0005,,semifinal_v1.5.1,58011ddcaeaa2160bc51d32f50f956ca8ea552ed98363eaef11d301276495815
XO.LT17..HH.2018.05.19.02.03.22,P,LT17,main,44.99,,ABSTAIN,18.6,no_pick,NOT_EVALUABLE,0.9,0.0,0.0006,,semifinal_v1.5.1,58011ddcaeaa2160bc51d32f50f956ca8ea552ed98363eaef11d301276495815
XO.LT17..HH.2018.05.19.02.03.22,S,LT17,main,59.82,,ABSTAIN,6.3,no_pick,NOT_EVALUABLE,0.9,0.0,0.0006,,semifinal_v1.5.1,58011ddcaeaa2160bc51d32f50f956ca8ea552ed98363eaef11d301276495815
XO.LT18..HH.2018.05.19.02.03.22,S,LT18,holdout,60.27,,ABSTAIN,46.3,no_pick,NOT_EVALUABLE,13.5,0.25,0.0009,E,semifinal_v1.5.1,58011ddcaeaa2160bc51d32f50f956ca8ea552ed98363eaef11d301276495815
XO.LT20..HH.2018.05.19.19.23.05,P,LT20,main,45.0,,ABSTAIN,21.3,no_pick,NOT_EVALUABLE,12.9,0.25,0.001,,semifinal_v1.5.1,58011ddcaeaa2160bc51d32f50f956ca8ea552ed98363eaef11d301276495815
XO.LT20..HH.2018.05.19.19.23.05,S,LT20,main,53.59,,ABSTAIN,21.3,no_pick,NOT_EVALUABLE,12.9,0.25,0.001,,semifinal_v1.5.1,58011ddcaeaa2160bc51d32f50f956ca8ea552ed98363eaef11d301276495815
XO.LT20..HH.2018.05.20.00.22.19,P,LT20,holdout,44.99,,ABSTAIN,21.3,no_pick,NOT_EVALUABLE,14.7,0.25,0.0007,,semifinal_v1.5.1,58011ddcaeaa2160bc51d32f50f956ca8ea552ed98363eaef11d301276495815
XO.LT20..HH.2018.05.20.00.22.19,S,LT20,holdout,52.98,,ABSTAIN,21.3,no_pick,NOT_EVALUABLE,14.7,0.25,0.0007,,semifinal_v1.5.1,58011ddcaeaa2160bc51d32f50f956ca8ea552ed98363eaef11d301276495815
XO.LA25..HH.2018.05.21.03.48.10,P,LA25,holdout,44.99,,ABSTAIN,42.8,no_pick,NOT_EVALUABLE,11.1,0.25,0.0013,E,semifinal_v1.5.1,58011ddcaeaa2160bc51d32f50f956ca8ea552ed98363eaef11d301276495815
XO.LA25..HH.2018.05.21.03.48.10,S,LA25,holdout,80.04,,ABSTAIN,61.3,no_pick,NOT_EVALUABLE,11.1,0.25,0.0013,E,semifinal_v1.5.1,58011ddcaeaa2160bc51d32f50f956ca8ea552ed98363eaef11d301276495815
XO.LA30..HH.2018.05.21.04.42.52,S,LA30,main,45.0,,ABSTAIN,10.0,no_pick,NOT_EVALUABLE,9.6,0.0,0.0017,,semifinal_v1.5.1,58011ddcaeaa2160bc51d32f50f956ca8ea552ed98363eaef11d301276495815
XO.LT18..HH.2018.05.22.23.57.53,P,LT18,main,44.99,,ABSTAIN,22.8,no_pick,NOT_EVALUABLE,9.0,0.25,0.0018,E,semifinal_v1.5.1,58011ddcaeaa2160bc51d32f50f956ca8ea552ed98363eaef11d301276495815
XO.LT17..HH.2018.05.22.23.57.56,P,LT17,main,44.99,44.485,FUSE,1.3,wrong,NOT_EVALUABLE,2.8,0.0,0.0006,,semifinal_v1.5.1,58011ddcaeaa2160bc51d32f50f956ca8ea552ed98363eaef11d301276495815
XO.LT13..HH.2018.05.22.11.57.14,P,LT13,main,44.99,,ABSTAIN,11.3,no_pick,NOT_EVALUABLE,1.0,0.0,0.0006,,semifinal_v1.5.1,58011ddcaeaa2160bc51d32f50f956ca8ea552ed98363eaef11d301276495815
XO.LT15..HH.2018.05.23.00.51.43,S,LT15,main,45.0,,ABSTAIN,16.0,no_pick,NOT_EVALUABLE,3.2,0.0,0.0002,,semifinal_v1.5.1,58011ddcaeaa2160bc51d32f50f956ca8ea552ed98363eaef11d301276495815
XO.LA25..HH.2018.05.23.00.51.49,P,LA25,main,45.0,,ABSTAIN,22.8,no_pick,NOT_EVALUABLE,11.7,0.25,0.0014,E,semifinal_v1.5.1,58011ddcaeaa2160bc51d32f50f956ca8ea552ed98363eaef11d301276495815
XO.LD36..HH.2018.05.23.00.51.50,P,LD36,main,44.99,,ABSTAIN,21.3,no_pick,NOT_EVALUABLE,13.8,0.25,0.001,,semifinal_v1.5.1,58011ddcaeaa2160bc51d32f50f956ca8ea552ed98363eaef11d301276495815
XO.LD41..HH.2018.05.24.03.19.38,P,LD41,main,44.99,,ABSTAIN,21.3,no_pick,NOT_EVALUABLE,11.2,0.25,0.0004,,semifinal_v1.5.1,58011ddcaeaa2160bc51d32f50f956ca8ea552ed98363eaef11d301276495815
XO.LD41..HH.2018.05.24.03.19.38,S,LD41,main,69.81,,ABSTAIN,21.3,no_pick,NOT_EVALUABLE,11.2,0.25,0.0004,,semifinal_v1.5.1,58011ddcaeaa2160bc51d32f50f956ca8ea552ed98363eaef11d301276495815
XO.LD41..HH.2018.05.24.12.30.13,P,LD41,main,45.0,,ABSTAIN,26.3,no_pick,NOT_EVALUABLE,11.1,0.25,0.0007,,semifinal_v1.5.1,58011ddcaeaa2160bc51d32f50f956ca8ea552ed98363eaef11d301276495815
XO.LD41..HH.2018.05.24.12.30.13,S,LD41,main,73.95,,ABSTAIN,26.3,no_pick,NOT_EVALUABLE,11.1,0.25,0.0007,,semifinal_v1.5.1,58011ddcaeaa2160bc51d32f50f956ca8ea552ed98363eaef11d301276495815
XO.LT20..HH.2018.05.25.06.03.39,P,LT20,main,44.99,,ABSTAIN,31.3,no_pick,NOT_EVALUABLE,14.5,0.25,0.0015,,semifinal_v1.5.1,58011ddcaeaa2160bc51d32f50f956ca8ea552ed98363eaef11d301276495815
XO.LT20..HH.2018.05.25.06.03.39,S,LT20,main,62.83,,ABSTAIN,31.3,no_pick,NOT_EVALUABLE,14.5,0.25,0.0015,,semifinal_v1.5.1,58011ddcaeaa2160bc51d32f50f956ca8ea552ed98363eaef11d301276495815
XO.LD45..HH.2018.05.25.06.30.42,P,LD45,main,44.99,,ABSTAIN,21.3,no_pick,NOT_EVALUABLE,14.3,0.25,0.0027,,semifinal_v1.5.1,58011ddcaeaa2160bc51d32f50f956ca8ea552ed98363eaef11d301276495815
XO.LA26..HH.2018.05.25.06.30.46,P,LA26,main,44.99,,ABSTAIN,37.0,no_pick,NOT_EVALUABLE,16.9,0.0,0.0053,,semifinal_v1.5.1,58011ddcaeaa2160bc51d32f50f956ca8ea552ed98363eaef11d301276495815
XO.LD41..HH.2018.05.25.04.54.19,P,LD41,holdout,45.0,,ABSTAIN,26.3,no_pick,NOT_EVALUABLE,11.8,0.25,0.0011,,semifinal_v1.5.1,58011ddcaeaa2160bc51d32f50f956ca8ea552ed98363eaef11d301276495815
XO.LD41..HH.2018.05.25.05.36.36,P,LD41,main,45.0,,ABSTAIN,21.3,no_pick,NOT_EVALUABLE,11.6,0.25,0.0005,,semifinal_v1.5.1,58011ddcaeaa2160bc51d32f50f956ca8ea552ed98363eaef11d301276495815
XO.LT04..HH.2018.05.25.08.10.32,S,LT04,main,58.21,,ABSTAIN,6.3,no_pick,NOT_EVALUABLE,2.7,0.0,0.0007,,semifinal_v1.5.1,58011ddcaeaa2160bc51d32f50f956ca8ea552ed98363eaef11d301276495815
XO.LD44..HH.2018.05.26.11.58.59,P,LD44,main,44.99,,ABSTAIN,26.3,no_pick,NOT_EVALUABLE,11.0,0.25,0.0001,,semifinal_v1.5.1,58011ddcaeaa2160bc51d32f50f956ca8ea552ed98363eaef11d301276495815
XO.LD38..HH.2018.05.26.19.37.24,P,LD38,main,45.0,,ABSTAIN,21.3,no_pick,NOT_EVALUABLE,13.6,0.25,0.0001,,semifinal_v1.5.1,58011ddcaeaa2160bc51d32f50f956ca8ea552ed98363eaef11d301276495815
XO.LD38..HH.2018.05.26.19.37.24,S,LD38,main,58.54,,ABSTAIN,21.3,no_pick,NOT_EVALUABLE,13.6,0.25,0.0001,,semifinal_v1.5.1,58011ddcaeaa2160bc51d32f50f956ca8ea552ed98363eaef11d301276495815
XO.LD41..HH.2018.05.26.10.39.55,P,LD41,holdout,44.99,,ABSTAIN,26.3,no_pick,NOT_EVALUABLE,12.0,0.25,0.0003,,semifinal_v1.5.1,58011ddcaeaa2160bc51d32f50f956ca8ea552ed98363eaef11d301276495815
XO.LD40..HH.2018.05.26.14.57.05,S,LD40,main,44.99,,ABSTAIN,31.3,no_pick,NOT_EVALUABLE,16.5,0.25,0.0028,,semifinal_v1.5.1,58011ddcaeaa2160bc51d32f50f956ca8ea552ed98363eaef11d301276495815
XO.LD41..HH.2018.05.27.16.25.34,P,LD41,main,44.99,,ABSTAIN,21.3,no_pick,NOT_EVALUABLE,12.5,0.25,0.0001,,semifinal_v1.5.1,58011ddcaeaa2160bc51d32f50f956ca8ea552ed98363eaef11d301276495815
XO.LA23..HH.2018.05.27.18.30.11,P,LA23,main,44.99,44.46,FUSE,0.0,wrong,NOT_EVALUABLE,8.4,0.0,0.0002,,semifinal_v1.5.1,58011ddcaeaa2160bc51d32f50f956ca8ea552ed98363eaef11d301276495815
XO.LA23..HH.2018.05.27.18.30.11,S,LA23,main,57.08,,ABSTAIN,18.5,no_pick,NOT_EVALUABLE,8.4,0.0,0.0002,,semifinal_v1.5.1,58011ddcaeaa2160bc51d32f50f956ca8ea552ed98363eaef11d301276495815
XO.LA29..HH.2018.05.27.18.30.30,P,LA29,main,45.0,44.04,FUSE,6.0,wrong,NOT_EVALUABLE,6.1,0.0,0.0013,,semifinal_v1.5.1,58011ddcaeaa2160bc51d32f50f956ca8ea552ed98363eaef11d301276495815
XO.LT20..HH.2018.05.27.14.38.01,S,LT20,holdout,44.99,,ABSTAIN,21.3,no_pick,NOT_EVALUABLE,13.3,0.25,0.0007,,semifinal_v1.5.1,58011ddcaeaa2160bc51d32f50f956ca8ea552ed98363eaef11d301276495815
XO.LA32..HH.2018.05.28.07.33.19,P,LA32,holdout,45.0,,ABSTAIN,22.3,no_pick,NOT_EVALUABLE,11.3,0.0,0.0013,,semifinal_v1.5.1,58011ddcaeaa2160bc51d32f50f956ca8ea552ed98363eaef11d301276495815
XO.LT20..HH.2018.05.28.07.32.51,P,LT20,main,44.99,,ABSTAIN,26.3,no_pick,NOT_EVALUABLE,15.1,0.25,0.0022,,semifinal_v1.5.1,58011ddcaeaa2160bc51d32f50f956ca8ea552ed98363eaef11d301276495815
XO.LT20..HH.2018.05.28.07.32.51,S,LT20,main,56.79,,ABSTAIN,26.3,no_pick,NOT_EVALUABLE,15.1,0.25,0.0022,,semifinal_v1.5.1,58011ddcaeaa2160bc51d32f50f956ca8ea552ed98363eaef11d301276495815
XO.LD40..HH.2018.05.28.04.25.32,S,LD40,main,45.0,,ABSTAIN,26.3,no_pick,NOT_EVALUABLE,13.3,0.25,0.0007,,semifinal_v1.5.1,58011ddcaeaa2160bc51d32f50f956ca8ea552ed98363eaef11d301276495815
XO.LT01..HH.2018.05.28.08.07.29,S,LT01,main,44.99,,ABSTAIN,43.5,no_pick,NOT_EVALUABLE,14.5,0.0,0.0014,,semifinal_v1.5.1,58011ddcaeaa2160bc51d32f50f956ca8ea552ed98363eaef11d301276495815
XO.LD41..HH.2018.05.28.12.50.00,S,LD41,main,45.0,,ABSTAIN,26.3,no_pick,NOT_EVALUABLE,20.2,0.25,0.0006,,semifinal_v1.5.1,58011ddcaeaa2160bc51d32f50f956ca8ea552ed98363eaef11d301276495815
XO.LD38..HH.2018.05.29.03.57.24,P,LD38,main,45.0,,ABSTAIN,7.8,no_pick,NOT_EVALUABLE,13.8,0.25,0.0022,,semifinal_v1.5.1,58011ddcaeaa2160bc51d32f50f956ca8ea552ed98363eaef11d301276495815
XO.LD38..HH.2018.05.29.03.57.24,S,LD38,main,65.39,,ABSTAIN,21.3,no_pick,NOT_EVALUABLE,13.8,0.25,0.0022,,semifinal_v1.5.1,58011ddcaeaa2160bc51d32f50f956ca8ea552ed98363eaef11d301276495815
XO.LT20..HH.2018.05.29.21.25.20,P,LT20,main,44.99,,ABSTAIN,21.3,no_pick,NOT_EVALUABLE,13.1,0.25,0.0003,,semifinal_v1.5.1,58011ddcaeaa2160bc51d32f50f956ca8ea552ed98363eaef11d301276495815
XO.LT20..HH.2018.05.29.21.25.20,S,LT20,main,52.84,,ABSTAIN,21.3,no_pick,NOT_EVALUABLE,13.1,0.25,0.0003,,semifinal_v1.5.1,58011ddcaeaa2160bc51d32f50f956ca8ea552ed98363eaef11d301276495815
XO.LT20..HH.2018.05.30.02.35.41,P,LT20,main,45.0,,ABSTAIN,31.3,no_pick,NOT_EVALUABLE,13.3,0.25,0.0009,,semifinal_v1.5.1,58011ddcaeaa2160bc51d32f50f956ca8ea552ed98363eaef11d301276495815
XO.LD41..HH.2018.05.30.20.36.25,P,LD41,holdout,45.0,,ABSTAIN,22.8,no_pick,NOT_EVALUABLE,13.1,0.25,0.0001,,semifinal_v1.5.1,58011ddcaeaa2160bc51d32f50f956ca8ea552ed98363eaef11d301276495815
XO.LA39..HH.2018.05.30.08.25.25,S,LA39,main,44.99,43.92,FUSE,18.3,wrong,NOT_EVALUABLE,7.6,0.0,0.0007,,semifinal_v1.5.1,58011ddcaeaa2160bc51d32f50f956ca8ea552ed98363eaef11d301276495815
XO.LD41..HH.2018.05.30.15.34.41,P,LD41,holdout,44.99,,ABSTAIN,26.3,no_pick,NOT_EVALUABLE,12.2,0.25,0.0006,,semifinal_v1.5.1,58011ddcaeaa2160bc51d32f50f956ca8ea552ed98363eaef11d301276495815
XO.LT04..HH.2018.05.31.01.58.18,P,LT04,main,45.0,,ABSTAIN,39.5,no_pick,NOT_EVALUABLE,5.7,0.0,0.0008,,semifinal_v1.5.1,58011ddcaeaa2160bc51d32f50f956ca8ea552ed98363eaef11d301276495815
XO.LD40..HH.2018.05.31.08.14.27,P,LD40,holdout,45.0,,ABSTAIN,21.3,no_pick,NOT_EVALUABLE,13.0,0.25,0.0005,,semifinal_v1.5.1,58011ddcaeaa2160bc51d32f50f956ca8ea552ed98363eaef11d301276495815
XO.LD40..HH.2018.05.31.19.02.50,P,LD40,main,44.99,,ABSTAIN,31.3,no_pick,NOT_EVALUABLE,10.7,0.25,0.0007,,semifinal_v1.5.1,58011ddcaeaa2160bc51d32f50f956ca8ea552ed98363eaef11d301276495815
XO.LD40..HH.2018.05.31.19.02.50,S,LD40,main,70.83,,ABSTAIN,31.3,no_pick,NOT_EVALUABLE,10.7,0.25,0.0007,,semifinal_v1.5.1,58011ddcaeaa2160bc51d32f50f956ca8ea552ed98363eaef11d301276495815
XO.LT18..HH.2018.05.31.17.51.09,S,LT18,main,55.45,,ABSTAIN,22.8,no_pick,NOT_EVALUABLE,13.9,0.25,0.0059,E,semifinal_v1.5.1,58011ddcaeaa2160bc51d32f50f956ca8ea552ed98363eaef11d301276495815
XO.LD41..HH.2018.05.25.12.35.29,P,LD41,holdout,44.99,,ABSTAIN,21.3,no_pick,NOT_EVALUABLE,11.3,0.25,0.0005,,semifinal_v1.5.1,58011ddcaeaa2160bc51d32f50f956ca8ea552ed98363eaef11d301276495815
XO.LT04..HH.2018.05.25.12.35.31,P,LT04,main,44.99,,ABSTAIN,43.0,no_pick,NOT_EVALUABLE,3.5,0.0,0.0008,,semifinal_v1.5.1,58011ddcaeaa2160bc51d32f50f956ca8ea552ed98363eaef11d301276495815
XO.LD38..HH.2018.05.27.10.36.29,S,LD38,main,68.08,,ABSTAIN,21.3,no_pick,NOT_EVALUABLE,14.2,0.25,0.0001,,semifinal_v1.5.1,58011ddcaeaa2160bc51d32f50f956ca8ea552ed98363eaef11d301276495815
XO.LT14..HH.2018.05.30.01.52.09,P,LT14,main,44.99,,ABSTAIN,27.8,no_pick,NOT_EVALUABLE,17.9,0.25,0.0027,E,semifinal_v1.5.1,58011ddcaeaa2160bc51d32f50f956ca8ea552ed98363eaef11d301276495815
XO.LA28..HH.2018.05.30.01.52.24,S,LA28,main,44.99,,ABSTAIN,46.3,no_pick,NOT_EVALUABLE,11.5,0.25,0.0007,E,semifinal_v1.5.1,58011ddcaeaa2160bc51d32f50f956ca8ea552ed98363eaef11d301276495815
XO.LD36..HH.2018.05.29.00.36.40,P,LD36,main,45.0,,ABSTAIN,26.3,no_pick,NOT_EVALUABLE,13.1,0.25,0.0009,,semifinal_v1.5.1,58011ddcaeaa2160bc51d32f50f956ca8ea552ed98363eaef11d301276495815
XO.LD41..HH.2018.05.29.07.10.38,P,LD41,holdout,44.99,,ABSTAIN,26.3,no_pick,NOT_EVALUABLE,13.3,0.25,0.0006,,semifinal_v1.5.1,58011ddcaeaa2160bc51d32f50f956ca8ea552ed98363eaef11d301276495815
XO.LD38..HH.2018.05.29.16.20.11,P,LD38,holdout,45.0,,ABSTAIN,36.3,no_pick,NOT_EVALUABLE,16.4,0.25,0.0001,,semifinal_v1.5.1,58011ddcaeaa2160bc51d32f50f956ca8ea552ed98363eaef11d301276495815
XO.LD38..HH.2018.05.29.16.20.11,S,LD38,holdout,50.21,,ABSTAIN,36.3,no_pick,NOT_EVALUABLE,16.4,0.25,0.0001,,semifinal_v1.5.1,58011ddcaeaa2160bc51d32f50f956ca8ea552ed98363eaef11d301276495815
XO.LD38..HH.2018.05.27.04.41.02,P,LD38,main,45.0,,ABSTAIN,26.3,no_pick,NOT_EVALUABLE,12.1,0.25,0.0011,,semifinal_v1.5.1,58011ddcaeaa2160bc51d32f50f956ca8ea552ed98363eaef11d301276495815
XO.LA21..HH.2018.05.27.04.41.09,P,LA21,main,44.99,,ABSTAIN,9.3,no_pick,NOT_EVALUABLE,9.2,0.25,0.0002,E,semifinal_v1.5.1,58011ddcaeaa2160bc51d32f50f956ca8ea552ed98363eaef11d301276495815
XO.LA21..HH.2018.05.27.04.41.09,S,LA21,main,63.48,,ABSTAIN,22.8,no_pick,NOT_EVALUABLE,9.2,0.25,0.0002,E,semifinal_v1.5.1,58011ddcaeaa2160bc51d32f50f956ca8ea552ed98363eaef11d301276495815
XO.LA25..HH.2018.05.27.04.41.28,S,LA25,main,45.0,,ABSTAIN,46.3,no_pick,NOT_EVALUABLE,12.6,0.25,0.0008,E,semifinal_v1.5.1,58011ddcaeaa2160bc51d32f50f956ca8ea552ed98363eaef11d301276495815
XO.LD40..HH.2018.05.27.15.40.08,S,LD40,holdout,44.99,,ABSTAIN,26.3,no_pick,NOT_EVALUABLE,11.5,0.25,0.0005,,semifinal_v1.5.1,58011ddcaeaa2160bc51d32f50f956ca8ea552ed98363eaef11d301276495815
XO.LD40..HH.2018.05.27.17.21.08,S,LD40,holdout,44.99,,ROUTE,31.3,no_pick,NOT_EVALUABLE,11.0,0.25,0.0007,,semifinal_v1.5.1,58011ddcaeaa2160bc51d32f50f956ca8ea552ed98363eaef11d301276495815
XO.LD36..HH.2018.05.22.02.27.39,P,LD36,main,45.0,,ABSTAIN,36.3,no_pick,NOT_EVALUABLE,11.4,0.25,0.0006,,semifinal_v1.5.1,58011ddcaeaa2160bc51d32f50f956ca8ea552ed98363eaef11d301276495815
XO.LD36..HH.2018.05.22.02.27.39,S,LD36,main,78.48,,ABSTAIN,36.3,no_pick,NOT_EVALUABLE,11.4,0.25,0.0006,,semifinal_v1.5.1,58011ddcaeaa2160bc51d32f50f956ca8ea552ed98363eaef11d301276495815
XO.LT10..HH.2018.05.16.21.10.06,P,LT10,holdout,44.99,,ABSTAIN,18.3,no_pick,NOT_EVALUABLE,6.4,0.0,0.0011,,semifinal_v1.5.1,58011ddcaeaa2160bc51d32f50f956ca8ea552ed98363eaef11d301276495815
XO.LT10..HH.2018.05.16.21.10.06,S,LT10,holdout,56.68,,ABSTAIN,6.0,no_pick,NOT_EVALUABLE,6.4,0.0,0.0011,,semifinal_v1.5.1,58011ddcaeaa2160bc51d32f50f956ca8ea552ed98363eaef11d301276495815
XO.LD36..HH.2018.05.15.12.37.51,P,LD36,main,45.0,,ABSTAIN,26.3,no_pick,NOT_EVALUABLE,14.1,0.25,0.0007,,semifinal_v1.5.1,58011ddcaeaa2160bc51d32f50f956ca8ea552ed98363eaef11d301276495815
XO.LD36..HH.2018.05.15.12.37.51,S,LD36,main,56.36,,ABSTAIN,31.3,no_pick,NOT_EVALUABLE,14.1,0.25,0.0007,,semifinal_v1.5.1,58011ddcaeaa2160bc51d32f50f956ca8ea552ed98363eaef11d301276495815
XO.LD40..HH.2018.06.01.18.41.12,P,LD40,main,44.99,,ABSTAIN,36.3,no_pick,NOT_EVALUABLE,15.6,0.25,0.0004,,semifinal_v1.5.1,58011ddcaeaa2160bc51d32f50f956ca8ea552ed98363eaef11d301276495815
XO.LD40..HH.2018.06.01.18.36.01,S,LD40,main,44.99,,ABSTAIN,21.3,no_pick,NOT_EVALUABLE,13.3,0.25,0.0007,,semifinal_v1.5.1,58011ddcaeaa2160bc51d32f50f956ca8ea552ed98363eaef11d301276495815
XO.LA25..HH.2018.06.01.20.34.52,P,LA25,main,44.99,,ABSTAIN,22.8,no_pick,NOT_EVALUABLE,12.4,0.25,0.0003,E,semifinal_v1.5.1,58011ddcaeaa2160bc51d32f50f956ca8ea552ed98363eaef11d301276495815
XO.LA25..HH.2018.06.01.20.34.52,S,LA25,main,66.17,,ABSTAIN,46.3,no_pick,NOT_EVALUABLE,12.4,0.25,0.0003,E,semifinal_v1.5.1,58011ddcaeaa2160bc51d32f50f956ca8ea552ed98363eaef11d301276495815
XO.LA28..HH.2018.06.01.20.35.12,S,LA28,main,45.0,,ABSTAIN,46.3,no_pick,NOT_EVALUABLE,13.8,0.25,0.0005,E,semifinal_v1.5.1,58011ddcaeaa2160bc51d32f50f956ca8ea552ed98363eaef11d301276495815
XO.LT16..HH.2018.06.01.20.34.51,P,LT16,main,44.99,,ABSTAIN,52.8,no_pick,NOT_EVALUABLE,22.7,0.75,0.0005,N|E,semifinal_v1.5.1,58011ddcaeaa2160bc51d32f50f956ca8ea552ed98363eaef11d301276495815
XO.LT04..HH.2018.06.02.13.39.17,S,LT04,main,44.99,,ABSTAIN,34.5,no_pick,NOT_EVALUABLE,5.2,0.0,0.0011,,semifinal_v1.5.1,58011ddcaeaa2160bc51d32f50f956ca8ea552ed98363eaef11d301276495815
XO.LD40..HH.2018.06.02.15.35.07,P,LD40,main,45.0,,ABSTAIN,21.3,no_pick,NOT_EVALUABLE,11.1,0.25,0.0001,,semifinal_v1.5.1,58011ddcaeaa2160bc51d32f50f956ca8ea552ed98363eaef11d301276495815
XO.LD40..HH.2018.06.02.15.35.07,S,LD40,main,68.54,,ABSTAIN,21.3,no_pick,NOT_EVALUABLE,11.1,0.25,0.0001,,semifinal_v1.5.1,58011ddcaeaa2160bc51d32f50f956ca8ea552ed98363eaef11d301276495815
XO.LT01..HH.2018.06.02.21.04.45,S,LT01,holdout,44.99,130.595,FUSE,27.3,wrong,NOT_EVALUABLE,8.7,0.0,0.0019,,semifinal_v1.5.1,58011ddcaeaa2160bc51d32f50f956ca8ea552ed98363eaef11d301276495815
XO.LA39..HH.2018.06.02.13.10.54,S,LA39,main,44.99,,ABSTAIN,52.0,no_pick,NOT_EVALUABLE,8.5,0.0,0.0001,,semifinal_v1.5.1,58011ddcaeaa2160bc51d32f50f956ca8ea552ed98363eaef11d301276495815
XO.LT06..HH.2018.06.03.04.44.01,P,LT06,main,44.99,,ABSTAIN,9.3,no_pick,NOT_EVALUABLE,13.0,0.25,0.0011,E,semifinal_v1.5.1,58011ddcaeaa2160bc51d32f50f956ca8ea552ed98363eaef11d301276495815
XO.LT06..HH.2018.06.03.04.44.01,S,LT06,main,63.1,,ABSTAIN,9.3,no_pick,NOT_EVALUABLE,13.0,0.25,0.0011,E,semifinal_v1.5.1,58011ddcaeaa2160bc51d32f50f956ca8ea552ed98363eaef11d301276495815
XO.LA39..HH.2018.06.03.07.11.07,P,LA39,main,44.99,,ABSTAIN,6.0,no_pick,NOT_EVALUABLE,5.7,0.0,0.0005,,semifinal_v1.5.1,58011ddcaeaa2160bc51d32f50f956ca8ea552ed98363eaef11d301276495815
XO.LD40..HH.2018.06.03.16.09.02,S,LD40,main,45.0,,ABSTAIN,26.3,no_pick,NOT_EVALUABLE,10.8,0.25,0.0003,,semifinal_v1.5.1,58011ddcaeaa2160bc51d32f50f956ca8ea552ed98363eaef11d301276495815
XO.LD38..HH.2018.06.03.21.07.13,P,LD38,holdout,44.99,,ABSTAIN,7.8,no_pick,NOT_EVALUABLE,12.1,0.25,0.0003,,semifinal_v1.5.1,58011ddcaeaa2160bc51d32f50f956ca8ea552ed98363eaef11d301276495815
XO.LD38..HH.2018.06.03.21.07.13,S,LD38,holdout,63.23,,ABSTAIN,21.3,no_pick,NOT_EVALUABLE,12.1,0.25,0.0003,,semifinal_v1.5.1,58011ddcaeaa2160bc51d32f50f956ca8ea552ed98363eaef11d301276495815
XO.LD41..HH.2018.06.03.05.04.35,P,LD41,main,45.0,,ABSTAIN,21.3,no_pick,NOT_EVALUABLE,9.6,0.25,0.0006,,semifinal_v1.5.1,58011ddcaeaa2160bc51d32f50f956ca8ea552ed98363eaef11d301276495815
XO.LD38..HH.2018.06.03.06.45.02,P,LD38,main,44.99,,ABSTAIN,21.3,no_pick,NOT_EVALUABLE,11.0,0.25,0.0017,,semifinal_v1.5.1,58011ddcaeaa2160bc51d32f50f956ca8ea552ed98363eaef11d301276495815
XO.LT18..HH.2018.06.03.08.02.03,P,LT18,main,44.99,,ABSTAIN,22.8,no_pick,NOT_EVALUABLE,10.9,0.25,0.0005,E,semifinal_v1.5.1,58011ddcaeaa2160bc51d32f50f956ca8ea552ed98363eaef11d301276495815
XO.LA29..HH.2018.06.03.08.02.25,P,LA29,main,45.0,,ABSTAIN,19.5,no_pick,NOT_EVALUABLE,5.8,0.0,0.0005,,semifinal_v1.5.1,58011ddcaeaa2160bc51d32f50f956ca8ea552ed98363eaef11d301276495815
XO.LD41..HH.2018.06.03.21.56.35,P,LD41,main,44.99,,ABSTAIN,26.3,no_pick,NOT_EVALUABLE,11.9,0.25,0.0003,,semifinal_v1.5.1,58011ddcaeaa2160bc51d32f50f956ca8ea552ed98363eaef11d301276495815
XO.LD41..HH.2018.06.03.21.56.35,S,LD41,main,74.04,,ABSTAIN,26.3,no_pick,NOT_EVALUABLE,11.9,0.25,0.0003,,semifinal_v1.5.1,58011ddcaeaa2160bc51d32f50f956ca8ea552ed98363eaef11d301276495815
XO.LT06..HH.2018.06.04.07.27.46,S,LT06,holdout,45.0,,ABSTAIN,27.8,no_pick,NOT_EVALUABLE,13.9,0.25,0.0008,E,semifinal_v1.5.1,58011ddcaeaa2160bc51d32f50f956ca8ea552ed98363eaef11d301276495815
XO.LA39..HH.2018.06.04.08.53.49,P,LA39,main,45.0,,ABSTAIN,6.0,no_pick,NOT_EVALUABLE,7.7,0.0,0.0002,,semifinal_v1.5.1,58011ddcaeaa2160bc51d32f50f956ca8ea552ed98363eaef11d301276495815
XO.LD40..HH.2018.06.04.08.53.55,P,LD40,main,45.0,,ABSTAIN,21.3,no_pick,NOT_EVALUABLE,12.6,0.25,0.0001,,semifinal_v1.5.1,58011ddcaeaa2160bc51d32f50f956ca8ea552ed98363eaef11d301276495815
XO.LD40..HH.2018.06.04.08.53.55,S,LD40,main,62.19,,ABSTAIN,21.3,no_pick,NOT_EVALUABLE,12.6,0.25,0.0001,,semifinal_v1.5.1,58011ddcaeaa2160bc51d32f50f956ca8ea552ed98363eaef11d301276495815
XO.LA25..HH.2018.06.04.11.08.53,S,LA25,holdout,73.02,,ABSTAIN,46.3,no_pick,NOT_EVALUABLE,14.1,0.25,0.0011,E,semifinal_v1.5.1,58011ddcaeaa2160bc51d32f50f956ca8ea552ed98363eaef11d301276495815
XO.LD40..HH.2018.06.04.14.18.52,S,LD40,holdout,44.99,,ABSTAIN,21.3,no_pick,NOT_EVALUABLE,13.5,0.25,0.0009,,semifinal_v1.5.1,58011ddcaeaa2160bc51d32f50f956ca8ea552ed98363eaef11d301276495815
XO.LD41..HH.2018.06.04.23.19.16,P,LD41,main,44.99,,ABSTAIN,26.3,no_pick,NOT_EVALUABLE,9.9,0.25,0.0001,,semifinal_v1.5.1,58011ddcaeaa2160bc51d32f50f956ca8ea552ed98363eaef11d301276495815
XO.LT01..HH.2018.06.04.23.19.36,S,LT01,main,44.99,,ABSTAIN,57.0,no_pick,NOT_EVALUABLE,10.4,0.0,0.0025,,semifinal_v1.5.1,58011ddcaeaa2160bc51d32f50f956ca8ea552ed98363eaef11d301276495815
XO.LA39..HH.2018.06.04.09.04.57,P,LA39,holdout,44.99,,ABSTAIN,20.2,no_pick,NOT_EVALUABLE,6.9,0.0,0.0008,,semifinal_v1.5.1,58011ddcaeaa2160bc51d32f50f956ca8ea552ed98363eaef11d301276495815
XO.LA39..HH.2018.06.04.09.04.57,S,LA39,holdout,60.03,112.87,FUSE,18.3,wrong,NOT_EVALUABLE,6.9,0.0,0.0008,,semifinal_v1.5.1,58011ddcaeaa2160bc51d32f50f956ca8ea552ed98363eaef11d301276495815
XO.LA39..HH.2018.06.04.09.06.39,S,LA39,main,44.99,,ABSTAIN,47.0,no_pick,NOT_EVALUABLE,8.1,0.0,0.0003,,semifinal_v1.5.1,58011ddcaeaa2160bc51d32f50f956ca8ea552ed98363eaef11d301276495815
XO.LD40..HH.2018.06.05.13.17.40,S,LD40,main,44.99,,ABSTAIN,21.3,no_pick,NOT_EVALUABLE,13.9,0.25,0.0004,,semifinal_v1.5.1,58011ddcaeaa2160bc51d32f50f956ca8ea552ed98363eaef11d301276495815
XO.LD36..HH.2018.06.05.15.48.02,P,LD36,main,45.0,,ABSTAIN,21.3,no_pick,NOT_EVALUABLE,16.7,0.25,0.0017,,semifinal_v1.5.1,58011ddcaeaa2160bc51d32f50f956ca8ea552ed98363eaef11d301276495815
XO.LD36..HH.2018.06.05.15.48.02,S,LD36,main,62.28,,ABSTAIN,21.3,no_pick,NOT_EVALUABLE,16.7,0.25,0.0017,,semifinal_v1.5.1,58011ddcaeaa2160bc51d32f50f956ca8ea552ed98363eaef11d301276495815
XO.LD41..HH.2018.06.05.15.48.13,P,LD41,main,44.99,,ABSTAIN,26.3,no_pick,NOT_EVALUABLE,10.9,0.25,0.0002,,semifinal_v1.5.1,58011ddcaeaa2160bc51d32f50f956ca8ea552ed98363eaef11d301276495815
XO.LD38..HH.2018.06.06.02.46.26,S,LD38,main,44.99,,ABSTAIN,26.3,no_pick,NOT_EVALUABLE,13.9,0.25,0.0007,,semifinal_v1.5.1,58011ddcaeaa2160bc51d32f50f956ca8ea552ed98363eaef11d301276495815
XO.LD40..HH.2018.06.07.08.49.44,P,LD40,main,44.99,,ABSTAIN,21.3,no_pick,NOT_EVALUABLE,12.7,0.25,0.0008,,semifinal_v1.5.1,58011ddcaeaa2160bc51d32f50f956ca8ea552ed98363eaef11d301276495815
XO.LD40..HH.2018.06.07.08.49.44,S,LD40,main,69.92,,ABSTAIN,21.3,no_pick,NOT_EVALUABLE,12.7,0.25,0.0008,,semifinal_v1.5.1,58011ddcaeaa2160bc51d32f50f956ca8ea552ed98363eaef11d301276495815
XO.LT20..HH.2018.06.07.12.05.57,P,LT20,main,44.99,,ABSTAIN,26.3,no_pick,NOT_EVALUABLE,12.0,0.25,0.0003,,semifinal_v1.5.1,58011ddcaeaa2160bc51d32f50f956ca8ea552ed98363eaef11d301276495815
XO.LT20..HH.2018.06.07.12.05.57,S,LT20,main,59.84,,ABSTAIN,26.3,no_pick,NOT_EVALUABLE,12.0,0.25,0.0003,,semifinal_v1.5.1,58011ddcaeaa2160bc51d32f50f956ca8ea552ed98363eaef11d301276495815
XO.LD38..HH.2018.06.07.16.10.19,S,LD38,holdout,45.0,,ABSTAIN,26.3,no_pick,NOT_EVALUABLE,13.6,0.25,0.0007,,semifinal_v1.5.1,58011ddcaeaa2160bc51d32f50f956ca8ea552ed98363eaef11d301276495815
XO.LT04..HH.2018.06.07.00.12.59,S,LT04,main,44.99,,ABSTAIN,53.0,no_pick,NOT_EVALUABLE,4.1,0.0,0.0006,,semifinal_v1.5.1,58011ddcaeaa2160bc51d32f50f956ca8ea552ed98363eaef11d301276495815
XO.LD40..HH.2018.06.07.01.10.09,S,LD40,holdout,44.99,,ABSTAIN,26.3,no_pick,NOT_EVALUABLE,10.8,0.25,0.0003,,semifinal_v1.5.1,58011ddcaeaa2160bc51d32f50f956ca8ea552ed98363eaef11d301276495815
XO.LT01..HH.2018.06.07.04.18.38,S,LT01,main,44.99,,ABSTAIN,52.0,no_pick,NOT_EVALUABLE,9.4,0.0,0.0009,,semifinal_v1.5.1,58011ddcaeaa2160bc51d32f50f956ca8ea552ed98363eaef11d301276495815
XO.LT01..HH.2018.06.07.05.19.07,S,LT01,main,45.0,,ABSTAIN,16.0,no_pick,NOT_EVALUABLE,7.6,0.0,0.0029,,semifinal_v1.5.1,58011ddcaeaa2160bc51d32f50f956ca8ea552ed98363eaef11d301276495815
XO.LT01..HH.2018.06.07.07.54.27,S,LT01,main,44.99,,ABSTAIN,52.0,no_pick,NOT_EVALUABLE,9.9,0.0,0.0013,,semifinal_v1.5.1,58011ddcaeaa2160bc51d32f50f956ca8ea552ed98363eaef11d301276495815
XO.LT16..HH.2018.06.07.10.21.53,S,LT16,main,55.2,,ABSTAIN,42.0,no_pick,NOT_EVALUABLE,25.3,0.0,0.0009,,semifinal_v1.5.1,58011ddcaeaa2160bc51d32f50f956ca8ea552ed98363eaef11d301276495815
XO.LD41..HH.2018.06.07.10.22.20,P,LD41,main,45.0,,ABSTAIN,26.3,no_pick,NOT_EVALUABLE,12.8,0.25,0.0008,,semifinal_v1.5.1,58011ddcaeaa2160bc51d32f50f956ca8ea552ed98363eaef11d301276495815
XO.LT06..HH.2018.06.07.14.11.41,P,LT06,holdout,45.0,,ABSTAIN,27.8,no_pick,NOT_EVALUABLE,15.6,0.25,0.0045,E,semifinal_v1.5.1,58011ddcaeaa2160bc51d32f50f956ca8ea552ed98363eaef11d301276495815
XO.LD40..HH.2018.06.07.20.53.26,S,LD40,main,44.99,,ABSTAIN,21.3,no_pick,NOT_EVALUABLE,9.7,0.25,0.0006,,semifinal_v1.5.1,58011ddcaeaa2160bc51d32f50f956ca8ea552ed98363eaef11d301276495815
XO.LT13..HH.2018.06.07.22.52.30,P,LT13,main,44.99,,ABSTAIN,43.3,no_pick,NOT_EVALUABLE,1.1,0.0,0.0007,,semifinal_v1.5.1,58011ddcaeaa2160bc51d32f50f956ca8ea552ed98363eaef11d301276495815
XO.LD40..HH.2018.06.09.09.54.02,P,LD40,main,44.99,,ROUTE,41.3,no_pick,NOT_EVALUABLE,8.9,0.25,0.0005,,semifinal_v1.5.1,58011ddcaeaa2160bc51d32f50f956ca8ea552ed98363eaef11d301276495815
XO.LD40..HH.2018.06.09.09.54.02,S,LD40,main,70.08,,ROUTE,41.3,no_pick,NOT_EVALUABLE,8.9,0.25,0.0005,,semifinal_v1.5.1,58011ddcaeaa2160bc51d32f50f956ca8ea552ed98363eaef11d301276495815
XO.LD40..HH.2018.06.09.14.56.05,P,LD40,main,45.0,,ABSTAIN,21.3,no_pick,NOT_EVALUABLE,13.1,0.25,0.0011,,semifinal_v1.5.1,58011ddcaeaa2160bc51d32f50f956ca8ea552ed98363eaef11d301276495815
XO.LD40..HH.2018.06.09.14.56.05,S,LD40,main,61.22,,ABSTAIN,21.3,no_pick,NOT_EVALUABLE,13.1,0.25,0.0011,,semifinal_v1.5.1,58011ddcaeaa2160bc51d32f50f956ca8ea552ed98363eaef11d301276495815
XO.LA39..HH.2018.06.09.08.43.43,P,LA39,main,45.0,,ABSTAIN,29.5,no_pick,NOT_EVALUABLE,6.6,0.0,0.001,,semifinal_v1.5.1,58011ddcaeaa2160bc51d32f50f956ca8ea552ed98363eaef11d301276495815
XO.LD40..HH.2018.06.09.12.03.23,S,LD40,main,44.99,,ABSTAIN,21.3,no_pick,NOT_EVALUABLE,14.3,0.25,0.0031,,semifinal_v1.5.1,58011ddcaeaa2160bc51d32f50f956ca8ea552ed98363eaef11d301276495815
XO.LT18..HH.2018.06.09.17.49.02,S,LT18,main,50.75,,ABSTAIN,46.3,no_pick,NOT_EVALUABLE,15.9,0.25,0.0033,E,semifinal_v1.5.1,58011ddcaeaa2160bc51d32f50f956ca8ea552ed98363eaef11d301276495815
XO.LA28..HH.2018.06.09.23.45.12,S,LA28,main,44.99,,ABSTAIN,46.3,no_pick,NOT_EVALUABLE,13.3,0.25,0.005,E,semifinal_v1.5.1,58011ddcaeaa2160bc51d32f50f956ca8ea552ed98363eaef11d301276495815
XO.LD36..HH.2018.06.10.09.41.22,S,LD36,main,44.99,,ABSTAIN,31.3,no_pick,NOT_EVALUABLE,15.7,0.25,0.0023,,semifinal_v1.5.1,58011ddcaeaa2160bc51d32f50f956ca8ea552ed98363eaef11d301276495815
XO.LA33..HH.2018.06.11.01.19.13,P,LA33,main,45.0,46.155,FUSE,13.3,wrong,NOT_EVALUABLE,3.4,0.0,0.0007,,semifinal_v1.5.1,58011ddcaeaa2160bc51d32f50f956ca8ea552ed98363eaef11d301276495815
XO.LT04..HH.2018.06.11.01.19.42,S,LT04,main,45.0,,ABSTAIN,6.0,no_pick,NOT_EVALUABLE,4.7,0.0,0.0013,,semifinal_v1.5.1,58011ddcaeaa2160bc51d32f50f956ca8ea552ed98363eaef11d301276495815
XO.LT06..HH.2018.06.11.16.27.35,P,LT06,holdout,45.0,,ABSTAIN,9.3,no_pick,NOT_EVALUABLE,15.5,0.25,0.0019,E,semifinal_v1.5.1,58011ddcaeaa2160bc51d32f50f956ca8ea552ed98363eaef11d301276495815
XO.LD36..HH.2018.06.11.16.27.43,S,LD36,main,68.32,,ABSTAIN,21.3,no_pick,NOT_EVALUABLE,12.5,0.25,0.0001,,semifinal_v1.5.1,58011ddcaeaa2160bc51d32f50f956ca8ea552ed98363eaef11d301276495815
XO.LA28..HH.2018.06.11.16.27.43,P,LA28,main,44.99,,ABSTAIN,9.3,no_pick,NOT_EVALUABLE,17.8,0.25,0.0003,E,semifinal_v1.5.1,58011ddcaeaa2160bc51d32f50f956ca8ea552ed98363eaef11d301276495815
XO.LD41..HH.2018.06.11.10.42.15,P,LD41,main,44.99,,ABSTAIN,26.3,no_pick,NOT_EVALUABLE,10.5,0.25,0.0008,,semifinal_v1.5.1,58011ddcaeaa2160bc51d32f50f956ca8ea552ed98363eaef11d301276495815
XO.LD41..HH.2018.06.11.10.42.15,S,LD41,main,76.24,,ABSTAIN,26.3,no_pick,NOT_EVALUABLE,10.5,0.25,0.0008,,semifinal_v1.5.1,58011ddcaeaa2160bc51d32f50f956ca8ea552ed98363eaef11d301276495815
XO.LD41..HH.2018.06.11.11.37.35,P,LD41,main,45.0,,ABSTAIN,31.3,no_pick,NOT_EVALUABLE,10.4,0.25,0.0005,,semifinal_v1.5.1,58011ddcaeaa2160bc51d32f50f956ca8ea552ed98363eaef11d301276495815
XO.LT18..HH.2018.06.11.14.24.15,P,LT18,main,44.99,,ABSTAIN,46.3,no_pick,NOT_EVALUABLE,10.5,0.25,0.0021,E,semifinal_v1.5.1,58011ddcaeaa2160bc51d32f50f956ca8ea552ed98363eaef11d301276495815
XO.LT18..HH.2018.06.11.14.24.15,S,LT18,main,59.76,,ABSTAIN,46.3,no_pick,NOT_EVALUABLE,10.5,0.25,0.0021,E,semifinal_v1.5.1,58011ddcaeaa2160bc51d32f50f956ca8ea552ed98363eaef11d301276495815
XO.LT01..HH.2018.06.12.07.45.33,P,LT01,main,44.99,,ABSTAIN,48.0,no_pick,NOT_EVALUABLE,5.6,0.0,0.0024,,semifinal_v1.5.1,58011ddcaeaa2160bc51d32f50f956ca8ea552ed98363eaef11d301276495815
XO.LD40..HH.2018.06.12.11.07.57,P,LD40,main,44.99,,ABSTAIN,21.3,no_pick,NOT_EVALUABLE,12.7,0.25,0.0002,,semifinal_v1.5.1,58011ddcaeaa2160bc51d32f50f956ca8ea552ed98363eaef11d301276495815
XO.LD40..HH.2018.06.12.11.07.57,S,LD40,main,66.04,,ABSTAIN,21.3,no_pick,NOT_EVALUABLE,12.7,0.25,0.0002,,semifinal_v1.5.1,58011ddcaeaa2160bc51d32f50f956ca8ea552ed98363eaef11d301276495815
XO.LT01..HH.2018.06.12.16.24.38,S,LT01,holdout,69.87,71.27,FUSE,0.0,wrong,NOT_EVALUABLE,14.8,0.0,0.0035,,semifinal_v1.5.1,58011ddcaeaa2160bc51d32f50f956ca8ea552ed98363eaef11d301276495815
XO.LD38..HH.2018.06.13.18.40.04,P,LD38,main,45.0,,ABSTAIN,7.8,no_pick,NOT_EVALUABLE,12.5,0.25,0.0013,,semifinal_v1.5.1,58011ddcaeaa2160bc51d32f50f956ca8ea552ed98363eaef11d301276495815
XO.LD38..HH.2018.06.13.18.40.04,S,LD38,main,54.1,,ABSTAIN,21.3,no_pick,NOT_EVALUABLE,12.5,0.25,0.0013,,semifinal_v1.5.1,58011ddcaeaa2160bc51d32f50f956ca8ea552ed98363eaef11d301276495815
XO.LT04..HH.2018.06.13.09.46.21,S,LT04,main,44.99,85.61,FUSE,6.0,wrong,NOT_EVALUABLE,3.8,0.0,0.0012,,semifinal_v1.5.1,58011ddcaeaa2160bc51d32f50f956ca8ea552ed98363eaef11d301276495815
XO.LD38..HH.2018.06.13.16.20.04,S,LD38,main,44.99,,ABSTAIN,21.3,no_pick,NOT_EVALUABLE,12.2,0.25,0.0001,,semifinal_v1.5.1,58011ddcaeaa2160bc51d32f50f956ca8ea552ed98363eaef11d301276495815
XO.LD40..HH.2018.06.13.23.44.16,P,LD40,main,45.0,,ABSTAIN,26.3,no_pick,NOT_EVALUABLE,11.9,0.25,0.0007,,semifinal_v1.5.1,58011ddcaeaa2160bc51d32f50f956ca8ea552ed98363eaef11d301276495815
XO.LD40..HH.2018.06.14.16.47.48,P,LD40,main,44.99,,ABSTAIN,26.3,no_pick,NOT_EVALUABLE,17.6,0.25,0.0001,,semifinal_v1.5.1,58011ddcaeaa2160bc51d32f50f956ca8ea552ed98363eaef11d301276495815
XO.LD40..HH.2018.06.14.16.47.48,S,LD40,main,65.68,,ABSTAIN,26.3,no_pick,NOT_EVALUABLE,17.6,0.25,0.0001,,semifinal_v1.5.1,58011ddcaeaa2160bc51d32f50f956ca8ea552ed98363eaef11d301276495815
XO.LT01..HH.2018.06.14.16.47.51,S,LT01,main,66.48,68.6,FUSE,17.3,wrong,NOT_EVALUABLE,12.6,0.0,0.0003,,semifinal_v1.5.1,58011ddcaeaa2160bc51d32f50f956ca8ea552ed98363eaef11d301276495815
XO.LA39..HH.2018.06.15.00.14.28,P,LA39,holdout,45.0,,ABSTAIN,11.0,no_pick,NOT_EVALUABLE,7.0,0.0,0.0001,,semifinal_v1.5.1,58011ddcaeaa2160bc51d32f50f956ca8ea552ed98363eaef11d301276495815
XO.LA29..HH.2018.06.16.02.51.48,P,LA29,holdout,45.0,44.16,FUSE,0.0,wrong,NOT_EVALUABLE,21.3,0.0,0.0007,,semifinal_v1.5.1,58011ddcaeaa2160bc51d32f50f956ca8ea552ed98363eaef11d301276495815
XO.LD45..HH.2018.06.16.02.51.59,P,LD45,main,44.99,,ABSTAIN,21.3,no_pick,NOT_EVALUABLE,11.2,0.25,0.0002,,semifinal_v1.5.1,58011ddcaeaa2160bc51d32f50f956ca8ea552ed98363eaef11d301276495815
XO.LD45..HH.2018.06.16.02.51.59,S,LD45,main,78.11,,ABSTAIN,21.3,no_pick,NOT_EVALUABLE,11.2,0.25,0.0002,,semifinal_v1.5.1,58011ddcaeaa2160bc51d32f50f956ca8ea552ed98363eaef11d301276495815
XO.LD40..HH.2018.06.16.18.21.43,P,LD40,main,44.99,,ABSTAIN,21.3,no_pick,NOT_EVALUABLE,10.4,0.25,0.0007,,semifinal_v1.5.1,58011ddcaeaa2160bc51d32f50f956ca8ea552ed98363eaef11d301276495815
XO.LD40..HH.2018.06.16.18.21.43,S,LD40,main,64.35,,ABSTAIN,21.3,no_pick,NOT_EVALUABLE,10.4,0.25,0.0007,,semifinal_v1.5.1,58011ddcaeaa2160bc51d32f50f956ca8ea552ed98363eaef11d301276495815
XO.LD38..HH.2018.06.17.04.31.57,P,LD38,holdout,45.0,,ABSTAIN,7.8,no_pick,NOT_EVALUABLE,27.7,0.25,0.0001,,semifinal_v1.5.1,58011ddcaeaa2160bc51d32f50f956ca8ea552ed98363eaef11d301276495815
XO.LD38..HH.2018.06.17.04.31.57,S,LD38,holdout,61.96,,ABSTAIN,21.3,no_pick,NOT_EVALUABLE,27.7,0.25,0.0001,,semifinal_v1.5.1,58011ddcaeaa2160bc51d32f50f956ca8ea552ed98363eaef11d301276495815
XO.LT01..HH.2018.06.18.21.45.13,S,LT01,main,44.99,,ABSTAIN,38.5,no_pick,NOT_EVALUABLE,9.1,0.0,0.0013,,semifinal_v1.5.1,58011ddcaeaa2160bc51d32f50f956ca8ea552ed98363eaef11d301276495815
XO.LD40..HH.2018.06.18.21.44.45,P,LD40,main,44.99,,ABSTAIN,36.3,no_pick,NOT_EVALUABLE,9.9,0.25,0.0004,,semifinal_v1.5.1,58011ddcaeaa2160bc51d32f50f956ca8ea552ed98363eaef11d301276495815
XO.LD40..HH.2018.06.18.21.44.45,S,LD40,main,79.1,,ABSTAIN,36.3,no_pick,NOT_EVALUABLE,9.9,0.25,0.0004,,semifinal_v1.5.1,58011ddcaeaa2160bc51d32f50f956ca8ea552ed98363eaef11d301276495815
XO.LT10..HH.2018.06.19.20.20.27,S,LT10,holdout,58.75,60.45,FUSE,1.3,wrong,NOT_EVALUABLE,2.1,0.0,0.001,,semifinal_v1.5.1,58011ddcaeaa2160bc51d32f50f956ca8ea552ed98363eaef11d301276495815
XO.LA34..HH.2018.06.19.20.20.37,S,LA34,main,44.99,,ABSTAIN,6.0,no_pick,NOT_EVALUABLE,5.8,0.0,0.0011,,semifinal_v1.5.1,58011ddcaeaa2160bc51d32f50f956ca8ea552ed98363eaef11d301276495815
XO.LA25..HH.2018.06.19.18.55.00,S,LA25,main,44.99,,ABSTAIN,56.3,no_pick,NOT_EVALUABLE,11.6,0.25,0.0012,E,semifinal_v1.5.1,58011ddcaeaa2160bc51d32f50f956ca8ea552ed98363eaef11d301276495815
XO.LD40..HH.2018.06.19.19.45.46,S,LD40,main,44.99,,ABSTAIN,31.3,no_pick,NOT_EVALUABLE,12.3,0.25,0.0004,,semifinal_v1.5.1,58011ddcaeaa2160bc51d32f50f956ca8ea552ed98363eaef11d301276495815
XO.LT04..HH.2018.06.20.21.38.21,S,LT04,main,55.57,57.24,FUSE,1.0,wrong,NOT_EVALUABLE,7.5,0.0,0.0007,,semifinal_v1.5.1,58011ddcaeaa2160bc51d32f50f956ca8ea552ed98363eaef11d301276495815
XO.LD36..HH.2018.06.20.21.38.27,P,LD36,main,45.0,,ABSTAIN,21.3,no_pick,NOT_EVALUABLE,13.9,0.25,0.0001,,semifinal_v1.5.1,58011ddcaeaa2160bc51d32f50f956ca8ea552ed98363eaef11d301276495815
XO.LD36..HH.2018.06.20.21.38.27,S,LD36,main,62.43,,ABSTAIN,21.3,no_pick,NOT_EVALUABLE,13.9,0.25,0.0001,,semifinal_v1.5.1,58011ddcaeaa2160bc51d32f50f956ca8ea552ed98363eaef11d301276495815
XO.LD40..HH.2018.06.20.21.38.34,P,LD40,main,45.0,,ABSTAIN,44.8,no_pick,NOT_EVALUABLE,12.3,0.25,0.0003,,semifinal_v1.5.1,58011ddcaeaa2160bc51d32f50f956ca8ea552ed98363eaef11d301276495815
XO.LD40..HH.2018.06.20.21.38.34,S,LD40,main,68.97,,ABSTAIN,21.3,no_pick,NOT_EVALUABLE,12.3,0.25,0.0003,,semifinal_v1.5.1,58011ddcaeaa2160bc51d32f50f956ca8ea552ed98363eaef11d301276495815
XO.LD41..HH.2018.06.20.21.38.40,P,LD41,main,44.99,,ABSTAIN,21.3,no_pick,NOT_EVALUABLE,10.9,0.25,0.0001,,semifinal_v1.5.1,58011ddcaeaa2160bc51d32f50f956ca8ea552ed98363eaef11d301276495815
XO.LT17..HH.2018.06.20.23.01.47,P,LT17,main,44.99,,ABSTAIN,53.0,no_pick,NOT_EVALUABLE,4.7,0.0,0.0012,,semifinal_v1.5.1,58011ddcaeaa2160bc51d32f50f956ca8ea552ed98363eaef11d301276495815
XO.LT09..HH.2018.06.20.04.53.40,S,LT09,main,45.0,,ABSTAIN,38.5,no_pick,NOT_EVALUABLE,12.1,0.0,0.0037,,semifinal_v1.5.1,58011ddcaeaa2160bc51d32f50f956ca8ea552ed98363eaef11d301276495815
XO.LA21..HH.2018.06.20.05.24.43,S,LA21,main,61.51,,ABSTAIN,41.3,no_pick,NOT_EVALUABLE,8.6,0.25,0.0002,E,semifinal_v1.5.1,58011ddcaeaa2160bc51d32f50f956ca8ea552ed98363eaef11d301276495815
XO.LT14..HH.2018.06.20.05.24.56,P,LT14,holdout,45.0,,ABSTAIN,19.3,no_pick,NOT_EVALUABLE,18.1,0.25,0.0027,E,semifinal_v1.5.1,58011ddcaeaa2160bc51d32f50f956ca8ea552ed98363eaef11d301276495815
XO.LD40..HH.2018.06.20.10.34.49,S,LD40,main,45.0,,ABSTAIN,21.3,no_pick,NOT_EVALUABLE,10.7,0.25,0.0005,,semifinal_v1.5.1,58011ddcaeaa2160bc51d32f50f956ca8ea552ed98363eaef11d301276495815
XO.LD40..HH.2018.06.20.11.13.16,P,LD40,main,45.0,,ABSTAIN,21.3,no_pick,NOT_EVALUABLE,14.4,0.25,0.0005,,semifinal_v1.5.1,58011ddcaeaa2160bc51d32f50f956ca8ea552ed98363eaef11d301276495815
XO.LD40..HH.2018.06.20.11.13.16,S,LD40,main,57.82,,ABSTAIN,21.3,no_pick,NOT_EVALUABLE,14.4,0.25,0.0005,,semifinal_v1.5.1,58011ddcaeaa2160bc51d32f50f956ca8ea552ed98363eaef11d301276495815
XO.LA25..HH.2018.06.20.11.13.35,S,LA25,main,44.99,,ABSTAIN,52.8,no_pick,NOT_EVALUABLE,13.9,0.25,0.0002,E,semifinal_v1.5.1,58011ddcaeaa2160bc51d32f50f956ca8ea552ed98363eaef11d301276495815
XO.LD40..HH.2018.06.20.10.19.47,S,LD40,main,45.0,,ABSTAIN,21.3,no_pick,NOT_EVALUABLE,12.7,0.25,0.0007,,semifinal_v1.5.1,58011ddcaeaa2160bc51d32f50f956ca8ea552ed98363eaef11d301276495815
XO.LT06..HH.2018.06.20.12.57.38,S,LT06,main,44.99,,ABSTAIN,37.8,no_pick,NOT_EVALUABLE,12.4,0.25,0.0012,E,semifinal_v1.5.1,58011ddcaeaa2160bc51d32f50f956ca8ea552ed98363eaef11d301276495815
XO.LA29..HH.2018.06.21.02.36.18,S,LA29,main,45.0,,ABSTAIN,11.0,no_pick,NOT_EVALUABLE,7.5,0.0,0.0005,,semifinal_v1.5.1,58011ddcaeaa2160bc51d32f50f956ca8ea552ed98363eaef11d301276495815
XO.LD40..HH.2018.06.21.09.58.37,S,LD40,main,45.0,,ABSTAIN,26.3,no_pick,NOT_EVALUABLE,12.2,0.25,0.0004,,semifinal_v1.5.1,58011ddcaeaa2160bc51d32f50f956ca8ea552ed98363eaef11d301276495815
XO.LD41..HH.2018.06.22.03.32.52,S,LD41,holdout,44.99,,ABSTAIN,21.3,no_pick,NOT_EVALUABLE,10.9,0.25,0.0005,,semifinal_v1.5.1,58011ddcaeaa2160bc51d32f50f956ca8ea552ed98363eaef11d301276495815
XO.LD38..HH.2018.06.22.14.46.31,P,LD38,main,45.0,,ABSTAIN,21.3,no_pick,NOT_EVALUABLE,15.0,0.25,0.0011,,semifinal_v1.5.1,58011ddcaeaa2160bc51d32f50f956ca8ea552ed98363eaef11d301276495815
XO.LD38..HH.2018.06.22.14.46.31,S,LD38,main,64.49,,ABSTAIN,26.3,no_pick,NOT_EVALUABLE,15.0,0.25,0.0011,,semifinal_v1.5.1,58011ddcaeaa2160bc51d32f50f956ca8ea552ed98363eaef11d301276495815
XO.LD40..HH.2018.06.23.09.28.37,P,LD40,main,45.0,,ABSTAIN,21.3,no_pick,NOT_EVALUABLE,12.1,0.25,0.0001,,semifinal_v1.5.1,58011ddcaeaa2160bc51d32f50f956ca8ea552ed98363eaef11d301276495815
XO.LD40..HH.2018.06.23.09.28.37,S,LD40,main,66.4,,ABSTAIN,21.3,no_pick,NOT_EVALUABLE,12.1,0.25,0.0001,,semifinal_v1.5.1,58011ddcaeaa2160bc51d32f50f956ca8ea552ed98363eaef11d301276495815
XO.LD40..HH.2018.06.23.03.58.02,S,LD40,holdout,44.99,,ABSTAIN,26.3,no_pick,NOT_EVALUABLE,11.8,0.25,0.0001,,semifinal_v1.5.1,58011ddcaeaa2160bc51d32f50f956ca8ea552ed98363eaef11d301276495815
XO.LD40..HH.2018.06.23.09.03.32,S,LD40,holdout,44.99,,ABSTAIN,31.3,no_pick,NOT_EVALUABLE,12.5,0.25,0.0002,,semifinal_v1.5.1,58011ddcaeaa2160bc51d32f50f956ca8ea552ed98363eaef11d301276495815
XO.LD41..HH.2018.06.23.09.03.50,S,LD41,holdout,45.0,,ABSTAIN,26.3,no_pick,NOT_EVALUABLE,12.9,0.25,0.0006,,semifinal_v1.5.1,58011ddcaeaa2160bc51d32f50f956ca8ea552ed98363eaef11d301276495815
XO.LA39..HH.2018.06.23.10.49.45,S,LA39,holdout,44.99,,ABSTAIN,6.0,no_pick,NOT_EVALUABLE,4.9,0.0,0.0004,,semifinal_v1.5.1,58011ddcaeaa2160bc51d32f50f956ca8ea552ed98363eaef11d301276495815
XO.LD41..HH.2018.06.23.10.49.49,P,LD41,holdout,45.0,,ABSTAIN,21.3,no_pick,NOT_EVALUABLE,11.0,0.25,0.0007,,semifinal_v1.5.1,58011ddcaeaa2160bc51d32f50f956ca8ea552ed98363eaef11d301276495815
XO.LD41..HH.2018.06.23.11.26.22,P,LD41,holdout,45.0,,ABSTAIN,26.3,no_pick,NOT_EVALUABLE,12.8,0.25,0.001,,semifinal_v1.5.1,58011ddcaeaa2160bc51d32f50f956ca8ea552ed98363eaef11d301276495815
XO.LD41..HH.2018.06.24.21.53.25,P,LD41,main,45.0,,ABSTAIN,26.3,no_pick,NOT_EVALUABLE,10.0,0.25,0.0005,,semifinal_v1.5.1,58011ddcaeaa2160bc51d32f50f956ca8ea552ed98363eaef11d301276495815
XO.LD41..HH.2018.06.24.21.53.25,S,LD41,main,76.64,,ABSTAIN,26.3,no_pick,NOT_EVALUABLE,10.0,0.25,0.0005,,semifinal_v1.5.1,58011ddcaeaa2160bc51d32f50f956ca8ea552ed98363eaef11d301276495815
XO.LD40..HH.2018.06.24.21.53.31,S,LD40,main,45.0,,ABSTAIN,21.3,no_pick,NOT_EVALUABLE,14.5,0.25,0.0006,,semifinal_v1.5.1,58011ddcaeaa2160bc51d32f50f956ca8ea552ed98363eaef11d301276495815
XO.LD40..HH.2018.06.24.03.05.14,S,LD40,main,45.0,,ABSTAIN,31.3,no_pick,NOT_EVALUABLE,15.1,0.25,0.0005,,semifinal_v1.5.1,58011ddcaeaa2160bc51d32f50f956ca8ea552ed98363eaef11d301276495815
XO.LD40..HH.2018.06.24.06.41.24,P,LD40,main,44.99,,ABSTAIN,21.3,no_pick,NOT_EVALUABLE,14.2,0.25,0.0005,,semifinal_v1.5.1,58011ddcaeaa2160bc51d32f50f956ca8ea552ed98363eaef11d301276495815
XO.LD40..HH.2018.06.24.06.41.24,S,LD40,main,68.51,,ABSTAIN,21.3,no_pick,NOT_EVALUABLE,14.2,0.25,0.0005,,semifinal_v1.5.1,58011ddcaeaa2160bc51d32f50f956ca8ea552ed98363eaef11d301276495815
XO.LD41..HH.2018.06.24.06.41.33,P,LD41,holdout,44.99,,ABSTAIN,26.3,no_pick,NOT_EVALUABLE,10.4,0.25,0.0005,,semifinal_v1.5.1,58011ddcaeaa2160bc51d32f50f956ca8ea552ed98363eaef11d301276495815
XO.LD41..HH.2018.06.24.06.41.33,S,LD41,holdout,73.38,,ABSTAIN,26.3,no_pick,NOT_EVALUABLE,10.4,0.25,0.0005,,semifinal_v1.5.1,58011ddcaeaa2160bc51d32f50f956ca8ea552ed98363eaef11d301276495815
XO.LT20..HH.2018.06.24.07.28.52,P,LT20,main,45.0,,ABSTAIN,21.3,no_pick,NOT_EVALUABLE,15.7,0.25,0.0005,,semifinal_v1.5.1,58011ddcaeaa2160bc51d32f50f956ca8ea552ed98363eaef11d301276495815
XO.LT20..HH.2018.06.24.07.28.52,S,LT20,main,51.83,,ABSTAIN,21.3,no_pick,NOT_EVALUABLE,15.7,0.25,0.0005,,semifinal_v1.5.1,58011ddcaeaa2160bc51d32f50f956ca8ea552ed98363eaef11d301276495815
XO.LD40..HH.2018.06.24.11.28.11,S,LD40,main,45.0,,ABSTAIN,31.3,no_pick,NOT_EVALUABLE,12.0,0.25,0.0005,,semifinal_v1.5.1,58011ddcaeaa2160bc51d32f50f956ca8ea552ed98363eaef11d301276495815
XO.LD41..HH.2018.06.25.15.05.48,P,LD41,main,45.0,,ABSTAIN,26.3,no_pick,NOT_EVALUABLE,10.3,0.25,0.0007,,semifinal_v1.5.1,58011ddcaeaa2160bc51d32f50f956ca8ea552ed98363eaef11d301276495815
XO.LT14..HH.2018.06.26.04.06.48,P,LT14,main,44.99,,ABSTAIN,56.3,no_pick,NOT_EVALUABLE,11.5,0.25,0.0016,E,semifinal_v1.5.1,58011ddcaeaa2160bc51d32f50f956ca8ea552ed98363eaef11d301276495815
XO.LT01..HH.2018.06.26.04.07.06,S,LT01,main,44.99,,ABSTAIN,52.0,no_pick,NOT_EVALUABLE,13.2,0.0,0.0013,,semifinal_v1.5.1,58011ddcaeaa2160bc51d32f50f956ca8ea552ed98363eaef11d301276495815
XO.LD45..HH.2018.06.26.23.50.41,P,LD45,main,45.0,,ABSTAIN,26.3,no_pick,NOT_EVALUABLE,11.6,0.25,0.0009,,semifinal_v1.5.1,58011ddcaeaa2160bc51d32f50f956ca8ea552ed98363eaef11d301276495815
XO.LD45..HH.2018.06.27.00.26.02,P,LD45,main,45.0,,ABSTAIN,26.3,no_pick,NOT_EVALUABLE,13.2,0.25,0.0011,,semifinal_v1.5.1,58011ddcaeaa2160bc51d32f50f956ca8ea552ed98363eaef11d301276495815
XO.LD38..HH.2018.06.27.15.38.33,P,LD38,main,45.0,,ABSTAIN,21.3,no_pick,NOT_EVALUABLE,14.8,0.25,0.0014,,semifinal_v1.5.1,58011ddcaeaa2160bc51d32f50f956ca8ea552ed98363eaef11d301276495815
XO.LD38..HH.2018.06.27.15.38.33,S,LD38,main,62.84,,ABSTAIN,21.3,no_pick,NOT_EVALUABLE,14.8,0.25,0.0014,,semifinal_v1.5.1,58011ddcaeaa2160bc51d32f50f956ca8ea552ed98363eaef11d301276495815
XO.LD40..HH.2018.06.27.15.38.37,P,LD40,holdout,45.0,,ABSTAIN,7.8,no_pick,NOT_EVALUABLE,13.9,0.25,0.0001,,semifinal_v1.5.1,58011ddcaeaa2160bc51d32f50f956ca8ea552ed98363eaef11d301276495815
XO.LD40..HH.2018.06.27.15.38.37,S,LD40,holdout,66.23,,ABSTAIN,21.3,no_pick,NOT_EVALUABLE,13.9,0.25,0.0001,,semifinal_v1.5.1,58011ddcaeaa2160bc51d32f50f956ca8ea552ed98363eaef11d301276495815
XO.LD44..HH.2018.06.27.16.31.44,S,LD44,main,63.64,,ABSTAIN,26.3,no_pick,NOT_EVALUABLE,17.6,0.25,0.0001,,semifinal_v1.5.1,58011ddcaeaa2160bc51d32f50f956ca8ea552ed98363eaef11d301276495815
XO.LA39..HH.2018.06.27.21.35.03,P,LA39,main,45.0,,ABSTAIN,15.2,no_pick,NOT_EVALUABLE,4.8,0.0,0.0005,,semifinal_v1.5.1,58011ddcaeaa2160bc51d32f50f956ca8ea552ed98363eaef11d301276495815
XO.LD40..HH.2018.06.27.21.35.07,P,LD40,holdout,44.99,,ABSTAIN,21.3,no_pick,NOT_EVALUABLE,16.4,0.25,0.0005,,semifinal_v1.5.1,58011ddcaeaa2160bc51d32f50f956ca8ea552ed98363eaef11d301276495815
XO.LD40..HH.2018.06.27.21.35.07,S,LD40,holdout,68.36,,ABSTAIN,21.3,no_pick,NOT_EVALUABLE,16.4,0.25,0.0005,,semifinal_v1.5.1,58011ddcaeaa2160bc51d32f50f956ca8ea552ed98363eaef11d301276495815
XO.LD41..HH.2018.06.27.21.35.14,P,LD41,main,45.0,,ABSTAIN,26.3,no_pick,NOT_EVALUABLE,9.4,0.25,0.0005,,semifinal_v1.5.1,58011ddcaeaa2160bc51d32f50f956ca8ea552ed98363eaef11d301276495815
XO.LD41..HH.2018.06.27.21.35.14,S,LD41,main,72.64,,ABSTAIN,26.3,no_pick,NOT_EVALUABLE,9.4,0.25,0.0005,,semifinal_v1.5.1,58011ddcaeaa2160bc51d32f50f956ca8ea552ed98363eaef11d301276495815
XO.LT12..HH.2018.06.27.14.35.49,S,LT12,main,45.0,,ABSTAIN,23.3,no_pick,NOT_EVALUABLE,3.9,0.0,0.0187,,semifinal_v1.5.1,58011ddcaeaa2160bc51d32f50f956ca8ea552ed98363eaef11d301276495815
XO.LD40..HH.2018.06.27.19.46.48,S,LD40,main,44.99,,ABSTAIN,21.3,no_pick,NOT_EVALUABLE,10.2,0.25,0.0007,,semifinal_v1.5.1,58011ddcaeaa2160bc51d32f50f956ca8ea552ed98363eaef11d301276495815
XO.LT01..HH.2018.06.27.19.46.50,S,LT01,main,45.0,,ABSTAIN,52.0,no_pick,NOT_EVALUABLE,11.8,0.0,0.0016,,semifinal_v1.5.1,58011ddcaeaa2160bc51d32f50f956ca8ea552ed98363eaef11d301276495815
XO.LD40..HH.2018.06.29.00.59.59,P,LD40,main,44.99,,ABSTAIN,12.8,no_pick,NOT_EVALUABLE,13.6,0.25,0.0001,,semifinal_v1.5.1,58011ddcaeaa2160bc51d32f50f956ca8ea552ed98363eaef11d301276495815
XO.LD40..HH.2018.06.29.00.59.59,S,LD40,main,72.17,,ABSTAIN,26.3,no_pick,NOT_EVALUABLE,13.6,0.25,0.0001,,semifinal_v1.5.1,58011ddcaeaa2160bc51d32f50f956ca8ea552ed98363eaef11d301276495815
XO.LT01..HH.2018.06.29.02.22.56,P,LT01,holdout,45.0,,ABSTAIN,5.0,no_pick,NOT_EVALUABLE,11.3,0.0,0.0014,,semifinal_v1.5.1,58011ddcaeaa2160bc51d32f50f956ca8ea552ed98363eaef11d301276495815
XO.LT01..HH.2018.06.29.02.22.56,S,LT01,holdout,66.36,,ABSTAIN,5.0,no_pick,NOT_EVALUABLE,11.3,0.0,0.0014,,semifinal_v1.5.1,58011ddcaeaa2160bc51d32f50f956ca8ea552ed98363eaef11d301276495815
XO.LD41..HH.2018.06.29.21.37.47,P,LD41,main,45.0,,ABSTAIN,26.3,no_pick,NOT_EVALUABLE,13.5,0.25,0.0009,,semifinal_v1.5.1,58011ddcaeaa2160bc51d32f50f956ca8ea552ed98363eaef11d301276495815
XO.LD36..HH.2018.06.30.03.41.20,P,LD36,holdout,44.99,,ABSTAIN,21.3,no_pick,NOT_EVALUABLE,15.1,0.25,0.0019,,semifinal_v1.5.1,58011ddcaeaa2160bc51d32f50f956ca8ea552ed98363eaef11d301276495815
XO.LD36..HH.2018.06.30.03.41.20,S,LD36,holdout,57.82,,ABSTAIN,21.3,no_pick,NOT_EVALUABLE,15.1,0.25,0.0019,,semifinal_v1.5.1,58011ddcaeaa2160bc51d32f50f956ca8ea552ed98363eaef11d301276495815
XO.LT20..HH.2018.06.30.11.21.06,P,LT20,holdout,44.99,,ABSTAIN,21.3,no_pick,NOT_EVALUABLE,17.3,0.25,0.001,,semifinal_v1.5.1,58011ddcaeaa2160bc51d32f50f956ca8ea552ed98363eaef11d301276495815
XO.LT20..HH.2018.06.30.11.21.06,S,LT20,holdout,51.07,,ABSTAIN,21.3,no_pick,NOT_EVALUABLE,17.3,0.25,0.001,,semifinal_v1.5.1,58011ddcaeaa2160bc51d32f50f956ca8ea552ed98363eaef11d301276495815
XO.LD38..HH.2018.06.15.22.30.17,S,LD38,main,45.0,,ABSTAIN,21.3,no_pick,NOT_EVALUABLE,12.7,0.25,0.0002,,semifinal_v1.5.1,58011ddcaeaa2160bc51d32f50f956ca8ea552ed98363eaef11d301276495815
XO.LT04..HH.2018.06.19.13.54.29,P,LT04,main,44.99,44.485,FUSE,13.6,wrong,NOT_EVALUABLE,0.3,0.0,0.0004,,semifinal_v1.5.1,58011ddcaeaa2160bc51d32f50f956ca8ea552ed98363eaef11d301276495815
XO.LD41..HH.2018.06.23.15.10.44,P,LD41,main,45.0,,ABSTAIN,21.3,no_pick,NOT_EVALUABLE,12.0,0.25,0.0002,,semifinal_v1.5.1,58011ddcaeaa2160bc51d32f50f956ca8ea552ed98363eaef11d301276495815
XO.LD40..HH.2018.06.26.19.40.45,P,LD40,holdout,44.99,,ABSTAIN,21.3,no_pick,NOT_EVALUABLE,11.3,0.25,0.0008,,semifinal_v1.5.1,58011ddcaeaa2160bc51d32f50f956ca8ea552ed98363eaef11d301276495815
XO.LD40..HH.2018.06.26.19.40.45,S,LD40,holdout,68.58,,ABSTAIN,21.3,no_pick,NOT_EVALUABLE,11.3,0.25,0.0008,,semifinal_v1.5.1,58011ddcaeaa2160bc51d32f50f956ca8ea552ed98363eaef11d301276495815
XO.LT09..HH.2018.06.27.22.25.46,S,LT09,main,79.27,53.095,FUSE,17.3,wrong,NOT_EVALUABLE,9.2,0.0,0.0033,,semifinal_v1.5.1,58011ddcaeaa2160bc51d32f50f956ca8ea552ed98363eaef11d301276495815
XO.LT01..HH.2018.06.27.22.26.10,S,LT01,holdout,45.0,,ABSTAIN,52.0,no_pick,NOT_EVALUABLE,10.6,0.0,0.0014,,semifinal_v1.5.1,58011ddcaeaa2160bc51d32f50f956ca8ea552ed98363eaef11d301276495815
XO.LD38..HH.2018.06.28.19.05.54,P,LD38,main,45.0,,ABSTAIN,7.8,no_pick,NOT_EVALUABLE,12.8,0.25,0.0003,,semifinal_v1.5.1,58011ddcaeaa2160bc51d32f50f956ca8ea552ed98363eaef11d301276495815
XO.LD38..HH.2018.06.28.19.05.54,S,LD38,main,61.7,,ABSTAIN,21.3,no_pick,NOT_EVALUABLE,12.8,0.25,0.0003,,semifinal_v1.5.1,58011ddcaeaa2160bc51d32f50f956ca8ea552ed98363eaef11d301276495815
XO.LA39..HH.2018.06.01.05.03.57,P,LA39,main,45.0,,ABSTAIN,18.5,no_pick,NOT_EVALUABLE,8.9,0.0,0.0014,,semifinal_v1.5.1,58011ddcaeaa2160bc51d32f50f956ca8ea552ed98363eaef11d301276495815
XO.LD40..HH.2018.06.02.04.57.00,S,LD40,main,45.0,,ABSTAIN,31.3,no_pick,NOT_EVALUABLE,17.3,0.25,0.0007,,semifinal_v1.5.1,58011ddcaeaa2160bc51d32f50f956ca8ea552ed98363eaef11d301276495815
XO.LD40..HH.2018.06.02.15.42.51,S,LD40,main,45.0,,ABSTAIN,21.3,no_pick,NOT_EVALUABLE,13.1,0.25,0.0003,,semifinal_v1.5.1,58011ddcaeaa2160bc51d32f50f956ca8ea552ed98363eaef11d301276495815
XO.LT06..HH.2018.06.03.22.39.34,S,LT06,main,45.0,,ABSTAIN,9.3,no_pick,NOT_EVALUABLE,12.0,0.25,0.0039,E,semifinal_v1.5.1,58011ddcaeaa2160bc51d32f50f956ca8ea552ed98363eaef11d301276495815
XO.LT01..HH.2018.06.06.02.15.01,S,LT01,main,45.0,,ABSTAIN,52.0,no_pick,NOT_EVALUABLE,13.3,0.0,0.0024,,semifinal_v1.5.1,58011ddcaeaa2160bc51d32f50f956ca8ea552ed98363eaef11d301276495815
XO.LA39..HH.2018.06.08.06.22.04,S,LA39,main,62.47,63.54,FUSE,17.3,wrong,NOT_EVALUABLE,8.4,0.0,0.0011,,semifinal_v1.5.1,58011ddcaeaa2160bc51d32f50f956ca8ea552ed98363eaef11d301276495815
XO.LD40..HH.2018.06.10.05.24.39,S,LD40,holdout,44.99,,ABSTAIN,31.3,no_pick,NOT_EVALUABLE,11.9,0.25,0.0005,,semifinal_v1.5.1,58011ddcaeaa2160bc51d32f50f956ca8ea552ed98363eaef11d301276495815
XO.LT01..HH.2018.06.10.09.11.42,S,LT01,holdout,45.0,,ABSTAIN,42.0,no_pick,NOT_EVALUABLE,9.8,0.0,0.0023,,semifinal_v1.5.1,58011ddcaeaa2160bc51d32f50f956ca8ea552ed98363eaef11d301276495815
XO.LD40..HH.2018.06.05.03.55.20,S,LD40,main,45.33,,ABSTAIN,21.3,no_pick,NOT_EVALUABLE,12.8,0.25,0.0003,,semifinal_v1.5.1,58011ddcaeaa2160bc51d32f50f956ca8ea552ed98363eaef11d301276495815
XO.LA39..HH.2018.06.06.10.41.24,S,LA39,holdout,45.0,101.635,FUSE,23.3,wrong,NOT_EVALUABLE,7.4,0.0,0.001,,semifinal_v1.5.1,58011ddcaeaa2160bc51d32f50f956ca8ea552ed98363eaef11d301276495815
XO.LD40..HH.2018.06.06.13.51.38,S,LD40,main,45.0,,ABSTAIN,21.3,no_pick,NOT_EVALUABLE,10.5,0.25,0.0007,,semifinal_v1.5.1,58011ddcaeaa2160bc51d32f50f956ca8ea552ed98363eaef11d301276495815
XO.LD40..HH.2018.06.06.13.54.37,S,LD40,main,44.99,,ABSTAIN,21.3,no_pick,NOT_EVALUABLE,9.6,0.25,0.0006,,semifinal_v1.5.1,58011ddcaeaa2160bc51d32f50f956ca8ea552ed98363eaef11d301276495815
XO.LD45..HH.2018.06.16.10.24.25,P,LD45,main,44.99,,ABSTAIN,44.8,no_pick,NOT_EVALUABLE,10.7,0.25,0.0009,,semifinal_v1.5.1,58011ddcaeaa2160bc51d32f50f956ca8ea552ed98363eaef11d301276495815
XO.LD45..HH.2018.06.16.10.24.25,S,LD45,main,55.38,,ABSTAIN,21.3,no_pick,NOT_EVALUABLE,10.7,0.25,0.0009,,semifinal_v1.5.1,58011ddcaeaa2160bc51d32f50f956ca8ea552ed98363eaef11d301276495815
XO.LD40..HH.2018.06.17.05.47.57,S,LD40,main,45.0,,ABSTAIN,21.3,no_pick,NOT_EVALUABLE,15.0,0.25,0.0005,,semifinal_v1.5.1,58011ddcaeaa2160bc51d32f50f956ca8ea552ed98363eaef11d301276495815
XO.LD40..HH.2018.06.19.16.54.03,S,LD40,main,44.99,,ABSTAIN,26.3,no_pick,NOT_EVALUABLE,9.7,0.25,0.0007,,semifinal_v1.5.1,58011ddcaeaa2160bc51d32f50f956ca8ea552ed98363eaef11d301276495815
XO.LT01..HH.2018.06.20.09.27.13,P,LT01,main,44.99,,ABSTAIN,15.0,no_pick,NOT_EVALUABLE,11.7,0.0,0.0014,,semifinal_v1.5.1,58011ddcaeaa2160bc51d32f50f956ca8ea552ed98363eaef11d301276495815
XO.LD40..HH.2018.06.20.12.34.19,S,LD40,main,45.0,,ABSTAIN,26.3,no_pick,NOT_EVALUABLE,10.6,0.25,0.0007,,semifinal_v1.5.1,58011ddcaeaa2160bc51d32f50f956ca8ea552ed98363eaef11d301276495815
XO.LT01..HH.2018.06.15.09.47.11,P,LT01,main,45.0,,ABSTAIN,37.0,no_pick,NOT_EVALUABLE,8.9,0.0,0.0031,,semifinal_v1.5.1,58011ddcaeaa2160bc51d32f50f956ca8ea552ed98363eaef11d301276495815
XO.LA39..HH.2018.06.15.09.47.18,P,LA39,main,45.0,,ABSTAIN,11.0,no_pick,NOT_EVALUABLE,4.8,0.0,0.0008,,semifinal_v1.5.1,58011ddcaeaa2160bc51d32f50f956ca8ea552ed98363eaef11d301276495815
XO.LD41..HH.2018.06.15.09.47.29,P,LD41,main,44.99,,ABSTAIN,26.3,no_pick,NOT_EVALUABLE,10.5,0.25,0.0002,,semifinal_v1.5.1,58011ddcaeaa2160bc51d32f50f956ca8ea552ed98363eaef11d301276495815
XO.LD44..HH.2018.06.22.16.31.39,S,LD44,main,44.99,,ABSTAIN,21.3,no_pick,NOT_EVALUABLE,14.8,0.25,0.0001,,semifinal_v1.5.1,58011ddcaeaa2160bc51d32f50f956ca8ea552ed98363eaef11d301276495815
XO.LD38..HH.2018.06.23.03.56.47,P,LD38,main,45.0,,ABSTAIN,26.3,no_pick,NOT_EVALUABLE,13.1,0.25,0.0027,,semifinal_v1.5.1,58011ddcaeaa2160bc51d32f50f956ca8ea552ed98363eaef11d301276495815
XO.LD41..HH.2018.06.24.13.36.09,P,LD41,holdout,44.99,,ABSTAIN,26.3,no_pick,NOT_EVALUABLE,12.3,0.25,0.0006,,semifinal_v1.5.1,58011ddcaeaa2160bc51d32f50f956ca8ea552ed98363eaef11d301276495815
XO.LA21..HH.2018.06.25.11.14.34,S,LA21,main,58.84,,ABSTAIN,42.3,no_pick,NOT_EVALUABLE,7.8,0.25,0.0001,E,semifinal_v1.5.1,58011ddcaeaa2160bc51d32f50f956ca8ea552ed98363eaef11d301276495815
XO.LD40..HH.2018.06.25.11.14.59,S,LD40,main,44.99,,ABSTAIN,21.3,no_pick,NOT_EVALUABLE,15.0,0.25,0.0008,,semifinal_v1.5.1,58011ddcaeaa2160bc51d32f50f956ca8ea552ed98363eaef11d301276495815
XO.LT09..HH.2018.06.25.11.15.04,S,LT09,main,45.0,,ABSTAIN,38.5,no_pick,NOT_EVALUABLE,10.7,0.0,0.0016,,semifinal_v1.5.1,58011ddcaeaa2160bc51d32f50f956ca8ea552ed98363eaef11d301276495815
XO.LA21..HH.2018.06.27.13.14.06,S,LA21,main,55.1,,ABSTAIN,47.3,no_pick,NOT_EVALUABLE,7.8,0.25,0.0004,E,semifinal_v1.5.1,58011ddcaeaa2160bc51d32f50f956ca8ea552ed98363eaef11d301276495815
XO.LD40..HH.2018.06.27.13.14.18,P,LD40,main,45.0,,ABSTAIN,26.3,no_pick,NOT_EVALUABLE,9.8,0.25,0.0007,,semifinal_v1.5.1,58011ddcaeaa2160bc51d32f50f956ca8ea552ed98363eaef11d301276495815
XO.LD41..HH.2018.06.28.02.12.16,P,LD41,holdout,44.99,,ABSTAIN,26.3,no_pick,NOT_EVALUABLE,10.3,0.25,0.0005,,semifinal_v1.5.1,58011ddcaeaa2160bc51d32f50f956ca8ea552ed98363eaef11d301276495815
XO.LD41..HH.2018.06.28.02.12.16,S,LD41,holdout,72.83,,ABSTAIN,26.3,no_pick,NOT_EVALUABLE,10.3,0.25,0.0005,,semifinal_v1.5.1,58011ddcaeaa2160bc51d32f50f956ca8ea552ed98363eaef11d301276495815
XO.LD38..HH.2018.06.28.02.12.16,S,LD38,main,45.0,,ABSTAIN,21.3,no_pick,NOT_EVALUABLE,13.2,0.25,0.0003,,semifinal_v1.5.1,58011ddcaeaa2160bc51d32f50f956ca8ea552ed98363eaef11d301276495815
XO.LT01..HH.2018.06.28.16.18.09,S,LT01,main,44.99,,ABSTAIN,53.0,no_pick,NOT_EVALUABLE,4.9,0.0,0.0027,,semifinal_v1.5.1,58011ddcaeaa2160bc51d32f50f956ca8ea552ed98363eaef11d301276495815
XO.LT06..HH.2018.06.28.23.10.28,P,LT06,main,44.99,,ABSTAIN,22.8,no_pick,NOT_EVALUABLE,15.0,0.25,0.0039,E,semifinal_v1.5.1,58011ddcaeaa2160bc51d32f50f956ca8ea552ed98363eaef11d301276495815
XO.LD40..HH.2018.06.29.02.18.17,P,LD40,main,44.99,,ABSTAIN,21.3,no_pick,NOT_EVALUABLE,14.9,0.25,0.0005,,semifinal_v1.5.1,58011ddcaeaa2160bc51d32f50f956ca8ea552ed98363eaef11d301276495815
XO.LD40..HH.2018.06.29.02.18.17,S,LD40,main,65.92,,ABSTAIN,21.3,no_pick,NOT_EVALUABLE,14.9,0.25,0.0005,,semifinal_v1.5.1,58011ddcaeaa2160bc51d32f50f956ca8ea552ed98363eaef11d301276495815
XO.LD40..HH.2018.06.30.20.21.29,S,LD40,main,45.0,,ABSTAIN,21.3,no_pick,NOT_EVALUABLE,12.8,0.25,0.0007,,semifinal_v1.5.1,58011ddcaeaa2160bc51d32f50f956ca8ea552ed98363eaef11d301276495815
XO.LA39..HH.2018.07.01.04.04.30,P,LA39,main,45.0,,ABSTAIN,5.0,no_pick,NOT_EVALUABLE,10.5,0.0,0.0001,,semifinal_v1.5.1,58011ddcaeaa2160bc51d32f50f956ca8ea552ed98363eaef11d301276495815
XO.LA25..HH.2018.07.01.19.54.40,P,LA25,main,44.99,,ABSTAIN,14.3,no_pick,NOT_EVALUABLE,25.3,0.25,0.0002,E,semifinal_v1.5.1,58011ddcaeaa2160bc51d32f50f956ca8ea552ed98363eaef11d301276495815
XO.LA25..HH.2018.07.01.19.54.40,S,LA25,main,70.2,,ABSTAIN,46.3,no_pick,NOT_EVALUABLE,25.3,0.25,0.0002,E,semifinal_v1.5.1,58011ddcaeaa2160bc51d32f50f956ca8ea552ed98363eaef11d301276495815
XO.LT01..HH.2018.07.02.14.22.32,P,LT01,main,45.0,,ABSTAIN,23.5,no_pick,NOT_EVALUABLE,8.9,0.0,0.0025,,semifinal_v1.5.1,58011ddcaeaa2160bc51d32f50f956ca8ea552ed98363eaef11d301276495815
XO.LT01..HH.2018.07.02.14.22.32,S,LT01,main,63.22,,ABSTAIN,42.0,no_pick,NOT_EVALUABLE,8.9,0.0,0.0025,,semifinal_v1.5.1,58011ddcaeaa2160bc51d32f50f956ca8ea552ed98363eaef11d301276495815
XO.LD41..HH.2018.07.02.14.22.35,P,LD41,main,45.0,,ABSTAIN,26.3,no_pick,NOT_EVALUABLE,12.3,0.25,0.0001,,semifinal_v1.5.1,58011ddcaeaa2160bc51d32f50f956ca8ea552ed98363eaef11d301276495815
XO.LD41..HH.2018.07.02.14.22.35,S,LD41,main,64.55,,ABSTAIN,26.3,no_pick,NOT_EVALUABLE,12.3,0.25,0.0001,,semifinal_v1.5.1,58011ddcaeaa2160bc51d32f50f956ca8ea552ed98363eaef11d301276495815
XO.LD40..HH.2018.07.02.14.22.26,P,LD40,main,45.0,,ABSTAIN,26.3,no_pick,NOT_EVALUABLE,11.2,0.25,0.0001,,semifinal_v1.5.1,58011ddcaeaa2160bc51d32f50f956ca8ea552ed98363eaef11d301276495815
XO.LD40..HH.2018.07.02.14.22.26,S,LD40,main,60.89,,ABSTAIN,26.3,no_pick,NOT_EVALUABLE,11.2,0.25,0.0001,,semifinal_v1.5.1,58011ddcaeaa2160bc51d32f50f956ca8ea552ed98363eaef11d301276495815
XO.LT01..HH.2018.07.02.00.06.04,S,LT01,holdout,44.99,,ABSTAIN,16.0,no_pick,NOT_EVALUABLE,6.6,0.0,0.0021,,semifinal_v1.5.1,58011ddcaeaa2160bc51d32f50f956ca8ea552ed98363eaef11d301276495815
XO.LA39..HH.2018.07.03.01.45.18,P,LA39,main,45.0,,ABSTAIN,5.0,no_pick,NOT_EVALUABLE,9.7,0.0,0.0001,,semifinal_v1.5.1,58011ddcaeaa2160bc51d32f50f956ca8ea552ed98363eaef11d301276495815
XO.LT01..HH.2018.07.03.07.07.13,P,LT01,main,44.99,,ABSTAIN,32.3,no_pick,NOT_EVALUABLE,13.2,0.0,0.001,,semifinal_v1.5.1,58011ddcaeaa2160bc51d32f50f956ca8ea552ed98363eaef11d301276495815
XO.LD36..HH.2018.07.03.07.07.02,P,LD36,main,44.99,,ABSTAIN,12.8,no_pick,NOT_EVALUABLE,24.8,0.25,0.0005,,semifinal_v1.5.1,58011ddcaeaa2160bc51d32f50f956ca8ea552ed98363eaef11d301276495815
XO.LT13..HH.2018.07.03.07.11.22,P,LT13,main,45.0,,ABSTAIN,29.8,no_pick,NOT_EVALUABLE,0.8,0.0,0.0007,,semifinal_v1.5.1,58011ddcaeaa2160bc51d32f50f956ca8ea552ed98363eaef11d301276495815
XO.LD40..HH.2018.07.03.07.23.47,P,LD40,main,44.99,,ABSTAIN,21.3,no_pick,NOT_EVALUABLE,18.2,0.25,0.0001,,semifinal_v1.5.1,58011ddcaeaa2160bc51d32f50f956ca8ea552ed98363eaef11d301276495815
XO.LD40..HH.2018.07.03.07.23.47,S,LD40,main,66.4,,ABSTAIN,21.3,no_pick,NOT_EVALUABLE,18.2,0.25,0.0001,,semifinal_v1.5.1,58011ddcaeaa2160bc51d32f50f956ca8ea552ed98363eaef11d301276495815
XO.LD36..HH.2018.07.03.08.46.32,P,LD36,main,44.99,,ABSTAIN,21.3,no_pick,NOT_EVALUABLE,15.3,0.25,0.0033,,semifinal_v1.5.1,58011ddcaeaa2160bc51d32f50f956ca8ea552ed98363eaef11d301276495815
XO.LT06..HH.2018.07.03.08.46.40,S,LT06,main,44.99,,ABSTAIN,9.3,no_pick,NOT_EVALUABLE,14.5,0.25,0.0027,E,semifinal_v1.5.1,58011ddcaeaa2160bc51d32f50f956ca8ea552ed98363eaef11d301276495815
XO.LT04..HH.2018.07.03.09.05.05,P,LT04,holdout,45.0,,ABSTAIN,11.0,no_pick,NOT_EVALUABLE,3.5,0.0,0.0007,,semifinal_v1.5.1,58011ddcaeaa2160bc51d32f50f956ca8ea552ed98363eaef11d301276495815
XO.LT14..HH.2018.07.03.11.25.10,S,LT14,main,65.06,,ABSTAIN,22.8,no_pick,NOT_EVALUABLE,15.4,0.25,0.0029,E,semifinal_v1.5.1,58011ddcaeaa2160bc51d32f50f956ca8ea552ed98363eaef11d301276495815
XO.LA21..HH.2018.07.03.19.18.22,S,LA21,main,53.35,51.64,FUSE,4.3,wrong,NOT_EVALUABLE,19.5,0.25,0.0001,E,semifinal_v1.5.1,58011ddcaeaa2160bc51d32f50f956ca8ea552ed98363eaef11d301276495815
XO.LD36..HH.2018.07.03.19.18.32,P,LD36,main,45.0,,ABSTAIN,7.8,no_pick,NOT_EVALUABLE,17.6,0.25,0.0001,,semifinal_v1.5.1,58011ddcaeaa2160bc51d32f50f956ca8ea552ed98363eaef11d301276495815
XO.LD36..HH.2018.07.03.19.18.32,S,LD36,main,61.3,,ABSTAIN,21.3,no_pick,NOT_EVALUABLE,17.6,0.25,0.0001,,semifinal_v1.5.1,58011ddcaeaa2160bc51d32f50f956ca8ea552ed98363eaef11d301276495815
XO.LD38..HH.2018.07.03.19.18.32,P,LD38,main,45.0,,ABSTAIN,7.8,no_pick,NOT_EVALUABLE,14.6,0.25,0.0001,,semifinal_v1.5.1,58011ddcaeaa2160bc51d32f50f956ca8ea552ed98363eaef11d301276495815
XO.LD38..HH.2018.07.03.19.18.32,S,LD38,main,61.77,,ABSTAIN,21.3,no_pick,NOT_EVALUABLE,14.6,0.25,0.0001,,semifinal_v1.5.1,58011ddcaeaa2160bc51d32f50f956ca8ea552ed98363eaef11d301276495815
XO.LT14..HH.2018.07.03.19.18.51,S,LT14,main,75.91,,ABSTAIN,22.8,no_pick,NOT_EVALUABLE,12.9,0.25,0.002,E,semifinal_v1.5.1,58011ddcaeaa2160bc51d32f50f956ca8ea552ed98363eaef11d301276495815
XO.LT16..HH.2018.07.03.07.21.29,P,LT16,main,45.0,,ABSTAIN,39.3,no_pick,NOT_EVALUABLE,23.9,0.75,0.0007,N|E,semifinal_v1.5.1,58011ddcaeaa2160bc51d32f50f956ca8ea552ed98363eaef11d301276495815
XO.LT14..HH.2018.07.03.10.14.00,P,LT14,holdout,44.99,45.675,FUSE,24.3,wrong,NOT_EVALUABLE,10.3,0.25,0.0032,E,semifinal_v1.5.1,58011ddcaeaa2160bc51d32f50f956ca8ea552ed98363eaef11d301276495815
XO.LT07..HH.2018.07.03.13.10.52,S,LT07,holdout,67.46,69.15,FUSE,0.0,wrong,NOT_EVALUABLE,10.8,0.0,0.0009,,semifinal_v1.5.1,58011ddcaeaa2160bc51d32f50f956ca8ea552ed98363eaef11d301276495815
XO.LD36..HH.2018.07.03.13.11.07,P,LD36,main,44.99,,ABSTAIN,22.8,no_pick,NOT_EVALUABLE,15.8,0.25,0.0005,,semifinal_v1.5.1,58011ddcaeaa2160bc51d32f50f956ca8ea552ed98363eaef11d301276495815
XO.LD36..HH.2018.07.03.13.11.07,S,LD36,main,78.51,,ABSTAIN,36.3,no_pick,NOT_EVALUABLE,15.8,0.25,0.0005,,semifinal_v1.5.1,58011ddcaeaa2160bc51d32f50f956ca8ea552ed98363eaef11d301276495815
XO.LT10..HH.2018.07.03.13.15.39,S,LT10,main,44.99,,ABSTAIN,6.0,no_pick,NOT_EVALUABLE,6.3,0.0,0.0011,,semifinal_v1.5.1,58011ddcaeaa2160bc51d32f50f956ca8ea552ed98363eaef11d301276495815
XO.LT10..HH.2018.07.03.12.56.42,P,LT10,holdout,45.0,44.44,FUSE,13.3,wrong,NOT_EVALUABLE,5.4,0.0,0.0008,,semifinal_v1.5.1,58011ddcaeaa2160bc51d32f50f956ca8ea552ed98363eaef11d301276495815
XO.LT06..HH.2018.07.04.05.55.42,S,LT06,main,44.99,,ROUTE,37.8,no_pick,NOT_EVALUABLE,12.3,0.25,0.0002,E,semifinal_v1.5.1,58011ddcaeaa2160bc51d32f50f956ca8ea552ed98363eaef11d301276495815
XO.LT20..HH.2018.07.05.04.59.34,S,LT20,main,44.99,,ABSTAIN,31.3,no_pick,NOT_EVALUABLE,13.9,0.25,0.0017,,semifinal_v1.5.1,58011ddcaeaa2160bc51d32f50f956ca8ea552ed98363eaef11d301276495815
XO.LD44..HH.2018.07.05.17.41.40,P,LD44,main,44.99,,ABSTAIN,21.3,no_pick,NOT_EVALUABLE,11.5,0.25,0.0001,,semifinal_v1.5.1,58011ddcaeaa2160bc51d32f50f956ca8ea552ed98363eaef11d301276495815
XO.LD44..HH.2018.07.05.17.41.40,S,LD44,main,63.66,,ABSTAIN,21.3,no_pick,NOT_EVALUABLE,11.5,0.25,0.0001,,semifinal_v1.5.1,58011ddcaeaa2160bc51d32f50f956ca8ea552ed98363eaef11d301276495815
XO.LD44..HH.2018.07.05.18.27.29,S,LD44,main,44.99,,ABSTAIN,21.3,no_pick,NOT_EVALUABLE,14.5,0.25,0.0001,,semifinal_v1.5.1,58011ddcaeaa2160bc51d32f50f956ca8ea552ed98363eaef11d301276495815
XO.LD40..HH.2018.07.06.21.48.29,S,LD40,holdout,44.99,,ABSTAIN,26.3,no_pick,NOT_EVALUABLE,10.4,0.25,0.0004,,semifinal_v1.5.1,58011ddcaeaa2160bc51d32f50f956ca8ea552ed98363eaef11d301276495815
XO.LT13..HH.2018.07.07.20.45.50,S,LT13,main,62.23,,ABSTAIN,43.3,no_pick,NOT_EVALUABLE,-0.3,0.0,0.0001,,semifinal_v1.5.1,58011ddcaeaa2160bc51d32f50f956ca8ea552ed98363eaef11d301276495815
XO.LD40..HH.2018.07.08.11.02.55,P,LD40,main,44.99,,ABSTAIN,21.3,no_pick,NOT_EVALUABLE,13.0,0.25,0.0001,,semifinal_v1.5.1,58011ddcaeaa2160bc51d32f50f956ca8ea552ed98363eaef11d301276495815
XO.LD40..HH.2018.07.08.11.02.55,S,LD40,main,63.36,,ABSTAIN,21.3,no_pick,NOT_EVALUABLE,13.0,0.25,0.0001,,semifinal_v1.5.1,58011ddcaeaa2160bc51d32f50f956ca8ea552ed98363eaef11d301276495815
XO.LT04..HH.2018.07.08.03.13.53,P,LT04,main,44.99,,ABSTAIN,19.5,no_pick,NOT_EVALUABLE,6.5,0.0,0.0005,,semifinal_v1.5.1,58011ddcaeaa2160bc51d32f50f956ca8ea552ed98363eaef11d301276495815
XO.LD41..HH.2018.07.08.05.42.20,P,LD41,holdout,44.99,,ABSTAIN,26.3,no_pick,NOT_EVALUABLE,11.1,0.25,0.0001,,semifinal_v1.5.1,58011ddcaeaa2160bc51d32f50f956ca8ea552ed98363eaef11d301276495815
XO.LD41..HH.2018.07.08.05.42.20,S,LD41,holdout,62.09,,ABSTAIN,26.3,no_pick,NOT_EVALUABLE,11.1,0.25,0.0001,,semifinal_v1.5.1,58011ddcaeaa2160bc51d32f50f956ca8ea552ed98363eaef11d301276495815
XO.LA26..HH.2018.07.08.15.13.51,P,LA26,main,45.0,,ABSTAIN,5.0,no_pick,NOT_EVALUABLE,17.4,0.0,0.0114,,semifinal_v1.5.1,58011ddcaeaa2160bc51d32f50f956ca8ea552ed98363eaef11d301276495815
XO.LA21..HH.2018.07.08.15.13.59,S,LA21,holdout,58.88,,ABSTAIN,22.8,no_pick,NOT_EVALUABLE,8.7,0.25,0.0001,E,semifinal_v1.5.1,58011ddcaeaa2160bc51d32f50f956ca8ea552ed98363eaef11d301276495815
XO.LD44..HH.2018.07.08.15.14.06,P,LD44,main,45.0,,ABSTAIN,7.8,no_pick,NOT_EVALUABLE,14.5,0.25,0.0001,,semifinal_v1.5.1,58011ddcaeaa2160bc51d32f50f956ca8ea552ed98363eaef11d301276495815
XO.LD44..HH.2018.07.08.15.14.06,S,LD44,main,63.0,,ABSTAIN,21.3,no_pick,NOT_EVALUABLE,14.5,0.25,0.0001,,semifinal_v1.5.1,58011ddcaeaa2160bc51d32f50f956ca8ea552ed98363eaef11d301276495815
XO.LT01..HH.2018.07.09.17.48.38,P,LT01,holdout,45.0,,ABSTAIN,24.5,no_pick,NOT_EVALUABLE,7.8,0.0,0.0015,,semifinal_v1.5.1,58011ddcaeaa2160bc51d32f50f956ca8ea552ed98363eaef11d301276495815
XO.LA39..HH.2018.07.09.17.48.29,P,LA39,holdout,44.99,,ABSTAIN,6.0,no_pick,NOT_EVALUABLE,6.4,0.0,0.0001,,semifinal_v1.5.1,58011ddcaeaa2160bc51d32f50f956ca8ea552ed98363eaef11d301276495815
XO.LT04..HH.2018.07.09.20.54.09,P,LT04,main,44.99,,ABSTAIN,38.0,no_pick,NOT_EVALUABLE,4.2,0.0,0.0007,,semifinal_v1.5.1,58011ddcaeaa2160bc51d32f50f956ca8ea552ed98363eaef11d301276495815
XO.LD40..HH.2018.07.10.18.19.05,S,LD40,main,45.0,,ABSTAIN,26.3,no_pick,NOT_EVALUABLE,10.2,0.25,0.0007,,semifinal_v1.5.1,58011ddcaeaa2160bc51d32f50f956ca8ea552ed98363eaef11d301276495815
XO.LA39..HH.2018.07.10.21.15.46,P,LA39,main,44.99,,ABSTAIN,19.5,no_pick,NOT_EVALUABLE,5.2,0.0,0.0003,,semifinal_v1.5.1,58011ddcaeaa2160bc51d32f50f956ca8ea552ed98363eaef11d301276495815
XO.LA39..HH.2018.07.10.21.15.46,S,LA39,main,59.39,,ABSTAIN,18.3,no_pick,NOT_EVALUABLE,5.2,0.0,0.0003,,semifinal_v1.5.1,58011ddcaeaa2160bc51d32f50f956ca8ea552ed98363eaef11d301276495815
XO.LD40..HH.2018.07.10.21.16.19,S,LD40,main,45.0,,ABSTAIN,21.3,no_pick,NOT_EVALUABLE,12.1,0.25,0.0005,,semifinal_v1.5.1,58011ddcaeaa2160bc51d32f50f956ca8ea552ed98363eaef11d301276495815
XO.LT14..HH.2018.07.11.10.03.31,P,LT14,main,44.99,,ABSTAIN,32.8,no_pick,NOT_EVALUABLE,10.1,0.25,0.0031,E,semifinal_v1.5.1,58011ddcaeaa2160bc51d32f50f956ca8ea552ed98363eaef11d301276495815
XO.LD41..HH.2018.07.11.17.45.47,P,LD41,main,45.0,,ABSTAIN,31.3,no_pick,NOT_EVALUABLE,9.7,0.25,0.0005,,semifinal_v1.5.1,58011ddcaeaa2160bc51d32f50f956ca8ea552ed98363eaef11d301276495815
XO.LD41..HH.2018.07.11.17.45.47,S,LD41,main,70.54,,ABSTAIN,31.3,no_pick,NOT_EVALUABLE,9.7,0.25,0.0005,,semifinal_v1.5.1,58011ddcaeaa2160bc51d32f50f956ca8ea552ed98363eaef11d301276495815
XO.LT06..HH.2018.07.11.19.58.12,P,LT06,main,45.0,,ABSTAIN,27.8,no_pick,NOT_EVALUABLE,15.7,0.25,0.0019,E,semifinal_v1.5.1,58011ddcaeaa2160bc51d32f50f956ca8ea552ed98363eaef11d301276495815
XO.LT20..HH.2018.07.11.07.48.46,S,LT20,main,44.99,,ABSTAIN,36.3,no_pick,NOT_EVALUABLE,19.3,0.25,0.0011,,semifinal_v1.5.1,58011ddcaeaa2160bc51d32f50f956ca8ea552ed98363eaef11d301276495815
XO.LD44..HH.2018.07.11.07.48.16,P,LD44,main,44.99,,ABSTAIN,26.3,no_pick,NOT_EVALUABLE,9.8,0.25,0.0001,,semifinal_v1.5.1,58011ddcaeaa2160bc51d32f50f956ca8ea552ed98363eaef11d301276495815
XO.LD44..HH.2018.07.11.07.48.16,S,LD44,main,60.27,,ABSTAIN,26.3,no_pick,NOT_EVALUABLE,9.8,0.25,0.0001,,semifinal_v1.5.1,58011ddcaeaa2160bc51d32f50f956ca8ea552ed98363eaef11d301276495815
XO.LD41..HH.2018.07.11.17.47.02,P,LD41,main,45.0,,ABSTAIN,21.3,no_pick,NOT_EVALUABLE,10.5,0.25,0.0001,,semifinal_v1.5.1,58011ddcaeaa2160bc51d32f50f956ca8ea552ed98363eaef11d301276495815
XO.LD41..HH.2018.07.11.17.47.02,S,LD41,main,71.53,,ABSTAIN,21.3,no_pick,NOT_EVALUABLE,10.5,0.25,0.0001,,semifinal_v1.5.1,58011ddcaeaa2160bc51d32f50f956ca8ea552ed98363eaef11d301276495815
XO.LD41..HH.2018.07.12.00.45.58,P,LD41,holdout,45.0,,ABSTAIN,7.8,no_pick,NOT_EVALUABLE,11.5,0.25,0.0009,,semifinal_v1.5.1,58011ddcaeaa2160bc51d32f50f956ca8ea552ed98363eaef11d301276495815
XO.LD41..HH.2018.07.12.00.45.58,S,LD41,holdout,69.43,,ABSTAIN,21.3,no_pick,NOT_EVALUABLE,11.5,0.25,0.0009,,semifinal_v1.5.1,58011ddcaeaa2160bc51d32f50f956ca8ea552ed98363eaef11d301276495815
XO.LT04..HH.2018.07.12.02.05.29,S,LT04,main,76.12,,ABSTAIN,43.0,no_pick,NOT_EVALUABLE,4.4,0.0,0.0003,,semifinal_v1.5.1,58011ddcaeaa2160bc51d32f50f956ca8ea552ed98363eaef11d301276495815
XO.LD38..HH.2018.07.12.02.05.23,S,LD38,main,45.0,,ABSTAIN,21.3,no_pick,NOT_EVALUABLE,13.2,0.25,0.0025,,semifinal_v1.5.1,58011ddcaeaa2160bc51d32f50f956ca8ea552ed98363eaef11d301276495815
XO.LD41..HH.2018.07.12.02.57.39,P,LD41,holdout,45.0,,ABSTAIN,12.8,no_pick,NOT_EVALUABLE,17.0,0.25,0.0001,,semifinal_v1.5.1,58011ddcaeaa2160bc51d32f50f956ca8ea552ed98363eaef11d301276495815
XO.LD41..HH.2018.07.12.08.20.27,P,LD41,main,44.99,,ABSTAIN,26.3,no_pick,NOT_EVALUABLE,12.0,0.25,0.0002,,semifinal_v1.5.1,58011ddcaeaa2160bc51d32f50f956ca8ea552ed98363eaef11d301276495815
XO.LD41..HH.2018.07.12.08.20.27,S,LD41,main,60.18,,ABSTAIN,26.3,no_pick,NOT_EVALUABLE,12.0,0.25,0.0002,,semifinal_v1.5.1,58011ddcaeaa2160bc51d32f50f956ca8ea552ed98363eaef11d301276495815
XO.LA39..HH.2018.07.12.08.20.45,S,LA39,main,45.0,,ABSTAIN,10.0,no_pick,NOT_EVALUABLE,9.0,0.0,0.0012,,semifinal_v1.5.1,58011ddcaeaa2160bc51d32f50f956ca8ea552ed98363eaef11d301276495815
XO.LT07..HH.2018.07.12.21.03.00,P,LT07,main,45.0,,ABSTAIN,47.0,no_pick,NOT_EVALUABLE,11.0,0.0,0.0013,,semifinal_v1.5.1,58011ddcaeaa2160bc51d32f50f956ca8ea552ed98363eaef11d301276495815
XO.LT12..HH.2018.07.12.21.03.12,S,LT12,main,70.49,,ABSTAIN,5.0,no_pick,NOT_EVALUABLE,15.7,0.0,0.0171,,semifinal_v1.5.1,58011ddcaeaa2160bc51d32f50f956ca8ea552ed98363eaef11d301276495815
XO.LD40..HH.2018.07.12.00.37.42,S,LD40,main,45.0,,ABSTAIN,21.3,no_pick,NOT_EVALUABLE,15.6,0.25,0.0005,,semifinal_v1.5.1,58011ddcaeaa2160bc51d32f50f956ca8ea552ed98363eaef11d301276495815
XO.LT01..HH.2018.07.12.00.47.49,S,LT01,main,44.99,,ABSTAIN,6.0,no_pick,NOT_EVALUABLE,5.1,0.0,0.0039,,semifinal_v1.5.1,58011ddcaeaa2160bc51d32f50f956ca8ea552ed98363eaef11d301276495815
XO.LD41..HH.2018.07.12.00.47.35,P,LD41,holdout,44.99,,ABSTAIN,26.3,no_pick,NOT_EVALUABLE,11.4,0.25,0.0001,,semifinal_v1.5.1,58011ddcaeaa2160bc51d32f50f956ca8ea552ed98363eaef11d301276495815
XO.LD41..HH.2018.07.12.00.47.35,S,LD41,holdout,69.22,,ABSTAIN,26.3,no_pick,NOT_EVALUABLE,11.4,0.25,0.0001,,semifinal_v1.5.1,58011ddcaeaa2160bc51d32f50f956ca8ea552ed98363eaef11d301276495815
XO.LD41..HH.2018.07.12.01.45.08,P,LD41,main,45.0,,ABSTAIN,21.3,no_pick,NOT_EVALUABLE,11.4,0.25,0.0004,,semifinal_v1.5.1,58011ddcaeaa2160bc51d32f50f956ca8ea552ed98363eaef11d301276495815
XO.LT01..HH.2018.07.12.06.43.21,S,LT01,main,44.99,,ABSTAIN,27.3,no_pick,NOT_EVALUABLE,11.0,0.0,0.0021,,semifinal_v1.5.1,58011ddcaeaa2160bc51d32f50f956ca8ea552ed98363eaef11d301276495815
XO.LD40..HH.2018.07.12.07.07.16,S,LD40,main,44.99,,ABSTAIN,31.3,no_pick,NOT_EVALUABLE,11.1,0.25,0.0001,,semifinal_v1.5.1,58011ddcaeaa2160bc51d32f50f956ca8ea552ed98363eaef11d301276495815
XO.LT04..HH.2018.07.12.08.32.02,S,LT04,main,44.99,142.61,FUSE,17.3,wrong,NOT_EVALUABLE,12.4,0.0,0.001,,semifinal_v1.5.1,58011ddcaeaa2160bc51d32f50f956ca8ea552ed98363eaef11d301276495815
XO.LT01..HH.2018.07.12.09.38.55,S,LT01,main,44.99,,ABSTAIN,47.0,no_pick,NOT_EVALUABLE,13.7,0.0,0.0016,,semifinal_v1.5.1,58011ddcaeaa2160bc51d32f50f956ca8ea552ed98363eaef11d301276495815
XO.LT01..HH.2018.07.13.10.08.23,S,LT01,main,45.0,,ABSTAIN,5.0,no_pick,NOT_EVALUABLE,12.8,0.0,0.0021,,semifinal_v1.5.1,58011ddcaeaa2160bc51d32f50f956ca8ea552ed98363eaef11d301276495815
XO.LA39..HH.2018.07.13.21.32.30,P,LA39,main,45.0,,ABSTAIN,5.0,no_pick,NOT_EVALUABLE,34.4,0.0,0.0002,,semifinal_v1.5.1,58011ddcaeaa2160bc51d32f50f956ca8ea552ed98363eaef11d301276495815
XO.LD41..HH.2018.07.13.21.32.49,S,LD41,main,74.58,,ABSTAIN,26.3,no_pick,NOT_EVALUABLE,20.4,0.25,0.0001,,semifinal_v1.5.1,58011ddcaeaa2160bc51d32f50f956ca8ea552ed98363eaef11d301276495815
XO.LD41..HH.2018.07.13.22.30.43,P,LD41,main,44.99,,ABSTAIN,12.8,no_pick,NOT_EVALUABLE,9.8,0.25,0.0003,,semifinal_v1.5.1,58011ddcaeaa2160bc51d32f50f956ca8ea552ed98363eaef11d301276495815
XO.LD41..HH.2018.07.13.22.30.43,S,LD41,main,75.26,,ABSTAIN,26.3,no_pick,NOT_EVALUABLE,9.8,0.25,0.0003,,semifinal_v1.5.1,58011ddcaeaa2160bc51d32f50f956ca8ea552ed98363eaef11d301276495815
XO.WD46..HH.2018.07.13.22.30.13,P,WD46,main,45.0,,ABSTAIN,32.3,no_pick,NOT_EVALUABLE,5.2,0.25,0.0001,,semifinal_v1.5.1,58011ddcaeaa2160bc51d32f50f956ca8ea552ed98363eaef11d301276495815
XO.LD40..HH.2018.07.14.15.38.46,P,LD40,holdout,44.99,,ABSTAIN,21.3,no_pick,NOT_EVALUABLE,10.9,0.25,0.0006,,semifinal_v1.5.1,58011ddcaeaa2160bc51d32f50f956ca8ea552ed98363eaef11d301276495815
XO.LD40..HH.2018.07.14.15.38.46,S,LD40,holdout,66.45,,ABSTAIN,21.3,no_pick,NOT_EVALUABLE,10.9,0.25,0.0006,,semifinal_v1.5.1,58011ddcaeaa2160bc51d32f50f956ca8ea552ed98363eaef11d301276495815
XO.LD40..HH.2018.07.14.19.27.17,S,LD40,main,45.0,,ABSTAIN,21.3,no_pick,NOT_EVALUABLE,12.3,0.25,0.0003,,semifinal_v1.5.1,58011ddcaeaa2160bc51d32f50f956ca8ea552ed98363eaef11d301276495815
XO.LD41..HH.2018.07.14.19.27.36,S,LD41,main,44.99,,ABSTAIN,21.3,no_pick,NOT_EVALUABLE,9.5,0.25,0.0003,,semifinal_v1.5.1,58011ddcaeaa2160bc51d32f50f956ca8ea552ed98363eaef11d301276495815
XO.LA23..HH.2018.07.15.00.15.03,S,LA23,main,44.99,,ABSTAIN,11.3,no_pick,NOT_EVALUABLE,1.9,0.0,0.0003,,semifinal_v1.5.1,58011ddcaeaa2160bc51d32f50f956ca8ea552ed98363eaef11d301276495815
XO.LD36..HH.2018.07.15.01.53.00,P,LD36,main,44.99,,ABSTAIN,21.3,no_pick,NOT_EVALUABLE,16.5,0.25,0.0062,,semifinal_v1.5.1,58011ddcaeaa2160bc51d32f50f956ca8ea552ed98363eaef11d301276495815
XO.LD36..HH.2018.07.15.01.53.00,S,LD36,main,64.76,,ABSTAIN,21.3,no_pick,NOT_EVALUABLE,16.5,0.25,0.0062,,semifinal_v1.5.1,58011ddcaeaa2160bc51d32f50f956ca8ea552ed98363eaef11d301276495815
XO.WD49..HH.2018.07.16.08.15.57,P,WD49,holdout,44.99,,ABSTAIN,50.0,no_pick,NOT_EVALUABLE,10.0,0.25,0.0001,,semifinal_v1.5.1,58011ddcaeaa2160bc51d32f50f956ca8ea552ed98363eaef11d301276495815
XO.LA39..HH.2018.07.16.22.51.24,P,LA39,main,45.0,,ABSTAIN,6.0,no_pick,NOT_EVALUABLE,6.0,0.0,0.0003,,semifinal_v1.5.1,58011ddcaeaa2160bc51d32f50f956ca8ea552ed98363eaef11d301276495815
XO.LT20..HH.2018.07.16.07.24.44,S,LT20,main,44.99,,ABSTAIN,31.3,no_pick,NOT_EVALUABLE,17.7,0.25,0.0017,,semifinal_v1.5.1,58011ddcaeaa2160bc51d32f50f956ca8ea552ed98363eaef11d301276495815
XO.LD40..HH.2018.07.16.11.35.05,S,LD40,main,44.99,,ABSTAIN,26.3,no_pick,NOT_EVALUABLE,13.9,0.25,0.0003,,semifinal_v1.5.1,58011ddcaeaa2160bc51d32f50f956ca8ea552ed98363eaef11d301276495815
XO.LA34..HH.2018.07.17.03.31.05,P,LA34,main,45.0,,ABSTAIN,17.3,no_pick,NOT_EVALUABLE,8.5,0.0,0.0005,,semifinal_v1.5.1,58011ddcaeaa2160bc51d32f50f956ca8ea552ed98363eaef11d301276495815
XO.LD36..HH.2018.07.17.03.31.15,P,LD36,main,44.99,,ABSTAIN,26.3,no_pick,NOT_EVALUABLE,13.8,0.25,0.0011,,semifinal_v1.5.1,58011ddcaeaa2160bc51d32f50f956ca8ea552ed98363eaef11d301276495815
XO.LD44..HH.2018.07.17.03.31.27,S,LD44,main,45.0,,ABSTAIN,21.3,no_pick,NOT_EVALUABLE,13.5,0.25,0.0001,,semifinal_v1.5.1,58011ddcaeaa2160bc51d32f50f956ca8ea552ed98363eaef11d301276495815
XO.WD49..HH.2018.07.17.02.33.12,P,WD49,main,44.99,,ABSTAIN,26.3,no_pick,NOT_EVALUABLE,12.1,0.25,0.0006,,semifinal_v1.5.1,58011ddcaeaa2160bc51d32f50f956ca8ea552ed98363eaef11d301276495815
XO.WD49..HH.2018.07.17.02.33.12,S,WD49,main,68.04,,ABSTAIN,26.3,no_pick,NOT_EVALUABLE,12.1,0.25,0.0006,,semifinal_v1.5.1,58011ddcaeaa2160bc51d32f50f956ca8ea552ed98363eaef11d301276495815
XO.LD41..HH.2018.07.17.02.33.20,P,LD41,main,45.0,,ABSTAIN,31.3,no_pick,NOT_EVALUABLE,10.8,0.25,0.0007,,semifinal_v1.5.1,58011ddcaeaa2160bc51d32f50f956ca8ea552ed98363eaef11d301276495815
XO.LT20..HH.2018.07.17.21.17.43,S,LT20,main,45.0,,ABSTAIN,26.3,no_pick,NOT_EVALUABLE,10.9,0.25,0.0011,,semifinal_v1.5.1,58011ddcaeaa2160bc51d32f50f956ca8ea552ed98363eaef11d301276495815
XO.WD52..HH.2018.07.18.19.05.35,P,WD52,main,45.0,,ABSTAIN,21.3,no_pick,NOT_EVALUABLE,21.5,0.25,0.0002,,semifinal_v1.5.1,58011ddcaeaa2160bc51d32f50f956ca8ea552ed98363eaef11d301276495815
XO.WD60..HH.2018.07.18.19.06.03,P,WD60,holdout,45.0,44.38,FUSE,12.8,wrong,NOT_EVALUABLE,28.1,0.25,0.0001,,semifinal_v1.5.1,58011ddcaeaa2160bc51d32f50f956ca8ea552ed98363eaef11d301276495815
XO.LT18..HH.2018.07.18.19.19.45,S,LT18,holdout,51.42,,ABSTAIN,22.8,no_pick,NOT_EVALUABLE,11.5,0.25,0.0001,E,semifinal_v1.5.1,58011ddcaeaa2160bc51d32f50f956ca8ea552ed98363eaef11d301276495815
XO.LD44..HH.2018.07.18.19.19.52,P,LD44,main,44.99,,ABSTAIN,7.8,no_pick,NOT_EVALUABLE,10.7,0.25,0.0001,,semifinal_v1.5.1,58011ddcaeaa2160bc51d32f50f956ca8ea552ed98363eaef11d301276495815
XO.LD44..HH.2018.07.18.19.19.52,S,LD44,main,55.49,,ABSTAIN,21.3,no_pick,NOT_EVALUABLE,10.7,0.25,0.0001,,semifinal_v1.5.1,58011ddcaeaa2160bc51d32f50f956ca8ea552ed98363eaef11d301276495815
XO.LT20..HH.2018.07.18.19.23.10,P,LT20,main,44.99,,ABSTAIN,21.3,no_pick,NOT_EVALUABLE,12.6,0.25,0.0003,,semifinal_v1.5.1,58011ddcaeaa2160bc51d32f50f956ca8ea552ed98363eaef11d301276495815
XO.LT20..HH.2018.07.18.19.23.10,S,LT20,main,53.71,,ABSTAIN,21.3,no_pick,NOT_EVALUABLE,12.6,0.25,0.0003,,semifinal_v1.5.1,58011ddcaeaa2160bc51d32f50f956ca8ea552ed98363eaef11d301276495815
XO.LT18..HH.2018.07.18.01.55.25,S,LT18,main,44.99,,ABSTAIN,22.8,no_pick,NOT_EVALUABLE,14.2,0.25,0.0013,E,semifinal_v1.5.1,58011ddcaeaa2160bc51d32f50f956ca8ea552ed98363eaef11d301276495815
XO.WD58..HH.2018.07.18.14.07.46,P,WD58,main,44.99,,ABSTAIN,26.3,no_pick,NOT_EVALUABLE,9.0,0.25,0.0001,,semifinal_v1.5.1,58011ddcaeaa2160bc51d32f50f956ca8ea552ed98363eaef11d301276495815
XO.LD40..HH.2018.07.18.18.47.37,S,LD40,main,45.0,,ABSTAIN,21.3,no_pick,NOT_EVALUABLE,12.2,0.25,0.0001,,semifinal_v1.5.1,58011ddcaeaa2160bc51d32f50f956ca8ea552ed98363eaef11d301276495815
XO.WS75..HH.2018.07.19.02.27.41,P,WS75,holdout,45.0,,ABSTAIN,26.3,no_pick,NOT_EVALUABLE,10.6,0.25,0.0001,,semifinal_v1.5.1,58011ddcaeaa2160bc51d32f50f956ca8ea552ed98363eaef11d301276495815
XO.LT16..HH.2018.07.19.02.27.59,P,LT16,main,45.0,,ABSTAIN,42.8,no_pick,NOT_EVALUABLE,24.0,0.75,0.0002,N|E,semifinal_v1.5.1,58011ddcaeaa2160bc51d32f50f956ca8ea552ed98363eaef11d301276495815
XO.WD63..HH.2018.07.19.02.28.07,P,WD63,holdout,45.0,,ABSTAIN,31.3,no_pick,NOT_EVALUABLE,12.5,0.25,0.0001,,semifinal_v1.5.1,58011ddcaeaa2160bc51d32f50f956ca8ea552ed98363eaef11d301276495815
XO.WD60..HH.2018.07.19.02.28.15,P,WD60,main,45.0,,ABSTAIN,17.8,no_pick,NOT_EVALUABLE,12.2,0.25,0.0001,,semifinal_v1.5.1,58011ddcaeaa2160bc51d32f50f956ca8ea552ed98363eaef11d301276495815
XO.LD45..HH.2018.07.19.02.54.07,P,LD45,holdout,45.0,,ABSTAIN,21.3,no_pick,NOT_EVALUABLE,11.9,0.25,0.0007,,semifinal_v1.5.1,58011ddcaeaa2160bc51d32f50f956ca8ea552ed98363eaef11d301276495815
XO.LD45..HH.2018.07.19.02.54.07,S,LD45,holdout,54.47,,ABSTAIN,21.3,no_pick,NOT_EVALUABLE,11.9,0.25,0.0007,,semifinal_v1.5.1,58011ddcaeaa2160bc51d32f50f956ca8ea552ed98363eaef11d301276495815
XO.LT07..HH.2018.07.19.06.06.09,P,LT07,holdout,44.99,,ABSTAIN,5.0,no_pick,NOT_EVALUABLE,18.7,0.0,0.0001,,semifinal_v1.5.1,58011ddcaeaa2160bc51d32f50f956ca8ea552ed98363eaef11d301276495815
XO.LD36..HH.2018.07.19.10.36.09,P,LD36,main,44.99,,ABSTAIN,31.3,no_pick,NOT_EVALUABLE,15.5,0.25,0.0049,,semifinal_v1.5.1,58011ddcaeaa2160bc51d32f50f956ca8ea552ed98363eaef11d301276495815
XO.LA34..HH.2018.07.19.14.32.56,P,LA34,main,45.0,,ABSTAIN,5.0,no_pick,NOT_EVALUABLE,10.5,0.0,0.0002,,semifinal_v1.5.1,58011ddcaeaa2160bc51d32f50f956ca8ea552ed98363eaef11d301276495815
XO.WD59..HH.2018.07.19.14.33.19,P,WD59,main,45.0,,ABSTAIN,36.3,no_pick,NOT_EVALUABLE,15.2,0.25,0.0001,,semifinal_v1.5.1,58011ddcaeaa2160bc51d32f50f956ca8ea552ed98363eaef11d301276495815
XO.WD59..HH.2018.07.19.14.33.19,S,WD59,main,79.93,,ABSTAIN,36.3,no_pick,NOT_EVALUABLE,15.2,0.25,0.0001,,semifinal_v1.5.1,58011ddcaeaa2160bc51d32f50f956ca8ea552ed98363eaef11d301276495815
XO.WD60..HH.2018.07.19.14.33.19,P,WD60,holdout,45.0,,ABSTAIN,22.8,no_pick,NOT_EVALUABLE,11.0,0.25,0.0001,,semifinal_v1.5.1,58011ddcaeaa2160bc51d32f50f956ca8ea552ed98363eaef11d301276495815
XO.WD60..HH.2018.07.19.14.33.19,S,WD60,holdout,77.97,,ABSTAIN,36.3,no_pick,NOT_EVALUABLE,11.0,0.25,0.0001,,semifinal_v1.5.1,58011ddcaeaa2160bc51d32f50f956ca8ea552ed98363eaef11d301276495815
XO.LA32..HH.2018.07.19.14.33.03,P,LA32,main,45.0,,ABSTAIN,10.0,no_pick,NOT_EVALUABLE,8.1,0.0,0.0004,,semifinal_v1.5.1,58011ddcaeaa2160bc51d32f50f956ca8ea552ed98363eaef11d301276495815
XO.LT20..HH.2018.07.19.14.32.44,S,LT20,main,53.63,,ABSTAIN,26.3,no_pick,NOT_EVALUABLE,21.2,0.25,0.0001,,semifinal_v1.5.1,58011ddcaeaa2160bc51d32f50f956ca8ea552ed98363eaef11d301276495815
XO.LD44..HH.2018.07.19.14.32.49,S,LD44,main,56.68,,ABSTAIN,21.3,no_pick,NOT_EVALUABLE,24.1,0.25,0.0001,,semifinal_v1.5.1,58011ddcaeaa2160bc51d32f50f956ca8ea552ed98363eaef11d301276495815
XO.WD60..HH.2018.07.19.15.04.49,S,WD60,main,45.0,,ABSTAIN,26.3,no_pick,NOT_EVALUABLE,11.3,0.25,0.0004,,semifinal_v1.5.1,58011ddcaeaa2160bc51d32f50f956ca8ea552ed98363eaef11d301276495815
XO.LT20..HH.2018.07.19.21.15.38,P,LT20,main,44.99,,ABSTAIN,21.3,no_pick,NOT_EVALUABLE,16.3,0.25,0.0001,,semifinal_v1.5.1,58011ddcaeaa2160bc51d32f50f956ca8ea552ed98363eaef11d301276495815
XO.LT20..HH.2018.07.19.21.15.38,S,LT20,main,53.17,,ABSTAIN,21.3,no_pick,NOT_EVALUABLE,16.3,0.25,0.0001,,semifinal_v1.5.1,58011ddcaeaa2160bc51d32f50f956ca8ea552ed98363eaef11d301276495815
XO.LA28..HH.2018.07.19.21.16.06,S,LA28,main,73.36,,ABSTAIN,46.3,no_pick,NOT_EVALUABLE,10.7,0.25,0.0003,E,semifinal_v1.5.1,58011ddcaeaa2160bc51d32f50f956ca8ea552ed98363eaef11d301276495815
XO.WD49..HH.2018.07.19.03.27.23,P,WD49,main,45.0,,ABSTAIN,21.3,no_pick,NOT_EVALUABLE,18.4,0.25,0.0001,,semifinal_v1.5.1,58011ddcaeaa2160bc51d32f50f956ca8ea552ed98363eaef11d301276495815
XO.WD49..HH.2018.07.19.03.27.23,S,WD49,main,67.13,,ABSTAIN,21.3,no_pick,NOT_EVALUABLE,18.4,0.25,0.0001,,semifinal_v1.5.1,58011ddcaeaa2160bc51d32f50f956ca8ea552ed98363eaef11d301276495815
XO.LD41..HH.2018.07.19.09.30.03,P,LD41,main,45.0,,ABSTAIN,26.3,no_pick,NOT_EVALUABLE,11.2,0.25,0.0005,,semifinal_v1.5.1,58011ddcaeaa2160bc51d32f50f956ca8ea552ed98363eaef11d301276495815
XO.WD46..HH.2018.07.19.12.43.41,P,WD46,main,44.99,,ABSTAIN,41.3,no_pick,NOT_EVALUABLE,15.2,0.25,0.0001,,semifinal_v1.5.1,58011ddcaeaa2160bc51d32f50f956ca8ea552ed98363eaef11d301276495815
XO.LT17..HH.2018.07.19.14.15.51,S,LT17,main,53.06,54.165,FUSE,12.3,wrong,NOT_EVALUABLE,24.8,0.0,0.0004,,semifinal_v1.5.1,58011ddcaeaa2160bc51d32f50f956ca8ea552ed98363eaef11d301276495815
XO.LD44..HH.2018.07.19.14.15.56,S,LD44,main,56.51,,ABSTAIN,21.3,no_pick,NOT_EVALUABLE,38.5,0.25,0.0003,,semifinal_v1.5.1,58011ddcaeaa2160bc51d32f50f956ca8ea552ed98363eaef11d301276495815
XO.WD62..HH.2018.07.19.14.16.15,S,WD62,main,70.95,,ABSTAIN,26.3,no_pick,NOT_EVALUABLE,17.6,0.25,0.0001,,semifinal_v1.5.1,58011ddcaeaa2160bc51d32f50f956ca8ea552ed98363eaef11d301276495815
XO.WD64..HH.2018.07.19.14.16.20,P,WD64,main,44.99,,ABSTAIN,21.3,no_pick,NOT_EVALUABLE,23.4,0.25,0.0001,,semifinal_v1.5.1,58011ddcaeaa2160bc51d32f50f956ca8ea552ed98363eaef11d301276495815
XO.WD64..HH.2018.07.19.14.16.20,S,WD64,main,75.49,,ABSTAIN,21.3,no_pick,NOT_EVALUABLE,23.4,0.25,0.0001,,semifinal_v1.5.1,58011ddcaeaa2160bc51d32f50f956ca8ea552ed98363eaef11d301276495815
XO.LA25..HH.2018.07.19.14.16.25,P,LA25,main,44.99,,ABSTAIN,14.3,no_pick,NOT_EVALUABLE,33.5,0.25,0.0062,E,semifinal_v1.5.1,58011ddcaeaa2160bc51d32f50f956ca8ea552ed98363eaef11d301276495815
XO.LA25..HH.2018.07.19.14.16.25,S,LA25,main,79.18,,ABSTAIN,51.3,no_pick,NOT_EVALUABLE,33.5,0.25,0.0062,E,semifinal_v1.5.1,58011ddcaeaa2160bc51d32f50f956ca8ea552ed98363eaef11d301276495815
XO.LT20..HH.2018.07.19.14.25.14,P,LT20,main,44.99,,ABSTAIN,44.8,no_pick,NOT_EVALUABLE,13.7,0.25,0.0002,,semifinal_v1.5.1,58011ddcaeaa2160bc51d32f50f956ca8ea552ed98363eaef11d301276495815
XO.LT20..HH.2018.07.19.14.25.14,S,LT20,main,59.1,,ABSTAIN,26.3,no_pick,NOT_EVALUABLE,13.7,0.25,0.0002,,semifinal_v1.5.1,58011ddcaeaa2160bc51d32f50f956ca8ea552ed98363eaef11d301276495815
XO.LA28..HH.2018.07.19.14.45.01,S,LA28,holdout,74.05,,ABSTAIN,46.3,no_pick,NOT_EVALUABLE,13.4,0.25,0.0005,E,semifinal_v1.5.1,58011ddcaeaa2160bc51d32f50f956ca8ea552ed98363eaef11d301276495815
XO.LD36..HH.2018.07.19.14.45.43,S,LD36,main,44.99,,ABSTAIN,36.3,no_pick,NOT_EVALUABLE,17.2,0.25,0.003,,semifinal_v1.5.1,58011ddcaeaa2160bc51d32f50f956ca8ea552ed98363eaef11d301276495815
XO.WS75..HH.2018.07.19.15.24.20,P,WS75,holdout,44.99,,ABSTAIN,26.3,no_pick,NOT_EVALUABLE,13.1,0.25,0.0001,,semifinal_v1.5.1,58011ddcaeaa2160bc51d32f50f956ca8ea552ed98363eaef11d301276495815
XO.LT17..HH.2018.07.19.16.46.04,P,LT17,main,44.99,45.505,FUSE,13.6,wrong,NOT_EVALUABLE,1.8,0.0,0.0006,,semifinal_v1.5.1,58011ddcaeaa2160bc51d32f50f956ca8ea552ed98363eaef11d301276495815
XO.LD40..HH.2018.07.19.17.25.06,S,LD40,main,45.0,,ABSTAIN,26.3,no_pick,NOT_EVALUABLE,14.8,0.25,0.0005,,semifinal_v1.5.1,58011ddcaeaa2160bc51d32f50f956ca8ea552ed98363eaef11d301276495815
XO.LT20..HH.2018.07.20.16.23.14,P,LT20,main,44.99,,ABSTAIN,7.8,no_pick,NOT_EVALUABLE,16.6,0.25,0.0001,,semifinal_v1.5.1,58011ddcaeaa2160bc51d32f50f956ca8ea552ed98363eaef11d301276495815
XO.LT20..HH.2018.07.20.16.23.14,S,LT20,main,55.46,,ABSTAIN,7.8,no_pick,NOT_EVALUABLE,16.6,0.25,0.0001,,semifinal_v1.5.1,58011ddcaeaa2160bc51d32f50f956ca8ea552ed98363eaef11d301276495815
XO.WD68..HH.2018.07.20.16.23.27,P,WD68,main,44.99,,ABSTAIN,21.3,no_pick,NOT_EVALUABLE,14.0,0.25,0.0001,,semifinal_v1.5.1,58011ddcaeaa2160bc51d32f50f956ca8ea552ed98363eaef11d301276495815
XO.WD62..HH.2018.07.20.18.01.13,P,WD62,main,45.0,,ABSTAIN,26.3,no_pick,NOT_EVALUABLE,12.5,0.25,0.0001,,semifinal_v1.5.1,58011ddcaeaa2160bc51d32f50f956ca8ea552ed98363eaef11d301276495815
XO.WD47..HH.2018.07.20.20.46.07,P,WD47,main,45.0,,ABSTAIN,21.3,no_pick,NOT_EVALUABLE,16.5,0.25,0.0001,,semifinal_v1.5.1,58011ddcaeaa2160bc51d32f50f956ca8ea552ed98363eaef11d301276495815
XO.LT07..HH.2018.07.20.06.33.44,P,LT07,holdout,44.99,,ABSTAIN,43.0,no_pick,NOT_EVALUABLE,5.3,0.0,0.0007,,semifinal_v1.5.1,58011ddcaeaa2160bc51d32f50f956ca8ea552ed98363eaef11d301276495815
XO.LT20..HH.2018.07.20.10.59.43,S,LT20,holdout,45.0,,ABSTAIN,31.3,no_pick,NOT_EVALUABLE,17.0,0.25,0.0009,,semifinal_v1.5.1,58011ddcaeaa2160bc51d32f50f956ca8ea552ed98363eaef11d301276495815
XO.LA39..HH.2018.07.20.16.07.41,P,LA39,main,45.0,43.83,FUSE,13.3,wrong,NOT_EVALUABLE,6.8,0.0,0.0001,,semifinal_v1.5.1,58011ddcaeaa2160bc51d32f50f956ca8ea552ed98363eaef11d301276495815
XO.LD45..HH.2018.07.21.07.58.08,S,LD45,main,55.23,,ABSTAIN,21.3,no_pick,NOT_EVALUABLE,40.6,0.25,0.0003,,semifinal_v1.5.1,58011ddcaeaa2160bc51d32f50f956ca8ea552ed98363eaef11d301276495815
XO.WD67..HH.2018.07.21.07.58.28,P,WD67,holdout,45.0,,ABSTAIN,12.8,no_pick,NOT_EVALUABLE,25.7,0.25,0.0001,,semifinal_v1.5.1,58011ddcaeaa2160bc51d32f50f956ca8ea552ed98363eaef11d301276495815
XO.WD61..HH.2018.07.21.07.58.32,P,WD61,holdout,44.99,,ABSTAIN,21.3,no_pick,NOT_EVALUABLE,10.4,0.25,0.0001,,semifinal_v1.5.1,58011ddcaeaa2160bc51d32f50f956ca8ea552ed98363eaef11d301276495815
XO.WD63..HH.2018.07.21.07.58.32,P,WD63,main,44.99,,ABSTAIN,49.8,no_pick,NOT_EVALUABLE,24.3,0.25,0.0001,,semifinal_v1.5.1,58011ddcaeaa2160bc51d32f50f956ca8ea552ed98363eaef11d301276495815
XO.LD45..HH.2018.07.21.08.02.34,P,LD45,main,44.99,,ABSTAIN,21.3,no_pick,NOT_EVALUABLE,13.2,0.25,0.0005,,semifinal_v1.5.1,58011ddcaeaa2160bc51d32f50f956ca8ea552ed98363eaef11d301276495815
XO.LD45..HH.2018.07.21.08.02.34,S,LD45,main,54.05,,ABSTAIN,21.3,no_pick,NOT_EVALUABLE,13.2,0.25,0.0005,,semifinal_v1.5.1,58011ddcaeaa2160bc51d32f50f956ca8ea552ed98363eaef11d301276495815
XO.LT18..HH.2018.07.21.08.14.41,S,LT18,main,51.09,,ABSTAIN,22.8,no_pick,NOT_EVALUABLE,14.1,0.25,0.0001,E,semifinal_v1.5.1,58011ddcaeaa2160bc51d32f50f956ca8ea552ed98363eaef11d301276495815
XO.LA32..HH.2018.07.21.08.15.01,P,LA32,holdout,45.0,,ABSTAIN,24.5,no_pick,NOT_EVALUABLE,6.9,0.0,0.0007,,semifinal_v1.5.1,58011ddcaeaa2160bc51d32f50f956ca8ea552ed98363eaef11d301276495815
XO.LA32..HH.2018.07.21.08.15.01,S,LA32,holdout,66.27,,ABSTAIN,48.0,no_pick,NOT_EVALUABLE,6.9,0.0,0.0007,,semifinal_v1.5.1,58011ddcaeaa2160bc51d32f50f956ca8ea552ed98363eaef11d301276495815
XO.WD67..HH.2018.07.21.08.15.06,P,WD67,main,45.0,,ABSTAIN,26.3,no_pick,NOT_EVALUABLE,12.2,0.25,0.0001,,semifinal_v1.5.1,58011ddcaeaa2160bc51d32f50f956ca8ea552ed98363eaef11d301276495815
XO.WD68..HH.2018.07.21.08.28.22,P,WD68,main,44.99,,ABSTAIN,26.3,no_pick,NOT_EVALUABLE,10.7,0.25,0.0003,,semifinal_v1.5.1,58011ddcaeaa2160bc51d32f50f956ca8ea552ed98363eaef11d301276495815
XO.LT18..HH.2018.07.21.10.05.24,S,LT18,main,51.51,,ABSTAIN,27.8,no_pick,NOT_EVALUABLE,13.3,0.25,0.0049,E,semifinal_v1.5.1,58011ddcaeaa2160bc51d32f50f956ca8ea552ed98363eaef11d301276495815
XO.LT20..HH.2018.07.21.10.05.27,P,LT20,main,44.99,,ABSTAIN,36.3,no_pick,NOT_EVALUABLE,14.8,0.25,0.0015,,semifinal_v1.5.1,58011ddcaeaa2160bc51d32f50f956ca8ea552ed98363eaef11d301276495815
XO.LT20..HH.2018.07.21.10.05.27,S,LT20,main,53.03,,ABSTAIN,36.3,no_pick,NOT_EVALUABLE,14.8,0.25,0.0015,,semifinal_v1.5.1,58011ddcaeaa2160bc51d32f50f956ca8ea552ed98363eaef11d301276495815
XO.WD69..HH.2018.07.21.10.05.28,P,WD69,main,44.99,,ABSTAIN,26.3,no_pick,NOT_EVALUABLE,15.9,0.25,0.0002,,semifinal_v1.5.1,58011ddcaeaa2160bc51d32f50f956ca8ea552ed98363eaef11d301276495815
XO.WD65..HH.2018.07.21.10.05.43,P,WD65,main,44.99,,ABSTAIN,26.3,no_pick,NOT_EVALUABLE,11.3,0.25,0.0004,,semifinal_v1.5.1,58011ddcaeaa2160bc51d32f50f956ca8ea552ed98363eaef11d301276495815
XO.WD59..HH.2018.07.21.10.09.31,P,WD59,main,44.99,,ABSTAIN,59.8,no_pick,NOT_EVALUABLE,13.7,0.25,0.0001,,semifinal_v1.5.1,58011ddcaeaa2160bc51d32f50f956ca8ea552ed98363eaef11d301276495815
XO.LD45..HH.2018.07.21.11.48.06,P,LD45,main,45.0,,ABSTAIN,7.8,no_pick,NOT_EVALUABLE,13.0,0.25,0.0001,,semifinal_v1.5.1,58011ddcaeaa2160bc51d32f50f956ca8ea552ed98363eaef11d301276495815
XO.LT01..HH.2018.07.21.06.55.54,S,LT01,main,44.99,,ABSTAIN,22.3,no_pick,NOT_EVALUABLE,10.1,0.0,0.0023,,semifinal_v1.5.1,58011ddcaeaa2160bc51d32f50f956ca8ea552ed98363eaef11d301276495815
XO.LD40..HH.2018.07.21.07.49.29,P,LD40,main,44.99,,ABSTAIN,21.3,no_pick,NOT_EVALUABLE,9.7,0.25,0.0002,,semifinal_v1.5.1,58011ddcaeaa2160bc51d32f50f956ca8ea552ed98363eaef11d301276495815
XO.LD40..HH.2018.07.21.07.49.29,S,LD40,main,66.43,,ABSTAIN,21.3,no_pick,NOT_EVALUABLE,9.7,0.25,0.0002,,semifinal_v1.5.1,58011ddcaeaa2160bc51d32f50f956ca8ea552ed98363eaef11d301276495815
XO.LT20..HH.2018.07.21.08.21.14,P,LT20,holdout,44.99,,ABSTAIN,36.3,no_pick,NOT_EVALUABLE,18.2,0.25,0.0091,,semifinal_v1.5.1,58011ddcaeaa2160bc51d32f50f956ca8ea552ed98363eaef11d301276495815
XO.LT20..HH.2018.07.21.08.21.14,S,LT20,holdout,53.46,,ABSTAIN,36.3,no_pick,NOT_EVALUABLE,18.2,0.25,0.0091,,semifinal_v1.5.1,58011ddcaeaa2160bc51d32f50f956ca8ea552ed98363eaef11d301276495815
XO.LT18..HH.2018.07.21.09.52.12,S,LT18,main,51.55,,ABSTAIN,46.3,no_pick,NOT_EVALUABLE,12.0,0.25,0.0011,E,semifinal_v1.5.1,58011ddcaeaa2160bc51d32f50f956ca8ea552ed98363eaef11d301276495815
XO.LD44..HH.2018.07.21.09.52.29,S,LD44,main,44.99,,ABSTAIN,21.3,no_pick,NOT_EVALUABLE,12.7,0.25,0.0001,,semifinal_v1.5.1,58011ddcaeaa2160bc51d32f50f956ca8ea552ed98363eaef11d301276495815
XO.LA34..HH.2018.07.21.09.52.42,S,LA34,main,45.0,,ABSTAIN,6.0,no_pick,NOT_EVALUABLE,5.4,0.0,0.0004,,semifinal_v1.5.1,58011ddcaeaa2160bc51d32f50f956ca8ea552ed98363eaef11d301276495815
XO.LT04..HH.2018.07.21.16.10.26,S,LT04,main,44.99,,ABSTAIN,11.0,no_pick,NOT_EVALUABLE,3.5,0.0,0.0007,,semifinal_v1.5.1,58011ddcaeaa2160bc51d32f50f956ca8ea552ed98363eaef11d301276495815
XO.WD49..HH.2018.07.21.22.57.32,P,WD49,main,45.0,,ABSTAIN,26.3,no_pick,NOT_EVALUABLE,11.9,0.25,0.0001,,semifinal_v1.5.1,58011ddcaeaa2160bc51d32f50f956ca8ea552ed98363eaef11d301276495815
XO.LT01..HH.2018.07.21.22.57.52,S,LT01,main,45.0,,ABSTAIN,52.0,no_pick,NOT_EVALUABLE,11.5,0.0,0.0026,,semifinal_v1.5.1,58011ddcaeaa2160bc51d32f50f956ca8ea552ed98363eaef11d301276495815
XO.WS75..HH.2018.07.22.00.28.35,S,WS75,main,45.0,,ABSTAIN,21.3,no_pick,NOT_EVALUABLE,11.6,0.25,0.0005,,semifinal_v1.5.1,58011ddcaeaa2160bc51d32f50f956ca8ea552ed98363eaef11d301276495815
XO.WD62..HH.2018.07.22.00.28.09,P,WD62,main,44.99,,ABSTAIN,36.3,no_pick,NOT_EVALUABLE,12.2,0.25,0.0001,,semifinal_v1.5.1,58011ddcaeaa2160bc51d32f50f956ca8ea552ed98363eaef11d301276495815
XO.WD58..HH.2018.07.22.00.28.10,P,WD58,main,44.99,,ABSTAIN,36.3,no_pick,NOT_EVALUABLE,14.7,0.25,0.0001,,semifinal_v1.5.1,58011ddcaeaa2160bc51d32f50f956ca8ea552ed98363eaef11d301276495815
XO.LT04..HH.2018.07.22.16.21.10,P,LT04,main,44.99,,ABSTAIN,6.0,no_pick,NOT_EVALUABLE,6.1,0.0,0.0004,,semifinal_v1.5.1,58011ddcaeaa2160bc51d32f50f956ca8ea552ed98363eaef11d301276495815
XO.WS75..HH.2018.07.22.16.21.18,P,WS75,main,45.0,,ABSTAIN,26.3,no_pick,NOT_EVALUABLE,11.6,0.25,0.0003,,semifinal_v1.5.1,58011ddcaeaa2160bc51d32f50f956ca8ea552ed98363eaef11d301276495815
XO.WS75..HH.2018.07.22.16.21.18,S,WS75,main,72.99,,ABSTAIN,26.3,no_pick,NOT_EVALUABLE,11.6,0.25,0.0003,,semifinal_v1.5.1,58011ddcaeaa2160bc51d32f50f956ca8ea552ed98363eaef11d301276495815
XO.LD41..HH.2018.07.22.16.21.19,P,LD41,main,44.99,,ABSTAIN,26.3,no_pick,NOT_EVALUABLE,13.6,0.25,0.0001,,semifinal_v1.5.1,58011ddcaeaa2160bc51d32f50f956ca8ea552ed98363eaef11d301276495815
XO.LT20..HH.2018.07.22.16.21.20,P,LT20,main,44.99,,ABSTAIN,21.3,no_pick,NOT_EVALUABLE,17.7,0.25,0.0019,,semifinal_v1.5.1,58011ddcaeaa2160bc51d32f50f956ca8ea552ed98363eaef11d301276495815
XO.LT20..HH.2018.07.22.17.12.47,P,LT20,main,45.0,,ABSTAIN,21.3,no_pick,NOT_EVALUABLE,18.4,0.25,0.0001,,semifinal_v1.5.1,58011ddcaeaa2160bc51d32f50f956ca8ea552ed98363eaef11d301276495815
XO.LT20..HH.2018.07.22.17.12.47,S,LT20,main,53.61,,ABSTAIN,21.3,no_pick,NOT_EVALUABLE,18.4,0.25,0.0001,,semifinal_v1.5.1,58011ddcaeaa2160bc51d32f50f956ca8ea552ed98363eaef11d301276495815
XO.WD68..HH.2018.07.22.17.12.59,P,WD68,main,44.99,,ABSTAIN,7.8,no_pick,NOT_EVALUABLE,20.1,0.25,0.0001,,semifinal_v1.5.1,58011ddcaeaa2160bc51d32f50f956ca8ea552ed98363eaef11d301276495815
XO.WD68..HH.2018.07.22.17.12.59,S,WD68,main,62.56,,ABSTAIN,21.3,no_pick,NOT_EVALUABLE,20.1,0.25,0.0001,,semifinal_v1.5.1,58011ddcaeaa2160bc51d32f50f956ca8ea552ed98363eaef11d301276495815
XO.LA30..HH.2018.07.22.17.13.08,P,LA30,main,45.0,,ABSTAIN,10.0,no_pick,NOT_EVALUABLE,13.8,0.0,0.0017,,semifinal_v1.5.1,58011ddcaeaa2160bc51d32f50f956ca8ea552ed98363eaef11d301276495815
XO.LA30..HH.2018.07.22.17.13.08,S,LA30,main,70.56,,ABSTAIN,47.0,no_pick,NOT_EVALUABLE,13.8,0.0,0.0017,,semifinal_v1.5.1,58011ddcaeaa2160bc51d32f50f956ca8ea552ed98363eaef11d301276495815
XO.LD36..HH.2018.07.22.17.13.23,P,LD36,main,45.0,,ABSTAIN,41.3,no_pick,NOT_EVALUABLE,10.5,0.25,0.0003,,semifinal_v1.5.1,58011ddcaeaa2160bc51d32f50f956ca8ea552ed98363eaef11d301276495815
XO.WD61..HH.2018.07.23.11.32.03,P,WD61,main,44.99,,ABSTAIN,26.3,no_pick,NOT_EVALUABLE,12.9,0.25,0.0007,,semifinal_v1.5.1,58011ddcaeaa2160bc51d32f50f956ca8ea552ed98363eaef11d301276495815
XO.LT20..HH.2018.07.23.14.47.03,P,LT20,main,44.99,,ABSTAIN,21.3,no_pick,NOT_EVALUABLE,18.6,0.25,0.0045,,semifinal_v1.5.1,58011ddcaeaa2160bc51d32f50f956ca8ea552ed98363eaef11d301276495815
XO.LT20..HH.2018.07.23.14.47.03,S,LT20,main,53.53,,ABSTAIN,21.3,no_pick,NOT_EVALUABLE,18.6,0.25,0.0045,,semifinal_v1.5.1,58011ddcaeaa2160bc51d32f50f956ca8ea552ed98363eaef11d301276495815
XO.LT15..HH.2018.07.24.04.12.07,P,LT15,main,45.0,,ABSTAIN,28.5,no_pick,NOT_EVALUABLE,17.1,0.0,0.0001,,semifinal_v1.5.1,58011ddcaeaa2160bc51d32f50f956ca8ea552ed98363eaef11d301276495815
XO.LT15..HH.2018.07.24.04.12.07,S,LT15,main,51.68,107.93,FUSE,19.2,wrong,NOT_EVALUABLE,17.1,0.0,0.0001,,semifinal_v1.5.1,58011ddcaeaa2160bc51d32f50f956ca8ea552ed98363eaef11d301276495815
XO.WS75..HH.2018.07.24.04.12.27,P,WS75,main,45.0,,ABSTAIN,12.8,no_pick,NOT_EVALUABLE,18.8,0.25,0.0001,,semifinal_v1.5.1,58011ddcaeaa2160bc51d32f50f956ca8ea552ed98363eaef11d301276495815
XO.WD63..HH.2018.07.24.04.12.34,P,WD63,holdout,44.99,,ABSTAIN,49.8,no_pick,NOT_EVALUABLE,19.5,0.25,0.0001,,semifinal_v1.5.1,58011ddcaeaa2160bc51d32f50f956ca8ea552ed98363eaef11d301276495815
XO.LD45..HH.2018.07.24.04.16.50,P,LD45,holdout,45.0,,ABSTAIN,26.3,no_pick,NOT_EVALUABLE,20.7,0.25,0.0002,,semifinal_v1.5.1,58011ddcaeaa2160bc51d32f50f956ca8ea552ed98363eaef11d301276495815
XO.LD45..HH.2018.07.24.04.16.50,S,LD45,holdout,65.94,,ABSTAIN,26.3,no_pick,NOT_EVALUABLE,20.7,0.25,0.0002,,semifinal_v1.5.1,58011ddcaeaa2160bc51d32f50f956ca8ea552ed98363eaef11d301276495815
XO.LD44..HH.2018.07.24.04.16.51,P,LD44,main,45.0,,ABSTAIN,26.3,no_pick,NOT_EVALUABLE,17.5,0.25,0.0001,,semifinal_v1.5.1,58011ddcaeaa2160bc51d32f50f956ca8ea552ed98363eaef11d301276495815
XO.LD44..HH.2018.07.24.04.16.51,S,LD44,main,66.48,,ABSTAIN,26.3,no_pick,NOT_EVALUABLE,17.5,0.25,0.0001,,semifinal_v1.5.1,58011ddcaeaa2160bc51d32f50f956ca8ea552ed98363eaef11d301276495815
XO.WD58..HH.2018.07.24.04.16.52,P,WD58,main,44.99,,ABSTAIN,7.8,no_pick,NOT_EVALUABLE,17.6,0.25,0.0001,,semifinal_v1.5.1,58011ddcaeaa2160bc51d32f50f956ca8ea552ed98363eaef11d301276495815
XO.WD58..HH.2018.07.24.04.16.52,S,WD58,main,66.95,,ABSTAIN,21.3,no_pick,NOT_EVALUABLE,17.6,0.25,0.0001,,semifinal_v1.5.1,58011ddcaeaa2160bc51d32f50f956ca8ea552ed98363eaef11d301276495815
XO.WD53..HH.2018.07.24.04.17.03,P,WD53,main,44.99,,ABSTAIN,26.3,no_pick,NOT_EVALUABLE,15.1,0.25,0.0001,,semifinal_v1.5.1,58011ddcaeaa2160bc51d32f50f956ca8ea552ed98363eaef11d301276495815
XO.LA25..HH.2018.07.24.14.29.30,P,LA25,main,44.99,,ABSTAIN,51.3,no_pick,NOT_EVALUABLE,10.8,0.25,0.0011,E,semifinal_v1.5.1,58011ddcaeaa2160bc51d32f50f956ca8ea552ed98363eaef11d301276495815
XO.LA25..HH.2018.07.24.14.29.30,S,LA25,main,78.95,,ABSTAIN,51.3,no_pick,NOT_EVALUABLE,10.8,0.25,0.0011,E,semifinal_v1.5.1,58011ddcaeaa2160bc51d32f50f956ca8ea552ed98363eaef11d301276495815
XO.WD62..HH.2018.07.24.14.29.24,S,WD62,holdout,74.48,,ABSTAIN,26.3,no_pick,NOT_EVALUABLE,15.1,0.25,0.0001,,semifinal_v1.5.1,58011ddcaeaa2160bc51d32f50f956ca8ea552ed98363eaef11d301276495815
XO.WD69..HH.2018.07.24.14.29.03,P,WD69,main,44.99,,ABSTAIN,21.3,no_pick,NOT_EVALUABLE,13.7,0.25,0.0002,,semifinal_v1.5.1,58011ddcaeaa2160bc51d32f50f956ca8ea552ed98363eaef11d301276495815
XO.WD69..HH.2018.07.24.14.29.03,S,WD69,main,62.96,,ABSTAIN,21.3,no_pick,NOT_EVALUABLE,13.7,0.25,0.0002,,semifinal_v1.5.1,58011ddcaeaa2160bc51d32f50f956ca8ea552ed98363eaef11d301276495815
XO.LA30..HH.2018.07.24.15.50.43,P,LA30,main,44.99,,ABSTAIN,5.0,no_pick,NOT_EVALUABLE,10.3,0.0,0.0019,,semifinal_v1.5.1,58011ddcaeaa2160bc51d32f50f956ca8ea552ed98363eaef11d301276495815
XO.LT14..HH.2018.07.24.15.50.44,P,LT14,main,44.99,45.5,FUSE,4.3,wrong,NOT_EVALUABLE,12.2,0.25,0.0028,E,semifinal_v1.5.1,58011ddcaeaa2160bc51d32f50f956ca8ea552ed98363eaef11d301276495815
XO.WD68..HH.2018.07.24.15.50.55,P,WD68,main,44.99,,ABSTAIN,26.3,no_pick,NOT_EVALUABLE,12.3,0.25,0.0001,,semifinal_v1.5.1,58011ddcaeaa2160bc51d32f50f956ca8ea552ed98363eaef11d301276495815
XO.WD68..HH.2018.07.24.15.50.55,S,WD68,main,68.03,,ABSTAIN,26.3,no_pick,NOT_EVALUABLE,12.3,0.25,0.0001,,semifinal_v1.5.1,58011ddcaeaa2160bc51d32f50f956ca8ea552ed98363eaef11d301276495815
XO.WD63..HH.2018.07.24.15.50.59,P,WD63,main,44.99,,ABSTAIN,26.3,no_pick,NOT_EVALUABLE,12.7,0.25,0.0001,,semifinal_v1.5.1,58011ddcaeaa2160bc51d32f50f956ca8ea552ed98363eaef11d301276495815
XO.WD63..HH.2018.07.24.15.50.59,S,WD63,main,71.2,,ABSTAIN,26.3,no_pick,NOT_EVALUABLE,12.7,0.25,0.0001,,semifinal_v1.5.1,58011ddcaeaa2160bc51d32f50f956ca8ea552ed98363eaef11d301276495815
XO.WD67..HH.2018.07.24.15.51.05,P,WD67,main,45.0,,ABSTAIN,31.3,no_pick,NOT_EVALUABLE,12.8,0.25,0.0001,,semifinal_v1.5.1,58011ddcaeaa2160bc51d32f50f956ca8ea552ed98363eaef11d301276495815
XO.WD67..HH.2018.07.24.15.51.05,S,WD67,main,75.01,,ABSTAIN,31.3,no_pick,NOT_EVALUABLE,12.8,0.25,0.0001,,semifinal_v1.5.1,58011ddcaeaa2160bc51d32f50f956ca8ea552ed98363eaef11d301276495815
XO.WD64..HH.2018.07.24.15.51.38,S,WD64,main,45.0,,ABSTAIN,21.3,no_pick,NOT_EVALUABLE,11.0,0.25,0.0001,,semifinal_v1.5.1,58011ddcaeaa2160bc51d32f50f956ca8ea552ed98363eaef11d301276495815
XO.WD55..HH.2018.07.24.04.19.19,S,WD55,holdout,44.99,,ABSTAIN,21.3,no_pick,NOT_EVALUABLE,14.1,0.25,0.0001,,semifinal_v1.5.1,58011ddcaeaa2160bc51d32f50f956ca8ea552ed98363eaef11d301276495815
XO.LT13..HH.2018.07.24.04.13.05,S,LT13,main,53.16,54.26,FUSE,0.0,wrong,NOT_EVALUABLE,11.6,0.0,0.0001,,semifinal_v1.5.1,58011ddcaeaa2160bc51d32f50f956ca8ea552ed98363eaef11d301276495815
XO.LT16..HH.2018.07.24.04.13.08,P,LT16,main,45.0,,ABSTAIN,29.3,no_pick,NOT_EVALUABLE,23.6,0.75,0.0001,N|E,semifinal_v1.5.1,58011ddcaeaa2160bc51d32f50f956ca8ea552ed98363eaef11d301276495815
XO.WD46..HH.2018.07.24.20.21.13,P,WD46,main,44.99,,ABSTAIN,21.3,no_pick,NOT_EVALUABLE,9.2,0.25,0.0001,,semifinal_v1.5.1,58011ddcaeaa2160bc51d32f50f956ca8ea552ed98363eaef11d301276495815
XO.WD56..HH.2018.07.24.20.21.44,P,WD56,holdout,44.99,,ABSTAIN,21.3,no_pick,NOT_EVALUABLE,15.0,0.25,0.0003,,semifinal_v1.5.1,58011ddcaeaa2160bc51d32f50f956ca8ea552ed98363eaef11d301276495815
XO.WS74..HH.2018.07.25.04.07.49,P,WS74,main,44.99,,ABSTAIN,31.3,no_pick,NOT_EVALUABLE,14.6,0.25,0.0007,,semifinal_v1.5.1,58011ddcaeaa2160bc51d32f50f956ca8ea552ed98363eaef11d301276495815
XO.WD68..HH.2018.07.25.04.07.52,P,WD68,main,45.0,,ABSTAIN,21.3,no_pick,NOT_EVALUABLE,10.5,0.25,0.0002,,semifinal_v1.5.1,58011ddcaeaa2160bc51d32f50f956ca8ea552ed98363eaef11d301276495815
XO.LA28..HH.2018.07.25.21.38.27,P,LA28,main,44.99,,ABSTAIN,32.8,no_pick,NOT_EVALUABLE,15.7,0.25,0.0007,E,semifinal_v1.5.1,58011ddcaeaa2160bc51d32f50f956ca8ea552ed98363eaef11d301276495815
XO.LA28..HH.2018.07.25.21.38.27,S,LA28,main,71.2,,ABSTAIN,46.3,no_pick,NOT_EVALUABLE,15.7,0.25,0.0007,E,semifinal_v1.5.1,58011ddcaeaa2160bc51d32f50f956ca8ea552ed98363eaef11d301276495815
XO.WD66..HH.2018.07.25.21.37.52,P,WD66,main,44.99,,ABSTAIN,27.8,no_pick,NOT_EVALUABLE,12.8,0.25,0.0001,,semifinal_v1.5.1,58011ddcaeaa2160bc51d32f50f956ca8ea552ed98363eaef11d301276495815
XO.LD44..HH.2018.07.25.21.37.59,S,LD44,holdout,52.26,,ABSTAIN,21.3,no_pick,NOT_EVALUABLE,23.7,0.25,0.0001,,semifinal_v1.5.1,58011ddcaeaa2160bc51d32f50f956ca8ea552ed98363eaef11d301276495815
XO.LT20..HH.2018.07.25.21.38.17,P,LT20,holdout,44.99,,ABSTAIN,26.3,no_pick,NOT_EVALUABLE,16.2,0.25,0.0007,,semifinal_v1.5.1,58011ddcaeaa2160bc51d32f50f956ca8ea552ed98363eaef11d301276495815
XO.LA25..HH.2018.07.25.21.38.31,P,LA25,main,44.99,,ABSTAIN,14.3,no_pick,NOT_EVALUABLE,14.3,0.25,0.0027,E,semifinal_v1.5.1,58011ddcaeaa2160bc51d32f50f956ca8ea552ed98363eaef11d301276495815
XO.LD44..HH.2018.07.25.18.33.58,S,LD44,holdout,52.17,,ABSTAIN,21.3,no_pick,NOT_EVALUABLE,15.2,0.25,0.0001,,semifinal_v1.5.1,58011ddcaeaa2160bc51d32f50f956ca8ea552ed98363eaef11d301276495815
XO.WD68..HH.2018.07.25.18.33.58,P,WD68,main,44.99,,ABSTAIN,7.8,no_pick,NOT_EVALUABLE,20.1,0.25,0.0001,,semifinal_v1.5.1,58011ddcaeaa2160bc51d32f50f956ca8ea552ed98363eaef11d301276495815
XO.WD68..HH.2018.07.25.18.33.58,S,WD68,main,52.23,,ABSTAIN,21.3,no_pick,NOT_EVALUABLE,20.1,0.25,0.0001,,semifinal_v1.5.1,58011ddcaeaa2160bc51d32f50f956ca8ea552ed98363eaef11d301276495815
XO.WD52..HH.2018.07.25.18.34.03,P,WD52,holdout,44.99,,ABSTAIN,21.3,no_pick,NOT_EVALUABLE,13.8,0.25,0.0037,,semifinal_v1.5.1,58011ddcaeaa2160bc51d32f50f956ca8ea552ed98363eaef11d301276495815
XO.WD52..HH.2018.07.25.18.34.03,S,WD52,holdout,54.14,,ABSTAIN,21.3,no_pick,NOT_EVALUABLE,13.8,0.25,0.0037,,semifinal_v1.5.1,58011ddcaeaa2160bc51d32f50f956ca8ea552ed98363eaef11d301276495815
XO.LD40..HH.2018.07.26.10.55.02,P,LD40,main,44.99,,ABSTAIN,21.3,no_pick,NOT_EVALUABLE,12.0,0.25,0.0005,,semifinal_v1.5.1,58011ddcaeaa2160bc51d32f50f956ca8ea552ed98363eaef11d301276495815
XO.LD40..HH.2018.07.26.10.55.02,S,LD40,main,66.85,,ABSTAIN,21.3,no_pick,NOT_EVALUABLE,12.0,0.25,0.0005,,semifinal_v1.5.1,58011ddcaeaa2160bc51d32f50f956ca8ea552ed98363eaef11d301276495815
XO.WD70..HH.2018.07.26.10.54.53,P,WD70,main,44.99,,ABSTAIN,21.3,no_pick,NOT_EVALUABLE,15.8,0.25,0.0001,,semifinal_v1.5.1,58011ddcaeaa2160bc51d32f50f956ca8ea552ed98363eaef11d301276495815
XO.LA29..HH.2018.07.26.11.38.26,S,LA29,holdout,45.0,,ABSTAIN,6.0,no_pick,NOT_EVALUABLE,5.7,0.0,0.0006,,semifinal_v1.5.1,58011ddcaeaa2160bc51d32f50f956ca8ea552ed98363eaef11d301276495815
XO.LA29..HH.2018.07.26.08.11.03,P,LA29,main,45.0,46.515,FUSE,1.0,wrong,NOT_EVALUABLE,3.6,0.0,0.0004,,semifinal_v1.5.1,58011ddcaeaa2160bc51d32f50f956ca8ea552ed98363eaef11d301276495815
XO.LA26..HH.2018.07.26.08.11.23,S,LA26,main,45.0,,ABSTAIN,6.3,no_pick,NOT_EVALUABLE,0.4,0.0,0.0001,,semifinal_v1.5.1,58011ddcaeaa2160bc51d32f50f956ca8ea552ed98363eaef11d301276495815
XO.WD50..HH.2018.07.26.15.26.07,P,WD50,main,45.0,,ABSTAIN,21.3,no_pick,NOT_EVALUABLE,10.7,0.25,0.0001,,semifinal_v1.5.1,58011ddcaeaa2160bc51d32f50f956ca8ea552ed98363eaef11d301276495815
XO.WD50..HH.2018.07.26.15.26.07,S,WD50,main,67.02,,ABSTAIN,21.3,no_pick,NOT_EVALUABLE,10.7,0.25,0.0001,,semifinal_v1.5.1,58011ddcaeaa2160bc51d32f50f956ca8ea552ed98363eaef11d301276495815
XO.LD38..HH.2018.07.26.15.26.05,P,LD38,main,44.99,,ABSTAIN,21.3,no_pick,NOT_EVALUABLE,12.5,0.25,0.0007,,semifinal_v1.5.1,58011ddcaeaa2160bc51d32f50f956ca8ea552ed98363eaef11d301276495815
XO.LD38..HH.2018.07.26.15.26.05,S,LD38,main,65.62,,ABSTAIN,21.3,no_pick,NOT_EVALUABLE,12.5,0.25,0.0007,,semifinal_v1.5.1,58011ddcaeaa2160bc51d32f50f956ca8ea552ed98363eaef11d301276495815
XO.LA25..HH.2018.07.27.17.13.11,P,LA25,holdout,44.99,,ABSTAIN,22.8,no_pick,NOT_EVALUABLE,11.7,0.25,0.0003,E,semifinal_v1.5.1,58011ddcaeaa2160bc51d32f50f956ca8ea552ed98363eaef11d301276495815
XO.LA25..HH.2018.07.27.17.13.11,S,LA25,holdout,77.24,,ABSTAIN,22.8,no_pick,NOT_EVALUABLE,11.7,0.25,0.0003,E,semifinal_v1.5.1,58011ddcaeaa2160bc51d32f50f956ca8ea552ed98363eaef11d301276495815
XO.WD51..HH.2018.07.27.17.13.32,S,WD51,main,44.99,,ABSTAIN,26.3,no_pick,NOT_EVALUABLE,12.0,0.25,0.0001,,semifinal_v1.5.1,58011ddcaeaa2160bc51d32f50f956ca8ea552ed98363eaef11d301276495815
XO.LA23..HH.2018.07.27.17.13.42,S,LA23,main,45.0,,ABSTAIN,48.3,no_pick,NOT_EVALUABLE,0.8,0.0,0.0008,,semifinal_v1.5.1,58011ddcaeaa2160bc51d32f50f956ca8ea552ed98363eaef11d301276495815
XO.WD56..HH.2018.07.27.22.32.10,P,WD56,holdout,45.0,,ABSTAIN,21.3,no_pick,NOT_EVALUABLE,12.8,0.25,0.0001,,semifinal_v1.5.1,58011ddcaeaa2160bc51d32f50f956ca8ea552ed98363eaef11d301276495815
XO.WD46..HH.2018.07.27.00.53.08,P,WD46,main,45.0,,ABSTAIN,27.3,no_pick,NOT_EVALUABLE,7.4,0.25,0.0001,,semifinal_v1.5.1,58011ddcaeaa2160bc51d32f50f956ca8ea552ed98363eaef11d301276495815
XO.WD70..HH.2018.07.27.00.53.16,P,WD70,holdout,45.0,,ABSTAIN,21.3,no_pick,NOT_EVALUABLE,15.7,0.25,0.0001,,semifinal_v1.5.1,58011ddcaeaa2160bc51d32f50f956ca8ea552ed98363eaef11d301276495815
XO.WD70..HH.2018.07.27.00.53.16,S,WD70,holdout,59.18,,ABSTAIN,21.3,no_pick,NOT_EVALUABLE,15.7,0.25,0.0001,,semifinal_v1.5.1,58011ddcaeaa2160bc51d32f50f956ca8ea552ed98363eaef11d301276495815
XO.WD54..HH.2018.07.27.00.53.02,P,WD54,main,45.0,,ABSTAIN,27.8,no_pick,NOT_EVALUABLE,24.4,0.25,0.0001,,semifinal_v1.5.1,58011ddcaeaa2160bc51d32f50f956ca8ea552ed98363eaef11d301276495815
XO.WD54..HH.2018.07.27.00.53.02,S,WD54,main,49.69,,ABSTAIN,27.8,no_pick,NOT_EVALUABLE,24.4,0.25,0.0001,,semifinal_v1.5.1,58011ddcaeaa2160bc51d32f50f956ca8ea552ed98363eaef11d301276495815
XO.WS72..HH.2018.07.27.12.47.55,P,WS72,holdout,44.99,,ABSTAIN,31.3,no_pick,NOT_EVALUABLE,10.1,0.25,0.0002,,semifinal_v1.5.1,58011ddcaeaa2160bc51d32f50f956ca8ea552ed98363eaef11d301276495815
XO.WD50..HH.2018.07.27.13.49.07,P,WD50,main,45.0,,ABSTAIN,21.3,no_pick,NOT_EVALUABLE,11.0,0.25,0.0004,,semifinal_v1.5.1,58011ddcaeaa2160bc51d32f50f956ca8ea552ed98363eaef11d301276495815
XO.WD50..HH.2018.07.27.13.49.07,S,WD50,main,66.28,,ABSTAIN,21.3,no_pick,NOT_EVALUABLE,11.0,0.25,0.0004,,semifinal_v1.5.1,58011ddcaeaa2160bc51d32f50f956ca8ea552ed98363eaef11d301276495815
XO.WD70..HH.2018.07.27.14.45.35,P,WD70,main,44.99,,ABSTAIN,31.3,no_pick,NOT_EVALUABLE,17.4,0.25,0.0001,,semifinal_v1.5.1,58011ddcaeaa2160bc51d32f50f956ca8ea552ed98363eaef11d301276495815
XO.WD70..HH.2018.07.27.14.45.35,S,WD70,main,60.82,,ABSTAIN,31.3,no_pick,NOT_EVALUABLE,17.4,0.25,0.0001,,semifinal_v1.5.1,58011ddcaeaa2160bc51d32f50f956ca8ea552ed98363eaef11d301276495815
XO.WS72..HH.2018.07.27.14.45.38,P,WS72,main,44.99,,ABSTAIN,21.3,no_pick,NOT_EVALUABLE,11.1,0.25,0.0004,,semifinal_v1.5.1,58011ddcaeaa2160bc51d32f50f956ca8ea552ed98363eaef11d301276495815
XO.WS72..HH.2018.07.27.14.45.38,S,WS72,main,62.39,,ABSTAIN,21.3,no_pick,NOT_EVALUABLE,11.1,0.25,0.0004,,semifinal_v1.5.1,58011ddcaeaa2160bc51d32f50f956ca8ea552ed98363eaef11d301276495815
XO.LT07..HH.2018.07.27.17.42.34,S,LT07,main,44.99,,ABSTAIN,38.5,no_pick,NOT_EVALUABLE,8.7,0.0,0.0016,,semifinal_v1.5.1,58011ddcaeaa2160bc51d32f50f956ca8ea552ed98363eaef11d301276495815
XO.LT20..HH.2018.07.27.20.02.37,P,LT20,main,44.99,,ABSTAIN,44.8,no_pick,NOT_EVALUABLE,16.7,0.25,0.0057,,semifinal_v1.5.1,58011ddcaeaa2160bc51d32f50f956ca8ea552ed98363eaef11d301276495815
XO.LT20..HH.2018.07.27.20.02.37,S,LT20,main,52.82,,ABSTAIN,21.3,no_pick,NOT_EVALUABLE,16.7,0.25,0.0057,,semifinal_v1.5.1,58011ddcaeaa2160bc51d32f50f956ca8ea552ed98363eaef11d301276495815
XO.LA33..HH.2018.07.28.12.21.59,P,LA33,holdout,44.99,,ABSTAIN,5.0,no_pick,NOT_EVALUABLE,10.9,0.0,0.0001,,semifinal_v1.5.1,58011ddcaeaa2160bc51d32f50f956ca8ea552ed98363eaef11d301276495815
XO.WD50..HH.2018.07.28.03.44.40,P,WD50,holdout,44.99,,ABSTAIN,21.3,no_pick,NOT_EVALUABLE,12.5,0.25,0.0001,,semifinal_v1.5.1,58011ddcaeaa2160bc51d32f50f956ca8ea552ed98363eaef11d301276495815
XO.WD50..HH.2018.07.28.03.44.40,S,WD50,holdout,62.09,,ABSTAIN,21.3,no_pick,NOT_EVALUABLE,12.5,0.25,0.0001,,semifinal_v1.5.1,58011ddcaeaa2160bc51d32f50f956ca8ea552ed98363eaef11d301276495815
XO.WS72..HH.2018.07.28.03.44.35,P,WS72,main,45.0,,ABSTAIN,31.3,no_pick,NOT_EVALUABLE,16.1,0.25,0.0001,,semifinal_v1.5.1,58011ddcaeaa2160bc51d32f50f956ca8ea552ed98363eaef11d301276495815
XO.WS72..HH.2018.07.28.03.44.35,S,WS72,main,58.7,,ABSTAIN,31.3,no_pick,NOT_EVALUABLE,16.1,0.25,0.0001,,semifinal_v1.5.1,58011ddcaeaa2160bc51d32f50f956ca8ea552ed98363eaef11d301276495815
XO.LT20..HH.2018.07.28.05.28.40,P,LT20,holdout,45.0,,ROUTE,31.3,no_pick,NOT_EVALUABLE,16.5,0.25,0.0003,,semifinal_v1.5.1,58011ddcaeaa2160bc51d32f50f956ca8ea552ed98363eaef11d301276495815
XO.WD70..HH.2018.07.28.06.04.54,P,WD70,main,44.99,,ABSTAIN,21.3,no_pick,NOT_EVALUABLE,13.6,0.25,0.0001,,semifinal_v1.5.1,58011ddcaeaa2160bc51d32f50f956ca8ea552ed98363eaef11d301276495815
XO.WD54..HH.2018.07.28.06.04.55,S,WD54,main,44.99,,ABSTAIN,21.3,no_pick,NOT_EVALUABLE,14.1,0.25,0.0001,,semifinal_v1.5.1,58011ddcaeaa2160bc51d32f50f956ca8ea552ed98363eaef11d301276495815
XO.LA39..HH.2018.07.28.06.14.22,P,LA39,main,45.0,,ABSTAIN,11.0,no_pick,NOT_EVALUABLE,4.5,0.0,0.0013,,semifinal_v1.5.1,58011ddcaeaa2160bc51d32f50f956ca8ea552ed98363eaef11d301276495815
XO.WS71..HH.2018.07.29.12.23.26,S,WS71,main,67.88,,ABSTAIN,21.3,no_pick,NOT_EVALUABLE,14.3,0.25,0.0001,,semifinal_v1.5.1,58011ddcaeaa2160bc51d32f50f956ca8ea552ed98363eaef11d301276495815
XO.WD54..HH.2018.07.29.12.16.32,P,WD54,holdout,45.0,,ABSTAIN,44.8,no_pick,NOT_EVALUABLE,24.4,0.25,0.0001,,semifinal_v1.5.1,58011ddcaeaa2160bc51d32f50f956ca8ea552ed98363eaef11d301276495815
XO.WD54..HH.2018.07.29.12.16.32,S,WD54,holdout,50.84,,ABSTAIN,21.3,no_pick,NOT_EVALUABLE,24.4,0.25,0.0001,,semifinal_v1.5.1,58011ddcaeaa2160bc51d32f50f956ca8ea552ed98363eaef11d301276495815
XO.LT07..HH.2018.07.30.11.33.29,P,LT07,main,45.0,,ABSTAIN,5.0,no_pick,NOT_EVALUABLE,9.9,0.0,0.0004,,semifinal_v1.5.1,58011ddcaeaa2160bc51d32f50f956ca8ea552ed98363eaef11d301276495815
XO.WD58..HH.2018.07.30.11.33.55,P,WD58,holdout,44.99,,ABSTAIN,21.3,no_pick,NOT_EVALUABLE,18.8,0.25,0.0001,,semifinal_v1.5.1,58011ddcaeaa2160bc51d32f50f956ca8ea552ed98363eaef11d301276495815
XO.WD58..HH.2018.07.30.11.33.55,S,WD58,holdout,73.15,,ABSTAIN,21.3,no_pick,NOT_EVALUABLE,18.8,0.25,0.0001,,semifinal_v1.5.1,58011ddcaeaa2160bc51d32f50f956ca8ea552ed98363eaef11d301276495815
XO.WS75..HH.2018.07.30.11.34.05,P,WS75,main,44.99,,ABSTAIN,36.3,no_pick,NOT_EVALUABLE,9.4,0.25,0.0007,,semifinal_v1.5.1,58011ddcaeaa2160bc51d32f50f956ca8ea552ed98363eaef11d301276495815
XO.WS75..HH.2018.07.30.11.34.05,S,WS75,main,80.62,,ABSTAIN,36.3,no_pick,NOT_EVALUABLE,9.4,0.25,0.0007,,semifinal_v1.5.1,58011ddcaeaa2160bc51d32f50f956ca8ea552ed98363eaef11d301276495815
XO.WS72..HH.2018.07.30.23.50.10,P,WS72,main,44.99,,ABSTAIN,21.3,no_pick,NOT_EVALUABLE,20.8,0.25,0.0001,,semifinal_v1.5.1,58011ddcaeaa2160bc51d32f50f956ca8ea552ed98363eaef11d301276495815
XO.WS72..HH.2018.07.30.23.50.10,S,WS72,main,60.58,,ABSTAIN,21.3,no_pick,NOT_EVALUABLE,20.8,0.25,0.0001,,semifinal_v1.5.1,58011ddcaeaa2160bc51d32f50f956ca8ea552ed98363eaef11d301276495815
XO.WS71..HH.2018.07.30.23.50.19,P,WS71,main,44.99,,ABSTAIN,26.3,no_pick,NOT_EVALUABLE,16.0,0.25,0.0001,,semifinal_v1.5.1,58011ddcaeaa2160bc51d32f50f956ca8ea552ed98363eaef11d301276495815
XO.LD41..HH.2018.07.30.23.50.28,P,LD41,main,44.99,,ABSTAIN,26.3,no_pick,NOT_EVALUABLE,14.1,0.25,0.0001,,semifinal_v1.5.1,58011ddcaeaa2160bc51d32f50f956ca8ea552ed98363eaef11d301276495815
XO.WD53..HH.2018.07.30.12.27.58,P,WD53,main,45.0,,ABSTAIN,36.3,no_pick,NOT_EVALUABLE,11.9,0.25,0.0006,,semifinal_v1.5.1,58011ddcaeaa2160bc51d32f50f956ca8ea552ed98363eaef11d301276495815
XO.WS71..HH.2018.07.30.12.28.04,S,WS71,main,45.0,,ROUTE,46.3,no_pick,NOT_EVALUABLE,13.5,0.25,0.0005,,semifinal_v1.5.1,58011ddcaeaa2160bc51d32f50f956ca8ea552ed98363eaef11d301276495815
XO.LT01..HH.2018.07.31.12.25.28,P,LT01,holdout,45.0,28.24,FUSE,10.0,wrong,NOT_EVALUABLE,11.0,0.0,0.0059,,semifinal_v1.5.1,58011ddcaeaa2160bc51d32f50f956ca8ea552ed98363eaef11d301276495815
XO.LD38..HH.2018.07.31.12.25.39,S,LD38,main,45.0,,ABSTAIN,31.3,no_pick,NOT_EVALUABLE,11.8,0.25,0.0008,,semifinal_v1.5.1,58011ddcaeaa2160bc51d32f50f956ca8ea552ed98363eaef11d301276495815
XO.WD57..HH.2018.07.31.12.25.44,P,WD57,main,45.0,,ABSTAIN,21.3,no_pick,NOT_EVALUABLE,14.4,0.25,0.0001,,semifinal_v1.5.1,58011ddcaeaa2160bc51d32f50f956ca8ea552ed98363eaef11d301276495815
XO.WD46..HH.2018.07.31.12.44.00,P,WD46,main,44.99,,ABSTAIN,50.0,no_pick,NOT_EVALUABLE,7.3,0.25,0.0003,,semifinal_v1.5.1,58011ddcaeaa2160bc51d32f50f956ca8ea552ed98363eaef11d301276495815
XO.WS72..HH.2018.07.31.12.44.12,P,WS72,main,44.99,,ABSTAIN,31.3,no_pick,NOT_EVALUABLE,22.8,0.25,0.0001,,semifinal_v1.5.1,58011ddcaeaa2160bc51d32f50f956ca8ea552ed98363eaef11d301276495815
XO.WS72..HH.2018.07.31.12.44.12,S,WS72,main,60.51,,ABSTAIN,31.3,no_pick,NOT_EVALUABLE,22.8,0.25,0.0001,,semifinal_v1.5.1,58011ddcaeaa2160bc51d32f50f956ca8ea552ed98363eaef11d301276495815
XO.LA39..HH.2018.07.31.06.49.44,P,LA39,main,45.0,,ABSTAIN,5.0,no_pick,NOT_EVALUABLE,8.6,0.0,0.0001,,semifinal_v1.5.1,58011ddcaeaa2160bc51d32f50f956ca8ea552ed98363eaef11d301276495815
XO.WD57..HH.2018.07.31.06.59.56,P,WD57,main,44.99,,ABSTAIN,26.3,no_pick,NOT_EVALUABLE,13.0,0.25,0.0007,,semifinal_v1.5.1,58011ddcaeaa2160bc51d32f50f956ca8ea552ed98363eaef11d301276495815
XO.WD57..HH.2018.07.31.06.59.56,S,WD57,main,77.2,,ABSTAIN,26.3,no_pick,NOT_EVALUABLE,13.0,0.25,0.0007,,semifinal_v1.5.1,58011ddcaeaa2160bc51d32f50f956ca8ea552ed98363eaef11d301276495815
XO.WD70..HH.2018.07.31.06.59.30,P,WD70,holdout,44.99,,ABSTAIN,31.3,no_pick,NOT_EVALUABLE,20.7,0.25,0.0001,,semifinal_v1.5.1,58011ddcaeaa2160bc51d32f50f956ca8ea552ed98363eaef11d301276495815
XO.WD70..HH.2018.07.31.06.59.30,S,WD70,holdout,58.65,,ABSTAIN,31.3,no_pick,NOT_EVALUABLE,20.7,0.25,0.0001,,semifinal_v1.5.1,58011ddcaeaa2160bc51d32f50f956ca8ea552ed98363eaef11d301276495815
XO.WD48..HH.2018.07.31.06.59.34,P,WD48,main,44.99,,ABSTAIN,7.8,no_pick,NOT_EVALUABLE,9.9,0.25,0.0002,,semifinal_v1.5.1,58011ddcaeaa2160bc51d32f50f956ca8ea552ed98363eaef11d301276495815
XO.WD48..HH.2018.07.31.06.59.34,S,WD48,main,61.67,,ABSTAIN,21.3,no_pick,NOT_EVALUABLE,9.9,0.25,0.0002,,semifinal_v1.5.1,58011ddcaeaa2160bc51d32f50f956ca8ea552ed98363eaef11d301276495815
XO.WD49..HH.2018.07.31.06.59.43,P,WD49,main,44.99,,ABSTAIN,21.3,no_pick,NOT_EVALUABLE,10.4,0.25,0.0001,,semifinal_v1.5.1,58011ddcaeaa2160bc51d32f50f956ca8ea552ed98363eaef11d301276495815
XO.LA39..HH.2018.07.31.07.01.07,S,LA39,holdout,45.0,,ABSTAIN,6.0,no_pick,NOT_EVALUABLE,4.5,0.0,0.0001,,semifinal_v1.5.1,58011ddcaeaa2160bc51d32f50f956ca8ea552ed98363eaef11d301276495815
XO.WS71..HH.2018.07.31.07.01.27,S,WS71,main,45.0,,ABSTAIN,31.3,no_pick,NOT_EVALUABLE,11.4,0.25,0.0005,,semifinal_v1.5.1,58011ddcaeaa2160bc51d32f50f956ca8ea552ed98363eaef11d301276495815
XO.WD70..HH.2018.07.31.07.03.13,S,WD70,main,45.0,,ABSTAIN,41.3,no_pick,NOT_EVALUABLE,12.9,0.25,0.0001,,semifinal_v1.5.1,58011ddcaeaa2160bc51d32f50f956ca8ea552ed98363eaef11d301276495815
XO.WD49..HH.2018.07.31.09.40.21,P,WD49,main,45.0,,ABSTAIN,26.3,no_pick,NOT_EVALUABLE,10.4,0.25,0.0003,,semifinal_v1.5.1,58011ddcaeaa2160bc51d32f50f956ca8ea552ed98363eaef11d301276495815
XO.WD46..HH.2018.07.31.09.59.37,P,WD46,main,45.0,,ABSTAIN,22.3,no_pick,NOT_EVALUABLE,7.1,0.25,0.0002,,semifinal_v1.5.1,58011ddcaeaa2160bc51d32f50f956ca8ea552ed98363eaef11d301276495815
XO.WD48..HH.2018.07.31.09.59.54,P,WD48,main,44.99,,ABSTAIN,21.3,no_pick,NOT_EVALUABLE,17.7,0.25,0.0023,,semifinal_v1.5.1,58011ddcaeaa2160bc51d32f50f956ca8ea552ed98363eaef11d301276495815
XO.WD48..HH.2018.07.31.09.59.54,S,WD48,main,62.27,,ABSTAIN,21.3,no_pick,NOT_EVALUABLE,17.7,0.25,0.0023,,semifinal_v1.5.1,58011ddcaeaa2160bc51d32f50f956ca8ea552ed98363eaef11d301276495815
XO.WD57..HH.2018.07.31.10.03.11,P,WD57,main,45.0,,ABSTAIN,26.3,no_pick,NOT_EVALUABLE,13.5,0.25,0.0006,,semifinal_v1.5.1,58011ddcaeaa2160bc51d32f50f956ca8ea552ed98363eaef11d301276495815
XO.WD51..HH.2018.07.31.11.50.35,P,WD51,main,45.0,,ABSTAIN,31.3,no_pick,NOT_EVALUABLE,8.5,0.25,0.0001,,semifinal_v1.5.1,58011ddcaeaa2160bc51d32f50f956ca8ea552ed98363eaef11d301276495815
XO.WD51..HH.2018.07.31.11.50.35,S,WD51,main,65.67,,ABSTAIN,31.3,no_pick,NOT_EVALUABLE,8.5,0.25,0.0001,,semifinal_v1.5.1,58011ddcaeaa2160bc51d32f50f956ca8ea552ed98363eaef11d301276495815
XO.WS72..HH.2018.07.31.12.34.17,S,WS72,holdout,44.99,,ABSTAIN,31.3,no_pick,NOT_EVALUABLE,13.6,0.25,0.0001,,semifinal_v1.5.1,58011ddcaeaa2160bc51d32f50f956ca8ea552ed98363eaef11d301276495815
XO.WS71..HH.2018.07.31.12.34.35,S,WS71,main,44.99,,ABSTAIN,26.3,no_pick,NOT_EVALUABLE,13.7,0.25,0.0007,,semifinal_v1.5.1,58011ddcaeaa2160bc51d32f50f956ca8ea552ed98363eaef11d301276495815
XO.WD48..HH.2018.07.31.13.23.26,P,WD48,main,44.99,,ABSTAIN,12.8,no_pick,NOT_EVALUABLE,11.9,0.25,0.0001,,semifinal_v1.5.1,58011ddcaeaa2160bc51d32f50f956ca8ea552ed98363eaef11d301276495815
XO.WD48..HH.2018.07.31.13.23.26,S,WD48,main,61.85,,ABSTAIN,26.3,no_pick,NOT_EVALUABLE,11.9,0.25,0.0001,,semifinal_v1.5.1,58011ddcaeaa2160bc51d32f50f956ca8ea552ed98363eaef11d301276495815
XO.LD41..HH.2018.07.31.13.24.04,S,LD41,main,45.0,,ABSTAIN,21.3,no_pick,NOT_EVALUABLE,10.3,0.25,0.0002,,semifinal_v1.5.1,58011ddcaeaa2160bc51d32f50f956ca8ea552ed98363eaef11d301276495815
XO.WS72..HH.2018.07.31.13.48.03,S,WS72,main,45.0,,ABSTAIN,21.3,no_pick,NOT_EVALUABLE,18.9,0.25,0.0001,,semifinal_v1.5.1,58011ddcaeaa2160bc51d32f50f956ca8ea552ed98363eaef11d301276495815
XO.WD57..HH.2018.07.31.14.34.27,P,WD57,holdout,44.99,,ABSTAIN,26.3,no_pick,NOT_EVALUABLE,12.9,0.25,0.0001,,semifinal_v1.5.1,58011ddcaeaa2160bc51d32f50f956ca8ea552ed98363eaef11d301276495815
XO.WD57..HH.2018.07.31.14.34.27,S,WD57,holdout,69.64,,ABSTAIN,26.3,no_pick,NOT_EVALUABLE,12.9,0.25,0.0001,,semifinal_v1.5.1,58011ddcaeaa2160bc51d32f50f956ca8ea552ed98363eaef11d301276495815
XO.WS72..HH.2018.07.31.14.34.33,P,WS72,main,44.99,,ABSTAIN,21.3,no_pick,NOT_EVALUABLE,14.5,0.25,0.0001,,semifinal_v1.5.1,58011ddcaeaa2160bc51d32f50f956ca8ea552ed98363eaef11d301276495815
XO.WS72..HH.2018.07.31.14.34.33,S,WS72,main,73.83,,ABSTAIN,21.3,no_pick,NOT_EVALUABLE,14.5,0.25,0.0001,,semifinal_v1.5.1,58011ddcaeaa2160bc51d32f50f956ca8ea552ed98363eaef11d301276495815
XO.LA33..HH.2018.07.31.14.34.33,P,LA33,main,44.99,,ABSTAIN,6.0,no_pick,NOT_EVALUABLE,7.0,0.0,0.001,,semifinal_v1.5.1,58011ddcaeaa2160bc51d32f50f956ca8ea552ed98363eaef11d301276495815
XO.WD51..HH.2018.07.31.17.09.43,P,WD51,main,45.0,,ABSTAIN,21.3,no_pick,NOT_EVALUABLE,10.2,0.25,0.0001,,semifinal_v1.5.1,58011ddcaeaa2160bc51d32f50f956ca8ea552ed98363eaef11d301276495815
XO.WD51..HH.2018.07.31.17.09.43,S,WD51,main,70.69,,ABSTAIN,21.3,no_pick,NOT_EVALUABLE,10.2,0.25,0.0001,,semifinal_v1.5.1,58011ddcaeaa2160bc51d32f50f956ca8ea552ed98363eaef11d301276495815
XO.WD70..HH.2018.07.31.17.09.31,P,WD70,main,44.99,,ABSTAIN,21.3,no_pick,NOT_EVALUABLE,15.2,0.25,0.0001,,semifinal_v1.5.1,58011ddcaeaa2160bc51d32f50f956ca8ea552ed98363eaef11d301276495815
XO.WD70..HH.2018.07.31.17.09.31,S,WD70,main,62.03,,ABSTAIN,21.3,no_pick,NOT_EVALUABLE,15.2,0.25,0.0001,,semifinal_v1.5.1,58011ddcaeaa2160bc51d32f50f956ca8ea552ed98363eaef11d301276495815
XO.WD49..HH.2018.07.31.17.09.48,P,WD49,main,45.0,,ABSTAIN,31.3,no_pick,NOT_EVALUABLE,12.0,0.25,0.0001,,semifinal_v1.5.1,58011ddcaeaa2160bc51d32f50f956ca8ea552ed98363eaef11d301276495815
XO.WD48..HH.2018.07.31.23.43.46,S,WD48,main,44.99,,ABSTAIN,26.3,no_pick,NOT_EVALUABLE,14.8,0.25,0.0014,,semifinal_v1.5.1,58011ddcaeaa2160bc51d32f50f956ca8ea552ed98363eaef11d301276495815
XO.LD40..HH.2018.07.01.15.44.41,P,LD40,holdout,45.0,,ABSTAIN,21.3,no_pick,NOT_EVALUABLE,8.9,0.25,0.0001,,semifinal_v1.5.1,58011ddcaeaa2160bc51d32f50f956ca8ea552ed98363eaef11d301276495815
XO.LD40..HH.2018.07.01.15.44.41,S,LD40,holdout,70.62,,ABSTAIN,21.3,no_pick,NOT_EVALUABLE,8.9,0.25,0.0001,,semifinal_v1.5.1,58011ddcaeaa2160bc51d32f50f956ca8ea552ed98363eaef11d301276495815
XO.LA39..HH.2018.07.02.10.27.32,P,LA39,main,45.0,,ABSTAIN,47.0,no_pick,NOT_EVALUABLE,14.5,0.0,0.0005,,semifinal_v1.5.1,58011ddcaeaa2160bc51d32f50f956ca8ea552ed98363eaef11d301276495815
XO.LD45..HH.2018.07.07.12.17.44,P,LD45,main,44.99,,ABSTAIN,21.3,no_pick,NOT_EVALUABLE,14.2,0.25,0.0001,,semifinal_v1.5.1,58011ddcaeaa2160bc51d32f50f956ca8ea552ed98363eaef11d301276495815
XO.LD45..HH.2018.07.07.12.17.44,S,LD45,main,63.67,,ABSTAIN,21.3,no_pick,NOT_EVALUABLE,14.2,0.25,0.0001,,semifinal_v1.5.1,58011ddcaeaa2160bc51d32f50f956ca8ea552ed98363eaef11d301276495815
XO.LA34..HH.2018.07.07.12.17.52,P,LA34,main,45.0,,ABSTAIN,5.0,no_pick,NOT_EVALUABLE,9.5,0.0,0.0001,,semifinal_v1.5.1,58011ddcaeaa2160bc51d32f50f956ca8ea552ed98363eaef11d301276495815
XO.LA33..HH.2018.07.07.12.17.55,P,LA33,main,44.99,,ABSTAIN,5.0,no_pick,NOT_EVALUABLE,8.5,0.0,0.0001,,semifinal_v1.5.1,58011ddcaeaa2160bc51d32f50f956ca8ea552ed98363eaef11d301276495815
XO.LD40..HH.2018.07.13.11.58.35,S,LD40,main,45.0,,ABSTAIN,21.3,no_pick,NOT_EVALUABLE,11.1,0.25,0.0001,,semifinal_v1.5.1,58011ddcaeaa2160bc51d32f50f956ca8ea552ed98363eaef11d301276495815
XO.LT01..HH.2018.07.15.22.56.46,S,LT01,main,45.0,,ABSTAIN,28.3,no_pick,NOT_EVALUABLE,6.6,0.0,0.0012,,semifinal_v1.5.1,58011ddcaeaa2160bc51d32f50f956ca8ea552ed98363eaef11d301276495815
XO.WS72..HH.2018.07.25.11.33.25,P,WS72,holdout,44.99,,ABSTAIN,21.3,no_pick,NOT_EVALUABLE,9.9,0.25,0.0001,,semifinal_v1.5.1,58011ddcaeaa2160bc51d32f50f956ca8ea552ed98363eaef11d301276495815
XO.WS72..HH.2018.07.25.11.33.25,S,WS72,holdout,62.62,,ABSTAIN,21.3,no_pick,NOT_EVALUABLE,9.9,0.25,0.0001,,semifinal_v1.5.1,58011ddcaeaa2160bc51d32f50f956ca8ea552ed98363eaef11d301276495815
XO.WD48..HH.2018.07.25.11.33.25,P,WD48,main,44.99,,ABSTAIN,26.3,no_pick,NOT_EVALUABLE,10.8,0.25,0.0003,,semifinal_v1.5.1,58011ddcaeaa2160bc51d32f50f956ca8ea552ed98363eaef11d301276495815
XO.WD48..HH.2018.07.25.11.33.25,S,WD48,main,63.22,,ABSTAIN,26.3,no_pick,NOT_EVALUABLE,10.8,0.25,0.0003,,semifinal_v1.5.1,58011ddcaeaa2160bc51d32f50f956ca8ea552ed98363eaef11d301276495815
XO.WD51..HH.2018.07.25.11.33.33,P,WD51,main,44.99,,ABSTAIN,21.3,no_pick,NOT_EVALUABLE,12.8,0.25,0.0001,,semifinal_v1.5.1,58011ddcaeaa2160bc51d32f50f956ca8ea552ed98363eaef11d301276495815
XO.WD51..HH.2018.07.25.11.33.33,S,WD51,main,67.98,,ABSTAIN,21.3,no_pick,NOT_EVALUABLE,12.8,0.25,0.0001,,semifinal_v1.5.1,58011ddcaeaa2160bc51d32f50f956ca8ea552ed98363eaef11d301276495815
XO.WD49..HH.2018.07.25.11.33.38,P,WD49,holdout,44.99,,ABSTAIN,26.3,no_pick,NOT_EVALUABLE,12.9,0.25,0.0004,,semifinal_v1.5.1,58011ddcaeaa2160bc51d32f50f956ca8ea552ed98363eaef11d301276495815
XO.LD38..HH.2018.07.25.11.33.48,S,LD38,main,45.0,,ABSTAIN,21.3,no_pick,NOT_EVALUABLE,9.6,0.25,0.0003,,semifinal_v1.5.1,58011ddcaeaa2160bc51d32f50f956ca8ea552ed98363eaef11d301276495815
XO.WS74..HH.2018.07.26.07.31.39,P,WS74,main,44.99,,ABSTAIN,21.3,no_pick,NOT_EVALUABLE,12.8,0.25,0.0004,,semifinal_v1.5.1,58011ddcaeaa2160bc51d32f50f956ca8ea552ed98363eaef11d301276495815
XO.LT04..HH.2018.07.01.20.57.50,P,LT04,main,44.99,,ABSTAIN,47.0,no_pick,NOT_EVALUABLE,9.0,0.0,0.0008,,semifinal_v1.5.1,58011ddcaeaa2160bc51d32f50f956ca8ea552ed98363eaef11d301276495815
XO.LD40..HH.2018.07.01.21.11.45,S,LD40,main,44.99,,ABSTAIN,26.3,no_pick,NOT_EVALUABLE,14.4,0.25,0.0002,,semifinal_v1.5.1,58011ddcaeaa2160bc51d32f50f956ca8ea552ed98363eaef11d301276495815
XO.LA21..HH.2018.07.02.10.35.26,P,LA21,main,44.99,43.675,FUSE,4.3,wrong,NOT_EVALUABLE,9.5,0.25,0.0001,E,semifinal_v1.5.1,58011ddcaeaa2160bc51d32f50f956ca8ea552ed98363eaef11d301276495815
XO.LA21..HH.2018.07.02.10.35.26,S,LA21,main,54.08,,ABSTAIN,41.3,no_pick,NOT_EVALUABLE,9.5,0.25,0.0001,E,semifinal_v1.5.1,58011ddcaeaa2160bc51d32f50f956ca8ea552ed98363eaef11d301276495815
XO.LT07..HH.2018.07.02.10.35.41,P,LT07,main,45.0,,ABSTAIN,23.5,no_pick,NOT_EVALUABLE,11.2,0.0,0.0005,,semifinal_v1.5.1,58011ddcaeaa2160bc51d32f50f956ca8ea552ed98363eaef11d301276495815
XO.LT13..HH.2018.07.03.07.10.15,P,LT13,main,44.99,,ABSTAIN,18.6,no_pick,NOT_EVALUABLE,1.4,0.0,0.0005,,semifinal_v1.5.1,58011ddcaeaa2160bc51d32f50f956ca8ea552ed98363eaef11d301276495815
XO.LT07..HH.2018.07.05.00.42.23,P,LT07,holdout,44.99,59.02,FUSE,6.0,wrong,NOT_EVALUABLE,6.5,0.0,0.0007,,semifinal_v1.5.1,58011ddcaeaa2160bc51d32f50f956ca8ea552ed98363eaef11d301276495815
XO.LA39..HH.2018.07.05.00.42.49,S,LA39,main,44.99,,ABSTAIN,53.0,no_pick,NOT_EVALUABLE,7.6,0.0,0.0003,,semifinal_v1.5.1,58011ddcaeaa2160bc51d32f50f956ca8ea552ed98363eaef11d301276495815
XO.LA29..HH.2018.07.05.19.54.01,S,LA29,holdout,45.0,46.34,FUSE,1.3,wrong,NOT_EVALUABLE,2.2,0.0,0.0005,,semifinal_v1.5.1,58011ddcaeaa2160bc51d32f50f956ca8ea552ed98363eaef11d301276495815
XO.LT06..HH.2018.07.06.20.10.34,S,LT06,main,45.0,,ABSTAIN,14.3,no_pick,NOT_EVALUABLE,15.0,0.25,0.0016,E,semifinal_v1.5.1,58011ddcaeaa2160bc51d32f50f956ca8ea552ed98363eaef11d301276495815
XO.LD45..HH.2018.07.10.18.47.50,P,LD45,main,44.99,,ABSTAIN,21.3,no_pick,NOT_EVALUABLE,16.3,0.25,0.0015,,semifinal_v1.5.1,58011ddcaeaa2160bc51d32f50f956ca8ea552ed98363eaef11d301276495815
XO.LT20..HH.2018.07.11.07.07.38,S,LT20,main,44.99,,ABSTAIN,21.3,no_pick,NOT_EVALUABLE,14.0,0.25,0.0011,,semifinal_v1.5.1,58011ddcaeaa2160bc51d32f50f956ca8ea552ed98363eaef11d301276495815
XO.LD45..HH.2018.07.11.07.07.50,S,LD45,main,44.99,,ABSTAIN,21.3,no_pick,NOT_EVALUABLE,11.5,0.25,0.0006,,semifinal_v1.5.1,58011ddcaeaa2160bc51d32f50f956ca8ea552ed98363eaef11d301276495815
XO.LD40..HH.2018.07.15.02.04.38,S,LD40,main,44.99,,ROUTE,31.3,no_pick,NOT_EVALUABLE,16.4,0.25,0.0009,,semifinal_v1.5.1,58011ddcaeaa2160bc51d32f50f956ca8ea552ed98363eaef11d301276495815
XO.WD46..HH.2018.07.14.19.25.48,P,WD46,main,44.99,,ABSTAIN,21.3,no_pick,NOT_EVALUABLE,14.7,0.25,0.0001,,semifinal_v1.5.1,58011ddcaeaa2160bc51d32f50f956ca8ea552ed98363eaef11d301276495815
XO.WD69..HH.2018.07.21.15.15.02,P,WD69,main,44.99,,ABSTAIN,21.3,no_pick,NOT_EVALUABLE,13.3,0.25,0.0003,,semifinal_v1.5.1,58011ddcaeaa2160bc51d32f50f956ca8ea552ed98363eaef11d301276495815
XO.WD69..HH.2018.07.21.15.15.02,S,WD69,main,57.42,,ABSTAIN,21.3,no_pick,NOT_EVALUABLE,13.3,0.25,0.0003,,semifinal_v1.5.1,58011ddcaeaa2160bc51d32f50f956ca8ea552ed98363eaef11d301276495815
XO.WS75..HH.2018.07.21.15.15.13,S,WS75,main,44.99,,ABSTAIN,26.3,no_pick,NOT_EVALUABLE,11.9,0.25,0.0005,,semifinal_v1.5.1,58011ddcaeaa2160bc51d32f50f956ca8ea552ed98363eaef11d301276495815
XO.WS75..HH.2018.07.22.02.53.35,P,WS75,main,45.0,,ABSTAIN,21.3,no_pick,NOT_EVALUABLE,11.0,0.25,0.0002,,semifinal_v1.5.1,58011ddcaeaa2160bc51d32f50f956ca8ea552ed98363eaef11d301276495815
XO.WD67..HH.2018.07.24.19.14.03,P,WD67,main,45.0,,ABSTAIN,21.3,no_pick,NOT_EVALUABLE,10.6,0.25,0.0005,,semifinal_v1.5.1,58011ddcaeaa2160bc51d32f50f956ca8ea552ed98363eaef11d301276495815
XO.WD67..HH.2018.07.24.19.14.03,S,WD67,main,56.18,,ABSTAIN,21.3,no_pick,NOT_EVALUABLE,10.6,0.25,0.0005,,semifinal_v1.5.1,58011ddcaeaa2160bc51d32f50f956ca8ea552ed98363eaef11d301276495815
XO.WD53..HH.2018.07.25.00.59.51,P,WD53,main,44.99,,ABSTAIN,26.3,no_pick,NOT_EVALUABLE,11.8,0.25,0.0005,,semifinal_v1.5.1,58011ddcaeaa2160bc51d32f50f956ca8ea552ed98363eaef11d301276495815
XO.WD57..HH.2018.07.25.00.59.51,P,WD57,main,45.0,,ABSTAIN,31.3,no_pick,NOT_EVALUABLE,9.6,0.25,0.0005,,semifinal_v1.5.1,58011ddcaeaa2160bc51d32f50f956ca8ea552ed98363eaef11d301276495815
XO.LT14..HH.2018.07.25.03.31.03,P,LT14,main,44.99,,ABSTAIN,22.8,no_pick,NOT_EVALUABLE,17.9,0.25,0.0033,E,semifinal_v1.5.1,58011ddcaeaa2160bc51d32f50f956ca8ea552ed98363eaef11d301276495815
XO.WD54..HH.2018.07.25.08.22.55,P,WD54,main,44.99,,ABSTAIN,50.0,no_pick,NOT_EVALUABLE,7.9,0.25,0.0001,,semifinal_v1.5.1,58011ddcaeaa2160bc51d32f50f956ca8ea552ed98363eaef11d301276495815
XO.LD44..HH.2018.07.25.17.26.25,P,LD44,holdout,44.99,,ABSTAIN,26.3,no_pick,NOT_EVALUABLE,18.3,0.25,0.0005,,semifinal_v1.5.1,58011ddcaeaa2160bc51d32f50f956ca8ea552ed98363eaef11d301276495815
XO.LD44..HH.2018.07.25.17.26.25,S,LD44,holdout,50.68,,ABSTAIN,26.3,no_pick,NOT_EVALUABLE,18.3,0.25,0.0005,,semifinal_v1.5.1,58011ddcaeaa2160bc51d32f50f956ca8ea552ed98363eaef11d301276495815
XO.WD69..HH.2018.07.25.22.03.55,P,WD69,holdout,44.99,,ABSTAIN,21.3,no_pick,NOT_EVALUABLE,9.6,0.25,0.0005,,semifinal_v1.5.1,58011ddcaeaa2160bc51d32f50f956ca8ea552ed98363eaef11d301276495815
XO.WD69..HH.2018.07.25.22.03.55,S,WD69,holdout,53.6,,ABSTAIN,21.3,no_pick,NOT_EVALUABLE,9.6,0.25,0.0005,,semifinal_v1.5.1,58011ddcaeaa2160bc51d32f50f956ca8ea552ed98363eaef11d301276495815
XO.WS74..HH.2018.07.25.22.03.59,P,WS74,main,44.99,,ABSTAIN,26.3,no_pick,NOT_EVALUABLE,11.9,0.25,0.0007,,semifinal_v1.5.1,58011ddcaeaa2160bc51d32f50f956ca8ea552ed98363eaef11d301276495815
XO.WD68..HH.2018.07.25.22.04.06,P,WD68,main,44.99,,ABSTAIN,26.3,no_pick,NOT_EVALUABLE,11.5,0.25,0.0007,,semifinal_v1.5.1,58011ddcaeaa2160bc51d32f50f956ca8ea552ed98363eaef11d301276495815
XO.WD68..HH.2018.07.25.22.04.06,S,WD68,main,62.23,,ABSTAIN,26.3,no_pick,NOT_EVALUABLE,11.5,0.25,0.0007,,semifinal_v1.5.1,58011ddcaeaa2160bc51d32f50f956ca8ea552ed98363eaef11d301276495815
XO.LD36..HH.2018.07.25.06.12.34,P,LD36,main,44.99,,ABSTAIN,36.3,no_pick,NOT_EVALUABLE,16.3,0.25,0.0025,,semifinal_v1.5.1,58011ddcaeaa2160bc51d32f50f956ca8ea552ed98363eaef11d301276495815
XO.LD36..HH.2018.07.25.06.12.34,S,LD36,main,79.85,,ABSTAIN,36.3,no_pick,NOT_EVALUABLE,16.3,0.25,0.0025,,semifinal_v1.5.1,58011ddcaeaa2160bc51d32f50f956ca8ea552ed98363eaef11d301276495815
XO.WD56..HH.2018.07.25.06.12.38,P,WD56,main,45.0,,ABSTAIN,36.3,no_pick,NOT_EVALUABLE,19.6,0.25,0.0003,,semifinal_v1.5.1,58011ddcaeaa2160bc51d32f50f956ca8ea552ed98363eaef11d301276495815
XO.LA23..HH.2018.07.25.06.12.38,P,LA23,main,45.0,,ABSTAIN,28.6,no_pick,NOT_EVALUABLE,-1.0,0.0,0.0009,,semifinal_v1.5.1,58011ddcaeaa2160bc51d32f50f956ca8ea552ed98363eaef11d301276495815
XO.LT16..HH.2018.07.25.06.13.01,S,LT16,main,45.0,,ABSTAIN,47.8,no_pick,NOT_EVALUABLE,23.8,0.75,0.0008,N|E,semifinal_v1.5.1,58011ddcaeaa2160bc51d32f50f956ca8ea552ed98363eaef11d301276495815
XO.WD61..HH.2018.07.25.14.10.24,P,WD61,main,45.0,,ABSTAIN,21.3,no_pick,NOT_EVALUABLE,11.2,0.25,0.0006,,semifinal_v1.5.1,58011ddcaeaa2160bc51d32f50f956ca8ea552ed98363eaef11d301276495815
XO.LD40..HH.2018.07.26.17.39.51,S,LD40,main,45.0,,ABSTAIN,21.3,no_pick,NOT_EVALUABLE,11.8,0.25,0.0006,,semifinal_v1.5.1,58011ddcaeaa2160bc51d32f50f956ca8ea552ed98363eaef11d301276495815
XO.WD64..HH.2018.07.26.19.17.55,P,WD64,main,44.99,,ABSTAIN,21.3,no_pick,NOT_EVALUABLE,12.9,0.25,0.0003,,semifinal_v1.5.1,58011ddcaeaa2160bc51d32f50f956ca8ea552ed98363eaef11d301276495815
XO.WS74..HH.2018.07.26.19.18.04,S,WS74,main,44.99,,ABSTAIN,21.3,no_pick,NOT_EVALUABLE,11.7,0.25,0.0009,,semifinal_v1.5.1,58011ddcaeaa2160bc51d32f50f956ca8ea552ed98363eaef11d301276495815
XO.WD70..HH.2018.07.26.21.48.46,P,WD70,holdout,45.0,,ABSTAIN,21.3,no_pick,NOT_EVALUABLE,14.0,0.25,0.0001,,semifinal_v1.5.1,58011ddcaeaa2160bc51d32f50f956ca8ea552ed98363eaef11d301276495815
XO.WD70..HH.2018.07.26.21.48.46,S,WD70,holdout,63.27,,ABSTAIN,21.3,no_pick,NOT_EVALUABLE,14.0,0.25,0.0001,,semifinal_v1.5.1,58011ddcaeaa2160bc51d32f50f956ca8ea552ed98363eaef11d301276495815
XO.WS72..HH.2018.07.26.21.48.50,P,WS72,main,44.99,,ABSTAIN,26.3,no_pick,NOT_EVALUABLE,12.6,0.25,0.0001,,semifinal_v1.5.1,58011ddcaeaa2160bc51d32f50f956ca8ea552ed98363eaef11d301276495815
XO.WS72..HH.2018.07.26.21.48.50,S,WS72,main,65.24,,ABSTAIN,26.3,no_pick,NOT_EVALUABLE,12.6,0.25,0.0001,,semifinal_v1.5.1,58011ddcaeaa2160bc51d32f50f956ca8ea552ed98363eaef11d301276495815
XO.WD49..HH.2018.07.26.21.49.02,P,WD49,holdout,45.0,,ABSTAIN,21.3,no_pick,NOT_EVALUABLE,12.1,0.25,0.0001,,semifinal_v1.5.1,58011ddcaeaa2160bc51d32f50f956ca8ea552ed98363eaef11d301276495815
XO.WD49..HH.2018.07.26.21.49.02,S,WD49,holdout,73.3,,ABSTAIN,21.3,no_pick,NOT_EVALUABLE,12.1,0.25,0.0001,,semifinal_v1.5.1,58011ddcaeaa2160bc51d32f50f956ca8ea552ed98363eaef11d301276495815
XO.WS72..HH.2018.07.26.07.31.27,P,WS72,holdout,44.99,,ABSTAIN,36.3,no_pick,NOT_EVALUABLE,12.2,0.25,0.0002,,semifinal_v1.5.1,58011ddcaeaa2160bc51d32f50f956ca8ea552ed98363eaef11d301276495815
XO.WS72..HH.2018.07.26.07.31.27,S,WS72,holdout,59.75,,ABSTAIN,36.3,no_pick,NOT_EVALUABLE,12.2,0.25,0.0002,,semifinal_v1.5.1,58011ddcaeaa2160bc51d32f50f956ca8ea552ed98363eaef11d301276495815
XO.LD45..HH.2018.07.27.05.54.23,P,LD45,main,44.99,,ABSTAIN,26.3,no_pick,NOT_EVALUABLE,12.7,0.25,0.0005,,semifinal_v1.5.1,58011ddcaeaa2160bc51d32f50f956ca8ea552ed98363eaef11d301276495815
XO.WD69..HH.2018.07.27.17.19.03,P,WD69,main,44.99,,ABSTAIN,26.3,no_pick,NOT_EVALUABLE,10.6,0.25,0.0002,,semifinal_v1.5.1,58011ddcaeaa2160bc51d32f50f956ca8ea552ed98363eaef11d301276495815
XO.LD41..HH.2018.07.27.17.27.32,P,LD41,main,44.99,,ABSTAIN,21.3,no_pick,NOT_EVALUABLE,12.2,0.25,0.0005,,semifinal_v1.5.1,58011ddcaeaa2160bc51d32f50f956ca8ea552ed98363eaef11d301276495815
XO.LD41..HH.2018.07.27.17.27.32,S,LD41,main,59.43,,ABSTAIN,21.3,no_pick,NOT_EVALUABLE,12.2,0.25,0.0005,,semifinal_v1.5.1,58011ddcaeaa2160bc51d32f50f956ca8ea552ed98363eaef11d301276495815
XO.LD36..HH.2018.07.27.17.28.15,S,LD36,main,44.99,,ABSTAIN,26.3,no_pick,NOT_EVALUABLE,15.2,0.25,0.0011,,semifinal_v1.5.1,58011ddcaeaa2160bc51d32f50f956ca8ea552ed98363eaef11d301276495815
XO.LD38..HH.2018.07.27.21.41.18,P,LD38,holdout,45.0,,ABSTAIN,26.3,no_pick,NOT_EVALUABLE,12.1,0.25,0.0004,,semifinal_v1.5.1,58011ddcaeaa2160bc51d32f50f956ca8ea552ed98363eaef11d301276495815
XO.WS72..HH.2018.07.27.21.41.16,P,WS72,main,44.99,,ABSTAIN,21.3,no_pick,NOT_EVALUABLE,16.6,0.25,0.0001,,semifinal_v1.5.1,58011ddcaeaa2160bc51d32f50f956ca8ea552ed98363eaef11d301276495815
XO.WS72..HH.2018.07.27.21.41.16,S,WS72,main,59.09,,ABSTAIN,21.3,no_pick,NOT_EVALUABLE,16.6,0.25,0.0001,,semifinal_v1.5.1,58011ddcaeaa2160bc51d32f50f956ca8ea552ed98363eaef11d301276495815
XO.WD54..HH.2018.07.28.05.17.43,P,WD54,main,45.0,,ABSTAIN,26.3,no_pick,NOT_EVALUABLE,17.2,0.25,0.0001,,semifinal_v1.5.1,58011ddcaeaa2160bc51d32f50f956ca8ea552ed98363eaef11d301276495815
XO.WD54..HH.2018.07.28.05.17.43,S,WD54,main,50.52,,ABSTAIN,26.3,no_pick,NOT_EVALUABLE,17.2,0.25,0.0001,,semifinal_v1.5.1,58011ddcaeaa2160bc51d32f50f956ca8ea552ed98363eaef11d301276495815
XO.LD40..HH.2018.07.28.07.51.26,S,LD40,main,45.0,,ABSTAIN,21.3,no_pick,NOT_EVALUABLE,12.5,0.25,0.0006,,semifinal_v1.5.1,58011ddcaeaa2160bc51d32f50f956ca8ea552ed98363eaef11d301276495815
XO.WD50..HH.2018.07.28.15.41.40,P,WD50,main,45.0,,ABSTAIN,26.3,no_pick,NOT_EVALUABLE,12.0,0.25,0.0003,,semifinal_v1.5.1,58011ddcaeaa2160bc51d32f50f956ca8ea552ed98363eaef11d301276495815
XO.WD50..HH.2018.07.28.15.41.40,S,WD50,main,66.52,,ABSTAIN,26.3,no_pick,NOT_EVALUABLE,12.0,0.25,0.0003,,semifinal_v1.5.1,58011ddcaeaa2160bc51d32f50f956ca8ea552ed98363eaef11d301276495815
XO.WS72..HH.2018.07.29.05.06.35,P,WS72,main,45.0,,ABSTAIN,44.8,no_pick,NOT_EVALUABLE,12.2,0.25,0.0001,,semifinal_v1.5.1,58011ddcaeaa2160bc51d32f50f956ca8ea552ed98363eaef11d301276495815
XO.WS72..HH.2018.07.29.05.06.35,S,WS72,main,59.46,,ABSTAIN,21.3,no_pick,NOT_EVALUABLE,12.2,0.25,0.0001,,semifinal_v1.5.1,58011ddcaeaa2160bc51d32f50f956ca8ea552ed98363eaef11d301276495815
XO.WD54..HH.2018.07.29.05.06.27,P,WD54,main,44.99,,ABSTAIN,31.3,no_pick,NOT_EVALUABLE,16.6,0.25,0.0001,,semifinal_v1.5.1,58011ddcaeaa2160bc51d32f50f956ca8ea552ed98363eaef11d301276495815
XO.WD54..HH.2018.07.29.05.06.27,S,WD54,main,54.14,,ABSTAIN,31.3,no_pick,NOT_EVALUABLE,16.6,0.25,0.0001,,semifinal_v1.5.1,58011ddcaeaa2160bc51d32f50f956ca8ea552ed98363eaef11d301276495815
XO.LD38..HH.2018.07.29.06.15.18,P,LD38,main,44.99,,ABSTAIN,21.3,no_pick,NOT_EVALUABLE,10.5,0.25,0.0001,,semifinal_v1.5.1,58011ddcaeaa2160bc51d32f50f956ca8ea552ed98363eaef11d301276495815
XO.LD38..HH.2018.07.29.06.15.18,S,LD38,main,52.69,,ABSTAIN,21.3,no_pick,NOT_EVALUABLE,10.5,0.25,0.0001,,semifinal_v1.5.1,58011ddcaeaa2160bc51d32f50f956ca8ea552ed98363eaef11d301276495815
XO.LA29..HH.2018.07.29.08.45.00,P,LA29,main,45.0,,ABSTAIN,19.5,no_pick,NOT_EVALUABLE,3.5,0.0,0.0004,,semifinal_v1.5.1,58011ddcaeaa2160bc51d32f50f956ca8ea552ed98363eaef11d301276495815
XO.WD46..HH.2018.07.29.10.43.22,P,WD46,main,45.0,,ABSTAIN,50.0,no_pick,NOT_EVALUABLE,12.1,0.25,0.0005,,semifinal_v1.5.1,58011ddcaeaa2160bc51d32f50f956ca8ea552ed98363eaef11d301276495815
XO.WD50..HH.2018.07.29.10.43.41,P,WD50,main,45.0,,ABSTAIN,21.3,no_pick,NOT_EVALUABLE,10.1,0.25,0.0001,,semifinal_v1.5.1,58011ddcaeaa2160bc51d32f50f956ca8ea552ed98363eaef11d301276495815
XO.WD50..HH.2018.07.29.10.43.41,S,WD50,main,64.9,,ABSTAIN,21.3,no_pick,NOT_EVALUABLE,10.1,0.25,0.0001,,semifinal_v1.5.1,58011ddcaeaa2160bc51d32f50f956ca8ea552ed98363eaef11d301276495815
XO.WD49..HH.2018.07.29.10.43.46,P,WD49,holdout,45.0,,ABSTAIN,26.3,no_pick,NOT_EVALUABLE,11.3,0.25,0.0001,,semifinal_v1.5.1,58011ddcaeaa2160bc51d32f50f956ca8ea552ed98363eaef11d301276495815
XO.WD49..HH.2018.07.29.10.43.46,S,WD49,holdout,67.74,,ABSTAIN,26.3,no_pick,NOT_EVALUABLE,11.3,0.25,0.0001,,semifinal_v1.5.1,58011ddcaeaa2160bc51d32f50f956ca8ea552ed98363eaef11d301276495815
XO.WD51..HH.2018.07.29.10.50.19,P,WD51,main,45.0,,ABSTAIN,21.3,no_pick,NOT_EVALUABLE,9.7,0.25,0.0005,,semifinal_v1.5.1,58011ddcaeaa2160bc51d32f50f956ca8ea552ed98363eaef11d301276495815
XO.WD50..HH.2018.07.31.05.39.24,P,WD50,main,44.99,,ABSTAIN,26.3,no_pick,NOT_EVALUABLE,9.5,0.25,0.0001,,semifinal_v1.5.1,58011ddcaeaa2160bc51d32f50f956ca8ea552ed98363eaef11d301276495815
XO.WD50..HH.2018.07.31.05.39.24,S,WD50,main,61.14,,ABSTAIN,26.3,no_pick,NOT_EVALUABLE,9.5,0.25,0.0001,,semifinal_v1.5.1,58011ddcaeaa2160bc51d32f50f956ca8ea552ed98363eaef11d301276495815
XO.LD40..HH.2018.07.31.16.56.54,S,LD40,holdout,45.0,,ABSTAIN,26.3,no_pick,NOT_EVALUABLE,10.9,0.25,0.0007,,semifinal_v1.5.1,58011ddcaeaa2160bc51d32f50f956ca8ea552ed98363eaef11d301276495815
XO.WD69..HH.2018.07.31.19.21.34,P,WD69,main,44.99,,ABSTAIN,21.3,no_pick,NOT_EVALUABLE,10.5,0.25,0.0003,,semifinal_v1.5.1,58011ddcaeaa2160bc51d32f50f956ca8ea552ed98363eaef11d301276495815
XO.WD69..HH.2018.07.31.19.21.34,S,WD69,main,55.11,,ABSTAIN,21.3,no_pick,NOT_EVALUABLE,10.5,0.25,0.0003,,semifinal_v1.5.1,58011ddcaeaa2160bc51d32f50f956ca8ea552ed98363eaef11d301276495815
XO.LD44..HH.2018.07.31.19.21.36,P,LD44,main,44.99,,ABSTAIN,21.3,no_pick,NOT_EVALUABLE,10.8,0.25,0.0003,,semifinal_v1.5.1,58011ddcaeaa2160bc51d32f50f956ca8ea552ed98363eaef11d301276495815
XO.LD44..HH.2018.07.31.19.21.36,S,LD44,main,56.18,,ABSTAIN,21.3,no_pick,NOT_EVALUABLE,10.8,0.25,0.0003,,semifinal_v1.5.1,58011ddcaeaa2160bc51d32f50f956ca8ea552ed98363eaef11d301276495815
XO.LA39..HH.2018.07.31.13.47.53,P,LA39,holdout,45.0,37.32,FUSE,1.0,wrong,NOT_EVALUABLE,6.0,0.0,0.0003,,semifinal_v1.5.1,58011ddcaeaa2160bc51d32f50f956ca8ea552ed98363eaef11d301276495815
