sample_id,phase,station,split,reference_time_s,action,risk,selected_time_s,auto_capable,verdict
XO.LT07..HH.2018.05.12.20.49.55,P,LT07,main,44.99,FUSE,0.0,45.02,True,correct
XO.LT07..HH.2018.05.12.20.49.55,S,LT07,main,58.72,FUSE,0.0,58.76,True,correct
XO.LT06..HH.2018.05.12.20.49.48,P,LT06,main,45.0,FUSE,4.3,45.03,True,correct
XO.LT06..HH.2018.05.12.20.49.48,S,LT06,main,52.5,FUSE,4.3,52.65,True,correct
XO.LT07..HH.2018.05.13.11.47.49,S,LT07,main,44.99,FUSE,22.3,95.145,True,wrong
XO.LT14..HH.2018.05.13.16.49.13,P,LT14,main,44.99,FUSE,4.3,45.0,True,correct
XO.LT14..HH.2018.05.13.18.48.42,P,LT14,main,44.99,FUSE,4.3,45.085,True,correct
XO.LT06..HH.2018.05.14.09.20.39,P,LT06,main,44.99,ABSTAIN,22.8,,False,no_pick
XO.LT06..HH.2018.05.14.09.20.39,S,LT06,main,54.87,FUSE,4.3,54.975,True,correct
XO.LT07..HH.2018.05.15.13.02.52,P,LT07,main,45.0,ABSTAIN,6.0,,False,no_pick
XO.LD36..HH.2018.05.15.13.54.09,P,LD36,main,44.99,ROUTE,21.3,45.03,True,correct
XO.LA25..HH.2018.05.15.13.54.12,P,LA25,holdout,45.0,FUSE,9.3,45.075,True,correct
XO.LA25..HH.2018.05.15.13.54.12,S,LA25,holdout,74.84,ABSTAIN,46.3,,False,no_pick
XO.LT07..HH.2018.05.15.10.17.37,S,LT07,holdout,44.99,FUSE,0.0,45.06,True,correct
XO.LT14..HH.2018.05.15.19.26.15,P,LT14,main,44.99,FUSE,4.3,44.99,True,correct
XO.LT14..HH.2018.05.15.19.26.15,S,LT14,main,56.74,FUSE,4.3,56.685,True,correct
XO.LT07..HH.2018.05.16.12.54.57,P,LT07,main,45.0,FUSE,0.0,44.92,True,correct
XO.LT07..HH.2018.05.16.12.54.57,S,LT07,main,52.96,FUSE,0.0,52.99,True,correct
XO.LT07..HH.2018.05.18.22.11.25,P,LT07,main,44.99,ABSTAIN,6.0,,False,no_pick
XO.LT07..HH.2018.05.18.22.11.25,S,LT07,main,55.34,ABSTAIN,6.0,,False,no_pick
XO.LT17..HH.2018.05.19.02.03.22,P,LT17,main,44.99,ABSTAIN,18.6,,False,no_pick
XO.LT17..HH.2018.05.19.02.03.22,S,LT17,main,59.82,ABSTAIN,6.3,,False,no_pick
XO.LT18..HH.2018.05.19.02.03.22,P,LT18,holdout,45.0,FUSE,9.3,44.965,True,correct
XO.LT18..HH.2018.05.19.02.03.22,S,LT18,holdout,60.27,ABSTAIN,46.3,,False,no_pick
XO.LT12..HH.2018.05.19.17.46.44,P,LT12,main,45.0,FUSE,1.0,44.72,True,correct
XO.LT12..HH.2018.05.19.17.46.44,S,LT12,main,53.65,FUSE,1.0,53.59,True,correct
XO.LT14..HH.2018.05.19.17.46.44,P,LT14,main,45.0,FUSE,14.3,45.005,True,correct
XO.LT14..HH.2018.05.19.17.46.44,S,LT14,main,54.4,FUSE,14.3,54.665,True,correct
XO.LT20..HH.2018.05.19.19.23.05,P,LT20,main,45.0,ROUTE,21.3,45.05,True,correct
XO.LT20..HH.2018.05.19.19.23.05,S,LT20,main,53.59,ROUTE,21.3,53.47,True,correct
XO.LT17..HH.2018.05.19.22.03.45,P,LT17,main,44.99,FUSE,13.3,44.945,True,correct
XO.LT17..HH.2018.05.19.22.03.45,S,LT17,main,56.98,FUSE,1.0,57.68,True,correct
XO.LT17..HH.2018.05.20.00.22.24,P,LT17,main,44.99,FUSE,13.6,44.985,True,correct
XO.LT17..HH.2018.05.20.00.22.24,S,LT17,main,58.13,FUSE,13.6,57.515,True,correct
XO.LT20..HH.2018.05.20.00.22.19,P,LT20,holdout,44.99,ROUTE,21.3,44.99,True,correct
XO.LT20..HH.2018.05.20.00.22.19,S,LT20,holdout,52.98,ROUTE,21.3,53.15,True,correct
XO.LA25..HH.2018.05.21.03.48.10,P,LA25,holdout,44.99,ABSTAIN,42.8,,False,no_pick
XO.LA25..HH.2018.05.21.03.48.10,S,LA25,holdout,80.04,ABSTAIN,61.3,,False,no_pick
XO.LT10..HH.2018.05.21.03.48.30,S,LT10,main,44.99,FUSE,18.6,45.365,True,correct
XO.LT14..HH.2018.05.21.04.42.07,P,LT14,main,44.99,FUSE,4.3,45.265,True,correct
XO.LT14..HH.2018.05.21.04.42.07,S,LT14,main,76.0,FUSE,4.3,76.06,True,correct
XO.LA30..HH.2018.05.21.04.42.52,S,LA30,main,45.0,ABSTAIN,10.0,,False,no_pick
XO.LA33..HH.2018.05.21.19.58.59,P,LA33,main,45.0,FUSE,6.0,45.02,True,correct
XO.LA33..HH.2018.05.21.19.58.59,S,LA33,main,70.45,FUSE,18.3,70.495,True,correct
XO.LT18..HH.2018.05.22.23.57.53,P,LT18,main,44.99,ABSTAIN,22.8,,False,no_pick
XO.LT18..HH.2018.05.22.23.57.53,S,LT18,main,54.5,FUSE,4.3,54.735,True,correct
XO.LT17..HH.2018.05.22.23.57.56,P,LT17,main,44.99,FUSE,1.3,44.485,True,wrong
XO.LT17..HH.2018.05.22.23.57.56,S,LT17,main,56.52,FUSE,1.3,56.42,True,correct
XO.LT18..HH.2018.05.22.05.23.43,P,LT18,main,44.99,FUSE,4.3,44.985,True,correct
XO.LT18..HH.2018.05.22.05.23.43,S,LT18,main,50.96,FUSE,4.3,50.895,True,correct
XO.LT18..HH.2018.05.22.11.57.00,P,LT18,main,44.99,FUSE,4.3,44.995,True,correct
XO.LT18..HH.2018.05.22.11.57.00,S,LT18,main,53.0,FUSE,4.3,52.65,True,correct
XO.LT13..HH.2018.05.22.11.57.14,P,LT13,main,44.99,ABSTAIN,11.3,,False,no_pick
XO.LT14..HH.2018.05.23.05.00.54,P,LT14,main,45.0,FUSE,4.3,45.11,True,correct
XO.LT15..HH.2018.05.23.00.51.43,S,LT15,main,45.0,ABSTAIN,16.0,,False,no_pick
XO.LA25..HH.2018.05.23.00.51.49,P,LA25,main,45.0,ROUTE,22.8,45.02,True,correct
XO.LD36..HH.2018.05.23.00.51.50,P,LD36,main,44.99,ROUTE,21.3,45.07,True,correct
XO.LD41..HH.2018.05.24.03.19.38,P,LD41,main,44.99,ROUTE,21.3,43.93,True,wrong
XO.LD41..HH.2018.05.24.03.19.38,S,LD41,main,69.81,ROUTE,21.3,70.02,True,correct
XO.LD41..HH.2018.05.24.12.30.13,P,LD41,main,45.0,ROUTE,26.3,44.73,True,correct
XO.LD41..HH.2018.05.24.12.30.13,S,LD41,main,73.95,ROUTE,26.3,73.78,True,correct
XO.LT20..HH.2018.05.25.06.03.39,P,LT20,main,44.99,ROUTE,31.3,46.41,True,wrong
XO.LT20..HH.2018.05.25.06.03.39,S,LT20,main,62.83,ABSTAIN,31.3,,False,no_pick
XO.LD45..HH.2018.05.25.06.30.42,P,LD45,main,44.99,ROUTE,21.3,45.05,True,correct
XO.LA26..HH.2018.05.25.06.30.46,P,LA26,main,44.99,ABSTAIN,37.0,,False,no_pick
XO.LA34..HH.2018.05.25.06.30.56,S,LA34,main,45.0,FUSE,1.0,45.18,True,correct
XO.LA29..HH.2018.05.25.06.30.57,S,LA29,main,45.0,FUSE,1.0,45.27,True,correct
XO.LD41..HH.2018.05.25.04.54.19,P,LD41,holdout,45.0,ROUTE,26.3,45.7,True,wrong
XO.LD41..HH.2018.05.25.05.36.36,P,LD41,main,45.0,ROUTE,21.3,44.9,True,correct
XO.LT04..HH.2018.05.25.08.10.32,P,LT04,main,44.99,FUSE,1.3,44.735,True,correct
XO.LT04..HH.2018.05.25.08.10.32,S,LT04,main,58.21,ABSTAIN,6.3,,False,no_pick
XO.LT04..HH.2018.05.25.08.40.15,P,LT04,main,44.99,FUSE,1.0,44.96,True,correct
XO.LT04..HH.2018.05.25.08.40.15,S,LT04,main,52.26,FUSE,1.0,52.11,True,correct
XO.LT18..HH.2018.05.26.11.55.24,P,LT18,main,44.99,FUSE,4.3,44.985,True,correct
XO.LT18..HH.2018.05.26.11.55.24,S,LT18,main,54.87,FUSE,4.3,54.935,True,correct
XO.LD44..HH.2018.05.26.11.58.59,P,LD44,main,44.99,ROUTE,26.3,45.18,True,correct
XO.LA33..HH.2018.05.26.11.59.11,P,LA33,main,44.99,FUSE,6.3,44.92,True,correct
XO.LD38..HH.2018.05.26.19.37.24,P,LD38,main,45.0,ROUTE,21.3,44.91,True,correct
XO.LD38..HH.2018.05.26.19.37.24,S,LD38,main,58.54,ROUTE,21.3,58.8,True,correct
XO.LD41..HH.2018.05.26.10.39.55,P,LD41,holdout,44.99,ROUTE,26.3,45.01,True,correct
XO.LD40..HH.2018.05.26.14.57.05,S,LD40,main,44.99,ROUTE,31.3,45.7,True,correct
XO.LD41..HH.2018.05.27.16.25.34,P,LD41,main,44.99,ROUTE,21.3,45.17,True,correct
XO.LA23..HH.2018.05.27.18.30.11,P,LA23,main,44.99,FUSE,0.0,44.46,True,wrong
XO.LA23..HH.2018.05.27.18.30.11,S,LA23,main,57.08,ROUTE,18.5,57.55,True,correct
XO.LT06..HH.2018.05.27.18.30.20,P,LT06,holdout,44.99,FUSE,4.3,44.975,True,correct
XO.LA29..HH.2018.05.27.18.30.30,P,LA29,main,45.0,FUSE,6.0,44.04,True,wrong
XO.LT20..HH.2018.05.27.14.38.01,S,LT20,holdout,44.99,ROUTE,21.3,45.06,True,correct
XO.LA32..HH.2018.05.28.07.33.19,P,LA32,holdout,45.0,ABSTAIN,22.3,,False,no_pick
XO.LT20..HH.2018.05.28.07.32.51,P,LT20,main,44.99,ROUTE,26.3,44.73,True,correct
XO.LT20..HH.2018.05.28.07.32.51,S,LT20,main,56.79,ROUTE,26.3,56.74,True,correct
XO.LD40..HH.2018.05.28.04.25.32,S,LD40,main,45.0,ROUTE,26.3,44.42,True,correct
XO.LT01..HH.2018.05.28.08.07.29,S,LT01,main,44.99,ROUTE,43.5,98.68,True,wrong
XO.LD41..HH.2018.05.28.12.50.00,S,LD41,main,45.0,ROUTE,26.3,44.72,True,correct
XO.LA39..HH.2018.05.28.12.49.32,S,LA39,holdout,44.99,FUSE,23.3,45.255,True,correct
XO.LD38..HH.2018.05.29.03.57.24,P,LD38,main,45.0,ABSTAIN,7.8,,False,no_pick
XO.LD38..HH.2018.05.29.03.57.24,S,LD38,main,65.39,ROUTE,21.3,65.52,True,correct
XO.LT20..HH.2018.05.29.21.25.20,P,LT20,main,44.99,ROUTE,21.3,44.96,True,correct
XO.LT20..HH.2018.05.29.21.25.20,S,LT20,main,52.84,ROUTE,21.3,53.05,True,correct
XO.LT06..HH.2018.05.29.04.40.08,P,LT06,main,44.99,FUSE,4.3,44.965,True,correct
XO.LT06..HH.2018.05.29.04.40.08,S,LT06,main,58.58,FUSE,4.3,58.72,True,correct
XO.LT04..HH.2018.05.29.04.40.11,P,LT04,main,44.99,FUSE,1.0,44.98,True,correct
XO.LT04..HH.2018.05.29.04.40.11,S,LT04,main,61.71,FUSE,1.0,61.67,True,correct
XO.LT07..HH.2018.05.29.04.40.03,P,LT07,main,44.99,FUSE,0.0,44.84,True,correct
XO.LT07..HH.2018.05.29.04.40.03,S,LT07,main,55.34,FUSE,0.0,55.37,True,correct
XO.LA39..HH.2018.05.29.10.05.54,P,LA39,main,45.0,FUSE,0.0,45.08,True,correct
XO.LA39..HH.2018.05.29.10.05.54,S,LA39,main,59.69,FUSE,0.0,60.03,True,correct
XO.LT16..HH.2018.05.30.02.35.18,P,LT16,main,45.0,FUSE,10.8,44.985,True,correct
XO.LA26..HH.2018.05.30.02.35.28,P,LA26,holdout,44.99,FUSE,1.0,45.02,True,correct
XO.LA26..HH.2018.05.30.02.35.28,S,LA26,holdout,62.39,FUSE,1.0,62.43,True,correct
XO.LT20..HH.2018.05.30.02.35.41,P,LT20,main,45.0,ROUTE,31.3,44.95,True,correct
XO.LA39..HH.2018.05.30.05.12.11,S,LA39,main,44.99,FUSE,0.0,45.42,True,correct
XO.LD41..HH.2018.05.30.20.36.25,P,LD41,holdout,45.0,ABSTAIN,22.8,,False,no_pick
XO.LA39..HH.2018.05.30.08.25.25,S,LA39,main,44.99,FUSE,18.3,43.92,True,wrong
XO.LT01..HH.2018.05.30.09.48.51,S,LT01,main,44.99,FUSE,0.0,44.74,True,correct
XO.LA39..HH.2018.05.30.10.57.15,P,LA39,main,45.0,FUSE,1.0,45.02,True,correct
XO.LA39..HH.2018.05.30.10.57.15,S,LA39,main,62.96,FUSE,1.0,63.22,True,correct
XO.LD41..HH.2018.05.30.15.34.41,P,LD41,holdout,44.99,ROUTE,26.3,45.13,True,correct
XO.LA39..HH.2018.05.30.19.04.27,P,LA39,main,44.99,FUSE,0.0,45.02,True,correct
XO.LA39..HH.2018.05.30.19.04.27,S,LA39,main,58.98,FUSE,0.0,59.15,True,correct
XO.LA39..HH.2018.05.30.21.27.46,S,LA39,main,44.99,FUSE,1.0,45.02,True,correct
XO.LT04..HH.2018.05.31.01.58.18,P,LT04,main,45.0,ABSTAIN,39.5,,False,no_pick
XO.LD40..HH.2018.05.31.08.14.27,P,LD40,holdout,45.0,ROUTE,21.3,44.99,True,correct
XO.LT06..HH.2018.05.31.10.11.26,S,LT06,main,44.99,FUSE,4.3,45.26,True,correct
XO.LD40..HH.2018.05.31.19.02.50,P,LD40,main,44.99,ROUTE,31.3,45.26,True,correct
XO.LD40..HH.2018.05.31.19.02.50,S,LD40,main,70.83,ROUTE,31.3,70.79,True,correct
XO.LT18..HH.2018.05.31.17.51.09,P,LT18,main,45.0,FUSE,4.3,45.065,True,correct
XO.LT18..HH.2018.05.31.17.51.09,S,LT18,main,55.45,ABSTAIN,22.8,,False,no_pick
XO.LD41..HH.2018.05.25.12.35.29,P,LD41,holdout,44.99,ROUTE,21.3,43.48,True,wrong
XO.LT04..HH.2018.05.25.12.35.31,P,LT04,main,44.99,ABSTAIN,43.0,,False,no_pick
XO.LT04..HH.2018.05.25.12.35.31,S,LT04,main,75.2,FUSE,18.3,75.33,True,correct
XO.LT01..HH.2018.05.25.23.04.56,S,LT01,main,44.99,FUSE,10.0,44.68,True,correct
XO.LD38..HH.2018.05.27.10.36.29,P,LD38,main,44.99,FUSE,2.8,44.91,True,correct
XO.LD38..HH.2018.05.27.10.36.29,S,LD38,main,68.08,ROUTE,21.3,68.36,True,correct
XO.LA39..HH.2018.05.29.06.56.15,P,LA39,main,45.0,FUSE,0.0,45.02,True,correct
XO.LA39..HH.2018.05.29.06.56.15,S,LA39,main,60.21,FUSE,0.0,60.0,True,correct
XO.LT14..HH.2018.05.30.01.52.09,P,LT14,main,44.99,ABSTAIN,27.8,,False,no_pick
XO.LA28..HH.2018.05.30.01.52.24,S,LA28,main,44.99,ABSTAIN,46.3,,False,no_pick
XO.LA39..HH.2018.05.30.08.39.12,S,LA39,main,45.0,FUSE,1.0,45.02,True,correct
XO.LD36..HH.2018.05.29.00.36.40,P,LD36,main,45.0,ROUTE,26.3,45.82,True,wrong
XO.LD41..HH.2018.05.29.07.10.38,P,LD41,holdout,44.99,ROUTE,26.3,43.64,True,wrong
XO.LT06..HH.2018.05.29.15.14.24,P,LT06,main,45.0,FUSE,4.3,45.08,True,correct
XO.LT06..HH.2018.05.29.15.14.24,S,LT06,main,54.95,FUSE,4.3,54.905,True,correct
XO.LT10..HH.2018.05.29.15.14.28,P,LT10,main,45.0,FUSE,1.3,44.88,True,correct
XO.LT10..HH.2018.05.29.15.14.28,S,LT10,main,58.09,FUSE,1.3,58.24,True,correct
XO.LD38..HH.2018.05.29.16.20.11,P,LD38,holdout,45.0,ROUTE,36.3,45.04,True,correct
XO.LD38..HH.2018.05.29.16.20.11,S,LD38,holdout,50.21,ROUTE,36.3,50.35,True,correct
XO.LA32..HH.2018.05.29.23.28.31,P,LA32,main,45.0,FUSE,1.0,45.01,True,correct
XO.LT09..HH.2018.05.28.09.24.23,P,LT09,holdout,45.0,FUSE,1.0,44.925,True,correct
XO.LT09..HH.2018.05.28.09.24.23,S,LT09,holdout,53.37,FUSE,1.0,53.39,True,correct
XO.LA29..HH.2018.05.28.09.24.23,P,LA29,main,45.0,FUSE,1.0,45.11,True,correct
XO.LA29..HH.2018.05.28.09.24.23,S,LA29,main,53.34,FUSE,1.0,53.39,True,correct
XO.LA32..HH.2018.05.28.09.24.25,P,LA32,main,45.0,FUSE,12.3,44.77,True,correct
XO.LA32..HH.2018.05.28.09.24.25,S,LA32,main,55.11,FUSE,0.0,55.04,True,correct
XO.LT06..HH.2018.05.28.18.47.03,P,LT06,holdout,45.0,FUSE,4.3,45.1,True,correct
XO.LT06..HH.2018.05.28.18.47.03,S,LT06,holdout,53.23,FUSE,4.3,53.225,True,correct
XO.LT04..HH.2018.05.28.22.01.04,P,LT04,main,44.99,FUSE,0.0,44.95,True,correct
XO.LT04..HH.2018.05.28.22.01.04,S,LT04,main,59.39,FUSE,0.0,59.44,True,correct
XO.LD38..HH.2018.05.27.04.41.02,P,LD38,main,45.0,ROUTE,26.3,45.08,True,correct
XO.LA21..HH.2018.05.27.04.41.09,P,LA21,main,44.99,ABSTAIN,9.3,,False,no_pick
XO.LA21..HH.2018.05.27.04.41.09,S,LA21,main,63.48,ROUTE,22.8,63.53,True,correct
XO.LA25..HH.2018.05.27.04.41.28,S,LA25,main,45.0,ABSTAIN,46.3,,False,no_pick
XO.LD40..HH.2018.05.27.15.40.08,S,LD40,holdout,44.99,ROUTE,26.3,46.25,True,wrong
XO.LD40..HH.2018.05.27.17.21.08,S,LD40,holdout,44.99,ROUTE,31.3,,True,no_pick
XO.LT13..HH.2018.05.27.23.08.14,P,LT13,main,44.99,FUSE,13.6,44.9,True,correct
XO.LT13..HH.2018.05.27.23.08.14,S,LT13,main,54.9,FUSE,1.3,54.97,True,correct
XO.LT07..HH.2018.05.24.21.33.57,P,LT07,main,44.99,FUSE,6.0,45.02,True,correct
XO.LD36..HH.2018.05.22.02.27.39,P,LD36,main,45.0,ROUTE,36.3,45.45,True,correct
XO.LD36..HH.2018.05.22.02.27.39,S,LD36,main,78.48,ROUTE,36.3,78.96,True,correct
XO.LT16..HH.2018.05.22.12.36.22,P,LT16,main,45.0,FUSE,0.0,45.01,True,correct
XO.LT10..HH.2018.05.18.16.34.36,P,LT10,main,44.99,FUSE,16.0,44.95,True,correct
XO.LT10..HH.2018.05.18.16.34.36,S,LT10,main,50.1,FUSE,16.0,50.11,True,correct
XO.LT10..HH.2018.05.16.21.10.06,P,LT10,holdout,44.99,ABSTAIN,18.3,,False,no_pick
XO.LT10..HH.2018.05.16.21.10.06,S,LT10,holdout,56.68,ABSTAIN,6.0,,False,no_pick
XO.LD36..HH.2018.05.15.12.37.51,P,LD36,main,45.0,ROUTE,26.3,43.78,True,wrong
XO.LD36..HH.2018.05.15.12.37.51,S,LD36,main,56.36,ABSTAIN,31.3,,False,no_pick
XO.LT17..HH.2018.06.01.15.49.14,P,LT17,main,44.99,FUSE,13.6,45.03,True,correct
XO.LT17..HH.2018.06.01.15.49.14,S,LT17,main,56.72,FUSE,1.3,56.64,True,correct
XO.LA39..HH.2018.06.01.17.32.37,S,LA39,main,44.99,FUSE,0.0,45.02,True,correct
XO.LT04..HH.2018.06.01.18.12.44,P,LT04,main,44.99,FUSE,1.0,45.17,True,correct
XO.LD40..HH.2018.06.01.18.41.12,P,LD40,main,44.99,ROUTE,36.3,44.97,True,correct
XO.LA39..HH.2018.06.01.18.41.15,P,LA39,main,44.99,FUSE,6.0,45.045,True,correct
XO.LA39..HH.2018.06.01.18.41.15,S,LA39,main,57.43,FUSE,15.2,58.42,True,correct
XO.LA23..HH.2018.06.01.18.42.04,S,LA23,main,45.0,FUSE,23.6,44.57,True,correct
XO.LA39..HH.2018.06.01.22.02.14,P,LA39,main,44.99,FUSE,0.0,45.02,True,correct
XO.LA39..HH.2018.06.01.22.02.14,S,LA39,main,63.34,FUSE,0.0,63.44,True,correct
XO.LT04..HH.2018.06.01.22.02.35,P,LT04,main,45.0,FUSE,16.0,45.02,True,correct
XO.LT04..HH.2018.06.01.22.02.35,S,LT04,main,79.49,FUSE,16.0,79.15,True,correct
XO.LD40..HH.2018.06.01.18.36.01,S,LD40,main,44.99,ROUTE,21.3,45.14,True,correct
XO.LA25..HH.2018.06.01.20.34.52,P,LA25,main,44.99,ROUTE,22.8,45.02,True,correct
XO.LA25..HH.2018.06.01.20.34.52,S,LA25,main,66.17,ABSTAIN,46.3,,False,no_pick
XO.LT13..HH.2018.06.01.20.34.56,P,LT13,holdout,44.99,FUSE,1.3,44.99,True,correct
XO.LT13..HH.2018.06.01.20.34.56,S,LT13,holdout,67.28,FUSE,1.3,67.33,True,correct
XO.LT04..HH.2018.06.01.20.35.06,S,LT04,main,45.0,FUSE,1.0,45.36,True,correct
XO.LA28..HH.2018.06.01.20.35.12,S,LA28,main,45.0,ABSTAIN,46.3,,False,no_pick
XO.LT16..HH.2018.06.01.20.34.51,P,LT16,main,44.99,ABSTAIN,52.8,,False,no_pick
XO.LA39..HH.2018.06.01.21.46.51,S,LA39,main,44.99,FUSE,22.3,44.96,True,correct
XO.LT04..HH.2018.06.02.13.39.17,S,LT04,main,44.99,ROUTE,34.5,43.84,True,wrong
XO.LD40..HH.2018.06.02.15.35.07,P,LD40,main,45.0,ROUTE,21.3,45.22,True,correct
XO.LD40..HH.2018.06.02.15.35.07,S,LD40,main,68.54,ROUTE,21.3,68.2,True,correct
XO.LT01..HH.2018.06.02.15.44.09,S,LT01,main,45.0,FUSE,17.3,45.235,True,correct
XO.LA39..HH.2018.06.02.20.17.45,S,LA39,main,45.0,FUSE,13.3,45.055,True,correct
XO.LT01..HH.2018.06.02.21.04.45,S,LT01,holdout,44.99,FUSE,27.3,130.595,True,wrong
XO.LA39..HH.2018.06.02.13.10.54,S,LA39,main,44.99,ABSTAIN,52.0,,False,no_pick
XO.LT04..HH.2018.06.02.19.17.37,S,LT04,main,44.99,FUSE,11.0,44.765,True,correct
XO.LT06..HH.2018.06.03.04.44.01,P,LT06,main,44.99,ABSTAIN,9.3,,False,no_pick
XO.LT06..HH.2018.06.03.04.44.01,S,LT06,main,63.1,ABSTAIN,9.3,,False,no_pick
XO.LA39..HH.2018.06.03.07.11.07,P,LA39,main,44.99,ABSTAIN,6.0,,False,no_pick
XO.LA39..HH.2018.06.03.07.11.07,S,LA39,main,65.4,FUSE,1.0,64.88,True,correct
XO.LD40..HH.2018.06.03.16.09.02,S,LD40,main,45.0,ROUTE,26.3,44.89,True,correct
XO.LT01..HH.2018.06.03.16.08.35,P,LT01,main,44.99,FUSE,0.0,44.735,True,correct
XO.LT01..HH.2018.06.03.16.08.35,S,LT01,main,73.81,FUSE,0.0,73.79,True,correct
XO.LD38..HH.2018.06.03.21.07.13,P,LD38,holdout,44.99,ABSTAIN,7.8,,False,no_pick
XO.LD38..HH.2018.06.03.21.07.13,S,LD38,holdout,63.23,ROUTE,21.3,63.37,True,correct
XO.LD41..HH.2018.06.03.05.04.35,P,LD41,main,45.0,ROUTE,21.3,43.7,True,wrong
XO.LD38..HH.2018.06.03.06.45.02,P,LD38,main,44.99,ROUTE,21.3,42.69,True,wrong
XO.LT18..HH.2018.06.03.08.02.03,P,LT18,main,44.99,ABSTAIN,22.8,,False,no_pick
XO.LA29..HH.2018.06.03.08.02.25,P,LA29,main,45.0,ABSTAIN,19.5,,False,no_pick
XO.LD41..HH.2018.06.03.21.56.35,P,LD41,main,44.99,ROUTE,26.3,42.85,True,wrong
XO.LD41..HH.2018.06.03.21.56.35,S,LD41,main,74.04,ROUTE,26.3,73.85,True,correct
XO.LT14..HH.2018.06.04.05.38.19,P,LT14,main,44.99,FUSE,14.3,45.135,True,correct
XO.LT06..HH.2018.06.04.07.27.46,S,LT06,holdout,45.0,ABSTAIN,27.8,,False,no_pick
XO.LA39..HH.2018.06.04.08.53.49,P,LA39,main,45.0,ABSTAIN,6.0,,False,no_pick
XO.LA39..HH.2018.06.04.08.53.49,S,LA39,main,60.23,FUSE,1.0,60.12,True,correct
XO.LD40..HH.2018.06.04.08.53.55,P,LD40,main,45.0,ROUTE,21.3,43.61,True,wrong
XO.LD40..HH.2018.06.04.08.53.55,S,LD40,main,62.19,ROUTE,21.3,61.87,True,correct
XO.LT01..HH.2018.06.04.08.53.58,P,LT01,main,44.99,FUSE,0.0,44.84,True,correct
XO.LT01..HH.2018.06.04.08.53.58,S,LT01,main,65.44,FUSE,0.0,65.6,True,correct
XO.LA25..HH.2018.06.04.11.08.53,P,LA25,holdout,44.99,FUSE,14.3,44.925,True,correct
XO.LA25..HH.2018.06.04.11.08.53,S,LA25,holdout,73.02,ABSTAIN,46.3,,False,no_pick
XO.LT06..HH.2018.06.04.11.08.54,S,LT06,main,44.99,FUSE,4.3,44.94,True,correct
XO.LD40..HH.2018.06.04.14.18.52,S,LD40,holdout,44.99,ROUTE,21.3,44.9,True,correct
XO.LD41..HH.2018.06.04.23.19.16,P,LD41,main,44.99,ROUTE,26.3,45.08,True,correct
XO.LT01..HH.2018.06.04.23.19.36,S,LT01,main,44.99,ABSTAIN,57.0,,False,no_pick
XO.LT04..HH.2018.06.04.07.08.50,S,LT04,main,44.99,FUSE,1.0,44.98,True,correct
XO.LA39..HH.2018.06.04.09.04.57,P,LA39,holdout,44.99,ABSTAIN,20.2,,False,no_pick
XO.LA39..HH.2018.06.04.09.04.57,S,LA39,holdout,60.03,FUSE,18.3,112.87,True,wrong
XO.LA39..HH.2018.06.04.09.06.39,S,LA39,main,44.99,ABSTAIN,47.0,,False,no_pick
XO.LT01..HH.2018.06.04.11.30.33,S,LT01,main,44.99,FUSE,0.0,45.02,True,correct
XO.LT17..HH.2018.06.05.18.26.28,P,LT17,holdout,44.99,FUSE,13.6,44.98,True,correct
XO.LT17..HH.2018.06.05.18.26.28,S,LT17,holdout,56.91,FUSE,1.3,57.61,True,correct
XO.LD40..HH.2018.06.05.13.17.40,S,LD40,main,44.99,ROUTE,21.3,45.52,True,correct
XO.LA39..HH.2018.06.05.14.06.23,P,LA39,holdout,44.99,FUSE,0.0,45.02,True,correct
XO.LA39..HH.2018.06.05.14.06.23,S,LA39,holdout,58.45,FUSE,0.0,59.17,True,correct
XO.LD36..HH.2018.06.05.15.48.02,P,LD36,main,45.0,ROUTE,21.3,45.43,True,correct
XO.LD36..HH.2018.06.05.15.48.02,S,LD36,main,62.28,ROUTE,21.3,62.08,True,correct
XO.LD41..HH.2018.06.05.15.48.13,P,LD41,main,44.99,ROUTE,26.3,44.91,True,correct
XO.LD38..HH.2018.06.06.02.46.26,S,LD38,main,44.99,ROUTE,26.3,45.51,True,correct
XO.LT07..HH.2018.06.06.09.33.43,P,LT07,main,44.99,FUSE,12.3,45.045,True,correct
XO.LT07..HH.2018.06.06.09.33.43,S,LT07,main,59.37,FUSE,0.0,59.53,True,correct
XO.LT01..HH.2018.06.07.03.06.19,S,LT01,main,44.99,FUSE,17.3,44.735,True,correct
XO.LT04..HH.2018.06.07.03.06.30,S,LT04,main,44.99,FUSE,1.0,44.99,True,correct
XO.LD40..HH.2018.06.07.08.49.44,P,LD40,main,44.99,ROUTE,21.3,45.1,True,correct
XO.LD40..HH.2018.06.07.08.49.44,S,LD40,main,69.92,ROUTE,21.3,70.89,True,correct
XO.LT20..HH.2018.06.07.12.05.57,P,LT20,main,44.99,ROUTE,26.3,30.81,True,wrong
XO.LT20..HH.2018.06.07.12.05.57,S,LT20,main,59.84,ROUTE,26.3,59.54,True,correct
XO.LD38..HH.2018.06.07.16.10.19,S,LD38,holdout,45.0,ROUTE,26.3,44.95,True,correct
XO.LT04..HH.2018.06.07.00.12.59,S,LT04,main,44.99,ABSTAIN,53.0,,False,no_pick
XO.LD40..HH.2018.06.07.01.10.09,S,LD40,holdout,44.99,ROUTE,26.3,44.65,True,correct
XO.LT01..HH.2018.06.07.04.18.38,S,LT01,main,44.99,ABSTAIN,52.0,,False,no_pick
XO.LT01..HH.2018.06.07.05.19.07,S,LT01,main,45.0,ABSTAIN,16.0,,False,no_pick
XO.LT01..HH.2018.06.07.07.54.27,S,LT01,main,44.99,ABSTAIN,52.0,,False,no_pick
XO.LA39..HH.2018.06.07.09.02.11,P,LA39,main,45.0,FUSE,1.0,45.02,True,correct
XO.LA39..HH.2018.06.07.09.02.11,S,LA39,main,62.73,FUSE,1.0,62.66,True,correct
XO.LT16..HH.2018.06.07.10.21.53,P,LT16,main,45.0,FUSE,5.0,44.94,True,correct
XO.LT16..HH.2018.06.07.10.21.53,S,LT16,main,55.2,ABSTAIN,42.0,,False,no_pick
XO.LT14..HH.2018.06.07.10.21.56,P,LT14,main,44.99,FUSE,9.3,44.96,True,correct
XO.LD41..HH.2018.06.07.10.22.20,P,LD41,main,45.0,ROUTE,26.3,44.87,True,correct
XO.LT06..HH.2018.06.07.14.11.41,P,LT06,holdout,45.0,ABSTAIN,27.8,,False,no_pick
XO.LT06..HH.2018.06.07.14.11.41,S,LT06,holdout,51.36,FUSE,9.3,51.43,True,correct
XO.LA34..HH.2018.06.07.18.32.01,P,LA34,main,45.0,FUSE,16.0,44.96,True,correct
XO.LA34..HH.2018.06.07.18.32.01,S,LA34,main,78.24,FUSE,16.0,78.56,True,correct
XO.LA28..HH.2018.06.07.18.32.07,P,LA28,main,44.99,FUSE,19.3,44.985,True,correct
XO.LA29..HH.2018.06.07.18.32.42,S,LA29,main,45.0,FUSE,16.3,45.26,True,correct
XO.LD40..HH.2018.06.07.20.53.26,S,LD40,main,44.99,ROUTE,21.3,96.03,True,wrong
XO.LT13..HH.2018.06.07.22.52.30,P,LT13,main,44.99,ABSTAIN,43.3,,False,no_pick
XO.LA39..HH.2018.06.09.08.03.20,S,LA39,main,45.0,FUSE,1.0,45.0,True,correct
XO.LD40..HH.2018.06.09.09.54.02,P,LD40,main,44.99,ROUTE,41.3,,True,no_pick
XO.LD40..HH.2018.06.09.09.54.02,S,LD40,main,70.08,ROUTE,41.3,,True,no_pick
XO.LD40..HH.2018.06.09.14.56.05,P,LD40,main,45.0,ROUTE,21.3,44.91,True,correct
XO.LD40..HH.2018.06.09.14.56.05,S,LD40,main,61.22,ROUTE,21.3,60.99,True,correct
XO.LA39..HH.2018.06.09.08.43.43,P,LA39,main,45.0,ROUTE,29.5,45.02,True,correct
XO.LA39..HH.2018.06.09.08.43.43,S,LA39,main,59.6,FUSE,11.0,59.745,True,correct
XO.LA39..HH.2018.06.09.09.39.43,S,LA39,main,45.0,FUSE,1.0,44.96,True,correct
XO.LD40..HH.2018.06.09.12.03.23,S,LD40,main,44.99,ROUTE,21.3,45.23,True,correct
XO.LA39..HH.2018.06.09.16.14.01,S,LA39,main,44.99,FUSE,1.0,45.39,True,correct
XO.LT18..HH.2018.06.09.17.49.02,P,LT18,main,45.0,FUSE,9.3,44.98,True,correct
XO.LT18..HH.2018.06.09.17.49.02,S,LT18,main,50.75,ABSTAIN,46.3,,False,no_pick
XO.LT17..HH.2018.06.09.17.49.04,P,LT17,holdout,45.0,FUSE,1.0,44.93,True,correct
XO.LT17..HH.2018.06.09.17.49.04,S,LT17,holdout,52.9,FUSE,1.0,52.97,True,correct
XO.LA28..HH.2018.06.09.23.45.12,S,LA28,main,44.99,ABSTAIN,46.3,,False,no_pick
XO.LD36..HH.2018.06.10.09.41.22,S,LD36,main,44.99,ROUTE,31.3,44.78,True,correct
XO.LA39..HH.2018.06.10.18.56.24,S,LA39,main,45.0,FUSE,0.0,44.92,True,correct
XO.LT12..HH.2018.06.11.01.19.00,P,LT12,holdout,45.0,FUSE,5.0,45.04,True,correct
XO.LT12..HH.2018.06.11.01.19.00,S,LT12,holdout,64.05,FUSE,17.3,64.45,True,correct
XO.LT13..HH.2018.06.11.01.19.05,P,LT13,holdout,45.0,FUSE,18.6,45.315,True,correct
XO.LT16..HH.2018.06.11.01.18.55,P,LT16,main,45.0,FUSE,15.0,44.745,True,correct
XO.LT16..HH.2018.06.11.01.18.55,S,LT16,main,60.25,FUSE,15.0,60.385,True,correct
XO.LA33..HH.2018.06.11.01.19.13,P,LA33,main,45.0,FUSE,13.3,46.155,True,wrong
XO.LT04..HH.2018.06.11.01.19.42,S,LT04,main,45.0,ABSTAIN,6.0,,False,no_pick
XO.LT06..HH.2018.06.11.16.27.35,P,LT06,holdout,45.0,ABSTAIN,9.3,,False,no_pick
XO.LD36..HH.2018.06.11.16.27.43,P,LD36,main,44.99,FUSE,2.8,44.905,True,correct
XO.LD36..HH.2018.06.11.16.27.43,S,LD36,main,68.32,ROUTE,21.3,68.26,True,correct
XO.LA28..HH.2018.06.11.16.27.43,P,LA28,main,44.99,ABSTAIN,9.3,,False,no_pick
XO.LA32..HH.2018.06.11.16.27.47,P,LA32,holdout,45.0,FUSE,5.0,44.99,True,correct
XO.LA32..HH.2018.06.11.16.27.47,S,LA32,holdout,72.04,FUSE,17.3,71.3,True,correct
XO.LT18..HH.2018.06.11.16.27.52,P,LT18,main,44.99,FUSE,14.3,44.98,True,correct
XO.LA39..HH.2018.06.11.04.58.13,S,LA39,main,45.0,FUSE,1.0,44.99,True,correct
XO.LD41..HH.2018.06.11.10.42.15,P,LD41,main,44.99,ROUTE,26.3,44.97,True,correct
XO.LD41..HH.2018.06.11.10.42.15,S,LD41,main,76.24,ROUTE,26.3,76.59,True,correct
XO.LD41..HH.2018.06.11.11.37.35,P,LD41,main,45.0,ROUTE,31.3,43.66,True,wrong
XO.LT18..HH.2018.06.11.14.24.15,P,LT18,main,44.99,ABSTAIN,46.3,,False,no_pick
XO.LT18..HH.2018.06.11.14.24.15,S,LT18,main,59.76,ABSTAIN,46.3,,False,no_pick
XO.LT01..HH.2018.06.12.07.45.33,P,LT01,main,44.99,ABSTAIN,48.0,,False,no_pick
XO.LD40..HH.2018.06.12.11.07.57,P,LD40,main,44.99,ROUTE,21.3,44.85,True,correct
XO.LD40..HH.2018.06.12.11.07.57,S,LD40,main,66.04,ROUTE,21.3,66.66,True,correct
XO.LT01..HH.2018.06.12.23.24.29,P,LT01,main,45.0,FUSE,10.0,44.945,True,correct
XO.LT01..HH.2018.06.12.23.24.29,S,LT01,main,66.61,FUSE,10.0,66.465,True,correct
XO.LA39..HH.2018.06.12.02.22.21,P,LA39,holdout,45.0,FUSE,1.0,45.01,True,correct
XO.LA39..HH.2018.06.12.02.22.21,S,LA39,holdout,59.98,FUSE,1.0,60.06,True,correct
XO.LT01..HH.2018.06.12.16.24.38,P,LT01,holdout,44.99,FUSE,12.3,44.93,True,correct
XO.LT01..HH.2018.06.12.16.24.38,S,LT01,holdout,69.87,FUSE,0.0,71.27,True,wrong
XO.LT01..HH.2018.06.12.18.57.46,S,LT01,main,45.0,FUSE,10.0,45.78,True,correct
XO.LT04..HH.2018.06.13.07.42.57,S,LT04,main,44.99,FUSE,1.0,44.94,True,correct
XO.LD38..HH.2018.06.13.18.40.04,P,LD38,main,45.0,ABSTAIN,7.8,,False,no_pick
XO.LD38..HH.2018.06.13.18.40.04,S,LD38,main,54.1,ROUTE,21.3,54.41,True,correct
XO.LT04..HH.2018.06.13.18.40.27,P,LT04,main,44.99,FUSE,12.3,45.125,True,correct
XO.LA39..HH.2018.06.13.05.20.42,P,LA39,holdout,44.99,FUSE,1.0,45.02,True,correct
XO.LA39..HH.2018.06.13.05.20.42,S,LA39,holdout,63.18,FUSE,1.0,63.41,True,correct
XO.LT04..HH.2018.06.13.09.46.21,S,LT04,main,44.99,FUSE,6.0,85.61,True,wrong
XO.LD38..HH.2018.06.13.16.20.04,S,LD38,main,44.99,ROUTE,21.3,45.02,True,correct
XO.LT04..HH.2018.06.13.16.20.36,S,LT04,holdout,44.99,FUSE,1.0,44.96,True,correct
XO.LD40..HH.2018.06.13.23.44.16,P,LD40,main,45.0,ROUTE,26.3,45.01,True,correct
XO.LT04..HH.2018.06.14.16.48.05,P,LT04,main,44.99,FUSE,1.0,44.75,True,correct
XO.LT04..HH.2018.06.14.16.48.05,S,LT04,main,77.83,FUSE,1.0,77.76,True,correct
XO.LD40..HH.2018.06.14.16.47.48,P,LD40,main,44.99,ROUTE,26.3,45.03,True,correct
XO.LD40..HH.2018.06.14.16.47.48,S,LD40,main,65.68,ROUTE,26.3,66.49,True,correct
XO.LT01..HH.2018.06.14.16.47.51,P,LT01,main,45.0,FUSE,5.0,45.02,True,correct
XO.LT01..HH.2018.06.14.16.47.51,S,LT01,main,66.48,FUSE,17.3,68.6,True,wrong
XO.LA39..HH.2018.06.15.00.14.28,P,LA39,holdout,45.0,ABSTAIN,11.0,,False,no_pick
XO.LA39..HH.2018.06.15.00.14.28,S,LA39,holdout,59.92,FUSE,18.3,60.035,True,correct
XO.LA39..HH.2018.06.15.00.21.01,P,LA39,main,45.0,FUSE,5.0,44.87,True,correct
XO.LA39..HH.2018.06.15.00.21.01,S,LA39,main,59.24,FUSE,17.3,59.49,True,correct
XO.LT18..HH.2018.06.15.14.32.38,P,LT18,main,44.99,FUSE,4.3,45.025,True,correct
XO.LA29..HH.2018.06.16.02.51.48,P,LA29,holdout,45.0,FUSE,0.0,44.16,True,wrong
XO.LA33..HH.2018.06.16.02.51.50,P,LA33,holdout,44.99,FUSE,6.0,44.97,True,correct
XO.LD45..HH.2018.06.16.02.51.59,P,LD45,main,44.99,ROUTE,21.3,45.14,True,correct
XO.LD45..HH.2018.06.16.02.51.59,S,LD45,main,78.11,ROUTE,21.3,77.7,True,correct
XO.LT07..HH.2018.06.16.14.37.30,P,LT07,main,45.0,FUSE,12.3,45.28,True,correct
XO.LT07..HH.2018.06.16.14.37.30,S,LT07,main,55.69,FUSE,0.0,55.81,True,correct
XO.LD40..HH.2018.06.16.18.21.43,P,LD40,main,44.99,ROUTE,21.3,44.42,True,wrong
XO.LD40..HH.2018.06.16.18.21.43,S,LD40,main,64.35,ROUTE,21.3,64.75,True,correct
XO.LD38..HH.2018.06.17.04.31.57,P,LD38,holdout,45.0,ABSTAIN,7.8,,False,no_pick
XO.LD38..HH.2018.06.17.04.31.57,S,LD38,holdout,61.96,ROUTE,21.3,62.05,True,correct
XO.LT14..HH.2018.06.17.20.38.39,P,LT14,main,44.99,FUSE,4.3,44.97,True,correct
XO.LT14..HH.2018.06.17.20.38.39,S,LT14,main,61.24,FUSE,4.3,61.81,True,correct
XO.LT01..HH.2018.06.18.21.45.13,S,LT01,main,44.99,ROUTE,38.5,45.05,True,correct
XO.LT12..HH.2018.06.18.21.44.44,P,LT12,main,45.0,FUSE,13.3,44.725,True,correct
XO.LT12..HH.2018.06.18.21.44.44,S,LT12,main,76.15,FUSE,1.0,76.45,True,correct
XO.LD40..HH.2018.06.18.21.44.45,P,LD40,main,44.99,ROUTE,36.3,44.98,True,correct
XO.LD40..HH.2018.06.18.21.44.45,S,LD40,main,79.1,ROUTE,36.3,78.98,True,correct
XO.LA32..HH.2018.06.18.22.15.30,S,LA32,main,44.99,FUSE,0.0,44.8,True,correct
XO.LA39..HH.2018.06.19.19.12.37,P,LA39,main,44.99,FUSE,1.0,45.04,True,correct
XO.LA39..HH.2018.06.19.19.12.37,S,LA39,main,60.79,FUSE,1.0,60.86,True,correct
XO.LT15..HH.2018.06.19.20.20.15,P,LT15,main,44.99,FUSE,16.3,45.02,True,correct
XO.LT15..HH.2018.06.19.20.20.15,S,LT15,main,50.2,FUSE,16.3,50.1,True,correct
XO.LT10..HH.2018.06.19.20.20.27,P,LT10,holdout,45.0,FUSE,13.6,44.98,True,correct
XO.LT10..HH.2018.06.19.20.20.27,S,LT10,holdout,58.75,FUSE,1.3,60.45,True,wrong
XO.LA34..HH.2018.06.19.20.20.37,S,LA34,main,44.99,ABSTAIN,6.0,,False,no_pick
XO.LA33..HH.2018.06.19.12.25.09,S,LA33,main,45.0,FUSE,1.0,45.02,True,correct
XO.LA25..HH.2018.06.19.18.55.00,S,LA25,main,44.99,ABSTAIN,56.3,,False,no_pick
XO.LD40..HH.2018.06.19.19.45.46,S,LD40,main,44.99,ROUTE,31.3,45.14,True,correct
XO.LA39..HH.2018.06.20.11.36.52,P,LA39,main,45.0,FUSE,6.0,45.02,True,correct
XO.LA39..HH.2018.06.20.11.36.52,S,LA39,main,62.75,FUSE,18.3,62.665,True,correct
XO.LT01..HH.2018.06.20.15.31.21,S,LT01,main,45.0,FUSE,1.0,45.02,True,correct
XO.LT04..HH.2018.06.20.21.38.21,P,LT04,main,44.99,FUSE,1.0,45.03,True,correct
XO.LT04..HH.2018.06.20.21.38.21,S,LT04,main,55.57,FUSE,1.0,57.24,True,wrong
XO.LD36..HH.2018.06.20.21.38.27,P,LD36,main,45.0,ROUTE,21.3,45.01,True,correct
XO.LD36..HH.2018.06.20.21.38.27,S,LD36,main,62.43,ROUTE,21.3,62.24,True,correct
XO.LD40..HH.2018.06.20.21.38.34,P,LD40,main,45.0,ABSTAIN,44.8,,False,no_pick
XO.LD40..HH.2018.06.20.21.38.34,S,LD40,main,68.97,ROUTE,21.3,67.29,True,wrong
XO.LT01..HH.2018.06.20.21.38.34,P,LT01,main,44.99,FUSE,5.0,45.05,True,correct
XO.LD41..HH.2018.06.20.21.38.40,P,LD41,main,44.99,ROUTE,21.3,45.0,True,correct
XO.LA39..HH.2018.06.20.21.38.44,P,LA39,main,44.99,FUSE,1.0,45.33,True,correct
XO.LA39..HH.2018.06.20.21.38.44,S,LA39,main,75.78,FUSE,1.0,75.74,True,correct
XO.LT17..HH.2018.06.20.23.01.47,P,LT17,main,44.99,ABSTAIN,53.0,,False,no_pick
XO.LT09..HH.2018.06.20.04.53.40,S,LT09,main,45.0,ABSTAIN,38.5,,False,no_pick
XO.LA33..HH.2018.06.20.04.54.02,S,LA33,main,44.99,FUSE,18.3,44.96,True,correct
XO.LA21..HH.2018.06.20.05.24.43,P,LA21,main,44.99,FUSE,4.3,44.975,True,correct
XO.LA21..HH.2018.06.20.05.24.43,S,LA21,main,61.51,ABSTAIN,41.3,,False,no_pick
XO.LT14..HH.2018.06.20.05.24.56,P,LT14,holdout,45.0,ABSTAIN,19.3,,False,no_pick
XO.LA39..HH.2018.06.20.10.34.37,S,LA39,main,45.0,FUSE,11.0,45.05,True,correct
XO.LD40..HH.2018.06.20.10.34.49,S,LD40,main,45.0,ROUTE,21.3,44.9,True,correct
XO.LT10..HH.2018.06.20.11.13.26,P,LT10,main,44.99,FUSE,1.0,44.92,True,correct
XO.LT10..HH.2018.06.20.11.13.26,S,LT10,main,67.06,FUSE,1.0,66.83,True,correct
XO.LD40..HH.2018.06.20.11.13.16,P,LD40,main,45.0,ROUTE,21.3,44.88,True,correct
XO.LD40..HH.2018.06.20.11.13.16,S,LD40,main,57.82,ROUTE,21.3,60.52,True,wrong
XO.LA25..HH.2018.06.20.11.13.35,S,LA25,main,44.99,ABSTAIN,52.8,,False,no_pick
XO.LD40..HH.2018.06.20.10.19.47,S,LD40,main,45.0,ROUTE,21.3,44.76,True,correct
XO.LT06..HH.2018.06.20.12.57.38,S,LT06,main,44.99,ABSTAIN,37.8,,False,no_pick
XO.LT04..HH.2018.06.20.16.18.30,S,LT04,main,44.99,FUSE,1.0,44.91,True,correct
XO.LT09..HH.2018.06.20.20.00.10,P,LT09,holdout,45.0,FUSE,0.0,45.02,True,correct
XO.LT09..HH.2018.06.20.20.00.10,S,LT09,holdout,57.46,FUSE,0.0,57.29,True,correct
XO.LA39..HH.2018.06.21.11.26.32,P,LA39,main,45.0,FUSE,1.0,44.98,True,correct
XO.LA39..HH.2018.06.21.11.26.32,S,LA39,main,60.02,FUSE,1.0,59.95,True,correct
XO.LA26..HH.2018.06.21.02.35.46,P,LA26,main,44.99,FUSE,13.6,45.17,True,correct
XO.LA26..HH.2018.06.21.02.35.46,S,LA26,main,60.16,FUSE,1.3,60.03,True,correct
XO.LT10..HH.2018.06.21.02.35.55,P,LT10,main,45.0,FUSE,1.3,44.89,True,correct
XO.LA29..HH.2018.06.21.02.36.18,S,LA29,main,45.0,ABSTAIN,11.0,,False,no_pick
XO.LA39..HH.2018.06.21.03.49.21,P,LA39,main,45.0,FUSE,14.2,45.05,True,correct
XO.LA39..HH.2018.06.21.03.49.21,S,LA39,main,59.84,FUSE,0.0,59.86,True,correct
XO.LD40..HH.2018.06.21.09.58.37,S,LD40,main,45.0,ROUTE,26.3,44.91,True,correct
XO.LT04..HH.2018.06.22.06.57.04,P,LT04,main,44.99,FUSE,1.0,44.93,True,correct
XO.LT04..HH.2018.06.22.06.57.04,S,LT04,main,74.14,FUSE,1.0,73.97,True,correct
XO.LT12..HH.2018.06.22.21.22.21,P,LT12,main,45.0,FUSE,12.3,44.915,True,correct
XO.LD41..HH.2018.06.22.03.32.52,S,LD41,holdout,44.99,ROUTE,21.3,44.95,True,correct
XO.LD38..HH.2018.06.22.14.46.31,P,LD38,main,45.0,ABSTAIN,21.3,,False,no_pick
XO.LD38..HH.2018.06.22.14.46.31,S,LD38,main,64.49,ROUTE,26.3,64.14,True,correct
XO.LT04..HH.2018.06.22.16.56.20,S,LT04,main,44.99,FUSE,10.0,44.905,True,correct
XO.LA39..HH.2018.06.23.02.56.00,P,LA39,holdout,44.99,FUSE,0.0,45.02,True,correct
XO.LA39..HH.2018.06.23.02.56.00,S,LA39,holdout,58.91,FUSE,0.0,58.9,True,correct
XO.LD40..HH.2018.06.23.09.28.37,P,LD40,main,45.0,ROUTE,21.3,45.05,True,correct
XO.LD40..HH.2018.06.23.09.28.37,S,LD40,main,66.4,ROUTE,21.3,66.66,True,correct
XO.LA39..HH.2018.06.23.09.28.49,S,LA39,main,45.0,FUSE,0.0,44.92,True,correct
XO.LT06..HH.2018.06.23.11.18.23,P,LT06,main,44.99,FUSE,4.3,45.075,True,correct
XO.LT06..HH.2018.06.23.11.18.23,S,LT06,main,56.88,FUSE,4.3,57.795,True,correct
XO.LT12..HH.2018.06.23.11.18.26,P,LT12,main,45.0,FUSE,1.0,45.02,True,correct
XO.LT12..HH.2018.06.23.11.18.26,S,LT12,main,59.67,FUSE,1.0,59.58,True,correct
XO.LT01..HH.2018.06.23.22.50.12,P,LT01,main,44.99,FUSE,10.0,45.06,True,correct
XO.LT01..HH.2018.06.23.22.50.12,S,LT01,main,68.67,FUSE,10.0,68.715,True,correct
XO.LA39..HH.2018.06.23.22.50.05,P,LA39,main,44.99,FUSE,0.0,45.05,True,correct
XO.LA39..HH.2018.06.23.22.50.05,S,LA39,main,59.4,FUSE,0.0,59.525,True,correct
XO.LD40..HH.2018.06.23.03.58.02,S,LD40,holdout,44.99,ROUTE,26.3,46.04,True,wrong
XO.LT01..HH.2018.06.23.03.58.04,S,LT01,holdout,45.0,FUSE,11.0,45.11,True,correct
XO.LD40..HH.2018.06.23.09.03.32,S,LD40,holdout,44.99,ROUTE,31.3,45.15,True,correct
XO.LD41..HH.2018.06.23.09.03.50,S,LD41,holdout,45.0,ROUTE,26.3,43.42,True,wrong
XO.LA39..HH.2018.06.23.10.49.45,S,LA39,holdout,44.99,ABSTAIN,6.0,,False,no_pick
XO.LD41..HH.2018.06.23.10.49.49,P,LD41,holdout,45.0,ROUTE,21.3,45.15,True,correct
XO.LD41..HH.2018.06.23.11.26.22,P,LD41,holdout,45.0,ROUTE,26.3,45.29,True,correct
XO.LT18..HH.2018.06.23.21.11.07,P,LT18,main,45.0,FUSE,9.3,45.05,True,correct
XO.LD41..HH.2018.06.24.21.53.25,P,LD41,main,45.0,ROUTE,26.3,45.09,True,correct
XO.LD41..HH.2018.06.24.21.53.25,S,LD41,main,76.64,ROUTE,26.3,76.32,True,correct
XO.LD40..HH.2018.06.24.21.53.31,S,LD40,main,45.0,ROUTE,21.3,44.58,True,correct
XO.LD40..HH.2018.06.24.03.05.14,S,LD40,main,45.0,ROUTE,31.3,45.23,True,correct
XO.LD40..HH.2018.06.24.06.41.24,P,LD40,main,44.99,ROUTE,21.3,45.09,True,correct
XO.LD40..HH.2018.06.24.06.41.24,S,LD40,main,68.51,ROUTE,21.3,68.31,True,correct
XO.LD41..HH.2018.06.24.06.41.33,P,LD41,holdout,44.99,ROUTE,26.3,44.22,True,wrong
XO.LD41..HH.2018.06.24.06.41.33,S,LD41,holdout,73.38,ROUTE,26.3,73.33,True,correct
XO.LT20..HH.2018.06.24.07.28.52,P,LT20,main,45.0,ROUTE,21.3,44.99,True,correct
XO.LT20..HH.2018.06.24.07.28.52,S,LT20,main,51.83,ROUTE,21.3,51.71,True,correct
XO.LD40..HH.2018.06.24.11.28.11,S,LD40,main,45.0,ROUTE,31.3,45.29,True,correct
XO.LA39..HH.2018.06.24.13.18.58,P,LA39,main,45.0,FUSE,6.0,45.015,True,correct
XO.LA39..HH.2018.06.24.13.18.58,S,LA39,main,60.1,FUSE,18.3,60.61,True,correct
XO.LT14..HH.2018.06.24.20.52.29,P,LT14,holdout,44.99,FUSE,4.3,45.015,True,correct
XO.LA39..HH.2018.06.25.06.46.14,S,LA39,main,44.99,FUSE,0.0,45.38,True,correct
XO.LA39..HH.2018.06.25.13.30.18,P,LA39,main,45.0,FUSE,1.0,45.02,True,correct
XO.LA39..HH.2018.06.25.13.30.18,S,LA39,main,59.82,FUSE,1.0,59.94,True,correct
XO.LD41..HH.2018.06.25.15.05.48,P,LD41,main,45.0,ROUTE,26.3,44.91,True,correct
XO.LT18..HH.2018.06.25.20.45.33,P,LT18,main,45.0,FUSE,9.3,44.91,True,correct
XO.LT14..HH.2018.06.26.04.06.48,P,LT14,main,44.99,ABSTAIN,56.3,,False,no_pick
XO.LT01..HH.2018.06.26.04.07.06,S,LT01,main,44.99,ABSTAIN,52.0,,False,no_pick
XO.LD45..HH.2018.06.26.23.50.41,P,LD45,main,45.0,ROUTE,26.3,45.01,True,correct
XO.LD45..HH.2018.06.27.00.26.02,P,LD45,main,45.0,ROUTE,26.3,44.9,True,correct
XO.LD38..HH.2018.06.27.15.38.33,P,LD38,main,45.0,ROUTE,21.3,44.97,True,correct
XO.LD38..HH.2018.06.27.15.38.33,S,LD38,main,62.84,ROUTE,21.3,63.14,True,correct
XO.LD40..HH.2018.06.27.15.38.37,P,LD40,holdout,45.0,ABSTAIN,7.8,,False,no_pick
XO.LD40..HH.2018.06.27.15.38.37,S,LD40,holdout,66.23,ROUTE,21.3,66.65,True,correct
XO.LD44..HH.2018.06.27.16.31.44,P,LD44,main,44.99,FUSE,7.8,44.905,True,correct
XO.LD44..HH.2018.06.27.16.31.44,S,LD44,main,63.64,ROUTE,26.3,63.3,True,correct
XO.LT13..HH.2018.06.27.16.31.58,P,LT13,main,44.99,FUSE,13.6,44.87,True,correct
XO.LT14..HH.2018.06.27.16.32.06,P,LT14,main,45.0,FUSE,4.3,45.005,True,correct
XO.LA39..HH.2018.06.27.21.35.03,P,LA39,main,45.0,ABSTAIN,15.2,,False,no_pick
XO.LA39..HH.2018.06.27.21.35.03,S,LA39,main,65.36,FUSE,1.0,65.77,True,correct
XO.LD40..HH.2018.06.27.21.35.07,P,LD40,holdout,44.99,ROUTE,21.3,44.1,True,wrong
XO.LD40..HH.2018.06.27.21.35.07,S,LD40,holdout,68.36,ROUTE,21.3,68.9,True,correct
XO.LD41..HH.2018.06.27.21.35.14,P,LD41,main,45.0,ROUTE,26.3,45.09,True,correct
XO.LD41..HH.2018.06.27.21.35.14,S,LD41,main,72.64,ROUTE,26.3,72.89,True,correct
XO.LA39..HH.2018.06.27.01.14.12,P,LA39,holdout,45.0,FUSE,11.0,45.045,True,correct
XO.LA39..HH.2018.06.27.01.14.12,S,LA39,holdout,59.58,FUSE,11.0,59.6,True,correct
XO.LT17..HH.2018.06.27.14.35.14,P,LT17,main,44.99,FUSE,1.3,45.02,True,correct
XO.LT17..HH.2018.06.27.14.35.14,S,LT17,main,60.6,FUSE,1.3,60.67,True,correct
XO.LT12..HH.2018.06.27.14.35.49,S,LT12,main,45.0,ABSTAIN,23.3,,False,no_pick
XO.LA39..HH.2018.06.27.15.03.47,P,LA39,main,45.0,FUSE,1.0,45.0,True,correct
XO.LA39..HH.2018.06.27.15.03.47,S,LA39,main,59.74,FUSE,1.0,60.13,True,correct
XO.LA39..HH.2018.06.27.18.15.52,P,LA39,main,44.99,FUSE,1.0,44.96,True,correct
XO.LA39..HH.2018.06.27.18.15.52,S,LA39,main,62.13,FUSE,1.0,62.34,True,correct
XO.LT01..HH.2018.06.27.18.42.22,S,LT01,main,44.99,FUSE,10.0,45.185,True,correct
XO.LD40..HH.2018.06.27.19.46.48,S,LD40,main,44.99,ROUTE,21.3,45.39,True,correct
XO.LT01..HH.2018.06.27.19.46.50,S,LT01,main,45.0,ABSTAIN,52.0,,False,no_pick
XO.LT10..HH.2018.06.27.21.27.30,P,LT10,main,44.99,FUSE,1.3,45.02,True,correct
XO.LT10..HH.2018.06.27.21.27.30,S,LT10,main,56.07,FUSE,13.6,55.64,True,correct
XO.LT16..HH.2018.06.27.21.27.36,P,LT16,main,45.0,ROUTE,34.3,45.02,True,correct
XO.LT04..HH.2018.06.29.01.00.03,P,LT04,main,44.99,FUSE,13.3,45.035,True,correct
XO.LD40..HH.2018.06.29.00.59.59,P,LD40,main,44.99,ABSTAIN,12.8,,False,no_pick
XO.LD40..HH.2018.06.29.00.59.59,S,LD40,main,72.17,ROUTE,26.3,72.1,True,correct
XO.LT01..HH.2018.06.29.02.22.56,P,LT01,holdout,45.0,ABSTAIN,5.0,,False,no_pick
XO.LT01..HH.2018.06.29.02.22.56,S,LT01,holdout,66.36,ABSTAIN,5.0,,False,no_pick
XO.LT16..HH.2018.06.29.05.18.13,P,LT16,holdout,45.0,FUSE,0.0,45.02,True,correct
XO.LA39..HH.2018.06.29.13.41.44,P,LA39,holdout,44.99,FUSE,11.0,44.855,True,correct
XO.LA39..HH.2018.06.29.13.41.44,S,LA39,holdout,59.58,FUSE,11.0,59.415,True,correct
XO.LT17..HH.2018.06.29.18.55.25,P,LT17,main,44.99,FUSE,1.3,44.96,True,correct
XO.LT17..HH.2018.06.29.18.55.25,S,LT17,main,51.22,FUSE,1.3,51.24,True,correct
XO.LT12..HH.2018.06.29.18.55.46,P,LT12,holdout,45.0,FUSE,6.0,44.78,True,correct
XO.LD41..HH.2018.06.29.21.37.47,P,LD41,main,45.0,ROUTE,26.3,44.41,True,wrong
XO.LT01..HH.2018.06.30.03.05.03,P,LT01,holdout,45.0,FUSE,5.0,44.8,True,correct
XO.LT01..HH.2018.06.30.03.05.03,S,LT01,holdout,70.13,FUSE,17.3,70.56,True,correct
XO.LT04..HH.2018.06.30.22.09.27,S,LT04,main,44.99,FUSE,1.0,44.99,True,correct
XO.LT12..HH.2018.06.30.03.41.12,P,LT12,main,44.99,FUSE,0.0,44.94,True,correct
XO.LT12..HH.2018.06.30.03.41.12,S,LT12,main,52.46,FUSE,0.0,52.65,True,correct
XO.LD36..HH.2018.06.30.03.41.20,P,LD36,holdout,44.99,ROUTE,21.3,45.01,True,correct
XO.LD36..HH.2018.06.30.03.41.20,S,LD36,holdout,57.82,ROUTE,21.3,58.64,True,correct
XO.LT06..HH.2018.06.30.03.41.20,P,LT06,main,45.0,FUSE,14.3,45.08,True,correct
XO.LT20..HH.2018.06.30.11.21.06,P,LT20,holdout,44.99,ROUTE,21.3,45.02,True,correct
XO.LT20..HH.2018.06.30.11.21.06,S,LT20,holdout,51.07,ROUTE,21.3,51.14,True,correct
XO.LD38..HH.2018.06.15.22.30.17,S,LD38,main,45.0,ROUTE,21.3,44.87,True,correct
XO.LT04..HH.2018.06.19.13.54.29,P,LT04,main,44.99,FUSE,13.6,44.485,True,wrong
XO.LT04..HH.2018.06.19.13.54.29,S,LT04,main,75.56,FUSE,1.3,75.49,True,correct
XO.LD41..HH.2018.06.23.15.10.44,P,LD41,main,45.0,ROUTE,21.3,44.99,True,correct
XO.LT17..HH.2018.06.24.21.03.43,S,LT17,main,44.99,FUSE,13.3,44.905,True,correct
XO.LD40..HH.2018.06.26.19.40.45,P,LD40,holdout,44.99,ROUTE,21.3,45.33,True,correct
XO.LD40..HH.2018.06.26.19.40.45,S,LD40,holdout,68.58,ROUTE,21.3,69.69,True,wrong
XO.LT09..HH.2018.06.27.22.25.46,P,LT09,main,45.0,FUSE,5.0,45.05,True,correct
XO.LT09..HH.2018.06.27.22.25.46,S,LT09,main,79.27,FUSE,17.3,53.095,True,wrong
XO.LT01..HH.2018.06.27.22.26.10,S,LT01,holdout,45.0,ABSTAIN,52.0,,False,no_pick
XO.LD38..HH.2018.06.28.19.05.54,P,LD38,main,45.0,ABSTAIN,7.8,,False,no_pick
XO.LD38..HH.2018.06.28.19.05.54,S,LD38,main,61.7,ROUTE,21.3,61.55,True,correct
XO.LA39..HH.2018.06.01.05.03.57,P,LA39,main,45.0,ABSTAIN,18.5,,False,no_pick
XO.LA39..HH.2018.06.01.05.03.57,S,LA39,main,59.19,FUSE,0.0,59.15,True,correct
XO.LA39..HH.2018.06.01.17.07.48,S,LA39,main,45.0,FUSE,1.0,45.15,True,correct
XO.LD40..HH.2018.06.02.04.57.00,S,LD40,main,45.0,ROUTE,31.3,44.02,True,correct
XO.LD40..HH.2018.06.02.15.42.51,S,LD40,main,45.0,ROUTE,21.3,116.28,True,wrong
XO.LT06..HH.2018.06.03.22.39.34,S,LT06,main,45.0,ABSTAIN,9.3,,False,no_pick
XO.LT01..HH.2018.06.06.02.15.01,S,LT01,main,45.0,ABSTAIN,52.0,,False,no_pick
XO.LA33..HH.2018.06.07.09.25.10,P,LA33,main,44.99,FUSE,1.0,45.02,True,correct
XO.LA33..HH.2018.06.07.09.25.10,S,LA33,main,58.08,FUSE,1.0,58.31,True,correct
XO.LA39..HH.2018.06.08.06.22.04,P,LA39,main,44.99,FUSE,5.0,45.02,True,correct
XO.LA39..HH.2018.06.08.06.22.04,S,LA39,main,62.47,FUSE,17.3,63.54,True,wrong
XO.LD40..HH.2018.06.10.05.24.39,S,LD40,holdout,44.99,ROUTE,31.3,44.56,True,correct
XO.LT01..HH.2018.06.10.09.11.42,S,LT01,holdout,45.0,ABSTAIN,42.0,,False,no_pick
XO.LD40..HH.2018.06.05.03.55.20,S,LD40,main,45.33,ROUTE,21.3,45.58,True,correct
XO.LA39..HH.2018.06.06.09.29.04,S,LA39,main,44.99,FUSE,0.0,45.02,True,correct
XO.LA39..HH.2018.06.06.10.41.24,S,LA39,holdout,45.0,FUSE,23.3,101.635,True,wrong
XO.LD40..HH.2018.06.06.13.51.38,S,LD40,main,45.0,ROUTE,21.3,45.23,True,correct
XO.LD40..HH.2018.06.06.13.54.37,S,LD40,main,44.99,ROUTE,21.3,45.43,True,correct
XO.LA29..HH.2018.06.16.10.24.41,S,LA29,holdout,45.0,FUSE,1.0,44.85,True,correct
XO.LT13..HH.2018.06.16.10.24.26,P,LT13,main,45.0,FUSE,1.3,45.09,True,correct
XO.LT13..HH.2018.06.16.10.24.26,S,LT13,main,55.54,FUSE,13.6,55.375,True,correct
XO.LD45..HH.2018.06.16.10.24.25,P,LD45,main,44.99,ABSTAIN,44.8,,False,no_pick
XO.LD45..HH.2018.06.16.10.24.25,S,LD45,main,55.38,ROUTE,21.3,55.76,True,correct
XO.LA34..HH.2018.06.16.10.24.21,P,LA34,main,44.99,FUSE,0.0,45.14,True,correct
XO.LA34..HH.2018.06.16.10.24.21,S,LA34,main,52.47,FUSE,0.0,52.42,True,correct
XO.LT17..HH.2018.06.16.10.24.29,P,LT17,holdout,45.0,FUSE,1.3,44.935,True,correct
XO.LD40..HH.2018.06.17.05.47.57,S,LD40,main,45.0,ROUTE,21.3,127.85,True,wrong
XO.LD40..HH.2018.06.19.16.54.03,S,LD40,main,44.99,ROUTE,26.3,45.08,True,correct
XO.LT01..HH.2018.06.20.09.27.13,P,LT01,main,44.99,ABSTAIN,15.0,,False,no_pick
XO.LD40..HH.2018.06.20.12.34.19,S,LD40,main,45.0,ROUTE,26.3,44.8,True,correct
XO.LT01..HH.2018.06.15.09.47.11,P,LT01,main,45.0,ABSTAIN,37.0,,False,no_pick
XO.LT01..HH.2018.06.15.09.47.11,S,LT01,main,53.61,FUSE,12.3,53.085,True,correct
XO.LA39..HH.2018.06.15.09.47.18,P,LA39,main,45.0,ABSTAIN,11.0,,False,no_pick
XO.LA39..HH.2018.06.15.09.47.18,S,LA39,main,59.27,FUSE,18.3,59.395,True,correct
XO.LD41..HH.2018.06.15.09.47.29,P,LD41,main,44.99,ROUTE,26.3,44.89,True,correct
XO.LT07..HH.2018.06.21.04.29.40,P,LT07,main,45.0,FUSE,1.0,44.89,True,correct
XO.LT07..HH.2018.06.21.04.29.40,S,LT07,main,55.77,FUSE,1.0,55.78,True,correct
XO.LA34..HH.2018.06.22.16.31.13,P,LA34,main,45.0,FUSE,1.0,45.02,True,correct
XO.LA34..HH.2018.06.22.16.31.13,S,LA34,main,75.57,FUSE,1.0,75.53,True,correct
XO.LD44..HH.2018.06.22.16.31.39,S,LD44,main,44.99,ROUTE,21.3,44.88,True,correct
XO.LD38..HH.2018.06.23.03.56.47,P,LD38,main,45.0,ROUTE,26.3,87.25,True,wrong
XO.LA39..HH.2018.06.23.08.23.45,P,LA39,main,44.99,FUSE,1.0,45.06,True,correct
XO.LA39..HH.2018.06.23.08.23.45,S,LA39,main,59.34,FUSE,1.0,59.37,True,correct
XO.LD41..HH.2018.06.24.13.36.09,P,LD41,holdout,44.99,ROUTE,26.3,44.11,True,wrong
XO.LA21..HH.2018.06.25.11.14.34,P,LA21,main,44.99,FUSE,5.3,45.025,True,correct
XO.LA21..HH.2018.06.25.11.14.34,S,LA21,main,58.84,ABSTAIN,42.3,,False,no_pick
XO.LD40..HH.2018.06.25.11.14.59,S,LD40,main,44.99,ROUTE,21.3,45.15,True,correct
XO.LT09..HH.2018.06.25.11.15.04,S,LT09,main,45.0,ROUTE,38.5,45.2,True,correct
XO.LA21..HH.2018.06.27.13.14.06,P,LA21,main,45.0,FUSE,10.3,44.975,True,correct
XO.LA21..HH.2018.06.27.13.14.06,S,LA21,main,55.1,ABSTAIN,47.3,,False,no_pick
XO.LD40..HH.2018.06.27.13.14.18,P,LD40,main,45.0,ROUTE,26.3,44.92,True,correct
XO.LD41..HH.2018.06.28.02.12.16,P,LD41,holdout,44.99,ROUTE,26.3,44.53,True,correct
XO.LD41..HH.2018.06.28.02.12.16,S,LD41,holdout,72.83,ROUTE,26.3,73.35,True,correct
XO.LD38..HH.2018.06.28.02.12.16,S,LD38,main,45.0,ROUTE,21.3,44.64,True,correct
XO.LT01..HH.2018.06.28.16.18.09,S,LT01,main,44.99,ABSTAIN,53.0,,False,no_pick
XO.LT06..HH.2018.06.28.23.10.28,P,LT06,main,44.99,ABSTAIN,22.8,,False,no_pick
XO.LT06..HH.2018.06.28.23.10.28,S,LT06,main,52.47,FUSE,4.3,52.56,True,correct
XO.LD40..HH.2018.06.29.02.18.17,P,LD40,main,44.99,ROUTE,21.3,45.37,True,correct
XO.LD40..HH.2018.06.29.02.18.17,S,LD40,main,65.92,ROUTE,21.3,66.2,True,correct
XO.LT12..HH.2018.06.29.12.37.02,P,LT12,main,45.0,FUSE,1.0,45.02,True,correct
XO.LT12..HH.2018.06.29.12.37.02,S,LT12,main,53.03,FUSE,1.0,53.3,True,correct
XO.LT07..HH.2018.06.29.16.32.47,P,LT07,main,45.0,FUSE,18.3,45.16,True,correct
XO.LT07..HH.2018.06.29.16.32.47,S,LT07,main,52.97,FUSE,18.3,53.01,True,correct
XO.LD40..HH.2018.06.30.20.21.29,S,LD40,main,45.0,ROUTE,21.3,45.21,True,correct
XO.LA39..HH.2018.07.01.04.04.30,P,LA39,main,45.0,ABSTAIN,5.0,,False,no_pick
XO.LA39..HH.2018.07.01.04.04.30,S,LA39,main,59.73,FUSE,0.0,59.52,True,correct
XO.LA25..HH.2018.07.01.19.54.40,P,LA25,main,44.99,ABSTAIN,14.3,,False,no_pick
XO.LA25..HH.2018.07.01.19.54.40,S,LA25,main,70.2,ABSTAIN,46.3,,False,no_pick
XO.LT16..HH.2018.07.01.19.54.44,P,LT16,main,44.99,FUSE,10.8,44.945,True,correct
XO.LA39..HH.2018.07.01.01.03.07,P,LA39,main,44.99,FUSE,0.0,45.0,True,correct
XO.LA39..HH.2018.07.01.01.03.07,S,LA39,main,58.28,FUSE,0.0,58.61,True,correct
XO.LA39..HH.2018.07.01.06.47.58,P,LA39,main,45.0,FUSE,0.0,44.96,True,correct
XO.LA39..HH.2018.07.01.06.47.58,S,LA39,main,60.69,FUSE,0.0,60.78,True,correct
XO.LT07..HH.2018.07.01.19.09.26,P,LT07,main,45.0,FUSE,0.0,45.02,True,correct
XO.LT07..HH.2018.07.01.19.09.26,S,LT07,main,52.78,FUSE,0.0,52.82,True,correct
XO.LT01..HH.2018.07.02.14.22.32,P,LT01,main,45.0,ROUTE,23.5,45.07,True,correct
XO.LT01..HH.2018.07.02.14.22.32,S,LT01,main,63.22,ABSTAIN,42.0,,False,no_pick
XO.LD41..HH.2018.07.02.14.22.35,P,LD41,main,45.0,ROUTE,26.3,43.65,True,wrong
XO.LD41..HH.2018.07.02.14.22.35,S,LD41,main,64.55,ROUTE,26.3,64.66,True,correct
XO.LD40..HH.2018.07.02.14.22.26,P,LD40,main,45.0,ROUTE,26.3,44.98,True,correct
XO.LD40..HH.2018.07.02.14.22.26,S,LD40,main,60.89,ROUTE,26.3,60.81,True,correct
XO.LT01..HH.2018.07.02.00.06.04,S,LT01,holdout,44.99,ABSTAIN,16.0,,False,no_pick
XO.LT17..HH.2018.07.02.03.50.52,P,LT17,main,45.0,FUSE,16.0,44.97,True,correct
XO.LT17..HH.2018.07.02.03.50.52,S,LT17,main,49.31,FUSE,16.0,49.38,True,correct
XO.LA39..HH.2018.07.03.01.45.18,P,LA39,main,45.0,ABSTAIN,5.0,,False,no_pick
XO.LA39..HH.2018.07.03.01.45.18,S,LA39,main,60.3,FUSE,0.0,60.03,True,correct
XO.LT01..HH.2018.07.03.07.07.13,P,LT01,main,44.99,ABSTAIN,32.3,,False,no_pick
XO.LT10..HH.2018.07.03.07.06.51,P,LT10,main,44.99,FUSE,24.2,45.19,True,correct
XO.LT12..HH.2018.07.03.07.06.57,P,LT12,main,45.0,FUSE,15.0,45.27,True,correct
XO.LD36..HH.2018.07.03.07.07.02,P,LD36,main,44.99,ABSTAIN,12.8,,False,no_pick
XO.LT13..HH.2018.07.03.07.11.22,P,LT13,main,45.0,ABSTAIN,29.8,,False,no_pick
XO.LD40..HH.2018.07.03.07.23.47,P,LD40,main,44.99,ROUTE,21.3,44.88,True,correct
XO.LD40..HH.2018.07.03.07.23.47,S,LD40,main,66.4,ROUTE,21.3,66.12,True,correct
XO.LD36..HH.2018.07.03.08.46.32,P,LD36,main,44.99,ABSTAIN,21.3,,False,no_pick
XO.LT06..HH.2018.07.03.08.46.40,S,LT06,main,44.99,ABSTAIN,9.3,,False,no_pick
XO.LT04..HH.2018.07.03.09.05.05,P,LT04,holdout,45.0,ABSTAIN,11.0,,False,no_pick
XO.LT14..HH.2018.07.03.09.04.52,P,LT14,main,44.99,FUSE,9.3,44.98,True,correct
XO.LT14..HH.2018.07.03.11.25.10,P,LT14,main,45.0,FUSE,4.3,45.05,True,correct
XO.LT14..HH.2018.07.03.11.25.10,S,LT14,main,65.06,ROUTE,22.8,67.05,True,wrong
XO.LT13..HH.2018.07.03.11.53.32,P,LT13,main,44.99,FUSE,28.6,44.995,True,correct
XO.LA21..HH.2018.07.03.19.18.22,P,LA21,main,44.99,FUSE,4.3,44.985,True,correct
XO.LA21..HH.2018.07.03.19.18.22,S,LA21,main,53.35,FUSE,4.3,51.64,True,wrong
XO.LD36..HH.2018.07.03.19.18.32,P,LD36,main,45.0,ABSTAIN,7.8,,False,no_pick
XO.LD36..HH.2018.07.03.19.18.32,S,LD36,main,61.3,ROUTE,21.3,60.99,True,correct
XO.LD38..HH.2018.07.03.19.18.32,P,LD38,main,45.0,ABSTAIN,7.8,,False,no_pick
XO.LD38..HH.2018.07.03.19.18.32,S,LD38,main,61.77,ROUTE,21.3,61.31,True,correct
XO.LA32..HH.2018.07.03.19.18.46,P,LA32,main,45.0,FUSE,5.0,44.87,True,correct
XO.LA32..HH.2018.07.03.19.18.46,S,LA32,main,71.37,FUSE,17.3,71.315,True,correct
XO.LT12..HH.2018.07.03.19.18.46,P,LT12,main,45.0,FUSE,0.0,44.93,True,correct
XO.LT12..HH.2018.07.03.19.18.46,S,LT12,main,71.92,FUSE,0.0,71.05,True,correct
XO.LT14..HH.2018.07.03.19.18.51,P,LT14,main,44.99,FUSE,4.3,45.205,True,correct
XO.LT14..HH.2018.07.03.19.18.51,S,LT14,main,75.91,ROUTE,22.8,76.42,True,correct
XO.LT09..HH.2018.07.03.19.19.04,S,LT09,main,44.99,FUSE,1.0,45.01,True,correct
XO.LT10..HH.2018.07.03.21.06.52,P,LT10,main,44.99,FUSE,13.3,44.735,True,correct
XO.LT10..HH.2018.07.03.21.06.52,S,LT10,main,65.69,FUSE,1.0,65.0,True,correct
XO.LT04..HH.2018.07.03.22.14.09,P,LT04,main,44.99,FUSE,0.0,44.93,True,correct
XO.LT04..HH.2018.07.03.22.14.09,S,LT04,main,76.16,FUSE,0.0,76.38,True,correct
XO.LT14..HH.2018.07.03.00.22.38,P,LT14,main,44.99,FUSE,4.3,44.905,True,correct
XO.LT14..HH.2018.07.03.00.22.38,S,LT14,main,57.7,FUSE,4.3,57.895,True,correct
XO.LT16..HH.2018.07.03.07.21.29,P,LT16,main,45.0,ROUTE,39.3,32.46,True,wrong
XO.LT14..HH.2018.07.03.10.14.00,P,LT14,holdout,44.99,FUSE,24.3,45.675,True,wrong
XO.LT07..HH.2018.07.03.13.10.52,P,LT07,holdout,45.0,FUSE,12.3,45.28,True,correct
XO.LT07..HH.2018.07.03.13.10.52,S,LT07,holdout,67.46,FUSE,0.0,69.15,True,wrong
XO.LT10..HH.2018.07.03.13.11.01,P,LT10,holdout,45.0,FUSE,13.3,44.545,True,correct
XO.LT10..HH.2018.07.03.13.11.01,S,LT10,holdout,73.99,FUSE,1.0,73.97,True,correct
XO.LT14..HH.2018.07.03.13.11.01,P,LT14,main,44.99,FUSE,4.3,44.98,True,correct
XO.LT14..HH.2018.07.03.13.11.01,S,LT14,main,75.21,FUSE,4.3,75.31,True,correct
XO.LD36..HH.2018.07.03.13.11.07,P,LD36,main,44.99,ABSTAIN,22.8,,False,no_pick
XO.LD36..HH.2018.07.03.13.11.07,S,LD36,main,78.51,ROUTE,36.3,80.1,True,wrong
XO.LT01..HH.2018.07.03.13.11.44,S,LT01,holdout,45.0,FUSE,0.0,45.07,True,correct
XO.LT10..HH.2018.07.03.13.15.39,S,LT10,main,44.99,ABSTAIN,6.0,,False,no_pick
XO.LT10..HH.2018.07.03.12.56.42,P,LT10,holdout,45.0,FUSE,13.3,44.44,True,wrong
XO.LT10..HH.2018.07.03.12.56.42,S,LT10,holdout,65.29,FUSE,1.0,65.27,True,correct
XO.LA39..HH.2018.07.04.21.57.02,S,LA39,holdout,44.99,FUSE,1.0,44.4,True,correct
XO.LT06..HH.2018.07.04.05.55.42,S,LT06,main,44.99,ROUTE,37.8,,True,no_pick
XO.LA39..HH.2018.07.04.19.05.46,P,LA39,holdout,45.0,FUSE,16.0,44.97,True,correct
XO.LT20..HH.2018.07.05.04.59.34,S,LT20,main,44.99,ROUTE,31.3,44.82,True,correct
XO.LT12..HH.2018.07.05.04.58.59,S,LT12,main,45.0,FUSE,17.3,45.095,True,correct
XO.LT17..HH.2018.07.05.17.41.35,P,LT17,main,44.99,FUSE,13.6,45.005,True,correct
XO.LT17..HH.2018.07.05.17.41.35,S,LT17,main,61.06,FUSE,1.3,61.12,True,correct
XO.LD44..HH.2018.07.05.17.41.40,P,LD44,main,44.99,ROUTE,21.3,45.41,True,correct
XO.LD44..HH.2018.07.05.17.41.40,S,LD44,main,63.66,ROUTE,21.3,63.54,True,correct
XO.LA34..HH.2018.07.05.17.41.48,P,LA34,holdout,45.0,FUSE,0.0,44.97,True,correct
XO.LD44..HH.2018.07.05.18.27.29,S,LD44,main,44.99,ROUTE,21.3,44.65,True,correct
XO.LA33..HH.2018.07.05.18.27.50,S,LA33,main,44.99,FUSE,13.3,44.51,True,correct
XO.LA39..HH.2018.07.05.22.25.01,S,LA39,main,45.0,FUSE,18.3,44.84,True,correct
XO.LT04..HH.2018.07.06.02.16.13,P,LT04,main,44.99,FUSE,6.0,45.13,True,correct
XO.LT12..HH.2018.07.06.22.30.18,P,LT12,main,45.0,FUSE,1.0,44.67,True,correct
XO.LT12..HH.2018.07.06.22.30.18,S,LT12,main,70.35,FUSE,1.0,70.26,True,correct
XO.LT18..HH.2018.07.06.19.37.10,P,LT18,main,44.99,FUSE,4.3,44.97,True,correct
XO.LD40..HH.2018.07.06.21.48.29,S,LD40,holdout,44.99,ROUTE,26.3,45.77,True,correct
XO.LA39..HH.2018.07.07.11.31.21,P,LA39,main,45.0,FUSE,1.0,45.02,True,correct
XO.LA39..HH.2018.07.07.11.31.21,S,LA39,main,68.33,FUSE,1.0,68.25,True,correct
XO.LT13..HH.2018.07.07.20.45.50,P,LT13,main,44.99,FUSE,6.3,44.93,True,correct
XO.LT13..HH.2018.07.07.20.45.50,S,LT13,main,62.23,ABSTAIN,43.3,,False,no_pick
XO.LT18..HH.2018.07.07.20.45.37,P,LT18,main,44.99,FUSE,19.3,44.98,True,correct
XO.LT18..HH.2018.07.07.20.45.37,S,LT18,main,50.54,FUSE,24.3,50.055,True,correct
XO.LD40..HH.2018.07.08.11.02.55,P,LD40,main,44.99,ROUTE,21.3,45.13,True,correct
XO.LD40..HH.2018.07.08.11.02.55,S,LD40,main,63.36,ROUTE,21.3,63.63,True,correct
XO.LT04..HH.2018.07.08.03.13.53,P,LT04,main,44.99,ABSTAIN,19.5,,False,no_pick
XO.LD41..HH.2018.07.08.05.42.20,P,LD41,holdout,44.99,ROUTE,26.3,44.97,True,correct
XO.LD41..HH.2018.07.08.05.42.20,S,LD41,holdout,62.09,ROUTE,26.3,61.92,True,correct
XO.LA32..HH.2018.07.08.15.13.51,P,LA32,main,44.99,FUSE,0.0,44.925,True,correct
XO.LA32..HH.2018.07.08.15.13.51,S,LA32,main,52.89,FUSE,0.0,52.82,True,correct
XO.LA26..HH.2018.07.08.15.13.51,P,LA26,main,45.0,ABSTAIN,5.0,,False,no_pick
XO.LA21..HH.2018.07.08.15.13.59,P,LA21,holdout,44.99,FUSE,9.3,45.005,True,correct
XO.LA21..HH.2018.07.08.15.13.59,S,LA21,holdout,58.88,ABSTAIN,22.8,,False,no_pick
XO.LD44..HH.2018.07.08.15.14.06,P,LD44,main,45.0,ABSTAIN,7.8,,False,no_pick
XO.LD44..HH.2018.07.08.15.14.06,S,LD44,main,63.0,ROUTE,21.3,63.07,True,correct
XO.LA39..HH.2018.07.08.18.24.27,S,LA39,main,44.99,FUSE,1.0,45.12,True,correct
XO.LT01..HH.2018.07.09.17.48.38,P,LT01,holdout,45.0,ROUTE,24.5,124.2,True,wrong
XO.LT01..HH.2018.07.09.17.48.38,S,LT01,holdout,67.36,FUSE,18.3,67.465,True,correct
XO.LA39..HH.2018.07.09.17.48.29,P,LA39,holdout,44.99,ABSTAIN,6.0,,False,no_pick
XO.LA39..HH.2018.07.09.17.48.29,S,LA39,holdout,59.92,FUSE,1.0,60.24,True,correct
XO.LT04..HH.2018.07.09.20.54.09,P,LT04,main,44.99,ABSTAIN,38.0,,False,no_pick
XO.LT01..HH.2018.07.10.23.35.34,S,LT01,main,45.0,FUSE,17.3,45.075,True,correct
XO.LT01..HH.2018.07.10.16.43.25,S,LT01,main,45.0,FUSE,10.0,45.195,True,correct
XO.LD40..HH.2018.07.10.18.19.05,S,LD40,main,45.0,ROUTE,26.3,44.98,True,correct
XO.LA39..HH.2018.07.10.21.15.46,P,LA39,main,44.99,ABSTAIN,19.5,,False,no_pick
XO.LA39..HH.2018.07.10.21.15.46,S,LA39,main,59.39,ABSTAIN,18.3,,False,no_pick
XO.LD40..HH.2018.07.10.21.16.19,S,LD40,main,45.0,ROUTE,21.3,45.29,True,correct
XO.LT14..HH.2018.07.11.10.03.31,P,LT14,main,44.99,ABSTAIN,32.8,,False,no_pick
XO.LT04..HH.2018.07.11.10.03.42,S,LT04,main,44.99,FUSE,1.0,44.85,True,correct
XO.LT12..HH.2018.07.11.17.34.32,S,LT12,main,44.99,FUSE,13.3,44.985,True,correct
XO.LD41..HH.2018.07.11.17.45.47,P,LD41,main,45.0,ROUTE,31.3,44.75,True,correct
XO.LD41..HH.2018.07.11.17.45.47,S,LD41,main,70.54,ROUTE,31.3,70.99,True,correct
XO.LT04..HH.2018.07.11.17.50.27,S,LT04,holdout,44.99,FUSE,18.6,44.635,True,correct
XO.LT06..HH.2018.07.11.19.58.12,P,LT06,main,45.0,ABSTAIN,27.8,,False,no_pick
XO.LT20..HH.2018.07.11.07.48.46,S,LT20,main,44.99,ROUTE,36.3,45.14,True,correct
XO.LD44..HH.2018.07.11.07.48.16,P,LD44,main,44.99,ROUTE,26.3,44.88,True,correct
XO.LD44..HH.2018.07.11.07.48.16,S,LD44,main,60.27,ROUTE,26.3,60.55,True,correct
XO.LD41..HH.2018.07.11.17.47.02,P,LD41,main,45.0,ROUTE,21.3,46.68,True,wrong
XO.LD41..HH.2018.07.11.17.47.02,S,LD41,main,71.53,ROUTE,21.3,71.07,True,correct
XO.LD41..HH.2018.07.12.00.45.58,P,LD41,holdout,45.0,ABSTAIN,7.8,,False,no_pick
XO.LD41..HH.2018.07.12.00.45.58,S,LD41,holdout,69.43,ROUTE,21.3,70.69,True,wrong
XO.LT04..HH.2018.07.12.02.05.29,P,LT04,main,44.99,FUSE,6.0,44.93,True,correct
XO.LT04..HH.2018.07.12.02.05.29,S,LT04,main,76.12,ABSTAIN,43.0,,False,no_pick
XO.LD38..HH.2018.07.12.02.05.23,S,LD38,main,45.0,ROUTE,21.3,45.06,True,correct
XO.LT06..HH.2018.07.12.02.57.14,P,LT06,main,44.99,FUSE,4.3,44.995,True,correct
XO.LT06..HH.2018.07.12.02.57.14,S,LT06,main,53.01,FUSE,4.3,53.025,True,correct
XO.LT09..HH.2018.07.12.02.57.23,P,LT09,main,44.99,FUSE,0.0,44.94,True,correct
XO.LD41..HH.2018.07.12.02.57.39,P,LD41,holdout,45.0,ABSTAIN,12.8,,False,no_pick
XO.LA34..HH.2018.07.12.02.57.39,P,LA34,holdout,44.99,FUSE,0.0,44.84,True,correct
XO.LD41..HH.2018.07.12.08.20.27,P,LD41,main,44.99,ROUTE,26.3,44.97,True,correct
XO.LD41..HH.2018.07.12.08.20.27,S,LD41,main,60.18,ROUTE,26.3,60.5,True,correct
XO.LA39..HH.2018.07.12.08.20.45,S,LA39,main,45.0,ABSTAIN,10.0,,False,no_pick
XO.LT07..HH.2018.07.12.21.03.00,P,LT07,main,45.0,ABSTAIN,47.0,,False,no_pick
XO.LT12..HH.2018.07.12.21.03.12,P,LT12,main,45.0,FUSE,17.3,45.035,True,correct
XO.LT12..HH.2018.07.12.21.03.12,S,LT12,main,70.49,ABSTAIN,5.0,,False,no_pick
XO.LT06..HH.2018.07.12.23.34.15,P,LT06,main,44.99,FUSE,9.3,44.985,True,correct
XO.LT06..HH.2018.07.12.23.34.15,S,LT06,main,51.53,FUSE,9.3,51.515,True,correct
XO.LD40..HH.2018.07.12.00.37.42,S,LD40,main,45.0,ROUTE,21.3,44.74,True,correct
XO.LT01..HH.2018.07.12.00.47.49,S,LT01,main,44.99,ABSTAIN,6.0,,False,no_pick
XO.LD41..HH.2018.07.12.00.47.35,P,LD41,holdout,44.99,ROUTE,26.3,44.74,True,correct
XO.LD41..HH.2018.07.12.00.47.35,S,LD41,holdout,69.22,ROUTE,26.3,69.6,True,correct
XO.LA39..HH.2018.07.12.00.47.36,S,LA39,main,44.99,FUSE,1.3,45.29,True,correct
XO.LD41..HH.2018.07.12.01.45.08,P,LD41,main,45.0,ROUTE,21.3,43.86,True,wrong
XO.LT01..HH.2018.07.12.06.43.21,S,LT01,main,44.99,ABSTAIN,27.3,,False,no_pick
XO.LD40..HH.2018.07.12.07.07.16,S,LD40,main,44.99,ROUTE,31.3,45.16,True,correct
XO.LT04..HH.2018.07.12.08.32.02,S,LT04,main,44.99,FUSE,17.3,142.61,True,wrong
XO.LT01..HH.2018.07.12.09.38.55,S,LT01,main,44.99,ABSTAIN,47.0,,False,no_pick
XO.LT17..HH.2018.07.12.10.25.09,S,LT17,main,45.0,FUSE,1.0,45.86,True,correct
XO.LA39..HH.2018.07.12.14.39.37,S,LA39,main,44.99,FUSE,10.0,44.94,True,correct
XO.LA33..HH.2018.07.13.07.11.32,P,LA33,main,44.99,FUSE,6.3,44.91,True,correct
XO.LA33..HH.2018.07.13.07.11.32,S,LA33,main,63.28,FUSE,18.6,63.365,True,correct
XO.LT01..HH.2018.07.13.10.08.23,S,LT01,main,45.0,ABSTAIN,5.0,,False,no_pick
XO.LA39..HH.2018.07.13.21.32.30,P,LA39,main,45.0,ABSTAIN,5.0,,False,no_pick
XO.LA39..HH.2018.07.13.21.32.30,S,LA39,main,60.11,FUSE,0.0,60.82,True,correct
XO.LD41..HH.2018.07.13.21.32.49,P,LD41,main,44.99,FUSE,7.8,45.07,True,correct
XO.LD41..HH.2018.07.13.21.32.49,S,LD41,main,74.58,ROUTE,26.3,74.58,True,correct
XO.LD41..HH.2018.07.13.22.30.43,P,LD41,main,44.99,ABSTAIN,12.8,,False,no_pick
XO.LD41..HH.2018.07.13.22.30.43,S,LD41,main,75.26,ROUTE,26.3,74.95,True,correct
XO.WD46..HH.2018.07.13.22.30.13,P,WD46,main,45.0,ABSTAIN,32.3,,False,no_pick
XO.LA39..HH.2018.07.13.11.44.00,S,LA39,holdout,45.0,FUSE,17.3,44.635,True,correct
XO.LD40..HH.2018.07.14.15.38.46,P,LD40,holdout,44.99,ROUTE,21.3,44.81,True,correct
XO.LD40..HH.2018.07.14.15.38.46,S,LD40,holdout,66.45,ROUTE,21.3,66.58,True,correct
XO.LA39..HH.2018.07.14.19.00.28,P,LA39,main,45.0,FUSE,1.3,45.01,True,correct
XO.LA39..HH.2018.07.14.19.00.28,S,LA39,main,62.01,FUSE,1.3,62.33,True,correct
XO.LD40..HH.2018.07.14.19.27.17,S,LD40,main,45.0,ROUTE,21.3,44.64,True,correct
XO.LD41..HH.2018.07.14.19.27.36,S,LD41,main,44.99,ROUTE,21.3,44.42,True,correct
XO.LA33..HH.2018.07.15.00.14.08,P,LA33,main,45.0,FUSE,10.2,44.96,True,correct
XO.LA33..HH.2018.07.15.00.14.08,S,LA33,main,56.18,FUSE,1.0,56.28,True,correct
XO.LA29..HH.2018.07.15.00.14.14,P,LA29,main,45.0,FUSE,0.0,44.84,True,correct
XO.LA29..HH.2018.07.15.00.14.14,S,LA29,main,59.98,FUSE,0.0,60.08,True,correct
XO.LT14..HH.2018.07.15.00.14.28,P,LT14,holdout,44.99,FUSE,4.3,44.935,True,correct
XO.LT10..HH.2018.07.15.00.14.29,P,LT10,main,45.0,FUSE,1.3,45.02,True,correct
XO.LT10..HH.2018.07.15.00.14.29,S,LT10,main,72.05,FUSE,1.3,71.6,True,correct
XO.LA23..HH.2018.07.15.00.15.03,S,LA23,main,44.99,ABSTAIN,11.3,,False,no_pick
XO.LA34..HH.2018.07.15.01.52.47,P,LA34,main,44.99,FUSE,1.0,45.05,True,correct
XO.LA34..HH.2018.07.15.01.52.47,S,LA34,main,55.86,FUSE,1.0,55.87,True,correct
XO.LD36..HH.2018.07.15.01.53.00,P,LD36,main,44.99,ROUTE,21.3,44.89,True,correct
XO.LD36..HH.2018.07.15.01.53.00,S,LD36,main,64.76,ROUTE,21.3,64.52,True,correct
XO.LT04..HH.2018.07.16.00.19.34,S,LT04,holdout,44.99,FUSE,11.3,45.115,True,correct
XO.WD49..HH.2018.07.16.08.15.57,P,WD49,holdout,44.99,ABSTAIN,50.0,,False,no_pick
XO.LA39..HH.2018.07.16.22.51.24,P,LA39,main,45.0,ABSTAIN,6.0,,False,no_pick
XO.LA39..HH.2018.07.16.22.51.24,S,LA39,main,62.57,FUSE,1.0,63.16,True,correct
XO.LT17..HH.2018.07.16.07.24.24,P,LT17,main,44.99,FUSE,16.0,44.98,True,correct
XO.LT17..HH.2018.07.16.07.24.24,S,LT17,main,50.09,FUSE,16.0,49.73,True,correct
XO.LT20..HH.2018.07.16.07.24.44,S,LT20,main,44.99,ROUTE,31.3,45.18,True,correct
XO.LD40..HH.2018.07.16.11.35.05,S,LD40,main,44.99,ROUTE,26.3,45.15,True,correct
XO.LT18..HH.2018.07.17.03.30.59,P,LT18,main,44.99,FUSE,4.3,44.98,True,correct
XO.LT18..HH.2018.07.17.03.30.59,S,LT18,main,58.8,FUSE,4.3,59.465,True,correct
XO.LT12..HH.2018.07.17.03.31.00,P,LT12,holdout,44.99,FUSE,1.0,45.05,True,correct
XO.LT12..HH.2018.07.17.03.31.00,S,LT12,holdout,60.63,FUSE,13.3,60.26,True,correct
XO.LA34..HH.2018.07.17.03.31.05,P,LA34,main,45.0,ABSTAIN,17.3,,False,no_pick
XO.LA34..HH.2018.07.17.03.31.05,S,LA34,main,64.55,FUSE,17.3,64.9,True,correct
XO.LD36..HH.2018.07.17.03.31.15,P,LD36,main,44.99,ROUTE,26.3,44.93,True,correct
XO.LD44..HH.2018.07.17.03.31.27,S,LD44,main,45.0,ROUTE,21.3,44.75,True,correct
XO.WD49..HH.2018.07.17.02.33.12,P,WD49,main,44.99,ROUTE,26.3,44.69,True,correct
XO.WD49..HH.2018.07.17.02.33.12,S,WD49,main,68.04,ROUTE,26.3,68.19,True,correct
XO.LD41..HH.2018.07.17.02.33.20,P,LD41,main,45.0,ROUTE,31.3,44.7,True,correct
XO.LT06..HH.2018.07.17.17.34.45,P,LT06,holdout,44.99,FUSE,4.3,45.035,True,correct
XO.LT06..HH.2018.07.17.17.34.45,S,LT06,holdout,57.26,FUSE,4.3,57.54,True,correct
XO.LA26..HH.2018.07.17.17.35.05,P,LA26,main,44.99,FUSE,11.3,45.19,True,correct
XO.LT20..HH.2018.07.17.21.17.43,S,LT20,main,45.0,ABSTAIN,26.3,,False,no_pick
XO.LA34..HH.2018.07.18.11.56.27,P,LA34,main,45.0,FUSE,1.0,44.96,True,correct
XO.WD52..HH.2018.07.18.19.05.35,P,WD52,main,45.0,ABSTAIN,21.3,,False,no_pick
XO.LA34..HH.2018.07.18.19.05.40,P,LA34,holdout,45.0,FUSE,0.0,44.93,True,correct
XO.LA34..HH.2018.07.18.19.05.40,S,LA34,holdout,61.3,FUSE,12.3,61.425,True,correct
XO.WD60..HH.2018.07.18.19.06.03,P,WD60,holdout,45.0,FUSE,12.8,44.38,True,wrong
XO.LT18..HH.2018.07.18.19.19.45,P,LT18,holdout,44.99,FUSE,9.3,44.97,True,correct
XO.LT18..HH.2018.07.18.19.19.45,S,LT18,holdout,51.42,ABSTAIN,22.8,,False,no_pick
XO.LD44..HH.2018.07.18.19.19.52,P,LD44,main,44.99,ABSTAIN,7.8,,False,no_pick
XO.LD44..HH.2018.07.18.19.19.52,S,LD44,main,55.49,ROUTE,21.3,56.27,True,correct
XO.LT20..HH.2018.07.18.19.23.10,P,LT20,main,44.99,ROUTE,21.3,44.93,True,correct
XO.LT20..HH.2018.07.18.19.23.10,S,LT20,main,53.71,ABSTAIN,21.3,,False,no_pick
XO.LT18..HH.2018.07.18.01.55.25,S,LT18,main,44.99,ABSTAIN,22.8,,False,no_pick
XO.LA29..HH.2018.07.18.01.55.31,S,LA29,main,45.0,FUSE,1.0,45.27,True,correct
XO.WD58..HH.2018.07.18.14.07.46,P,WD58,main,44.99,ROUTE,26.3,45.19,True,correct
XO.LD40..HH.2018.07.18.18.47.37,S,LD40,main,45.0,ROUTE,21.3,45.72,True,correct
XO.WS75..HH.2018.07.19.02.27.41,P,WS75,holdout,45.0,ROUTE,26.3,124.5,True,wrong
XO.LT13..HH.2018.07.19.02.27.56,P,LT13,main,44.99,FUSE,13.3,44.965,True,correct
XO.LT16..HH.2018.07.19.02.27.59,P,LT16,main,45.0,ABSTAIN,42.8,,False,no_pick
XO.LT14..HH.2018.07.19.02.28.04,P,LT14,main,44.99,FUSE,4.3,45.045,True,correct
XO.WD63..HH.2018.07.19.02.28.07,P,WD63,holdout,45.0,ROUTE,31.3,44.93,True,correct
XO.WD60..HH.2018.07.19.02.28.15,P,WD60,main,45.0,ABSTAIN,17.8,,False,no_pick
XO.LD45..HH.2018.07.19.02.54.07,P,LD45,holdout,45.0,ROUTE,21.3,44.97,True,correct
XO.LD45..HH.2018.07.19.02.54.07,S,LD45,holdout,54.47,ROUTE,21.3,55.14,True,correct
XO.LT07..HH.2018.07.19.06.06.09,P,LT07,holdout,44.99,ABSTAIN,5.0,,False,no_pick
XO.LT07..HH.2018.07.19.06.06.09,S,LT07,holdout,52.83,FUSE,0.0,53.08,True,correct
XO.LT07..HH.2018.07.19.10.36.01,P,LT07,holdout,44.99,FUSE,0.0,45.03,True,correct
XO.LD36..HH.2018.07.19.10.36.09,P,LD36,main,44.99,ROUTE,31.3,43.83,True,wrong
XO.LA34..HH.2018.07.19.14.32.56,P,LA34,main,45.0,ABSTAIN,5.0,,False,no_pick
XO.LA34..HH.2018.07.19.14.32.56,S,LA34,main,61.66,FUSE,0.0,61.62,True,correct
XO.WD59..HH.2018.07.19.14.33.19,P,WD59,main,45.0,ROUTE,36.3,45.07,True,correct
XO.WD59..HH.2018.07.19.14.33.19,S,WD59,main,79.93,ROUTE,36.3,79.68,True,correct
XO.WD60..HH.2018.07.19.14.33.19,P,WD60,holdout,45.0,ABSTAIN,22.8,,False,no_pick
XO.WD60..HH.2018.07.19.14.33.19,S,WD60,holdout,77.97,ROUTE,36.3,77.92,True,correct
XO.LA32..HH.2018.07.19.14.33.03,P,LA32,main,45.0,ABSTAIN,10.0,,False,no_pick
XO.LA32..HH.2018.07.19.14.33.03,S,LA32,main,66.49,FUSE,17.3,65.935,True,correct
XO.LA30..HH.2018.07.19.14.33.30,S,LA30,main,44.99,FUSE,0.0,45.02,True,correct
XO.LT20..HH.2018.07.19.14.32.44,P,LT20,main,44.99,FUSE,7.8,45.1,True,correct
XO.LT20..HH.2018.07.19.14.32.44,S,LT20,main,53.63,ROUTE,26.3,53.14,True,correct
XO.LD44..HH.2018.07.19.14.32.49,P,LD44,main,45.0,FUSE,2.8,44.91,True,correct
XO.LD44..HH.2018.07.19.14.32.49,S,LD44,main,56.68,ROUTE,21.3,56.57,True,correct
XO.WD60..HH.2018.07.19.15.04.49,S,WD60,main,45.0,ROUTE,26.3,44.11,True,correct
XO.LT20..HH.2018.07.19.21.15.38,P,LT20,main,44.99,ROUTE,21.3,45.07,True,correct
XO.LT20..HH.2018.07.19.21.15.38,S,LT20,main,53.17,ROUTE,21.3,53.77,True,correct
XO.LT13..HH.2018.07.19.21.15.53,P,LT13,main,44.99,FUSE,1.3,44.94,True,correct
XO.LA28..HH.2018.07.19.21.16.06,P,LA28,main,44.99,FUSE,9.3,45.015,True,correct
XO.LA28..HH.2018.07.19.21.16.06,S,LA28,main,73.36,ABSTAIN,46.3,,False,no_pick
XO.WD49..HH.2018.07.19.03.27.23,P,WD49,main,45.0,ROUTE,21.3,44.43,True,wrong
XO.WD49..HH.2018.07.19.03.27.23,S,WD49,main,67.13,ROUTE,21.3,67.1,True,correct
XO.LD41..HH.2018.07.19.09.30.03,P,LD41,main,45.0,ROUTE,26.3,45.27,True,correct
XO.WD46..HH.2018.07.19.12.43.41,P,WD46,main,44.99,ROUTE,41.3,9.15,True,wrong
XO.LA39..HH.2018.07.19.12.43.50,P,LA39,main,44.99,FUSE,0.0,45.21,True,correct
XO.LA39..HH.2018.07.19.12.43.50,S,LA39,main,60.62,FUSE,0.0,60.98,True,correct
XO.LT17..HH.2018.07.19.14.15.51,P,LT17,main,44.99,FUSE,0.0,45.35,True,correct
XO.LT17..HH.2018.07.19.14.15.51,S,LT17,main,53.06,FUSE,12.3,54.165,True,wrong
XO.LD44..HH.2018.07.19.14.15.56,P,LD44,main,45.0,FUSE,2.8,45.0,True,correct
XO.LD44..HH.2018.07.19.14.15.56,S,LD44,main,56.51,ROUTE,21.3,57.04,True,correct
XO.WD62..HH.2018.07.19.14.16.15,P,WD62,main,44.99,FUSE,7.8,45.01,True,correct
XO.WD62..HH.2018.07.19.14.16.15,S,WD62,main,70.95,ABSTAIN,26.3,,False,no_pick
XO.WD64..HH.2018.07.19.14.16.20,P,WD64,main,44.99,ABSTAIN,21.3,,False,no_pick
XO.WD64..HH.2018.07.19.14.16.20,S,WD64,main,75.49,ROUTE,21.3,75.47,True,correct
XO.LA25..HH.2018.07.19.14.16.25,P,LA25,main,44.99,ABSTAIN,14.3,,False,no_pick
XO.LA25..HH.2018.07.19.14.16.25,S,LA25,main,79.18,ABSTAIN,51.3,,False,no_pick
XO.LT20..HH.2018.07.19.14.25.14,P,LT20,main,44.99,ABSTAIN,44.8,,False,no_pick
XO.LT20..HH.2018.07.19.14.25.14,S,LT20,main,59.1,ROUTE,26.3,59.47,True,correct
XO.LT18..HH.2018.07.19.14.25.08,P,LT18,main,44.99,FUSE,9.3,44.97,True,correct
XO.LA28..HH.2018.07.19.14.45.01,P,LA28,holdout,44.99,FUSE,9.3,44.985,True,correct
XO.LA28..HH.2018.07.19.14.45.01,S,LA28,holdout,74.05,ABSTAIN,46.3,,False,no_pick
XO.LD36..HH.2018.07.19.14.45.43,S,LD36,main,44.99,ROUTE,36.3,45.62,True,correct
XO.WS75..HH.2018.07.19.15.24.20,P,WS75,holdout,44.99,ROUTE,26.3,47.24,True,wrong
XO.LT12..HH.2018.07.19.15.43.52,P,LT12,main,45.0,FUSE,1.0,44.97,True,correct
XO.LT12..HH.2018.07.19.15.43.52,S,LT12,main,55.33,FUSE,1.0,55.53,True,correct
XO.LT17..HH.2018.07.19.16.46.04,P,LT17,main,44.99,FUSE,13.6,45.505,True,wrong
XO.LT17..HH.2018.07.19.16.46.04,S,LT17,main,52.05,FUSE,1.3,52.34,True,correct
XO.LD40..HH.2018.07.19.17.25.06,S,LD40,main,45.0,ROUTE,26.3,44.89,True,correct
XO.LA39..HH.2018.07.20.10.42.20,P,LA39,main,45.0,FUSE,10.0,44.965,True,correct
XO.LA39..HH.2018.07.20.10.42.20,S,LA39,main,62.36,FUSE,10.0,62.45,True,correct
XO.LT18..HH.2018.07.20.16.23.18,P,LT18,main,44.99,FUSE,4.3,44.975,True,correct
XO.LT18..HH.2018.07.20.16.23.18,S,LT18,main,59.76,FUSE,9.3,59.155,True,correct
XO.LT17..HH.2018.07.20.16.23.20,P,LT17,main,44.99,FUSE,13.3,44.925,True,correct
XO.LT20..HH.2018.07.20.16.23.14,P,LT20,main,44.99,ABSTAIN,7.8,,False,no_pick
XO.LT20..HH.2018.07.20.16.23.14,S,LT20,main,55.46,ABSTAIN,7.8,,False,no_pick
XO.WD68..HH.2018.07.20.16.23.27,P,WD68,main,44.99,ROUTE,21.3,44.95,True,correct
XO.LA29..HH.2018.07.20.16.23.42,P,LA29,main,44.99,FUSE,5.0,44.99,True,correct
XO.LT12..HH.2018.07.20.16.23.42,P,LT12,main,45.0,FUSE,1.0,45.02,True,correct
XO.LT12..HH.2018.07.20.16.23.42,S,LT12,main,75.41,FUSE,1.0,75.28,True,correct
XO.WD62..HH.2018.07.20.18.01.13,P,WD62,main,45.0,ROUTE,26.3,45.04,True,correct
XO.LT10..HH.2018.07.20.18.01.18,P,LT10,holdout,44.99,FUSE,11.3,44.95,True,correct
XO.WD47..HH.2018.07.20.20.46.07,P,WD47,main,45.0,ROUTE,21.3,79.19,True,wrong
XO.LT07..HH.2018.07.20.06.33.44,P,LT07,holdout,44.99,ABSTAIN,43.0,,False,no_pick
XO.LT20..HH.2018.07.20.10.59.43,S,LT20,holdout,45.0,ROUTE,31.3,44.83,True,correct
XO.LA39..HH.2018.07.20.16.07.41,P,LA39,main,45.0,FUSE,13.3,43.83,True,wrong
XO.LA39..HH.2018.07.20.16.07.41,S,LA39,main,58.93,FUSE,1.0,59.06,True,correct
XO.LD45..HH.2018.07.21.07.58.08,P,LD45,main,45.0,FUSE,2.8,44.91,True,correct
XO.LD45..HH.2018.07.21.07.58.08,S,LD45,main,55.23,ROUTE,21.3,54.95,True,correct
XO.WD67..HH.2018.07.21.07.58.28,P,WD67,holdout,45.0,ABSTAIN,12.8,,False,no_pick
XO.WD61..HH.2018.07.21.07.58.32,P,WD61,holdout,44.99,ABSTAIN,21.3,,False,no_pick
XO.WD63..HH.2018.07.21.07.58.32,P,WD63,main,44.99,ABSTAIN,49.8,,False,no_pick
XO.LT18..HH.2018.07.21.08.02.29,P,LT18,main,44.99,FUSE,9.3,44.985,True,correct
XO.LT18..HH.2018.07.21.08.02.29,S,LT18,main,51.04,FUSE,9.3,50.7,True,correct
XO.LD45..HH.2018.07.21.08.02.34,P,LD45,main,44.99,ROUTE,21.3,44.97,True,correct
XO.LD45..HH.2018.07.21.08.02.34,S,LD45,main,54.05,ABSTAIN,21.3,,False,no_pick
XO.LT13..HH.2018.07.21.08.02.47,P,LT13,main,44.99,FUSE,13.6,44.925,True,correct
XO.LT12..HH.2018.07.21.08.02.53,P,LT12,main,45.0,FUSE,1.0,44.81,True,correct
XO.LT18..HH.2018.07.21.08.14.41,P,LT18,main,44.99,FUSE,4.3,44.975,True,correct
XO.LT18..HH.2018.07.21.08.14.41,S,LT18,main,51.09,ABSTAIN,22.8,,False,no_pick
XO.LD44..HH.2018.07.21.08.14.48,P,LD44,holdout,45.0,FUSE,2.8,44.905,True,correct
XO.LA32..HH.2018.07.21.08.15.01,P,LA32,holdout,45.0,ROUTE,24.5,45.13,True,correct
XO.LA32..HH.2018.07.21.08.15.01,S,LA32,holdout,66.27,ABSTAIN,48.0,,False,no_pick
XO.WD67..HH.2018.07.21.08.15.06,P,WD67,main,45.0,ROUTE,26.3,44.83,True,correct
XO.LT10..HH.2018.07.21.08.15.11,P,LT10,main,44.99,FUSE,13.6,45.005,True,correct
XO.LT10..HH.2018.07.21.08.15.11,S,LT10,main,73.33,FUSE,13.6,73.3,True,correct
XO.LT17..HH.2018.07.21.08.28.08,P,LT17,main,44.99,FUSE,13.6,44.985,True,correct
XO.LT17..HH.2018.07.21.08.28.08,S,LT17,main,51.68,FUSE,1.3,52.0,True,correct
XO.WD68..HH.2018.07.21.08.28.22,P,WD68,main,44.99,ROUTE,26.3,44.93,True,correct
XO.LT18..HH.2018.07.21.10.05.24,P,LT18,main,44.99,FUSE,9.3,45.0,True,correct
XO.LT18..HH.2018.07.21.10.05.24,S,LT18,main,51.51,ABSTAIN,27.8,,False,no_pick
XO.LT20..HH.2018.07.21.10.05.27,P,LT20,main,44.99,ROUTE,36.3,44.75,True,correct
XO.LT20..HH.2018.07.21.10.05.27,S,LT20,main,53.03,ROUTE,36.3,53.54,True,correct
XO.WD69..HH.2018.07.21.10.05.28,P,WD69,main,44.99,ROUTE,26.3,44.85,True,correct
XO.WD65..HH.2018.07.21.10.05.43,P,WD65,main,44.99,ROUTE,26.3,44.92,True,correct
XO.WD59..HH.2018.07.21.10.09.31,P,WD59,main,44.99,ABSTAIN,59.8,,False,no_pick
XO.LD45..HH.2018.07.21.11.48.06,P,LD45,main,45.0,ABSTAIN,7.8,,False,no_pick
XO.LT13..HH.2018.07.21.11.48.19,P,LT13,main,44.99,FUSE,1.3,44.91,True,correct
XO.LT16..HH.2018.07.21.11.48.22,P,LT16,main,45.0,FUSE,5.0,44.91,True,correct
XO.LT01..HH.2018.07.21.06.55.54,S,LT01,main,44.99,ABSTAIN,22.3,,False,no_pick
XO.LD40..HH.2018.07.21.07.49.29,P,LD40,main,44.99,ROUTE,21.3,45.17,True,correct
XO.LD40..HH.2018.07.21.07.49.29,S,LD40,main,66.43,ROUTE,21.3,67.22,True,correct
XO.LT20..HH.2018.07.21.08.21.14,P,LT20,holdout,44.99,ROUTE,36.3,45.27,True,correct
XO.LT20..HH.2018.07.21.08.21.14,S,LT20,holdout,53.46,ROUTE,36.3,53.76,True,correct
XO.LT18..HH.2018.07.21.09.52.12,P,LT18,main,44.99,FUSE,9.3,44.915,True,correct
XO.LT18..HH.2018.07.21.09.52.12,S,LT18,main,51.55,ABSTAIN,46.3,,False,no_pick
XO.LD44..HH.2018.07.21.09.52.29,S,LD44,main,44.99,ROUTE,21.3,45.12,True,correct
XO.LA34..HH.2018.07.21.09.52.42,S,LA34,main,45.0,ABSTAIN,6.0,,False,no_pick
XO.LT04..HH.2018.07.21.16.10.26,S,LT04,main,44.99,ABSTAIN,11.0,,False,no_pick
XO.WD49..HH.2018.07.21.22.57.32,P,WD49,main,45.0,ROUTE,26.3,44.37,True,wrong
XO.LT01..HH.2018.07.21.22.57.52,S,LT01,main,45.0,ABSTAIN,52.0,,False,no_pick
XO.WS75..HH.2018.07.22.00.28.35,S,WS75,main,45.0,ROUTE,21.3,44.8,True,correct
XO.LT17..HH.2018.07.22.00.27.59,P,LT17,main,45.0,FUSE,13.3,45.02,True,correct
XO.LT17..HH.2018.07.22.00.27.59,S,LT17,main,71.24,FUSE,1.0,70.98,True,correct
XO.LT12..HH.2018.07.22.00.27.48,P,LT12,holdout,45.0,FUSE,1.0,44.93,True,correct
XO.WD62..HH.2018.07.22.00.28.09,P,WD62,main,44.99,ROUTE,36.3,44.96,True,correct
XO.WD58..HH.2018.07.22.00.28.10,P,WD58,main,44.99,ROUTE,36.3,44.88,True,correct
XO.LT04..HH.2018.07.22.16.21.10,P,LT04,main,44.99,ABSTAIN,6.0,,False,no_pick
XO.LT04..HH.2018.07.22.16.21.10,S,LT04,main,65.31,FUSE,1.0,65.12,True,correct
XO.WS75..HH.2018.07.22.16.21.18,P,WS75,main,45.0,ROUTE,26.3,45.1,True,correct
XO.WS75..HH.2018.07.22.16.21.18,S,WS75,main,72.99,ROUTE,26.3,73.14,True,correct
XO.LD41..HH.2018.07.22.16.21.19,P,LD41,main,44.99,ROUTE,26.3,44.92,True,correct
XO.LT20..HH.2018.07.22.16.21.20,P,LT20,main,44.99,ROUTE,21.3,44.99,True,correct
XO.LT20..HH.2018.07.22.17.12.47,P,LT20,main,45.0,ROUTE,21.3,45.01,True,correct
XO.LT20..HH.2018.07.22.17.12.47,S,LT20,main,53.61,ROUTE,21.3,53.78,True,correct
XO.WD68..HH.2018.07.22.17.12.59,P,WD68,main,44.99,ABSTAIN,7.8,,False,no_pick
XO.WD68..HH.2018.07.22.17.12.59,S,WD68,main,62.56,ROUTE,21.3,62.54,True,correct
XO.LA30..HH.2018.07.22.17.13.08,P,LA30,main,45.0,ABSTAIN,10.0,,False,no_pick
XO.LA30..HH.2018.07.22.17.13.08,S,LA30,main,70.56,ABSTAIN,47.0,,False,no_pick
XO.LD36..HH.2018.07.22.17.13.23,P,LD36,main,45.0,ROUTE,41.3,76.95,True,wrong
XO.LT12..HH.2018.07.23.11.32.01,P,LT12,main,45.0,FUSE,1.0,44.96,True,correct
XO.WD61..HH.2018.07.23.11.32.03,P,WD61,main,44.99,ROUTE,26.3,44.93,True,correct
XO.LA21..HH.2018.07.23.11.32.04,P,LA21,holdout,45.0,FUSE,5.3,44.74,True,correct
XO.LT18..HH.2018.07.23.14.43.47,P,LT18,main,44.99,FUSE,9.3,44.995,True,correct
XO.LT20..HH.2018.07.23.14.47.03,P,LT20,main,44.99,ROUTE,21.3,44.55,True,correct
XO.LT20..HH.2018.07.23.14.47.03,S,LT20,main,53.53,ROUTE,21.3,53.86,True,correct
XO.LT15..HH.2018.07.24.04.12.07,P,LT15,main,45.0,ABSTAIN,28.5,,False,no_pick
XO.LT15..HH.2018.07.24.04.12.07,S,LT15,main,51.68,FUSE,19.2,107.93,True,wrong
XO.LT17..HH.2018.07.24.04.12.25,P,LT17,main,44.99,FUSE,18.3,44.82,True,correct
XO.WS75..HH.2018.07.24.04.12.27,P,WS75,main,45.0,ABSTAIN,12.8,,False,no_pick
XO.WD63..HH.2018.07.24.04.12.34,P,WD63,holdout,44.99,ABSTAIN,49.8,,False,no_pick
XO.LT09..HH.2018.07.24.04.16.32,P,LT09,main,45.0,FUSE,5.0,44.605,True,correct
XO.LT09..HH.2018.07.24.04.16.32,S,LT09,main,50.78,FUSE,14.2,51.0,True,correct
XO.LT15..HH.2018.07.24.04.16.32,P,LT15,main,45.0,FUSE,0.0,45.01,True,correct
XO.LT15..HH.2018.07.24.04.16.32,S,LT15,main,51.71,FUSE,0.0,51.73,True,correct
XO.LT10..HH.2018.07.24.04.16.34,P,LT10,main,44.99,FUSE,0.0,45.015,True,correct
XO.LT10..HH.2018.07.24.04.16.34,S,LT10,main,52.22,FUSE,12.3,52.735,True,correct
XO.LD45..HH.2018.07.24.04.16.50,P,LD45,holdout,45.0,ROUTE,26.3,44.74,True,correct
XO.LD45..HH.2018.07.24.04.16.50,S,LD45,holdout,65.94,ROUTE,26.3,65.79,True,correct
XO.LD44..HH.2018.07.24.04.16.51,P,LD44,main,45.0,ROUTE,26.3,45.06,True,correct
XO.LD44..HH.2018.07.24.04.16.51,S,LD44,main,66.48,ROUTE,26.3,66.34,True,correct
XO.WD58..HH.2018.07.24.04.16.52,P,WD58,main,44.99,ABSTAIN,7.8,,False,no_pick
XO.WD58..HH.2018.07.24.04.16.52,S,WD58,main,66.95,ROUTE,21.3,66.82,True,correct
XO.WD53..HH.2018.07.24.04.17.03,P,WD53,main,44.99,ABSTAIN,26.3,,False,no_pick
XO.LA25..HH.2018.07.24.14.29.30,P,LA25,main,44.99,ABSTAIN,51.3,,False,no_pick
XO.LA25..HH.2018.07.24.14.29.30,S,LA25,main,78.95,ABSTAIN,51.3,,False,no_pick
XO.WD62..HH.2018.07.24.14.29.24,P,WD62,holdout,44.99,FUSE,7.8,45.08,True,correct
XO.WD62..HH.2018.07.24.14.29.24,S,WD62,holdout,74.48,ROUTE,26.3,74.27,True,correct
XO.WD69..HH.2018.07.24.14.29.03,P,WD69,main,44.99,ROUTE,21.3,44.97,True,correct
XO.WD69..HH.2018.07.24.14.29.03,S,WD69,main,62.96,ROUTE,21.3,57.7,True,wrong
XO.LA33..HH.2018.07.24.15.50.41,P,LA33,main,44.99,FUSE,1.0,44.93,True,correct
XO.LA30..HH.2018.07.24.15.50.43,P,LA30,main,44.99,ABSTAIN,5.0,,False,no_pick
XO.LT14..HH.2018.07.24.15.50.44,P,LT14,main,44.99,FUSE,4.3,45.5,True,wrong
XO.LT15..HH.2018.07.24.15.50.47,S,LT15,main,44.99,FUSE,13.3,45.83,True,correct
XO.WD68..HH.2018.07.24.15.50.55,P,WD68,main,44.99,ROUTE,26.3,44.95,True,correct
XO.WD68..HH.2018.07.24.15.50.55,S,WD68,main,68.03,ROUTE,26.3,67.94,True,correct
XO.WD63..HH.2018.07.24.15.50.59,P,WD63,main,44.99,ROUTE,26.3,45.46,True,correct
XO.WD63..HH.2018.07.24.15.50.59,S,WD63,main,71.2,ROUTE,26.3,70.82,True,correct
XO.WD67..HH.2018.07.24.15.51.05,P,WD67,main,45.0,ROUTE,31.3,41.27,True,wrong
XO.WD67..HH.2018.07.24.15.51.05,S,WD67,main,75.01,ROUTE,31.3,75.28,True,correct
XO.WD64..HH.2018.07.24.15.51.38,S,WD64,main,45.0,ROUTE,21.3,44.91,True,correct
XO.WD55..HH.2018.07.24.04.19.19,S,WD55,holdout,44.99,ROUTE,21.3,44.91,True,correct
XO.LT12..HH.2018.07.24.04.18.21,P,LT12,main,45.0,FUSE,20.0,44.975,True,correct
XO.LT12..HH.2018.07.24.04.18.21,S,LT12,main,48.87,FUSE,29.2,48.57,True,correct
XO.LT14..HH.2018.07.24.04.18.28,P,LT14,main,44.99,FUSE,9.3,44.995,True,correct
XO.LA33..HH.2018.07.24.04.18.32,P,LA33,main,45.0,FUSE,1.0,45.0,True,correct
XO.LA33..HH.2018.07.24.04.18.32,S,LA33,main,58.52,FUSE,1.0,58.23,True,correct
XO.LT13..HH.2018.07.24.04.13.05,P,LT13,main,44.99,FUSE,0.0,44.94,True,correct
XO.LT13..HH.2018.07.24.04.13.05,S,LT13,main,53.16,FUSE,0.0,54.26,True,wrong
XO.LT16..HH.2018.07.24.04.13.08,P,LT16,main,45.0,ROUTE,29.3,44.49,True,wrong
XO.WD46..HH.2018.07.24.20.21.13,P,WD46,main,44.99,ROUTE,21.3,107.14,True,wrong
XO.WD56..HH.2018.07.24.20.21.44,P,WD56,holdout,44.99,ROUTE,21.3,44.83,True,correct
XO.WS74..HH.2018.07.25.04.07.49,P,WS74,main,44.99,ROUTE,31.3,44.81,True,correct
XO.WD68..HH.2018.07.25.04.07.52,P,WD68,main,45.0,ROUTE,21.3,44.95,True,correct
XO.LA28..HH.2018.07.25.21.38.27,P,LA28,main,44.99,ABSTAIN,32.8,,False,no_pick
XO.LA28..HH.2018.07.25.21.38.27,S,LA28,main,71.2,ABSTAIN,46.3,,False,no_pick
XO.WD66..HH.2018.07.25.21.37.52,P,WD66,main,44.99,ABSTAIN,27.8,,False,no_pick
XO.LD44..HH.2018.07.25.21.37.59,P,LD44,holdout,44.99,FUSE,2.8,45.1,True,correct
XO.LD44..HH.2018.07.25.21.37.59,S,LD44,holdout,52.26,ROUTE,21.3,52.65,True,correct
XO.LT20..HH.2018.07.25.21.38.17,P,LT20,holdout,44.99,ROUTE,26.3,47.33,True,wrong
XO.LA25..HH.2018.07.25.21.38.31,P,LA25,main,44.99,ABSTAIN,14.3,,False,no_pick
XO.LT16..HH.2018.07.25.04.14.41,P,LT16,main,45.0,FUSE,5.8,45.04,True,correct
XO.LT16..HH.2018.07.25.04.14.41,S,LT16,main,54.99,FUSE,5.8,55.155,True,correct
XO.WD66..HH.2018.07.25.18.33.52,P,WD66,holdout,44.99,FUSE,17.8,44.94,True,correct
XO.LD44..HH.2018.07.25.18.33.58,P,LD44,holdout,44.99,FUSE,2.8,45.07,True,correct
XO.LD44..HH.2018.07.25.18.33.58,S,LD44,holdout,52.17,ROUTE,21.3,53.06,True,correct
XO.WD68..HH.2018.07.25.18.33.58,P,WD68,main,44.99,ABSTAIN,7.8,,False,no_pick
XO.WD68..HH.2018.07.25.18.33.58,S,WD68,main,52.23,ROUTE,21.3,52.47,True,correct
XO.WD52..HH.2018.07.25.18.34.03,P,WD52,holdout,44.99,ROUTE,21.3,44.77,True,correct
XO.WD52..HH.2018.07.25.18.34.03,S,WD52,holdout,54.14,ROUTE,21.3,55.04,True,correct
XO.LA21..HH.2018.07.25.18.34.32,P,LA21,main,45.0,FUSE,9.3,44.93,True,correct
XO.LD40..HH.2018.07.26.10.55.02,P,LD40,main,44.99,ROUTE,21.3,45.61,True,wrong
XO.LD40..HH.2018.07.26.10.55.02,S,LD40,main,66.85,ROUTE,21.3,67.04,True,correct
XO.WD70..HH.2018.07.26.10.54.53,P,WD70,main,44.99,ROUTE,21.3,44.93,True,correct
XO.LA29..HH.2018.07.26.11.38.26,S,LA29,holdout,45.0,ABSTAIN,6.0,,False,no_pick
XO.LA29..HH.2018.07.26.08.11.03,P,LA29,main,45.0,FUSE,1.0,46.515,True,wrong
XO.LA29..HH.2018.07.26.08.11.03,S,LA29,main,57.43,FUSE,1.0,57.36,True,correct
XO.LA26..HH.2018.07.26.08.11.23,S,LA26,main,45.0,ABSTAIN,6.3,,False,no_pick
XO.WD50..HH.2018.07.26.15.26.07,P,WD50,main,45.0,ROUTE,21.3,44.95,True,correct
XO.WD50..HH.2018.07.26.15.26.07,S,WD50,main,67.02,ROUTE,21.3,67.42,True,correct
XO.LD38..HH.2018.07.26.15.26.05,P,LD38,main,44.99,ROUTE,21.3,45.07,True,correct
XO.LD38..HH.2018.07.26.15.26.05,S,LD38,main,65.62,ROUTE,21.3,65.69,True,correct
XO.LA25..HH.2018.07.27.17.13.11,P,LA25,holdout,44.99,ROUTE,22.8,45.02,True,correct
XO.LA25..HH.2018.07.27.17.13.11,S,LA25,holdout,77.24,ROUTE,22.8,77.33,True,correct
XO.WD51..HH.2018.07.27.17.13.32,S,WD51,main,44.99,ROUTE,26.3,44.68,True,correct
XO.LA23..HH.2018.07.27.17.13.42,S,LA23,main,45.0,ABSTAIN,48.3,,False,no_pick
XO.LA39..HH.2018.07.27.22.32.01,P,LA39,main,45.0,FUSE,1.0,45.02,True,correct
XO.LA39..HH.2018.07.27.22.32.01,S,LA39,main,68.46,FUSE,1.0,68.39,True,correct
XO.WD56..HH.2018.07.27.22.32.10,P,WD56,holdout,45.0,ABSTAIN,21.3,,False,no_pick
XO.WD46..HH.2018.07.27.00.53.08,P,WD46,main,45.0,ROUTE,27.3,105.64,True,wrong
XO.WD70..HH.2018.07.27.00.53.16,P,WD70,holdout,45.0,ROUTE,21.3,45.02,True,correct
XO.WD70..HH.2018.07.27.00.53.16,S,WD70,holdout,59.18,ROUTE,21.3,60.26,True,wrong
XO.WD54..HH.2018.07.27.00.53.02,P,WD54,main,45.0,ABSTAIN,27.8,,False,no_pick
XO.WD54..HH.2018.07.27.00.53.02,S,WD54,main,49.69,ABSTAIN,27.8,,False,no_pick
XO.WS72..HH.2018.07.27.12.47.55,P,WS72,holdout,44.99,ROUTE,31.3,44.91,True,correct
XO.WD50..HH.2018.07.27.13.49.07,P,WD50,main,45.0,ROUTE,21.3,45.08,True,correct
XO.WD50..HH.2018.07.27.13.49.07,S,WD50,main,66.28,ROUTE,21.3,66.56,True,correct
XO.WD70..HH.2018.07.27.14.45.35,P,WD70,main,44.99,ROUTE,31.3,45.03,True,correct
XO.WD70..HH.2018.07.27.14.45.35,S,WD70,main,60.82,ROUTE,31.3,60.82,True,correct
XO.WS72..HH.2018.07.27.14.45.38,P,WS72,main,44.99,ROUTE,21.3,45.04,True,correct
XO.WS72..HH.2018.07.27.14.45.38,S,WS72,main,62.39,ROUTE,21.3,62.63,True,correct
XO.LT07..HH.2018.07.27.17.42.34,S,LT07,main,44.99,ROUTE,38.5,44.84,True,correct
XO.LT20..HH.2018.07.27.20.02.37,P,LT20,main,44.99,ABSTAIN,44.8,,False,no_pick
XO.LT20..HH.2018.07.27.20.02.37,S,LT20,main,52.82,ROUTE,21.3,52.65,True,correct
XO.LD45..HH.2018.07.28.12.21.53,P,LD45,holdout,44.99,FUSE,2.8,44.865,True,correct
XO.LT13..HH.2018.07.28.12.21.57,P,LT13,main,44.99,FUSE,13.3,44.98,True,correct
XO.LT13..HH.2018.07.28.12.21.57,S,LT13,main,56.9,FUSE,13.3,57.66,True,correct
XO.LA33..HH.2018.07.28.12.21.59,P,LA33,holdout,44.99,ABSTAIN,5.0,,False,no_pick
XO.LA33..HH.2018.07.28.12.21.59,S,LA33,holdout,58.36,FUSE,0.0,58.52,True,correct
XO.WD50..HH.2018.07.28.03.44.40,P,WD50,holdout,44.99,ROUTE,21.3,44.97,True,correct
XO.WD50..HH.2018.07.28.03.44.40,S,WD50,holdout,62.09,ROUTE,21.3,62.02,True,correct
XO.WS72..HH.2018.07.28.03.44.35,P,WS72,main,45.0,ROUTE,31.3,44.93,True,correct
XO.WS72..HH.2018.07.28.03.44.35,S,WS72,main,58.7,ROUTE,31.3,59.36,True,correct
XO.LT20..HH.2018.07.28.05.28.40,P,LT20,holdout,45.0,ROUTE,31.3,,True,no_pick
XO.WD70..HH.2018.07.28.06.04.54,P,WD70,main,44.99,ROUTE,21.3,45.75,True,wrong
XO.WD54..HH.2018.07.28.06.04.55,S,WD54,main,44.99,ROUTE,21.3,44.99,True,correct
XO.LA39..HH.2018.07.28.06.14.22,P,LA39,main,45.0,ABSTAIN,11.0,,False,no_pick
XO.LA39..HH.2018.07.28.06.14.22,S,LA39,main,59.69,FUSE,18.3,59.72,True,correct
XO.LT06..HH.2018.07.29.12.23.19,P,LT06,main,45.0,FUSE,4.3,44.985,True,correct
XO.LT06..HH.2018.07.29.12.23.19,S,LT06,main,60.3,FUSE,4.3,60.19,True,correct
XO.WS71..HH.2018.07.29.12.23.26,P,WS71,main,45.0,FUSE,2.8,45.04,True,correct
XO.WS71..HH.2018.07.29.12.23.26,S,WS71,main,67.88,ROUTE,21.3,67.47,True,correct
XO.LT14..HH.2018.07.29.12.23.33,P,LT14,holdout,45.0,FUSE,9.3,45.07,True,correct
XO.LT12..HH.2018.07.29.12.23.36,P,LT12,main,45.0,FUSE,1.0,44.99,True,correct
XO.WD54..HH.2018.07.29.12.16.32,P,WD54,holdout,45.0,ABSTAIN,44.8,,False,no_pick
XO.WD54..HH.2018.07.29.12.16.32,S,WD54,holdout,50.84,ROUTE,21.3,50.75,True,correct
XO.LT07..HH.2018.07.30.11.33.29,P,LT07,main,45.0,ABSTAIN,5.0,,False,no_pick
XO.LT07..HH.2018.07.30.11.33.29,S,LT07,main,53.26,FUSE,0.0,53.1,True,correct
XO.LA30..HH.2018.07.30.11.33.47,P,LA30,main,44.99,FUSE,6.0,44.93,True,correct
XO.LA32..HH.2018.07.30.11.33.50,P,LA32,main,45.0,FUSE,5.0,44.96,True,correct
XO.LA32..HH.2018.07.30.11.33.50,S,LA32,main,69.41,FUSE,17.3,69.555,True,correct
XO.WD58..HH.2018.07.30.11.33.55,P,WD58,holdout,44.99,ROUTE,21.3,44.98,True,correct
XO.WD58..HH.2018.07.30.11.33.55,S,WD58,holdout,73.15,ROUTE,21.3,72.55,True,correct
XO.LT15..HH.2018.07.30.11.34.05,S,LT15,holdout,45.0,FUSE,1.3,45.39,True,correct
XO.WS75..HH.2018.07.30.11.34.05,P,WS75,main,44.99,ROUTE,36.3,45.03,True,correct
XO.WS75..HH.2018.07.30.11.34.05,S,WS75,main,80.62,ROUTE,36.3,80.53,True,correct
XO.WS72..HH.2018.07.30.23.50.10,P,WS72,main,44.99,ROUTE,21.3,44.94,True,correct
XO.WS72..HH.2018.07.30.23.50.10,S,WS72,main,60.58,ROUTE,21.3,61.11,True,correct
XO.WS71..HH.2018.07.30.23.50.19,P,WS71,main,44.99,ABSTAIN,26.3,,False,no_pick
XO.LD41..HH.2018.07.30.23.50.28,P,LD41,main,44.99,ROUTE,26.3,45.17,True,correct
XO.WD53..HH.2018.07.30.12.27.58,P,WD53,main,45.0,ROUTE,36.3,44.54,True,correct
XO.WS71..HH.2018.07.30.12.28.04,S,WS71,main,45.0,ROUTE,46.3,,True,no_pick
XO.LT01..HH.2018.07.31.12.25.28,P,LT01,holdout,45.0,FUSE,10.0,28.24,True,wrong
XO.LD38..HH.2018.07.31.12.25.39,S,LD38,main,45.0,ROUTE,31.3,44.68,True,correct
XO.WD57..HH.2018.07.31.12.25.44,P,WD57,main,45.0,ROUTE,21.3,44.95,True,correct
XO.WD46..HH.2018.07.31.12.44.00,P,WD46,main,44.99,ABSTAIN,50.0,,False,no_pick
XO.WS72..HH.2018.07.31.12.44.12,P,WS72,main,44.99,ROUTE,31.3,44.93,True,correct
XO.WS72..HH.2018.07.31.12.44.12,S,WS72,main,60.51,ROUTE,31.3,107.14,True,wrong
XO.LA39..HH.2018.07.31.06.49.44,P,LA39,main,45.0,ABSTAIN,5.0,,False,no_pick
XO.LA39..HH.2018.07.31.06.49.44,S,LA39,main,59.88,FUSE,0.0,59.9,True,correct
XO.WD57..HH.2018.07.31.06.59.56,P,WD57,main,44.99,ROUTE,26.3,44.99,True,correct
XO.WD57..HH.2018.07.31.06.59.56,S,WD57,main,77.2,ROUTE,26.3,77.88,True,correct
XO.WD70..HH.2018.07.31.06.59.30,P,WD70,holdout,44.99,ROUTE,31.3,44.83,True,correct
XO.WD70..HH.2018.07.31.06.59.30,S,WD70,holdout,58.65,ROUTE,31.3,58.73,True,correct
XO.WD48..HH.2018.07.31.06.59.34,P,WD48,main,44.99,ABSTAIN,7.8,,False,no_pick
XO.WD48..HH.2018.07.31.06.59.34,S,WD48,main,61.67,ROUTE,21.3,62.02,True,correct
XO.WD49..HH.2018.07.31.06.59.43,P,WD49,main,44.99,ROUTE,21.3,44.46,True,wrong
XO.LA39..HH.2018.07.31.07.01.07,S,LA39,holdout,45.0,ABSTAIN,6.0,,False,no_pick
XO.WS71..HH.2018.07.31.07.01.27,S,WS71,main,45.0,ROUTE,31.3,45.62,True,correct
XO.WD70..HH.2018.07.31.07.03.13,S,WD70,main,45.0,ROUTE,41.3,44.83,True,correct
XO.WD49..HH.2018.07.31.09.40.21,P,WD49,main,45.0,ROUTE,26.3,44.45,True,wrong
XO.WD46..HH.2018.07.31.09.59.37,P,WD46,main,45.0,ABSTAIN,22.3,,False,no_pick
XO.WD48..HH.2018.07.31.09.59.54,P,WD48,main,44.99,ROUTE,21.3,44.89,True,correct
XO.WD48..HH.2018.07.31.09.59.54,S,WD48,main,62.27,ROUTE,21.3,62.1,True,correct
XO.WD57..HH.2018.07.31.10.03.11,P,WD57,main,45.0,ROUTE,26.3,45.02,True,correct
XO.LA39..HH.2018.07.31.11.43.28,S,LA39,main,45.0,FUSE,10.0,44.97,True,correct
XO.WD51..HH.2018.07.31.11.50.35,P,WD51,main,45.0,ROUTE,31.3,45.09,True,correct
XO.WD51..HH.2018.07.31.11.50.35,S,WD51,main,65.67,ROUTE,31.3,66.11,True,correct
XO.WS72..HH.2018.07.31.12.34.17,S,WS72,holdout,44.99,ROUTE,31.3,109.86,True,wrong
XO.WS71..HH.2018.07.31.12.34.35,S,WS71,main,44.99,ROUTE,26.3,109.85,True,wrong
XO.WD48..HH.2018.07.31.13.23.26,P,WD48,main,44.99,ABSTAIN,12.8,,False,no_pick
XO.WD48..HH.2018.07.31.13.23.26,S,WD48,main,61.85,ROUTE,26.3,62.26,True,correct
XO.LD41..HH.2018.07.31.13.24.04,S,LD41,main,45.0,ROUTE,21.3,45.47,True,correct
XO.WS72..HH.2018.07.31.13.48.03,S,WS72,main,45.0,ROUTE,21.3,44.97,True,correct
XO.LA39..HH.2018.07.31.13.47.46,P,LA39,main,45.0,FUSE,1.0,45.13,True,correct
XO.LA39..HH.2018.07.31.13.47.46,S,LA39,main,60.38,FUSE,1.0,60.25,True,correct
XO.LT07..HH.2018.07.31.14.34.07,P,LT07,main,44.99,FUSE,0.0,44.93,True,correct
XO.LT07..HH.2018.07.31.14.34.07,S,LT07,main,53.85,FUSE,0.0,53.87,True,correct
XO.LT12..HH.2018.07.31.14.34.22,P,LT12,main,45.0,FUSE,1.0,44.93,True,correct
XO.LT12..HH.2018.07.31.14.34.22,S,LT12,main,65.08,FUSE,1.0,64.89,True,correct
XO.WD57..HH.2018.07.31.14.34.27,P,WD57,holdout,44.99,ROUTE,26.3,44.96,True,correct
XO.WD57..HH.2018.07.31.14.34.27,S,WD57,holdout,69.64,ROUTE,26.3,69.4,True,correct
XO.WS72..HH.2018.07.31.14.34.33,P,WS72,main,44.99,ROUTE,21.3,44.89,True,correct
XO.WS72..HH.2018.07.31.14.34.33,S,WS72,main,73.83,ROUTE,21.3,73.7,True,correct
XO.LA33..HH.2018.07.31.14.34.33,P,LA33,main,44.99,ABSTAIN,6.0,,False,no_pick
XO.LA39..HH.2018.07.31.14.32.05,P,LA39,main,45.0,FUSE,1.0,45.07,True,correct
XO.LA39..HH.2018.07.31.14.32.05,S,LA39,main,57.03,FUSE,1.0,57.18,True,correct
XO.WD51..HH.2018.07.31.17.09.43,P,WD51,main,45.0,ROUTE,21.3,45.0,True,correct
XO.WD51..HH.2018.07.31.17.09.43,S,WD51,main,70.69,ROUTE,21.3,71.06,True,correct
XO.WD70..HH.2018.07.31.17.09.31,P,WD70,main,44.99,ROUTE,21.3,44.95,True,correct
XO.WD70..HH.2018.07.31.17.09.31,S,WD70,main,62.03,ROUTE,21.3,62.09,True,correct
XO.WD49..HH.2018.07.31.17.09.48,P,WD49,main,45.0,ROUTE,31.3,44.67,True,correct
XO.WD48..HH.2018.07.31.23.43.46,S,WD48,main,44.99,ROUTE,26.3,45.04,True,correct
XO.LD40..HH.2018.07.01.15.44.41,P,LD40,holdout,45.0,ROUTE,21.3,43.49,True,wrong
XO.LD40..HH.2018.07.01.15.44.41,S,LD40,holdout,70.62,ROUTE,21.3,69.61,True,wrong
XO.LA39..HH.2018.07.01.15.44.48,S,LA39,main,44.99,FUSE,0.0,45.22,True,correct
XO.LA39..HH.2018.07.02.10.27.32,P,LA39,main,45.0,ABSTAIN,47.0,,False,no_pick
XO.LA39..HH.2018.07.02.10.27.32,S,LA39,main,59.25,FUSE,10.0,59.305,True,correct
XO.LD45..HH.2018.07.07.12.17.44,P,LD45,main,44.99,ROUTE,21.3,44.93,True,correct
XO.LD45..HH.2018.07.07.12.17.44,S,LD45,main,63.67,ROUTE,21.3,63.62,True,correct
XO.LT16..HH.2018.07.07.12.17.52,P,LT16,main,45.0,FUSE,5.0,44.93,True,correct
XO.LA34..HH.2018.07.07.12.17.52,P,LA34,main,45.0,ABSTAIN,5.0,,False,no_pick
XO.LA34..HH.2018.07.07.12.17.52,S,LA34,main,69.43,FUSE,0.0,68.78,True,correct
XO.LA33..HH.2018.07.07.12.17.55,P,LA33,main,44.99,ABSTAIN,5.0,,False,no_pick
XO.LA28..HH.2018.07.07.12.18.05,P,LA28,main,44.99,FUSE,14.3,44.98,True,correct
XO.LA39..HH.2018.07.12.06.51.24,P,LA39,main,45.0,FUSE,0.0,44.96,True,correct
XO.LA39..HH.2018.07.12.06.51.24,S,LA39,main,59.47,FUSE,0.0,59.44,True,correct
XO.LT01..HH.2018.07.12.06.51.58,S,LT01,holdout,45.0,FUSE,12.3,45.04,True,correct
XO.LD40..HH.2018.07.13.11.58.35,S,LD40,main,45.0,ROUTE,21.3,44.1,True,correct
XO.LT01..HH.2018.07.15.22.56.46,S,LT01,main,45.0,ABSTAIN,28.3,,False,no_pick
XO.LA39..HH.2018.07.21.22.22.28,S,LA39,main,44.99,FUSE,6.0,45.24,True,correct
XO.WS72..HH.2018.07.25.11.33.25,P,WS72,holdout,44.99,ROUTE,21.3,44.94,True,correct
XO.WS72..HH.2018.07.25.11.33.25,S,WS72,holdout,62.62,ROUTE,21.3,62.82,True,correct
XO.WD48..HH.2018.07.25.11.33.25,P,WD48,main,44.99,ROUTE,26.3,44.91,True,correct
XO.WD48..HH.2018.07.25.11.33.25,S,WD48,main,63.22,ROUTE,26.3,63.54,True,correct
XO.WD51..HH.2018.07.25.11.33.33,P,WD51,main,44.99,ROUTE,21.3,44.87,True,correct
XO.WD51..HH.2018.07.25.11.33.33,S,WD51,main,67.98,ROUTE,21.3,68.0,True,correct
XO.WD49..HH.2018.07.25.11.33.38,P,WD49,holdout,44.99,ROUTE,26.3,44.47,True,wrong
XO.LD38..HH.2018.07.25.11.33.48,S,LD38,main,45.0,ROUTE,21.3,44.91,True,correct
XO.LT01..HH.2018.07.25.11.33.54,S,LT01,main,44.99,FUSE,11.0,45.6,True,correct
XO.LA33..HH.2018.07.26.07.31.37,P,LA33,holdout,45.0,FUSE,0.0,45.02,True,correct
XO.LA33..HH.2018.07.26.07.31.37,S,LA33,holdout,58.09,FUSE,0.0,57.94,True,correct
XO.LT13..HH.2018.07.26.07.31.29,P,LT13,main,44.99,FUSE,6.3,44.92,True,correct
XO.LT13..HH.2018.07.26.07.31.29,S,LT13,main,51.9,FUSE,18.6,51.98,True,correct
XO.WS74..HH.2018.07.26.07.31.39,P,WS74,main,44.99,ROUTE,21.3,44.87,True,correct
XO.LT04..HH.2018.07.01.20.57.50,P,LT04,main,44.99,ABSTAIN,47.0,,False,no_pick
XO.LD40..HH.2018.07.01.21.11.45,S,LD40,main,44.99,ROUTE,26.3,46.97,True,wrong
XO.LA21..HH.2018.07.02.10.35.26,P,LA21,main,44.99,FUSE,4.3,43.675,True,wrong
XO.LA21..HH.2018.07.02.10.35.26,S,LA21,main,54.08,ABSTAIN,41.3,,False,no_pick
XO.LA26..HH.2018.07.02.10.35.32,P,LA26,main,45.0,FUSE,1.0,45.02,True,correct
XO.LT07..HH.2018.07.02.10.35.41,P,LT07,main,45.0,ROUTE,23.5,113.49,True,wrong
XO.LT13..HH.2018.07.03.07.10.15,P,LT13,main,44.99,ABSTAIN,18.6,,False,no_pick
XO.LT01..HH.2018.07.04.17.33.43,S,LT01,main,45.0,FUSE,17.3,45.035,True,correct
XO.LT07..HH.2018.07.05.00.42.23,P,LT07,holdout,44.99,FUSE,6.0,59.02,True,wrong
XO.LA39..HH.2018.07.05.00.42.49,S,LA39,main,44.99,ABSTAIN,53.0,,False,no_pick
XO.LA29..HH.2018.07.05.19.54.01,S,LA29,holdout,45.0,FUSE,1.3,46.34,True,wrong
XO.LT10..HH.2018.07.06.20.10.30,P,LT10,main,45.0,FUSE,1.3,44.95,True,correct
XO.LT10..HH.2018.07.06.20.10.30,S,LT10,main,55.94,FUSE,1.3,55.76,True,correct
XO.LT06..HH.2018.07.06.20.10.34,S,LT06,main,45.0,ABSTAIN,14.3,,False,no_pick
XO.LT04..HH.2018.07.07.07.33.12,P,LT04,main,44.99,FUSE,13.3,44.935,True,correct
XO.LT04..HH.2018.07.07.07.33.12,S,LT04,main,55.42,FUSE,1.0,54.96,True,correct
XO.LD45..HH.2018.07.10.18.47.50,P,LD45,main,44.99,ROUTE,21.3,44.89,True,correct
XO.LA33..HH.2018.07.10.18.48.03,P,LA33,holdout,44.99,FUSE,16.0,45.08,True,correct
XO.LT16..HH.2018.07.11.19.47.18,P,LT16,holdout,45.0,FUSE,0.0,45.01,True,correct
XO.LT20..HH.2018.07.11.07.07.38,S,LT20,main,44.99,ROUTE,21.3,45.14,True,correct
XO.LT12..HH.2018.07.11.07.07.41,S,LT12,main,45.0,FUSE,0.0,45.02,True,correct
XO.LD45..HH.2018.07.11.07.07.50,S,LD45,main,44.99,ROUTE,21.3,44.82,True,correct
XO.LA32..HH.2018.07.11.07.07.52,S,LA32,main,44.99,FUSE,1.0,45.02,True,correct
XO.LT16..HH.2018.07.12.04.09.09,P,LT16,main,45.0,FUSE,5.8,44.95,True,correct
XO.LT16..HH.2018.07.12.04.09.09,S,LT16,main,50.84,FUSE,5.8,50.86,True,correct
XO.LD40..HH.2018.07.15.02.04.38,S,LD40,main,44.99,ROUTE,31.3,,True,no_pick
XO.LA39..HH.2018.07.20.18.44.31,P,LA39,main,44.99,FUSE,1.0,45.21,True,correct
XO.LA39..HH.2018.07.20.18.44.31,S,LA39,main,64.07,FUSE,13.3,63.285,True,correct
XO.WD46..HH.2018.07.14.19.25.48,P,WD46,main,44.99,ABSTAIN,21.3,,False,no_pick
XO.LA39..HH.2018.07.18.02.49.23,P,LA39,main,44.99,FUSE,13.3,45.16,True,correct
XO.LA39..HH.2018.07.18.02.49.23,S,LA39,main,63.92,FUSE,1.0,63.73,True,correct
XO.LT13..HH.2018.07.18.13.01.43,P,LT13,main,44.99,FUSE,6.3,44.775,True,correct
XO.LT13..HH.2018.07.21.00.02.15,P,LT13,holdout,44.99,FUSE,1.3,45.15,True,correct
XO.LT13..HH.2018.07.21.00.02.15,S,LT13,holdout,56.07,FUSE,1.3,57.0,True,correct
XO.WD69..HH.2018.07.21.15.15.02,P,WD69,main,44.99,ROUTE,21.3,44.93,True,correct
XO.WD69..HH.2018.07.21.15.15.02,S,WD69,main,57.42,ROUTE,21.3,56.93,True,correct
XO.LT17..HH.2018.07.21.15.15.02,P,LT17,main,44.99,FUSE,0.0,44.995,True,correct
XO.WS75..HH.2018.07.21.15.15.13,S,WS75,main,44.99,ROUTE,26.3,44.8,True,correct
XO.WS75..HH.2018.07.22.02.53.35,P,WS75,main,45.0,ROUTE,21.3,44.79,True,correct
XO.LT01..HH.2018.07.22.22.51.51,S,LT01,main,44.99,FUSE,10.0,44.885,True,correct
XO.LA39..HH.2018.07.22.22.51.22,P,LA39,main,45.0,FUSE,1.0,44.98,True,correct
XO.LA39..HH.2018.07.22.22.51.22,S,LA39,main,58.77,FUSE,1.0,58.78,True,correct
XO.WD67..HH.2018.07.24.19.14.03,P,WD67,main,45.0,ROUTE,21.3,44.92,True,correct
XO.WD67..HH.2018.07.24.19.14.03,S,WD67,main,56.18,ROUTE,21.3,56.57,True,correct
XO.WD53..HH.2018.07.25.00.59.51,P,WD53,main,44.99,ROUTE,26.3,44.95,True,correct
XO.WD57..HH.2018.07.25.00.59.51,P,WD57,main,45.0,ROUTE,31.3,43.49,True,wrong
XO.LT15..HH.2018.07.25.03.30.53,P,LT15,main,45.0,FUSE,28.6,45.005,True,correct
XO.LT15..HH.2018.07.25.03.30.53,S,LT15,main,49.89,FUSE,16.3,49.76,True,correct
XO.LT14..HH.2018.07.25.03.31.03,P,LT14,main,44.99,ABSTAIN,22.8,,False,no_pick
XO.WD54..HH.2018.07.25.08.22.55,P,WD54,main,44.99,ABSTAIN,50.0,,False,no_pick
XO.LD44..HH.2018.07.25.17.26.25,P,LD44,holdout,44.99,ROUTE,26.3,45.04,True,correct
XO.LD44..HH.2018.07.25.17.26.25,S,LD44,holdout,50.68,ROUTE,26.3,50.73,True,correct
XO.WD69..HH.2018.07.25.22.03.55,P,WD69,holdout,44.99,ROUTE,21.3,44.83,True,correct
XO.WD69..HH.2018.07.25.22.03.55,S,WD69,holdout,53.6,ROUTE,21.3,53.93,True,correct
XO.WS74..HH.2018.07.25.22.03.59,P,WS74,main,44.99,ROUTE,26.3,46.97,True,wrong
XO.WD68..HH.2018.07.25.22.04.06,P,WD68,main,44.99,ROUTE,26.3,44.89,True,correct
XO.WD68..HH.2018.07.25.22.04.06,S,WD68,main,62.23,ROUTE,26.3,62.42,True,correct
XO.LA33..HH.2018.07.25.22.04.29,S,LA33,main,45.0,FUSE,1.0,45.19,True,correct
XO.LD36..HH.2018.07.25.06.12.34,P,LD36,main,44.99,ROUTE,36.3,44.81,True,correct
XO.LD36..HH.2018.07.25.06.12.34,S,LD36,main,79.85,ROUTE,36.3,80.03,True,correct
XO.LA28..HH.2018.07.25.06.12.35,P,LA28,holdout,44.99,FUSE,19.3,45.0,True,correct
XO.WD56..HH.2018.07.25.06.12.38,P,WD56,main,45.0,ROUTE,36.3,44.57,True,correct
XO.LA23..HH.2018.07.25.06.12.38,P,LA23,main,45.0,ABSTAIN,28.6,,False,no_pick
XO.LT16..HH.2018.07.25.06.13.01,S,LT16,main,45.0,ABSTAIN,47.8,,False,no_pick
XO.WD61..HH.2018.07.25.14.10.24,P,WD61,main,45.0,ROUTE,21.3,44.99,True,correct
XO.LT01..HH.2018.07.26.13.34.31,S,LT01,main,44.99,FUSE,10.0,45.245,True,correct
XO.LA39..HH.2018.07.26.17.39.25,P,LA39,main,45.0,FUSE,13.3,44.755,True,correct
XO.LA39..HH.2018.07.26.17.39.25,S,LA39,main,59.32,FUSE,1.0,60.03,True,correct
XO.LD40..HH.2018.07.26.17.39.51,S,LD40,main,45.0,ROUTE,21.3,45.88,True,correct
XO.LA33..HH.2018.07.26.19.18.07,S,LA33,holdout,44.99,FUSE,1.0,45.08,True,correct
XO.WD64..HH.2018.07.26.19.17.55,P,WD64,main,44.99,ABSTAIN,21.3,,False,no_pick
XO.WS74..HH.2018.07.26.19.18.04,S,WS74,main,44.99,ROUTE,21.3,45.4,True,correct
XO.WD70..HH.2018.07.26.21.48.46,P,WD70,holdout,45.0,ROUTE,21.3,45.0,True,correct
XO.WD70..HH.2018.07.26.21.48.46,S,WD70,holdout,63.27,ROUTE,21.3,59.9,True,wrong
XO.WS72..HH.2018.07.26.21.48.50,P,WS72,main,44.99,ROUTE,26.3,44.95,True,correct
XO.WS72..HH.2018.07.26.21.48.50,S,WS72,main,65.24,ROUTE,26.3,65.8,True,correct
XO.WD49..HH.2018.07.26.21.49.02,P,WD49,holdout,45.0,ROUTE,21.3,45.12,True,correct
XO.WD49..HH.2018.07.26.21.49.02,S,WD49,holdout,73.3,ROUTE,21.3,73.62,True,correct
XO.WS72..HH.2018.07.26.07.31.27,P,WS72,holdout,44.99,ROUTE,36.3,44.89,True,correct
XO.WS72..HH.2018.07.26.07.31.27,S,WS72,holdout,59.75,ROUTE,36.3,98.1,True,wrong
XO.LD45..HH.2018.07.27.05.54.23,P,LD45,main,44.99,ROUTE,26.3,44.56,True,correct
XO.WD69..HH.2018.07.27.17.19.03,P,WD69,main,44.99,ROUTE,26.3,44.81,True,correct
XO.LD41..HH.2018.07.27.17.27.32,P,LD41,main,44.99,ROUTE,21.3,44.85,True,correct
XO.LD41..HH.2018.07.27.17.27.32,S,LD41,main,59.43,ROUTE,21.3,59.35,True,correct
XO.LD36..HH.2018.07.27.17.28.15,S,LD36,main,44.99,ROUTE,26.3,44.97,True,correct
XO.LD38..HH.2018.07.27.21.41.18,P,LD38,holdout,45.0,ROUTE,26.3,44.9,True,correct
XO.WS72..HH.2018.07.27.21.41.16,P,WS72,main,44.99,ROUTE,21.3,44.93,True,correct
XO.WS72..HH.2018.07.27.21.41.16,S,WS72,main,59.09,ROUTE,21.3,59.32,True,correct
XO.WD54..HH.2018.07.28.05.17.43,P,WD54,main,45.0,ROUTE,26.3,44.95,True,correct
XO.WD54..HH.2018.07.28.05.17.43,S,WD54,main,50.52,ROUTE,26.3,50.67,True,correct
XO.LD40..HH.2018.07.28.07.51.26,S,LD40,main,45.0,ROUTE,21.3,45.61,True,correct
XO.WD50..HH.2018.07.28.15.41.40,P,WD50,main,45.0,ROUTE,26.3,45.67,True,wrong
XO.WD50..HH.2018.07.28.15.41.40,S,WD50,main,66.52,ROUTE,26.3,66.66,True,correct
XO.WS72..HH.2018.07.29.05.06.35,P,WS72,main,45.0,ABSTAIN,44.8,,False,no_pick
XO.WS72..HH.2018.07.29.05.06.35,S,WS72,main,59.46,ROUTE,21.3,59.38,True,correct
XO.WD54..HH.2018.07.29.05.06.27,P,WD54,main,44.99,ROUTE,31.3,45.05,True,correct
XO.WD54..HH.2018.07.29.05.06.27,S,WD54,main,54.14,ROUTE,31.3,111.42,True,wrong
XO.LD38..HH.2018.07.29.06.15.18,P,LD38,main,44.99,ROUTE,21.3,44.86,True,correct
XO.LD38..HH.2018.07.29.06.15.18,S,LD38,main,52.69,ROUTE,21.3,52.59,True,correct
XO.LT14..HH.2018.07.29.08.44.57,P,LT14,holdout,44.99,FUSE,4.3,44.995,True,correct
XO.LA32..HH.2018.07.29.08.44.57,P,LA32,main,45.0,FUSE,14.2,44.97,True,correct
XO.LT16..HH.2018.07.29.08.44.57,P,LT16,main,44.99,FUSE,10.8,44.935,True,correct
XO.LT15..HH.2018.07.29.08.44.59,S,LT15,main,45.0,FUSE,1.3,45.13,True,correct
XO.LA29..HH.2018.07.29.08.45.00,P,LA29,main,45.0,ABSTAIN,19.5,,False,no_pick
XO.LA29..HH.2018.07.29.08.45.00,S,LA29,main,55.97,FUSE,13.3,55.56,True,correct
XO.WD46..HH.2018.07.29.10.43.22,P,WD46,main,45.0,ABSTAIN,50.0,,False,no_pick
XO.WD50..HH.2018.07.29.10.43.41,P,WD50,main,45.0,ROUTE,21.3,45.07,True,correct
XO.WD50..HH.2018.07.29.10.43.41,S,WD50,main,64.9,ROUTE,21.3,65.5,True,correct
XO.WD49..HH.2018.07.29.10.43.46,P,WD49,holdout,45.0,ROUTE,26.3,44.72,True,correct
XO.WD49..HH.2018.07.29.10.43.46,S,WD49,holdout,67.74,ROUTE,26.3,67.47,True,correct
XO.LT06..HH.2018.07.29.10.49.58,P,LT06,main,45.0,FUSE,4.3,44.98,True,correct
XO.LT06..HH.2018.07.29.10.49.58,S,LT06,main,52.98,FUSE,4.3,53.28,True,correct
XO.WD51..HH.2018.07.29.10.50.19,P,WD51,main,45.0,ROUTE,21.3,44.91,True,correct
XO.LT17..HH.2018.07.29.14.28.17,P,LT17,main,45.0,FUSE,18.6,44.81,True,correct
XO.LT17..HH.2018.07.29.14.28.17,S,LT17,main,51.0,FUSE,6.3,51.07,True,correct
XO.LA39..HH.2018.07.31.05.39.22,P,LA39,main,44.99,FUSE,0.0,45.29,True,correct
XO.LA39..HH.2018.07.31.05.39.22,S,LA39,main,60.8,FUSE,0.0,60.85,True,correct
XO.WD50..HH.2018.07.31.05.39.24,P,WD50,main,44.99,ROUTE,26.3,44.67,True,correct
XO.WD50..HH.2018.07.31.05.39.24,S,WD50,main,61.14,ROUTE,26.3,61.46,True,correct
XO.LD40..HH.2018.07.31.16.56.54,S,LD40,holdout,45.0,ROUTE,26.3,45.32,True,correct
XO.WD69..HH.2018.07.31.19.21.34,P,WD69,main,44.99,ROUTE,21.3,44.97,True,correct
XO.WD69..HH.2018.07.31.19.21.34,S,WD69,main,55.11,ROUTE,21.3,54.99,True,correct
XO.LD44..HH.2018.07.31.19.21.36,P,LD44,main,44.99,ROUTE,21.3,44.73,True,correct
XO.LD44..HH.2018.07.31.19.21.36,S,LD44,main,56.18,ROUTE,21.3,56.31,True,correct
XO.LT01..HH.2018.07.31.23.15.16,S,LT01,main,45.0,FUSE,22.3,45.06,True,correct
XO.LA39..HH.2018.07.31.13.47.53,P,LA39,holdout,45.0,FUSE,1.0,37.32,True,wrong
