sample_id,phase,split,action,category,n_picks,has_correct_pick,all_picks_correct,min_cal_conf,max_cal_conf,reason_codes
XO.LT07..HH.2018.05.12.20.49.55,P,main,FUSE,AUTO_FUSE,3,True,True,0.856,0.944,FUSE_CONSENSUS_CLUSTER
XO.LT07..HH.2018.05.12.20.49.55,S,main,FUSE,AUTO_FUSE,3,True,True,0.856,0.944,FUSE_CONSENSUS_CLUSTER
XO.LT06..HH.2018.05.12.20.49.48,P,main,FUSE,AUTO_FUSE,3,True,True,0.855,0.954,FUSE_CONSENSUS_CLUSTER
XO.LT06..HH.2018.05.12.20.49.48,S,main,FUSE,AUTO_FUSE,3,True,True,0.855,0.954,FUSE_CONSENSUS_CLUSTER
XO.LT07..HH.2018.05.13.11.47.49,S,main,FUSE,AUTO_FUSE,3,True,False,0.824,0.887,FUSE_CONSENSUS_CLUSTER
XO.LT14..HH.2018.05.13.16.49.13,P,main,FUSE,AUTO_FUSE,3,True,True,0.841,0.906,FUSE_CONSENSUS_CLUSTER
XO.LT14..HH.2018.05.13.18.48.42,P,main,FUSE,AUTO_FUSE,3,True,True,0.799,0.929,FUSE_CONSENSUS_CLUSTER
XO.LT06..HH.2018.05.14.09.20.39,P,main,ABSTAIN,NO_DECISIVE_EVIDENCE_BETWEEN_MODELS,3,True,True,0.769,0.915,NO_DECISIVE_EVIDENCE_BETWEEN_MODELS
XO.LT06..HH.2018.05.14.09.20.39,S,main,FUSE,AUTO_FUSE,3,True,True,0.769,0.915,FUSE_CONSENSUS_CLUSTER
XO.LT07..HH.2018.05.15.13.02.52,P,main,ABSTAIN,CONSENSUS_WITHOUT_ADMISSIBLE_FUSION,4,True,True,0.609,0.918,MODEL_CONSENSUS|FUSION_CALIBRATED_CONFIDENCE_BELOW_FLOOR|FUSION_NOT_ALLOWED|CONSENSUS_WITHOUT_ADMISSIBLE_FUSION
XO.LD36..HH.2018.05.15.13.54.09,P,main,ABSTAIN,INSUFFICIENT_EVIDENCE_FOR_SELECTION,3,True,True,0.836,0.925,INSUFFICIENT_EVIDENCE_FOR_SELECTION
XO.LA25..HH.2018.05.15.13.54.12,P,holdout,FUSE,AUTO_FUSE,3,True,True,0.801,0.924,FUSE_CONSENSUS_CLUSTER
XO.LA25..HH.2018.05.15.13.54.12,S,holdout,ABSTAIN,NO_DECISIVE_EVIDENCE_BETWEEN_MODELS,2,True,False,0.801,0.924,NO_DECISIVE_EVIDENCE_BETWEEN_MODELS
XO.LT07..HH.2018.05.15.10.17.37,S,holdout,FUSE,AUTO_FUSE,3,True,True,0.778,0.856,FUSE_CONSENSUS_CLUSTER
XO.LT14..HH.2018.05.15.19.26.15,P,main,FUSE,AUTO_FUSE,3,True,True,0.852,0.937,FUSE_CONSENSUS_CLUSTER
XO.LT14..HH.2018.05.15.19.26.15,S,main,FUSE,AUTO_FUSE,3,True,True,0.852,0.937,FUSE_CONSENSUS_CLUSTER
XO.LT07..HH.2018.05.16.12.54.57,P,main,FUSE,AUTO_FUSE,3,True,True,0.856,0.955,FUSE_CONSENSUS_CLUSTER
XO.LT07..HH.2018.05.16.12.54.57,S,main,FUSE,AUTO_FUSE,3,True,True,0.856,0.955,FUSE_CONSENSUS_CLUSTER
XO.LT07..HH.2018.05.18.22.11.25,P,main,ABSTAIN,CONSENSUS_WITHOUT_ADMISSIBLE_FUSION,3,True,True,0.678,0.894,MODEL_CONSENSUS|FUSION_CALIBRATED_CONFIDENCE_BELOW_FLOOR|FUSION_NOT_ALLOWED|CONSENSUS_WITHOUT_ADMISSIBLE_FUSION
XO.LT07..HH.2018.05.18.22.11.25,S,main,ABSTAIN,CONSENSUS_WITHOUT_ADMISSIBLE_FUSION,3,True,True,0.678,0.894,MODEL_CONSENSUS|FUSION_CALIBRATED_CONFIDENCE_BELOW_FLOOR|FUSION_NOT_ALLOWED|CONSENSUS_WITHOUT_ADMISSIBLE_FUSION
XO.LT17..HH.2018.05.19.02.03.22,P,main,ABSTAIN,CONSENSUS_WITHOUT_ADMISSIBLE_FUSION,3,True,False,0.697,0.849,MODEL_CONSENSUS|MODEL_OUTLIER_DETECTED|FUSION_CALIBRATED_CONFIDENCE_BELOW_FLOOR|FUSION_NOT_ALLOWED|CONSENSUS_WITHOUT_ADMISSIBLE_FUSION
XO.LT17..HH.2018.05.19.02.03.22,S,main,ABSTAIN,CONSENSUS_WITHOUT_ADMISSIBLE_FUSION,3,True,False,0.697,0.849,MODEL_CONSENSUS|FUSION_CALIBRATED_CONFIDENCE_BELOW_FLOOR|FUSION_NOT_ALLOWED|CONSENSUS_WITHOUT_ADMISSIBLE_FUSION
XO.LT18..HH.2018.05.19.02.03.22,P,holdout,FUSE,AUTO_FUSE,3,True,True,0.705,0.928,FUSE_CONSENSUS_CLUSTER
XO.LT18..HH.2018.05.19.02.03.22,S,holdout,ABSTAIN,NO_DECISIVE_EVIDENCE_BETWEEN_MODELS,2,True,False,0.705,0.832,NO_DECISIVE_EVIDENCE_BETWEEN_MODELS
XO.LT12..HH.2018.05.19.17.46.44,P,main,FUSE,AUTO_FUSE,3,True,True,0.847,0.895,FUSE_CONSENSUS_CLUSTER
XO.LT12..HH.2018.05.19.17.46.44,S,main,FUSE,AUTO_FUSE,3,True,True,0.847,0.895,FUSE_CONSENSUS_CLUSTER
XO.LT14..HH.2018.05.19.17.46.44,P,main,FUSE,AUTO_FUSE,3,True,False,0.798,0.938,FUSE_CONSENSUS_CLUSTER
XO.LT14..HH.2018.05.19.17.46.44,S,main,FUSE,AUTO_FUSE,3,True,True,0.798,0.938,FUSE_CONSENSUS_CLUSTER
XO.LT20..HH.2018.05.19.19.23.05,P,main,ABSTAIN,INSUFFICIENT_EVIDENCE_FOR_SELECTION,3,True,True,0.845,0.947,INSUFFICIENT_EVIDENCE_FOR_SELECTION
XO.LT20..HH.2018.05.19.19.23.05,S,main,ABSTAIN,INSUFFICIENT_EVIDENCE_FOR_SELECTION,3,True,True,0.845,0.947,INSUFFICIENT_EVIDENCE_FOR_SELECTION
XO.LT17..HH.2018.05.19.22.03.45,P,main,FUSE,AUTO_FUSE,3,True,True,0.781,0.9,FUSE_CONSENSUS_CLUSTER
XO.LT17..HH.2018.05.19.22.03.45,S,main,FUSE,AUTO_FUSE,3,True,True,0.781,0.9,FUSE_CONSENSUS_CLUSTER
XO.LT17..HH.2018.05.20.00.22.24,P,main,FUSE,AUTO_FUSE,3,True,False,0.777,0.883,FUSE_CONSENSUS_CLUSTER
XO.LT17..HH.2018.05.20.00.22.24,S,main,FUSE,AUTO_FUSE,3,True,True,0.777,0.883,FUSE_CONSENSUS_CLUSTER
XO.LT20..HH.2018.05.20.00.22.19,P,holdout,ABSTAIN,INSUFFICIENT_EVIDENCE_FOR_SELECTION,3,True,True,0.84,0.95,INSUFFICIENT_EVIDENCE_FOR_SELECTION
XO.LT20..HH.2018.05.20.00.22.19,S,holdout,ABSTAIN,INSUFFICIENT_EVIDENCE_FOR_SELECTION,3,True,True,0.84,0.95,INSUFFICIENT_EVIDENCE_FOR_SELECTION
XO.LA25..HH.2018.05.21.03.48.10,P,holdout,ABSTAIN,NO_DECISIVE_EVIDENCE_BETWEEN_MODELS,3,True,False,0.478,0.949,NO_DECISIVE_EVIDENCE_BETWEEN_MODELS
XO.LA25..HH.2018.05.21.03.48.10,S,holdout,ABSTAIN,NO_DECISIVE_EVIDENCE_BETWEEN_MODELS,3,True,False,0.478,0.949,NO_DECISIVE_EVIDENCE_BETWEEN_MODELS
XO.LT10..HH.2018.05.21.03.48.30,S,main,FUSE,AUTO_FUSE,3,True,True,0.744,0.837,FUSE_CONSENSUS_CLUSTER
XO.LT14..HH.2018.05.21.04.42.07,P,main,FUSE,AUTO_FUSE,3,True,True,0.841,0.873,FUSE_CONSENSUS_CLUSTER
XO.LT14..HH.2018.05.21.04.42.07,S,main,FUSE,AUTO_FUSE,3,True,True,0.841,0.873,FUSE_CONSENSUS_CLUSTER
XO.LA30..HH.2018.05.21.04.42.52,S,main,ABSTAIN,CONSENSUS_WITHOUT_ADMISSIBLE_FUSION,3,True,True,0.694,0.834,MODEL_CONSENSUS|FUSION_CALIBRATED_CONFIDENCE_BELOW_FLOOR|FUSION_NOT_ALLOWED|CONSENSUS_WITHOUT_ADMISSIBLE_FUSION
XO.LA33..HH.2018.05.21.19.58.59,P,main,FUSE,AUTO_FUSE,3,True,True,0.854,0.915,FUSE_CONSENSUS_CLUSTER
XO.LA33..HH.2018.05.21.19.58.59,S,main,FUSE,AUTO_FUSE,3,True,False,0.854,0.915,FUSE_CONSENSUS_CLUSTER
XO.LT18..HH.2018.05.22.23.57.53,P,main,ABSTAIN,NO_DECISIVE_EVIDENCE_BETWEEN_MODELS,3,True,True,0.849,0.945,NO_DECISIVE_EVIDENCE_BETWEEN_MODELS
XO.LT18..HH.2018.05.22.23.57.53,S,main,FUSE,AUTO_FUSE,3,True,True,0.849,0.945,FUSE_CONSENSUS_CLUSTER
XO.LT17..HH.2018.05.22.23.57.56,P,main,FUSE,AUTO_FUSE,2,True,False,0.777,0.853,FUSE_CONSENSUS_CLUSTER
XO.LT17..HH.2018.05.22.23.57.56,S,main,FUSE,AUTO_FUSE,3,True,True,0.777,0.901,FUSE_CONSENSUS_CLUSTER
XO.LT18..HH.2018.05.22.05.23.43,P,main,FUSE,AUTO_FUSE,3,True,True,0.851,0.956,FUSE_CONSENSUS_CLUSTER
XO.LT18..HH.2018.05.22.05.23.43,S,main,FUSE,AUTO_FUSE,3,True,True,0.851,0.956,FUSE_CONSENSUS_CLUSTER
XO.LT18..HH.2018.05.22.11.57.00,P,main,FUSE,AUTO_FUSE,3,True,True,0.858,0.953,FUSE_CONSENSUS_CLUSTER
XO.LT18..HH.2018.05.22.11.57.00,S,main,FUSE,AUTO_FUSE,3,True,True,0.858,0.953,FUSE_CONSENSUS_CLUSTER
XO.LT13..HH.2018.05.22.11.57.14,P,main,ABSTAIN,CONSENSUS_WITHOUT_ADMISSIBLE_FUSION,2,True,False,0.483,0.689,MODEL_CONSENSUS|FUSION_CALIBRATED_CONFIDENCE_BELOW_FLOOR|FUSION_NOT_ALLOWED|CONSENSUS_WITHOUT_ADMISSIBLE_FUSION
XO.LT14..HH.2018.05.23.05.00.54,P,main,FUSE,AUTO_FUSE,3,True,True,0.824,0.913,FUSE_CONSENSUS_CLUSTER
XO.LT15..HH.2018.05.23.00.51.43,S,main,ABSTAIN,CONSENSUS_WITHOUT_ADMISSIBLE_FUSION,3,True,True,0.429,0.82,MODEL_CONSENSUS|FUSION_CALIBRATED_CONFIDENCE_BELOW_FLOOR|FUSION_NOT_ALLOWED|CONSENSUS_WITHOUT_ADMISSIBLE_FUSION
XO.LA25..HH.2018.05.23.00.51.49,P,main,ABSTAIN,INSUFFICIENT_EVIDENCE_FOR_SELECTION,2,True,True,0.866,0.926,INSUFFICIENT_EVIDENCE_FOR_SELECTION
XO.LD36..HH.2018.05.23.00.51.50,P,main,ABSTAIN,INSUFFICIENT_EVIDENCE_FOR_SELECTION,3,True,True,0.855,0.944,INSUFFICIENT_EVIDENCE_FOR_SELECTION
XO.LD41..HH.2018.05.24.03.19.38,P,main,ABSTAIN,INSUFFICIENT_EVIDENCE_FOR_SELECTION,3,False,False,0.819,0.935,INSUFFICIENT_EVIDENCE_FOR_SELECTION
XO.LD41..HH.2018.05.24.03.19.38,S,main,ABSTAIN,INSUFFICIENT_EVIDENCE_FOR_SELECTION,3,True,True,0.819,0.935,INSUFFICIENT_EVIDENCE_FOR_SELECTION
XO.LD41..HH.2018.05.24.12.30.13,P,main,ABSTAIN,INSUFFICIENT_EVIDENCE_FOR_SELECTION,3,True,False,0.671,0.86,INSUFFICIENT_EVIDENCE_FOR_SELECTION
XO.LD41..HH.2018.05.24.12.30.13,S,main,ABSTAIN,INSUFFICIENT_EVIDENCE_FOR_SELECTION,3,True,False,0.671,0.86,INSUFFICIENT_EVIDENCE_FOR_SELECTION
XO.LT20..HH.2018.05.25.06.03.39,P,main,ABSTAIN,INSUFFICIENT_EVIDENCE_FOR_SELECTION,3,False,False,0.623,0.797,INSUFFICIENT_EVIDENCE_FOR_SELECTION
XO.LT20..HH.2018.05.25.06.03.39,S,main,ABSTAIN,INSUFFICIENT_EVIDENCE_FOR_SELECTION,2,True,False,0.623,0.797,INSUFFICIENT_EVIDENCE_FOR_SELECTION
XO.LD45..HH.2018.05.25.06.30.42,P,main,ABSTAIN,INSUFFICIENT_EVIDENCE_FOR_SELECTION,3,True,True,0.836,0.945,INSUFFICIENT_EVIDENCE_FOR_SELECTION
XO.LA26..HH.2018.05.25.06.30.46,P,main,ABSTAIN,NO_DECISIVE_EVIDENCE_BETWEEN_MODELS,2,True,False,0.846,0.918,NO_DECISIVE_EVIDENCE_BETWEEN_MODELS
XO.LA34..HH.2018.05.25.06.30.56,S,main,FUSE,AUTO_FUSE,3,True,True,0.84,0.89,FUSE_CONSENSUS_CLUSTER
XO.LA29..HH.2018.05.25.06.30.57,S,main,FUSE,AUTO_FUSE,3,True,True,0.781,0.894,FUSE_CONSENSUS_CLUSTER
XO.LD41..HH.2018.05.25.04.54.19,P,holdout,ABSTAIN,INSUFFICIENT_EVIDENCE_FOR_SELECTION,3,True,False,0.684,0.814,INSUFFICIENT_EVIDENCE_FOR_SELECTION
XO.LD41..HH.2018.05.25.05.36.36,P,main,ABSTAIN,INSUFFICIENT_EVIDENCE_FOR_SELECTION,3,True,True,0.725,0.791,INSUFFICIENT_EVIDENCE_FOR_SELECTION
XO.LT04..HH.2018.05.25.08.10.32,P,main,FUSE,AUTO_FUSE,2,True,True,0.831,0.846,FUSE_CONSENSUS_CLUSTER
XO.LT04..HH.2018.05.25.08.10.32,S,main,ABSTAIN,CONSENSUS_WITHOUT_ADMISSIBLE_FUSION,3,True,True,0.688,0.846,MODEL_CONSENSUS|FUSION_CALIBRATED_CONFIDENCE_BELOW_FLOOR|FUSION_NOT_ALLOWED|CONSENSUS_WITHOUT_ADMISSIBLE_FUSION
XO.LT04..HH.2018.05.25.08.40.15,P,main,FUSE,AUTO_FUSE,3,True,True,0.865,0.956,FUSE_CONSENSUS_CLUSTER
XO.LT04..HH.2018.05.25.08.40.15,S,main,FUSE,AUTO_FUSE,3,True,True,0.865,0.956,FUSE_CONSENSUS_CLUSTER
XO.LT18..HH.2018.05.26.11.55.24,P,main,FUSE,AUTO_FUSE,3,True,True,0.845,0.946,FUSE_CONSENSUS_CLUSTER
XO.LT18..HH.2018.05.26.11.55.24,S,main,FUSE,AUTO_FUSE,2,True,True,0.845,0.895,FUSE_CONSENSUS_CLUSTER
XO.LD44..HH.2018.05.26.11.58.59,P,main,ABSTAIN,INSUFFICIENT_EVIDENCE_FOR_SELECTION,3,True,True,0.741,0.881,INSUFFICIENT_EVIDENCE_FOR_SELECTION
XO.LA33..HH.2018.05.26.11.59.11,P,main,FUSE,AUTO_FUSE,3,True,True,0.825,0.873,FUSE_CONSENSUS_CLUSTER
XO.LD38..HH.2018.05.26.19.37.24,P,main,ABSTAIN,INSUFFICIENT_EVIDENCE_FOR_SELECTION,3,True,True,0.835,0.94,INSUFFICIENT_EVIDENCE_FOR_SELECTION
XO.LD38..HH.2018.05.26.19.37.24,S,main,ABSTAIN,INSUFFICIENT_EVIDENCE_FOR_SELECTION,3,True,True,0.835,0.94,INSUFFICIENT_EVIDENCE_FOR_SELECTION
XO.LD41..HH.2018.05.26.10.39.55,P,holdout,ABSTAIN,INSUFFICIENT_EVIDENCE_FOR_SELECTION,3,True,True,0.816,0.941,INSUFFICIENT_EVIDENCE_FOR_SELECTION
XO.LD40..HH.2018.05.26.14.57.05,S,main,ABSTAIN,INSUFFICIENT_EVIDENCE_FOR_SELECTION,3,True,True,0.771,0.871,INSUFFICIENT_EVIDENCE_FOR_SELECTION
XO.LD41..HH.2018.05.27.16.25.34,P,main,ABSTAIN,INSUFFICIENT_EVIDENCE_FOR_SELECTION,3,True,True,0.832,0.913,INSUFFICIENT_EVIDENCE_FOR_SELECTION
XO.LA23..HH.2018.05.27.18.30.11,P,main,FUSE,AUTO_FUSE,3,True,False,0.826,0.941,FUSE_CONSENSUS_CLUSTER
XO.LA23..HH.2018.05.27.18.30.11,S,main,ABSTAIN,INSUFFICIENT_EVIDENCE_FOR_SELECTION,1,True,True,0.826,0.826,INSUFFICIENT_EVIDENCE_FOR_SELECTION
XO.LT06..HH.2018.05.27.18.30.20,P,holdout,FUSE,AUTO_FUSE,3,True,True,0.848,0.95,FUSE_CONSENSUS_CLUSTER
XO.LA29..HH.2018.05.27.18.30.30,P,main,FUSE,AUTO_FUSE,3,False,False,0.854,0.945,FUSE_CONSENSUS_CLUSTER
XO.LT20..HH.2018.05.27.14.38.01,S,holdout,ABSTAIN,INSUFFICIENT_EVIDENCE_FOR_SELECTION,3,True,True,0.852,0.92,INSUFFICIENT_EVIDENCE_FOR_SELECTION
XO.LA32..HH.2018.05.28.07.33.19,P,holdout,ABSTAIN,CONSENSUS_WITHOUT_ADMISSIBLE_FUSION,3,True,False,0.38,0.867,MODEL_CONSENSUS|MODEL_OUTLIER_DETECTED|FUSION_CALIBRATED_CONFIDENCE_BELOW_FLOOR|FUSION_NOT_ALLOWED|CONSENSUS_WITHOUT_ADMISSIBLE_FUSION
XO.LT20..HH.2018.05.28.07.32.51,P,main,ABSTAIN,INSUFFICIENT_EVIDENCE_FOR_SELECTION,3,True,True,0.837,0.944,INSUFFICIENT_EVIDENCE_FOR_SELECTION
XO.LT20..HH.2018.05.28.07.32.51,S,main,ABSTAIN,INSUFFICIENT_EVIDENCE_FOR_SELECTION,3,True,False,0.837,0.944,INSUFFICIENT_EVIDENCE_FOR_SELECTION
XO.LD40..HH.2018.05.28.04.25.32,S,main,ABSTAIN,INSUFFICIENT_EVIDENCE_FOR_SELECTION,3,True,True,0.698,0.845,INSUFFICIENT_EVIDENCE_FOR_SELECTION
XO.LT01..HH.2018.05.28.08.07.29,S,main,ABSTAIN,INSUFFICIENT_EVIDENCE_FOR_SELECTION,3,False,False,0.629,0.862,INSUFFICIENT_EVIDENCE_FOR_SELECTION
XO.LD41..HH.2018.05.28.12.50.00,S,main,ABSTAIN,INSUFFICIENT_EVIDENCE_FOR_SELECTION,3,True,False,0.723,0.83,INSUFFICIENT_EVIDENCE_FOR_SELECTION
XO.LA39..HH.2018.05.28.12.49.32,S,holdout,FUSE,AUTO_FUSE,3,True,False,0.671,0.886,FUSE_CONSENSUS_CLUSTER
XO.LD38..HH.2018.05.29.03.57.24,P,main,ABSTAIN,CONSENSUS_WITHOUT_ADMISSIBLE_FUSION,4,True,True,0.635,0.955,MODEL_CONSENSUS|FUSION_CALIBRATED_CONFIDENCE_BELOW_FLOOR|FUSION_NOT_ALLOWED|CONSENSUS_WITHOUT_ADMISSIBLE_FUSION
XO.LD38..HH.2018.05.29.03.57.24,S,main,ABSTAIN,INSUFFICIENT_EVIDENCE_FOR_SELECTION,3,True,True,0.85,0.955,INSUFFICIENT_EVIDENCE_FOR_SELECTION
XO.LT20..HH.2018.05.29.21.25.20,P,main,ABSTAIN,INSUFFICIENT_EVIDENCE_FOR_SELECTION,3,True,True,0.839,0.946,INSUFFICIENT_EVIDENCE_FOR_SELECTION
XO.LT20..HH.2018.05.29.21.25.20,S,main,ABSTAIN,INSUFFICIENT_EVIDENCE_FOR_SELECTION,3,True,True,0.839,0.946,INSUFFICIENT_EVIDENCE_FOR_SELECTION
XO.LT06..HH.2018.05.29.04.40.08,P,main,FUSE,AUTO_FUSE,3,True,True,0.84,0.92,FUSE_CONSENSUS_CLUSTER
XO.LT06..HH.2018.05.29.04.40.08,S,main,FUSE,AUTO_FUSE,3,True,True,0.84,0.92,FUSE_CONSENSUS_CLUSTER
XO.LT04..HH.2018.05.29.04.40.11,P,main,FUSE,AUTO_FUSE,3,True,True,0.858,0.953,FUSE_CONSENSUS_CLUSTER
XO.LT04..HH.2018.05.29.04.40.11,S,main,FUSE,AUTO_FUSE,3,True,True,0.858,0.953,FUSE_CONSENSUS_CLUSTER
XO.LT07..HH.2018.05.29.04.40.03,P,main,FUSE,AUTO_FUSE,3,True,True,0.844,0.938,FUSE_CONSENSUS_CLUSTER
XO.LT07..HH.2018.05.29.04.40.03,S,main,FUSE,AUTO_FUSE,3,True,True,0.844,0.938,FUSE_CONSENSUS_CLUSTER
XO.LA39..HH.2018.05.29.10.05.54,P,main,FUSE,AUTO_FUSE,3,True,True,0.848,0.949,FUSE_CONSENSUS_CLUSTER
XO.LA39..HH.2018.05.29.10.05.54,S,main,FUSE,AUTO_FUSE,3,True,True,0.848,0.949,FUSE_CONSENSUS_CLUSTER
XO.LT16..HH.2018.05.30.02.35.18,P,main,FUSE,AUTO_FUSE,3,True,True,0.84,0.938,FUSE_CONSENSUS_CLUSTER
XO.LA26..HH.2018.05.30.02.35.28,P,holdout,FUSE,AUTO_FUSE,3,True,True,0.809,0.94,FUSE_CONSENSUS_CLUSTER
XO.LA26..HH.2018.05.30.02.35.28,S,holdout,FUSE,AUTO_FUSE,3,True,True,0.809,0.94,FUSE_CONSENSUS_CLUSTER
XO.LT20..HH.2018.05.30.02.35.41,P,main,ABSTAIN,INSUFFICIENT_EVIDENCE_FOR_SELECTION,3,True,True,0.805,0.874,INSUFFICIENT_EVIDENCE_FOR_SELECTION
XO.LA39..HH.2018.05.30.05.12.11,S,main,FUSE,AUTO_FUSE,3,True,True,0.82,0.905,FUSE_CONSENSUS_CLUSTER
XO.LD41..HH.2018.05.30.20.36.25,P,holdout,ABSTAIN,CONSENSUS_WITHOUT_ADMISSIBLE_FUSION,4,False,False,0.592,0.953,MODEL_CONSENSUS|FUSION_CALIBRATED_CONFIDENCE_BELOW_FLOOR|FUSION_NOT_ALLOWED|CONSENSUS_WITHOUT_ADMISSIBLE_FUSION
XO.LA39..HH.2018.05.30.08.25.25,S,main,FUSE,AUTO_FUSE,3,False,False,0.55,0.81,FUSE_CONSENSUS_CLUSTER
XO.LT01..HH.2018.05.30.09.48.51,S,main,FUSE,AUTO_FUSE,3,True,True,0.759,0.821,FUSE_CONSENSUS_CLUSTER
XO.LA39..HH.2018.05.30.10.57.15,P,main,FUSE,AUTO_FUSE,3,True,True,0.851,0.951,FUSE_CONSENSUS_CLUSTER
XO.LA39..HH.2018.05.30.10.57.15,S,main,FUSE,AUTO_FUSE,3,True,True,0.851,0.951,FUSE_CONSENSUS_CLUSTER
XO.LD41..HH.2018.05.30.15.34.41,P,holdout,ABSTAIN,INSUFFICIENT_EVIDENCE_FOR_SELECTION,3,True,True,0.742,0.855,INSUFFICIENT_EVIDENCE_FOR_SELECTION
XO.LA39..HH.2018.05.30.19.04.27,P,main,FUSE,AUTO_FUSE,3,True,True,0.861,0.945,FUSE_CONSENSUS_CLUSTER
XO.LA39..HH.2018.05.30.19.04.27,S,main,FUSE,AUTO_FUSE,3,True,True,0.861,0.945,FUSE_CONSENSUS_CLUSTER
XO.LA39..HH.2018.05.30.21.27.46,S,main,FUSE,AUTO_FUSE,3,True,True,0.853,0.914,FUSE_CONSENSUS_CLUSTER
XO.LT04..HH.2018.05.31.01.58.18,P,main,ABSTAIN,NO_DECISIVE_EVIDENCE_BETWEEN_MODELS,3,True,False,0.785,0.819,NO_DECISIVE_EVIDENCE_BETWEEN_MODELS
XO.LD40..HH.2018.05.31.08.14.27,P,holdout,ABSTAIN,INSUFFICIENT_EVIDENCE_FOR_SELECTION,3,True,True,0.852,0.939,INSUFFICIENT_EVIDENCE_FOR_SELECTION
XO.LT06..HH.2018.05.31.10.11.26,S,main,FUSE,AUTO_FUSE,3,True,True,0.767,0.786,FUSE_CONSENSUS_CLUSTER
XO.LD40..HH.2018.05.31.19.02.50,P,main,ABSTAIN,INSUFFICIENT_EVIDENCE_FOR_SELECTION,3,True,False,0.668,0.771,INSUFFICIENT_EVIDENCE_FOR_SELECTION
XO.LD40..HH.2018.05.31.19.02.50,S,main,ABSTAIN,INSUFFICIENT_EVIDENCE_FOR_SELECTION,3,True,False,0.668,0.771,INSUFFICIENT_EVIDENCE_FOR_SELECTION
XO.LT18..HH.2018.05.31.17.51.09,P,main,FUSE,AUTO_FUSE,3,True,True,0.846,0.925,FUSE_CONSENSUS_CLUSTER
XO.LT18..HH.2018.05.31.17.51.09,S,main,ABSTAIN,NO_DECISIVE_EVIDENCE_BETWEEN_MODELS,3,True,True,0.846,0.925,NO_DECISIVE_EVIDENCE_BETWEEN_MODELS
XO.LD41..HH.2018.05.25.12.35.29,P,holdout,ABSTAIN,INSUFFICIENT_EVIDENCE_FOR_SELECTION,3,False,False,0.756,0.914,INSUFFICIENT_EVIDENCE_FOR_SELECTION
XO.LT04..HH.2018.05.25.12.35.31,P,main,ABSTAIN,NO_DECISIVE_EVIDENCE_BETWEEN_MODELS,3,True,False,0.803,0.837,NO_DECISIVE_EVIDENCE_BETWEEN_MODELS
XO.LT04..HH.2018.05.25.12.35.31,S,main,FUSE,AUTO_FUSE,3,True,False,0.803,0.837,FUSE_CONSENSUS_CLUSTER
XO.LT01..HH.2018.05.25.23.04.56,S,main,FUSE,AUTO_FUSE,3,True,True,0.707,0.83,FUSE_CONSENSUS_CLUSTER
XO.LD38..HH.2018.05.27.10.36.29,P,main,FUSE,AUTO_FUSE,4,True,True,0.712,0.951,FUSE_CONSENSUS_CLUSTER
XO.LD38..HH.2018.05.27.10.36.29,S,main,ABSTAIN,INSUFFICIENT_EVIDENCE_FOR_SELECTION,3,True,True,0.863,0.951,INSUFFICIENT_EVIDENCE_FOR_SELECTION
XO.LA39..HH.2018.05.29.06.56.15,P,main,FUSE,AUTO_FUSE,3,True,True,0.848,0.947,FUSE_CONSENSUS_CLUSTER
XO.LA39..HH.2018.05.29.06.56.15,S,main,FUSE,AUTO_FUSE,3,True,True,0.848,0.947,FUSE_CONSENSUS_CLUSTER
XO.LT14..HH.2018.05.30.01.52.09,P,main,ABSTAIN,NO_DECISIVE_EVIDENCE_BETWEEN_MODELS,3,True,False,0.672,0.823,NO_DECISIVE_EVIDENCE_BETWEEN_MODELS
XO.LA28..HH.2018.05.30.01.52.24,S,main,ABSTAIN,NO_DECISIVE_EVIDENCE_BETWEEN_MODELS,3,True,False,0.269,0.882,NO_DECISIVE_EVIDENCE_BETWEEN_MODELS
XO.LA39..HH.2018.05.30.08.39.12,S,main,FUSE,AUTO_FUSE,3,True,True,0.819,0.878,FUSE_CONSENSUS_CLUSTER
XO.LD36..HH.2018.05.29.00.36.40,P,main,ABSTAIN,INSUFFICIENT_EVIDENCE_FOR_SELECTION,3,True,False,0.616,0.83,INSUFFICIENT_EVIDENCE_FOR_SELECTION
XO.LD41..HH.2018.05.29.07.10.38,P,holdout,ABSTAIN,INSUFFICIENT_EVIDENCE_FOR_SELECTION,3,True,False,0.364,0.728,INSUFFICIENT_EVIDENCE_FOR_SELECTION
XO.LT06..HH.2018.05.29.15.14.24,P,main,FUSE,AUTO_FUSE,3,True,True,0.86,0.943,FUSE_CONSENSUS_CLUSTER
XO.LT06..HH.2018.05.29.15.14.24,S,main,FUSE,AUTO_FUSE,3,True,True,0.86,0.943,FUSE_CONSENSUS_CLUSTER
XO.LT10..HH.2018.05.29.15.14.28,P,main,FUSE,AUTO_FUSE,3,True,True,0.801,0.882,FUSE_CONSENSUS_CLUSTER
XO.LT10..HH.2018.05.29.15.14.28,S,main,FUSE,AUTO_FUSE,3,True,True,0.801,0.882,FUSE_CONSENSUS_CLUSTER
XO.LD38..HH.2018.05.29.16.20.11,P,holdout,ABSTAIN,INSUFFICIENT_EVIDENCE_FOR_SELECTION,3,True,True,0.861,0.955,INSUFFICIENT_EVIDENCE_FOR_SELECTION
XO.LD38..HH.2018.05.29.16.20.11,S,holdout,ABSTAIN,INSUFFICIENT_EVIDENCE_FOR_SELECTION,3,True,True,0.861,0.955,INSUFFICIENT_EVIDENCE_FOR_SELECTION
XO.LA32..HH.2018.05.29.23.28.31,P,main,FUSE,AUTO_FUSE,3,True,True,0.837,0.916,FUSE_CONSENSUS_CLUSTER
XO.LT09..HH.2018.05.28.09.24.23,P,holdout,FUSE,AUTO_FUSE,2,True,True,0.854,0.946,FUSE_CONSENSUS_CLUSTER
XO.LT09..HH.2018.05.28.09.24.23,S,holdout,FUSE,AUTO_FUSE,3,True,True,0.81,0.946,FUSE_CONSENSUS_CLUSTER
XO.LA29..HH.2018.05.28.09.24.23,P,main,FUSE,AUTO_FUSE,3,True,True,0.853,0.923,FUSE_CONSENSUS_CLUSTER
XO.LA29..HH.2018.05.28.09.24.23,S,main,FUSE,AUTO_FUSE,3,True,True,0.853,0.923,FUSE_CONSENSUS_CLUSTER
XO.LA32..HH.2018.05.28.09.24.25,P,main,FUSE,AUTO_FUSE,3,True,True,0.805,0.854,FUSE_CONSENSUS_CLUSTER
XO.LA32..HH.2018.05.28.09.24.25,S,main,FUSE,AUTO_FUSE,3,True,True,0.805,0.854,FUSE_CONSENSUS_CLUSTER
XO.LT06..HH.2018.05.28.18.47.03,P,holdout,FUSE,AUTO_FUSE,3,True,True,0.789,0.913,FUSE_CONSENSUS_CLUSTER
XO.LT06..HH.2018.05.28.18.47.03,S,holdout,FUSE,AUTO_FUSE,3,True,True,0.789,0.913,FUSE_CONSENSUS_CLUSTER
XO.LT04..HH.2018.05.28.22.01.04,P,main,FUSE,AUTO_FUSE,3,True,True,0.854,0.934,FUSE_CONSENSUS_CLUSTER
XO.LT04..HH.2018.05.28.22.01.04,S,main,FUSE,AUTO_FUSE,3,True,True,0.854,0.934,FUSE_CONSENSUS_CLUSTER
XO.LD38..HH.2018.05.27.04.41.02,P,main,ABSTAIN,INSUFFICIENT_EVIDENCE_FOR_SELECTION,2,True,True,0.833,0.844,INSUFFICIENT_EVIDENCE_FOR_SELECTION
XO.LA21..HH.2018.05.27.04.41.09,P,main,ABSTAIN,CONSENSUS_WITHOUT_ADMISSIBLE_FUSION,3,False,False,0.58,0.916,MODEL_CONSENSUS|FUSION_CALIBRATED_CONFIDENCE_BELOW_FLOOR|FUSION_NOT_ALLOWED|CONSENSUS_WITHOUT_ADMISSIBLE_FUSION
XO.LA21..HH.2018.05.27.04.41.09,S,main,ABSTAIN,INSUFFICIENT_EVIDENCE_FOR_SELECTION,1,True,True,0.802,0.802,INSUFFICIENT_EVIDENCE_FOR_SELECTION
XO.LA25..HH.2018.05.27.04.41.28,S,main,ABSTAIN,NO_DECISIVE_EVIDENCE_BETWEEN_MODELS,3,True,False,0.704,0.838,NO_DECISIVE_EVIDENCE_BETWEEN_MODELS
XO.LD40..HH.2018.05.27.15.40.08,S,holdout,ABSTAIN,INSUFFICIENT_EVIDENCE_FOR_SELECTION,3,False,False,0.668,0.838,INSUFFICIENT_EVIDENCE_FOR_SELECTION
XO.LD40..HH.2018.05.27.17.21.08,S,holdout,ROUTE,AUTO_ROUTE,3,True,True,0.816,0.888,ONLY_SURVIVOR_PhaseNet
XO.LT13..HH.2018.05.27.23.08.14,P,main,FUSE,AUTO_FUSE,3,True,True,0.845,0.941,FUSE_CONSENSUS_CLUSTER
XO.LT13..HH.2018.05.27.23.08.14,S,main,FUSE,AUTO_FUSE,3,True,True,0.845,0.941,FUSE_CONSENSUS_CLUSTER
XO.LT07..HH.2018.05.24.21.33.57,P,main,FUSE,AUTO_FUSE,3,True,True,0.826,0.872,FUSE_CONSENSUS_CLUSTER
XO.LD36..HH.2018.05.22.02.27.39,P,main,ABSTAIN,INSUFFICIENT_EVIDENCE_FOR_SELECTION,3,True,False,0.805,0.899,INSUFFICIENT_EVIDENCE_FOR_SELECTION
XO.LD36..HH.2018.05.22.02.27.39,S,main,ABSTAIN,INSUFFICIENT_EVIDENCE_FOR_SELECTION,3,True,True,0.805,0.899,INSUFFICIENT_EVIDENCE_FOR_SELECTION
XO.LT16..HH.2018.05.22.12.36.22,P,main,FUSE,AUTO_FUSE,3,True,True,0.835,0.923,FUSE_CONSENSUS_CLUSTER
XO.LT10..HH.2018.05.18.16.34.36,P,main,FUSE,AUTO_FUSE,3,True,True,0.864,0.957,FUSE_CONSENSUS_CLUSTER
XO.LT10..HH.2018.05.18.16.34.36,S,main,FUSE,AUTO_FUSE,3,True,True,0.864,0.957,FUSE_CONSENSUS_CLUSTER
XO.LT10..HH.2018.05.16.21.10.06,P,holdout,ABSTAIN,CONSENSUS_WITHOUT_ADMISSIBLE_FUSION,3,True,True,0.698,0.827,MODEL_CONSENSUS|MODEL_OUTLIER_DETECTED|FUSION_CALIBRATED_CONFIDENCE_BELOW_FLOOR|FUSION_NOT_ALLOWED|CONSENSUS_WITHOUT_ADMISSIBLE_FUSION
XO.LT10..HH.2018.05.16.21.10.06,S,holdout,ABSTAIN,CONSENSUS_WITHOUT_ADMISSIBLE_FUSION,3,True,True,0.698,0.827,MODEL_CONSENSUS|FUSION_CALIBRATED_CONFIDENCE_BELOW_FLOOR|FUSION_NOT_ALLOWED|CONSENSUS_WITHOUT_ADMISSIBLE_FUSION
XO.LD36..HH.2018.05.15.12.37.51,P,main,ABSTAIN,INSUFFICIENT_EVIDENCE_FOR_SELECTION,2,False,False,0.675,0.824,INSUFFICIENT_EVIDENCE_FOR_SELECTION
XO.LD36..HH.2018.05.15.12.37.51,S,main,ABSTAIN,INSUFFICIENT_EVIDENCE_FOR_SELECTION,2,False,False,0.659,0.675,INSUFFICIENT_EVIDENCE_FOR_SELECTION
XO.LT17..HH.2018.06.01.15.49.14,P,main,FUSE,AUTO_FUSE,3,True,False,0.846,0.87,FUSE_CONSENSUS_CLUSTER
XO.LT17..HH.2018.06.01.15.49.14,S,main,FUSE,AUTO_FUSE,3,True,True,0.846,0.87,FUSE_CONSENSUS_CLUSTER
XO.LA39..HH.2018.06.01.17.32.37,S,main,FUSE,AUTO_FUSE,3,True,True,0.818,0.888,FUSE_CONSENSUS_CLUSTER
XO.LT04..HH.2018.06.01.18.12.44,P,main,FUSE,AUTO_FUSE,3,True,True,0.721,0.878,FUSE_CONSENSUS_CLUSTER
XO.LD40..HH.2018.06.01.18.41.12,P,main,ABSTAIN,INSUFFICIENT_EVIDENCE_FOR_SELECTION,3,True,True,0.826,0.937,INSUFFICIENT_EVIDENCE_FOR_SELECTION
XO.LA39..HH.2018.06.01.18.41.15,P,main,FUSE,AUTO_FUSE,4,True,True,0.704,0.952,FUSE_CONSENSUS_CLUSTER
XO.LA39..HH.2018.06.01.18.41.15,S,main,FUSE,AUTO_FUSE,4,True,False,0.704,0.952,FUSE_CONSENSUS_CLUSTER
XO.LA23..HH.2018.06.01.18.42.04,S,main,FUSE,AUTO_FUSE,3,True,True,0.692,0.819,FUSE_CONSENSUS_CLUSTER
XO.LA39..HH.2018.06.01.22.02.14,P,main,FUSE,AUTO_FUSE,3,True,True,0.854,0.954,FUSE_CONSENSUS_CLUSTER
XO.LA39..HH.2018.06.01.22.02.14,S,main,FUSE,AUTO_FUSE,3,True,True,0.854,0.954,FUSE_CONSENSUS_CLUSTER
XO.LT04..HH.2018.06.01.22.02.35,P,main,FUSE,AUTO_FUSE,3,True,True,0.828,0.87,FUSE_CONSENSUS_CLUSTER
XO.LT04..HH.2018.06.01.22.02.35,S,main,FUSE,AUTO_FUSE,3,True,True,0.828,0.87,FUSE_CONSENSUS_CLUSTER
XO.LD40..HH.2018.06.01.18.36.01,S,main,ABSTAIN,INSUFFICIENT_EVIDENCE_FOR_SELECTION,3,True,True,0.766,0.829,INSUFFICIENT_EVIDENCE_FOR_SELECTION
XO.LA25..HH.2018.06.01.20.34.52,P,main,ABSTAIN,INSUFFICIENT_EVIDENCE_FOR_SELECTION,2,True,True,0.911,0.946,INSUFFICIENT_EVIDENCE_FOR_SELECTION
XO.LA25..HH.2018.06.01.20.34.52,S,main,ABSTAIN,NO_DECISIVE_EVIDENCE_BETWEEN_MODELS,3,True,False,0.474,0.946,NO_DECISIVE_EVIDENCE_BETWEEN_MODELS
XO.LT13..HH.2018.06.01.20.34.56,P,holdout,FUSE,AUTO_FUSE,3,True,True,0.841,0.932,FUSE_CONSENSUS_CLUSTER
XO.LT13..HH.2018.06.01.20.34.56,S,holdout,FUSE,AUTO_FUSE,3,True,True,0.841,0.932,FUSE_CONSENSUS_CLUSTER
XO.LT04..HH.2018.06.01.20.35.06,S,main,FUSE,AUTO_FUSE,3,True,True,0.853,0.889,FUSE_CONSENSUS_CLUSTER
XO.LA28..HH.2018.06.01.20.35.12,S,main,ABSTAIN,NO_DECISIVE_EVIDENCE_BETWEEN_MODELS,3,True,False,0.444,0.867,NO_DECISIVE_EVIDENCE_BETWEEN_MODELS
XO.LT16..HH.2018.06.01.20.34.51,P,main,ABSTAIN,NO_DECISIVE_EVIDENCE_BETWEEN_MODELS,3,True,False,0.736,0.934,NO_DECISIVE_EVIDENCE_BETWEEN_MODELS
XO.LA39..HH.2018.06.01.21.46.51,S,main,FUSE,AUTO_FUSE,3,True,False,0.698,0.857,FUSE_CONSENSUS_CLUSTER
XO.LT04..HH.2018.06.02.13.39.17,S,main,ABSTAIN,INSUFFICIENT_EVIDENCE_FOR_SELECTION,2,False,False,0.71,0.832,INSUFFICIENT_EVIDENCE_FOR_SELECTION
XO.LD40..HH.2018.06.02.15.35.07,P,main,ABSTAIN,INSUFFICIENT_EVIDENCE_FOR_SELECTION,3,True,True,0.83,0.873,INSUFFICIENT_EVIDENCE_FOR_SELECTION
XO.LD40..HH.2018.06.02.15.35.07,S,main,ABSTAIN,INSUFFICIENT_EVIDENCE_FOR_SELECTION,3,True,True,0.83,0.873,INSUFFICIENT_EVIDENCE_FOR_SELECTION
XO.LT01..HH.2018.06.02.15.44.09,S,main,FUSE,AUTO_FUSE,3,True,False,0.703,0.876,FUSE_CONSENSUS_CLUSTER
XO.LA39..HH.2018.06.02.20.17.45,S,main,FUSE,AUTO_FUSE,3,True,True,0.739,0.792,FUSE_CONSENSUS_CLUSTER
XO.LT01..HH.2018.06.02.21.04.45,S,holdout,FUSE,AUTO_FUSE,3,False,False,0.58,0.888,FUSE_CONSENSUS_CLUSTER
XO.LA39..HH.2018.06.02.13.10.54,S,main,ABSTAIN,NO_DECISIVE_EVIDENCE_BETWEEN_MODELS,3,True,False,0.838,0.894,NO_DECISIVE_EVIDENCE_BETWEEN_MODELS
XO.LT04..HH.2018.06.02.19.17.37,S,main,FUSE,AUTO_FUSE,3,True,True,0.719,0.845,FUSE_CONSENSUS_CLUSTER
XO.LT06..HH.2018.06.03.04.44.01,P,main,ABSTAIN,CONSENSUS_WITHOUT_ADMISSIBLE_FUSION,3,True,True,0.523,0.83,MODEL_CONSENSUS|FUSION_CALIBRATED_CONFIDENCE_BELOW_FLOOR|FUSION_NOT_ALLOWED|CONSENSUS_WITHOUT_ADMISSIBLE_FUSION
XO.LT06..HH.2018.06.03.04.44.01,S,main,ABSTAIN,CONSENSUS_WITHOUT_ADMISSIBLE_FUSION,3,True,True,0.523,0.83,MODEL_CONSENSUS|FUSION_CALIBRATED_CONFIDENCE_BELOW_FLOOR|FUSION_NOT_ALLOWED|CONSENSUS_WITHOUT_ADMISSIBLE_FUSION
XO.LA39..HH.2018.06.03.07.11.07,P,main,ABSTAIN,CONSENSUS_WITHOUT_ADMISSIBLE_FUSION,4,True,True,0.689,0.945,MODEL_CONSENSUS|FUSION_CALIBRATED_CONFIDENCE_BELOW_FLOOR|FUSION_NOT_ALLOWED|CONSENSUS_WITHOUT_ADMISSIBLE_FUSION
XO.LA39..HH.2018.06.03.07.11.07,S,main,FUSE,AUTO_FUSE,3,True,True,0.861,0.945,FUSE_CONSENSUS_CLUSTER
XO.LD40..HH.2018.06.03.16.09.02,S,main,ABSTAIN,INSUFFICIENT_EVIDENCE_FOR_SELECTION,3,True,True,0.703,0.83,INSUFFICIENT_EVIDENCE_FOR_SELECTION
XO.LT01..HH.2018.06.03.16.08.35,P,main,FUSE,AUTO_FUSE,2,True,True,0.837,0.864,FUSE_CONSENSUS_CLUSTER
XO.LT01..HH.2018.06.03.16.08.35,S,main,FUSE,AUTO_FUSE,3,True,True,0.837,0.864,FUSE_CONSENSUS_CLUSTER
XO.LD38..HH.2018.06.03.21.07.13,P,holdout,ABSTAIN,CONSENSUS_WITHOUT_ADMISSIBLE_FUSION,4,True,True,0.591,0.945,MODEL_CONSENSUS|FUSION_CALIBRATED_CONFIDENCE_BELOW_FLOOR|FUSION_NOT_ALLOWED|CONSENSUS_WITHOUT_ADMISSIBLE_FUSION
XO.LD38..HH.2018.06.03.21.07.13,S,holdout,ABSTAIN,INSUFFICIENT_EVIDENCE_FOR_SELECTION,3,True,True,0.852,0.945,INSUFFICIENT_EVIDENCE_FOR_SELECTION
XO.LD41..HH.2018.06.03.05.04.35,P,main,ABSTAIN,INSUFFICIENT_EVIDENCE_FOR_SELECTION,3,False,False,0.859,0.951,INSUFFICIENT_EVIDENCE_FOR_SELECTION
XO.LD38..HH.2018.06.03.06.45.02,P,main,ABSTAIN,INSUFFICIENT_EVIDENCE_FOR_SELECTION,3,False,False,0.841,0.941,INSUFFICIENT_EVIDENCE_FOR_SELECTION
XO.LT18..HH.2018.06.03.08.02.03,P,main,ABSTAIN,NO_DECISIVE_EVIDENCE_BETWEEN_MODELS,3,True,True,0.815,0.929,NO_DECISIVE_EVIDENCE_BETWEEN_MODELS
XO.LA29..HH.2018.06.03.08.02.25,P,main,ABSTAIN,NO_DECISIVE_EVIDENCE_BETWEEN_MODELS,2,False,False,0.773,0.836,NO_DECISIVE_EVIDENCE_BETWEEN_MODELS
XO.LD41..HH.2018.06.03.21.56.35,P,main,ABSTAIN,INSUFFICIENT_EVIDENCE_FOR_SELECTION,3,False,False,0.716,0.881,INSUFFICIENT_EVIDENCE_FOR_SELECTION
XO.LD41..HH.2018.06.03.21.56.35,S,main,ABSTAIN,INSUFFICIENT_EVIDENCE_FOR_SELECTION,3,True,False,0.716,0.881,INSUFFICIENT_EVIDENCE_FOR_SELECTION
XO.LT14..HH.2018.06.04.05.38.19,P,main,FUSE,AUTO_FUSE,4,True,True,0.574,0.953,FUSE_CONSENSUS_CLUSTER
XO.LT06..HH.2018.06.04.07.27.46,S,holdout,ABSTAIN,NO_DECISIVE_EVIDENCE_BETWEEN_MODELS,3,True,True,0.661,0.852,NO_DECISIVE_EVIDENCE_BETWEEN_MODELS
XO.LA39..HH.2018.06.04.08.53.49,P,main,ABSTAIN,CONSENSUS_WITHOUT_ADMISSIBLE_FUSION,4,True,True,0.681,0.954,MODEL_CONSENSUS|FUSION_CALIBRATED_CONFIDENCE_BELOW_FLOOR|FUSION_NOT_ALLOWED|CONSENSUS_WITHOUT_ADMISSIBLE_FUSION
XO.LA39..HH.2018.06.04.08.53.49,S,main,FUSE,AUTO_FUSE,3,True,True,0.852,0.954,FUSE_CONSENSUS_CLUSTER
XO.LD40..HH.2018.06.04.08.53.55,P,main,ABSTAIN,INSUFFICIENT_EVIDENCE_FOR_SELECTION,2,False,False,0.736,0.838,INSUFFICIENT_EVIDENCE_FOR_SELECTION
XO.LD40..HH.2018.06.04.08.53.55,S,main,ABSTAIN,INSUFFICIENT_EVIDENCE_FOR_SELECTION,3,True,True,0.736,0.838,INSUFFICIENT_EVIDENCE_FOR_SELECTION
XO.LT01..HH.2018.06.04.08.53.58,P,main,FUSE,AUTO_FUSE,2,True,True,0.822,0.9,FUSE_CONSENSUS_CLUSTER
XO.LT01..HH.2018.06.04.08.53.58,S,main,FUSE,AUTO_FUSE,3,True,True,0.82,0.9,FUSE_CONSENSUS_CLUSTER
XO.LA25..HH.2018.06.04.11.08.53,P,holdout,FUSE,AUTO_FUSE,4,True,False,0.573,0.914,FUSE_CONSENSUS_CLUSTER
XO.LA25..HH.2018.06.04.11.08.53,S,holdout,ABSTAIN,NO_DECISIVE_EVIDENCE_BETWEEN_MODELS,3,True,False,0.83,0.914,NO_DECISIVE_EVIDENCE_BETWEEN_MODELS
XO.LT06..HH.2018.06.04.11.08.54,S,main,FUSE,AUTO_FUSE,3,True,True,0.758,0.867,FUSE_CONSENSUS_CLUSTER
XO.LD40..HH.2018.06.04.14.18.52,S,holdout,ABSTAIN,INSUFFICIENT_EVIDENCE_FOR_SELECTION,3,True,True,0.743,0.892,INSUFFICIENT_EVIDENCE_FOR_SELECTION
XO.LD41..HH.2018.06.04.23.19.16,P,main,ABSTAIN,INSUFFICIENT_EVIDENCE_FOR_SELECTION,3,True,True,0.787,0.94,INSUFFICIENT_EVIDENCE_FOR_SELECTION
XO.LT01..HH.2018.06.04.23.19.36,S,main,ABSTAIN,NO_DECISIVE_EVIDENCE_BETWEEN_MODELS,3,True,False,0.631,0.872,NO_DECISIVE_EVIDENCE_BETWEEN_MODELS
XO.LT04..HH.2018.06.04.07.08.50,S,main,FUSE,AUTO_FUSE,3,True,True,0.809,0.855,FUSE_CONSENSUS_CLUSTER
XO.LA39..HH.2018.06.04.09.04.57,P,holdout,ABSTAIN,CONSENSUS_WITHOUT_ADMISSIBLE_FUSION,4,True,False,0.669,0.92,MODEL_CONSENSUS|MODEL_OUTLIER_DETECTED|FUSION_CALIBRATED_CONFIDENCE_BELOW_FLOOR|FUSION_NOT_ALLOWED|CONSENSUS_WITHOUT_ADMISSIBLE_FUSION
XO.LA39..HH.2018.06.04.09.04.57,S,holdout,FUSE,AUTO_FUSE,3,True,False,0.815,0.92,FUSE_CONSENSUS_CLUSTER
XO.LA39..HH.2018.06.04.09.06.39,S,main,ABSTAIN,NO_DECISIVE_EVIDENCE_BETWEEN_MODELS,3,True,False,0.531,0.898,NO_DECISIVE_EVIDENCE_BETWEEN_MODELS
XO.LT01..HH.2018.06.04.11.30.33,S,main,FUSE,AUTO_FUSE,3,True,True,0.728,0.804,FUSE_CONSENSUS_CLUSTER
XO.LT17..HH.2018.06.05.18.26.28,P,holdout,FUSE,AUTO_FUSE,3,True,True,0.831,0.94,FUSE_CONSENSUS_CLUSTER
XO.LT17..HH.2018.06.05.18.26.28,S,holdout,FUSE,AUTO_FUSE,3,True,True,0.831,0.94,FUSE_CONSENSUS_CLUSTER
XO.LD40..HH.2018.06.05.13.17.40,S,main,ABSTAIN,INSUFFICIENT_EVIDENCE_FOR_SELECTION,3,True,True,0.752,0.784,INSUFFICIENT_EVIDENCE_FOR_SELECTION
XO.LA39..HH.2018.06.05.14.06.23,P,holdout,FUSE,AUTO_FUSE,3,True,True,0.84,0.937,FUSE_CONSENSUS_CLUSTER
XO.LA39..HH.2018.06.05.14.06.23,S,holdout,FUSE,AUTO_FUSE,3,True,True,0.84,0.937,FUSE_CONSENSUS_CLUSTER
XO.LD36..HH.2018.06.05.15.48.02,P,main,ABSTAIN,INSUFFICIENT_EVIDENCE_FOR_SELECTION,3,True,True,0.816,0.878,INSUFFICIENT_EVIDENCE_FOR_SELECTION
XO.LD36..HH.2018.06.05.15.48.02,S,main,ABSTAIN,INSUFFICIENT_EVIDENCE_FOR_SELECTION,3,True,True,0.816,0.878,INSUFFICIENT_EVIDENCE_FOR_SELECTION
XO.LD41..HH.2018.06.05.15.48.13,P,main,ABSTAIN,INSUFFICIENT_EVIDENCE_FOR_SELECTION,3,True,True,0.841,0.933,INSUFFICIENT_EVIDENCE_FOR_SELECTION
XO.LD38..HH.2018.06.06.02.46.26,S,main,ABSTAIN,INSUFFICIENT_EVIDENCE_FOR_SELECTION,3,True,False,0.82,0.907,INSUFFICIENT_EVIDENCE_FOR_SELECTION
XO.LT07..HH.2018.06.06.09.33.43,P,main,FUSE,AUTO_FUSE,3,True,True,0.838,0.848,FUSE_CONSENSUS_CLUSTER
XO.LT07..HH.2018.06.06.09.33.43,S,main,FUSE,AUTO_FUSE,3,True,True,0.838,0.848,FUSE_CONSENSUS_CLUSTER
XO.LT01..HH.2018.06.07.03.06.19,S,main,FUSE,AUTO_FUSE,3,True,False,0.799,0.848,FUSE_CONSENSUS_CLUSTER
XO.LT04..HH.2018.06.07.03.06.30,S,main,FUSE,AUTO_FUSE,3,True,True,0.856,0.901,FUSE_CONSENSUS_CLUSTER
XO.LD40..HH.2018.06.07.08.49.44,P,main,ABSTAIN,INSUFFICIENT_EVIDENCE_FOR_SELECTION,3,True,False,0.773,0.836,INSUFFICIENT_EVIDENCE_FOR_SELECTION
XO.LD40..HH.2018.06.07.08.49.44,S,main,ABSTAIN,INSUFFICIENT_EVIDENCE_FOR_SELECTION,3,True,False,0.773,0.836,INSUFFICIENT_EVIDENCE_FOR_SELECTION
XO.LT20..HH.2018.06.07.12.05.57,P,main,ABSTAIN,INSUFFICIENT_EVIDENCE_FOR_SELECTION,2,False,False,0.776,0.837,INSUFFICIENT_EVIDENCE_FOR_SELECTION
XO.LT20..HH.2018.06.07.12.05.57,S,main,ABSTAIN,INSUFFICIENT_EVIDENCE_FOR_SELECTION,3,True,True,0.761,0.837,INSUFFICIENT_EVIDENCE_FOR_SELECTION
XO.LD38..HH.2018.06.07.16.10.19,S,holdout,ABSTAIN,INSUFFICIENT_EVIDENCE_FOR_SELECTION,3,True,False,0.845,0.924,INSUFFICIENT_EVIDENCE_FOR_SELECTION
XO.LT04..HH.2018.06.07.00.12.59,S,main,ABSTAIN,NO_DECISIVE_EVIDENCE_BETWEEN_MODELS,2,True,False,0.674,0.806,NO_DECISIVE_EVIDENCE_BETWEEN_MODELS
XO.LD40..HH.2018.06.07.01.10.09,S,holdout,ABSTAIN,INSUFFICIENT_EVIDENCE_FOR_SELECTION,3,True,True,0.648,0.792,INSUFFICIENT_EVIDENCE_FOR_SELECTION
XO.LT01..HH.2018.06.07.04.18.38,S,main,ABSTAIN,NO_DECISIVE_EVIDENCE_BETWEEN_MODELS,3,True,False,0.614,0.83,NO_DECISIVE_EVIDENCE_BETWEEN_MODELS
XO.LT01..HH.2018.06.07.05.19.07,S,main,ABSTAIN,CONSENSUS_WITHOUT_ADMISSIBLE_FUSION,3,True,True,0.684,0.811,MODEL_CONSENSUS|FUSION_CALIBRATED_CONFIDENCE_BELOW_FLOOR|FUSION_NOT_ALLOWED|CONSENSUS_WITHOUT_ADMISSIBLE_FUSION
XO.LT01..HH.2018.06.07.07.54.27,S,main,ABSTAIN,NO_DECISIVE_EVIDENCE_BETWEEN_MODELS,3,True,False,0.809,0.847,NO_DECISIVE_EVIDENCE_BETWEEN_MODELS
XO.LA39..HH.2018.06.07.09.02.11,P,main,FUSE,AUTO_FUSE,3,True,True,0.863,0.954,FUSE_CONSENSUS_CLUSTER
XO.LA39..HH.2018.06.07.09.02.11,S,main,FUSE,AUTO_FUSE,3,True,True,0.863,0.954,FUSE_CONSENSUS_CLUSTER
XO.LT16..HH.2018.06.07.10.21.53,P,main,FUSE,AUTO_FUSE,3,True,True,0.858,0.939,FUSE_CONSENSUS_CLUSTER
XO.LT16..HH.2018.06.07.10.21.53,S,main,ABSTAIN,NO_DECISIVE_EVIDENCE_BETWEEN_MODELS,3,True,False,0.858,0.939,NO_DECISIVE_EVIDENCE_BETWEEN_MODELS
XO.LT14..HH.2018.06.07.10.21.56,P,main,FUSE,AUTO_FUSE,3,True,True,0.835,0.953,FUSE_CONSENSUS_CLUSTER
XO.LD41..HH.2018.06.07.10.22.20,P,main,ABSTAIN,INSUFFICIENT_EVIDENCE_FOR_SELECTION,3,True,True,0.854,0.942,INSUFFICIENT_EVIDENCE_FOR_SELECTION
XO.LT06..HH.2018.06.07.14.11.41,P,holdout,ABSTAIN,NO_DECISIVE_EVIDENCE_BETWEEN_MODELS,3,True,False,0.835,0.892,NO_DECISIVE_EVIDENCE_BETWEEN_MODELS
XO.LT06..HH.2018.06.07.14.11.41,S,holdout,FUSE,AUTO_FUSE,3,True,True,0.835,0.892,FUSE_CONSENSUS_CLUSTER
XO.LA34..HH.2018.06.07.18.32.01,P,main,FUSE,AUTO_FUSE,3,True,True,0.857,0.952,FUSE_CONSENSUS_CLUSTER
XO.LA34..HH.2018.06.07.18.32.01,S,main,FUSE,AUTO_FUSE,3,True,True,0.857,0.952,FUSE_CONSENSUS_CLUSTER
XO.LA28..HH.2018.06.07.18.32.07,P,main,FUSE,AUTO_FUSE,3,True,True,0.849,0.943,FUSE_CONSENSUS_CLUSTER
XO.LA29..HH.2018.06.07.18.32.42,S,main,FUSE,AUTO_FUSE,3,True,True,0.827,0.898,FUSE_CONSENSUS_CLUSTER
XO.LD40..HH.2018.06.07.20.53.26,S,main,ABSTAIN,INSUFFICIENT_EVIDENCE_FOR_SELECTION,3,True,False,0.76,0.838,INSUFFICIENT_EVIDENCE_FOR_SELECTION
XO.LT13..HH.2018.06.07.22.52.30,P,main,ABSTAIN,NO_DECISIVE_EVIDENCE_BETWEEN_MODELS,3,True,False,0.65,0.813,NO_DECISIVE_EVIDENCE_BETWEEN_MODELS
XO.LA39..HH.2018.06.09.08.03.20,S,main,FUSE,AUTO_FUSE,3,True,True,0.846,0.936,FUSE_CONSENSUS_CLUSTER
XO.LD40..HH.2018.06.09.09.54.02,P,main,ROUTE,AUTO_ROUTE,3,True,False,0.828,0.915,ONLY_SURVIVOR_PhaseNet
XO.LD40..HH.2018.06.09.09.54.02,S,main,ROUTE,AUTO_ROUTE,3,False,False,0.828,0.915,ONLY_SURVIVOR_PhaseNet
XO.LD40..HH.2018.06.09.14.56.05,P,main,ABSTAIN,INSUFFICIENT_EVIDENCE_FOR_SELECTION,3,True,True,0.832,0.887,INSUFFICIENT_EVIDENCE_FOR_SELECTION
XO.LD40..HH.2018.06.09.14.56.05,S,main,ABSTAIN,INSUFFICIENT_EVIDENCE_FOR_SELECTION,3,True,True,0.832,0.887,INSUFFICIENT_EVIDENCE_FOR_SELECTION
XO.LA39..HH.2018.06.09.08.43.43,P,main,ABSTAIN,INSUFFICIENT_EVIDENCE_FOR_SELECTION,2,True,False,0.878,0.897,INSUFFICIENT_EVIDENCE_FOR_SELECTION
XO.LA39..HH.2018.06.09.08.43.43,S,main,FUSE,AUTO_FUSE,3,True,True,0.831,0.897,FUSE_CONSENSUS_CLUSTER
XO.LA39..HH.2018.06.09.09.39.43,S,main,FUSE,AUTO_FUSE,3,True,True,0.827,0.914,FUSE_CONSENSUS_CLUSTER
XO.LD40..HH.2018.06.09.12.03.23,S,main,ABSTAIN,INSUFFICIENT_EVIDENCE_FOR_SELECTION,3,True,True,0.764,0.81,INSUFFICIENT_EVIDENCE_FOR_SELECTION
XO.LA39..HH.2018.06.09.16.14.01,S,main,FUSE,AUTO_FUSE,3,True,True,0.831,0.903,FUSE_CONSENSUS_CLUSTER
XO.LT18..HH.2018.06.09.17.49.02,P,main,FUSE,AUTO_FUSE,3,True,True,0.853,0.955,FUSE_CONSENSUS_CLUSTER
XO.LT18..HH.2018.06.09.17.49.02,S,main,ABSTAIN,NO_DECISIVE_EVIDENCE_BETWEEN_MODELS,3,True,False,0.853,0.955,NO_DECISIVE_EVIDENCE_BETWEEN_MODELS
XO.LT17..HH.2018.06.09.17.49.04,P,holdout,FUSE,AUTO_FUSE,3,True,True,0.865,0.95,FUSE_CONSENSUS_CLUSTER
XO.LT17..HH.2018.06.09.17.49.04,S,holdout,FUSE,AUTO_FUSE,3,True,True,0.865,0.95,FUSE_CONSENSUS_CLUSTER
XO.LA28..HH.2018.06.09.23.45.12,S,main,ABSTAIN,NO_DECISIVE_EVIDENCE_BETWEEN_MODELS,3,True,False,0.708,0.876,NO_DECISIVE_EVIDENCE_BETWEEN_MODELS
XO.LD36..HH.2018.06.10.09.41.22,S,main,ABSTAIN,INSUFFICIENT_EVIDENCE_FOR_SELECTION,3,True,True,0.821,0.845,INSUFFICIENT_EVIDENCE_FOR_SELECTION
XO.LA39..HH.2018.06.10.18.56.24,S,main,FUSE,AUTO_FUSE,3,True,True,0.814,0.878,FUSE_CONSENSUS_CLUSTER
XO.LT12..HH.2018.06.11.01.19.00,P,holdout,FUSE,AUTO_FUSE,3,True,True,0.844,0.929,FUSE_CONSENSUS_CLUSTER
XO.LT12..HH.2018.06.11.01.19.00,S,holdout,FUSE,AUTO_FUSE,3,True,False,0.844,0.929,FUSE_CONSENSUS_CLUSTER
XO.LT13..HH.2018.06.11.01.19.05,P,holdout,FUSE,AUTO_FUSE,3,True,True,0.803,0.829,FUSE_CONSENSUS_CLUSTER
XO.LT16..HH.2018.06.11.01.18.55,P,main,FUSE,AUTO_FUSE,3,True,False,0.676,0.831,FUSE_CONSENSUS_CLUSTER
XO.LT16..HH.2018.06.11.01.18.55,S,main,FUSE,AUTO_FUSE,3,True,True,0.676,0.831,FUSE_CONSENSUS_CLUSTER
XO.LA33..HH.2018.06.11.01.19.13,P,main,FUSE,AUTO_FUSE,3,True,False,0.746,0.825,FUSE_CONSENSUS_CLUSTER
XO.LT04..HH.2018.06.11.01.19.42,S,main,ABSTAIN,CONSENSUS_WITHOUT_ADMISSIBLE_FUSION,2,True,True,0.338,0.709,MODEL_CONSENSUS|FUSION_CALIBRATED_CONFIDENCE_BELOW_FLOOR|FUSION_NOT_ALLOWED|CONSENSUS_WITHOUT_ADMISSIBLE_FUSION
XO.LT06..HH.2018.06.11.16.27.35,P,holdout,ABSTAIN,CONSENSUS_WITHOUT_ADMISSIBLE_FUSION,3,True,True,0.623,0.882,MODEL_CONSENSUS|FUSION_CALIBRATED_CONFIDENCE_BELOW_FLOOR|FUSION_NOT_ALLOWED|CONSENSUS_WITHOUT_ADMISSIBLE_FUSION
XO.LD36..HH.2018.06.11.16.27.43,P,main,FUSE,AUTO_FUSE,4,True,True,0.712,0.955,FUSE_CONSENSUS_CLUSTER
XO.LD36..HH.2018.06.11.16.27.43,S,main,ABSTAIN,INSUFFICIENT_EVIDENCE_FOR_SELECTION,3,True,True,0.858,0.955,INSUFFICIENT_EVIDENCE_FOR_SELECTION
XO.LA28..HH.2018.06.11.16.27.43,P,main,ABSTAIN,CONSENSUS_WITHOUT_ADMISSIBLE_FUSION,3,True,True,0.648,0.915,MODEL_CONSENSUS|FUSION_CALIBRATED_CONFIDENCE_BELOW_FLOOR|FUSION_NOT_ALLOWED|CONSENSUS_WITHOUT_ADMISSIBLE_FUSION
XO.LA32..HH.2018.06.11.16.27.47,P,holdout,FUSE,AUTO_FUSE,3,True,True,0.852,0.954,FUSE_CONSENSUS_CLUSTER
XO.LA32..HH.2018.06.11.16.27.47,S,holdout,FUSE,AUTO_FUSE,3,True,False,0.852,0.954,FUSE_CONSENSUS_CLUSTER
XO.LT18..HH.2018.06.11.16.27.52,P,main,FUSE,AUTO_FUSE,3,True,True,0.845,0.952,FUSE_CONSENSUS_CLUSTER
XO.LA39..HH.2018.06.11.04.58.13,S,main,FUSE,AUTO_FUSE,3,True,True,0.836,0.876,FUSE_CONSENSUS_CLUSTER
XO.LD41..HH.2018.06.11.10.42.15,P,main,ABSTAIN,INSUFFICIENT_EVIDENCE_FOR_SELECTION,3,True,True,0.838,0.899,INSUFFICIENT_EVIDENCE_FOR_SELECTION
XO.LD41..HH.2018.06.11.10.42.15,S,main,ABSTAIN,INSUFFICIENT_EVIDENCE_FOR_SELECTION,3,True,False,0.838,0.899,INSUFFICIENT_EVIDENCE_FOR_SELECTION
XO.LD41..HH.2018.06.11.11.37.35,P,main,ABSTAIN,INSUFFICIENT_EVIDENCE_FOR_SELECTION,3,False,False,0.623,0.834,INSUFFICIENT_EVIDENCE_FOR_SELECTION
XO.LT18..HH.2018.06.11.14.24.15,P,main,ABSTAIN,NO_DECISIVE_EVIDENCE_BETWEEN_MODELS,3,True,False,0.757,0.846,NO_DECISIVE_EVIDENCE_BETWEEN_MODELS
XO.LT18..HH.2018.06.11.14.24.15,S,main,ABSTAIN,NO_DECISIVE_EVIDENCE_BETWEEN_MODELS,3,True,False,0.757,0.846,NO_DECISIVE_EVIDENCE_BETWEEN_MODELS
XO.LT01..HH.2018.06.12.07.45.33,P,main,ABSTAIN,NO_DECISIVE_EVIDENCE_BETWEEN_MODELS,3,True,False,0.735,0.877,NO_DECISIVE_EVIDENCE_BETWEEN_MODELS
XO.LD40..HH.2018.06.12.11.07.57,P,main,ABSTAIN,INSUFFICIENT_EVIDENCE_FOR_SELECTION,3,True,True,0.813,0.911,INSUFFICIENT_EVIDENCE_FOR_SELECTION
XO.LD40..HH.2018.06.12.11.07.57,S,main,ABSTAIN,INSUFFICIENT_EVIDENCE_FOR_SELECTION,3,True,True,0.813,0.911,INSUFFICIENT_EVIDENCE_FOR_SELECTION
XO.LT01..HH.2018.06.12.23.24.29,P,main,FUSE,AUTO_FUSE,3,True,False,0.814,0.936,FUSE_CONSENSUS_CLUSTER
XO.LT01..HH.2018.06.12.23.24.29,S,main,FUSE,AUTO_FUSE,3,True,True,0.814,0.936,FUSE_CONSENSUS_CLUSTER
XO.LA39..HH.2018.06.12.02.22.21,P,holdout,FUSE,AUTO_FUSE,3,True,True,0.856,0.954,FUSE_CONSENSUS_CLUSTER
XO.LA39..HH.2018.06.12.02.22.21,S,holdout,FUSE,AUTO_FUSE,3,True,True,0.856,0.954,FUSE_CONSENSUS_CLUSTER
XO.LT01..HH.2018.06.12.16.24.38,P,holdout,FUSE,AUTO_FUSE,3,True,False,0.739,0.819,FUSE_CONSENSUS_CLUSTER
XO.LT01..HH.2018.06.12.16.24.38,S,holdout,FUSE,AUTO_FUSE,3,False,False,0.739,0.819,FUSE_CONSENSUS_CLUSTER
XO.LT01..HH.2018.06.12.18.57.46,S,main,FUSE,AUTO_FUSE,3,True,True,0.744,0.774,FUSE_CONSENSUS_CLUSTER
XO.LT04..HH.2018.06.13.07.42.57,S,main,FUSE,AUTO_FUSE,3,True,True,0.791,0.828,FUSE_CONSENSUS_CLUSTER
XO.LD38..HH.2018.06.13.18.40.04,P,main,ABSTAIN,CONSENSUS_WITHOUT_ADMISSIBLE_FUSION,4,True,True,0.652,0.922,MODEL_CONSENSUS|FUSION_CALIBRATED_CONFIDENCE_BELOW_FLOOR|FUSION_NOT_ALLOWED|CONSENSUS_WITHOUT_ADMISSIBLE_FUSION
XO.LD38..HH.2018.06.13.18.40.04,S,main,ABSTAIN,INSUFFICIENT_EVIDENCE_FOR_SELECTION,3,True,True,0.799,0.922,INSUFFICIENT_EVIDENCE_FOR_SELECTION
XO.LT04..HH.2018.06.13.18.40.27,P,main,FUSE,AUTO_FUSE,3,True,False,0.806,0.836,FUSE_CONSENSUS_CLUSTER
XO.LA39..HH.2018.06.13.05.20.42,P,holdout,FUSE,AUTO_FUSE,3,True,True,0.852,0.949,FUSE_CONSENSUS_CLUSTER
XO.LA39..HH.2018.06.13.05.20.42,S,holdout,FUSE,AUTO_FUSE,3,True,True,0.852,0.949,FUSE_CONSENSUS_CLUSTER
XO.LT04..HH.2018.06.13.09.46.21,S,main,FUSE,AUTO_FUSE,2,False,False,0.716,0.817,FUSE_CONSENSUS_CLUSTER
XO.LD38..HH.2018.06.13.16.20.04,S,main,ABSTAIN,INSUFFICIENT_EVIDENCE_FOR_SELECTION,3,True,True,0.841,0.94,INSUFFICIENT_EVIDENCE_FOR_SELECTION
XO.LT04..HH.2018.06.13.16.20.36,S,holdout,FUSE,AUTO_FUSE,3,True,True,0.829,0.884,FUSE_CONSENSUS_CLUSTER
XO.LD40..HH.2018.06.13.23.44.16,P,main,ABSTAIN,INSUFFICIENT_EVIDENCE_FOR_SELECTION,3,True,True,0.845,0.946,INSUFFICIENT_EVIDENCE_FOR_SELECTION
XO.LT04..HH.2018.06.14.16.48.05,P,main,FUSE,AUTO_FUSE,3,True,True,0.845,0.913,FUSE_CONSENSUS_CLUSTER
XO.LT04..HH.2018.06.14.16.48.05,S,main,FUSE,AUTO_FUSE,3,True,True,0.845,0.913,FUSE_CONSENSUS_CLUSTER
XO.LD40..HH.2018.06.14.16.47.48,P,main,ABSTAIN,INSUFFICIENT_EVIDENCE_FOR_SELECTION,3,True,True,0.854,0.949,INSUFFICIENT_EVIDENCE_FOR_SELECTION
XO.LD40..HH.2018.06.14.16.47.48,S,main,ABSTAIN,INSUFFICIENT_EVIDENCE_FOR_SELECTION,3,True,False,0.854,0.949,INSUFFICIENT_EVIDENCE_FOR_SELECTION
XO.LT01..HH.2018.06.14.16.47.51,P,main,FUSE,AUTO_FUSE,3,True,True,0.861,0.943,FUSE_CONSENSUS_CLUSTER
XO.LT01..HH.2018.06.14.16.47.51,S,main,FUSE,AUTO_FUSE,3,False,False,0.861,0.943,FUSE_CONSENSUS_CLUSTER
XO.LA39..HH.2018.06.15.00.14.28,P,holdout,ABSTAIN,CONSENSUS_WITHOUT_ADMISSIBLE_FUSION,4,True,True,0.675,0.944,MODEL_CONSENSUS|FUSION_CALIBRATED_CONFIDENCE_BELOW_FLOOR|FUSION_NOT_ALLOWED|CONSENSUS_WITHOUT_ADMISSIBLE_FUSION
XO.LA39..HH.2018.06.15.00.14.28,S,holdout,FUSE,AUTO_FUSE,3,True,False,0.852,0.944,FUSE_CONSENSUS_CLUSTER
XO.LA39..HH.2018.06.15.00.21.01,P,main,FUSE,AUTO_FUSE,3,True,True,0.843,0.946,FUSE_CONSENSUS_CLUSTER
XO.LA39..HH.2018.06.15.00.21.01,S,main,FUSE,AUTO_FUSE,3,True,False,0.843,0.946,FUSE_CONSENSUS_CLUSTER
XO.LT18..HH.2018.06.15.14.32.38,P,main,FUSE,AUTO_FUSE,3,True,True,0.817,0.904,FUSE_CONSENSUS_CLUSTER
XO.LA29..HH.2018.06.16.02.51.48,P,holdout,FUSE,AUTO_FUSE,4,False,False,0.744,0.935,FUSE_CONSENSUS_CLUSTER
XO.LA33..HH.2018.06.16.02.51.50,P,holdout,FUSE,AUTO_FUSE,3,True,True,0.857,0.955,FUSE_CONSENSUS_CLUSTER
XO.LD45..HH.2018.06.16.02.51.59,P,main,ABSTAIN,INSUFFICIENT_EVIDENCE_FOR_SELECTION,3,True,True,0.808,0.928,INSUFFICIENT_EVIDENCE_FOR_SELECTION
XO.LD45..HH.2018.06.16.02.51.59,S,main,ABSTAIN,INSUFFICIENT_EVIDENCE_FOR_SELECTION,3,True,True,0.808,0.928,INSUFFICIENT_EVIDENCE_FOR_SELECTION
XO.LT07..HH.2018.06.16.14.37.30,P,main,FUSE,AUTO_FUSE,3,True,False,0.842,0.91,FUSE_CONSENSUS_CLUSTER
XO.LT07..HH.2018.06.16.14.37.30,S,main,FUSE,AUTO_FUSE,3,True,True,0.842,0.91,FUSE_CONSENSUS_CLUSTER
XO.LD40..HH.2018.06.16.18.21.43,P,main,ABSTAIN,INSUFFICIENT_EVIDENCE_FOR_SELECTION,3,True,False,0.722,0.887,INSUFFICIENT_EVIDENCE_FOR_SELECTION
XO.LD40..HH.2018.06.16.18.21.43,S,main,ABSTAIN,INSUFFICIENT_EVIDENCE_FOR_SELECTION,3,True,True,0.722,0.887,INSUFFICIENT_EVIDENCE_FOR_SELECTION
XO.LD38..HH.2018.06.17.04.31.57,P,holdout,ABSTAIN,CONSENSUS_WITHOUT_ADMISSIBLE_FUSION,4,False,False,0.653,0.952,MODEL_CONSENSUS|FUSION_CALIBRATED_CONFIDENCE_BELOW_FLOOR|FUSION_NOT_ALLOWED|CONSENSUS_WITHOUT_ADMISSIBLE_FUSION
XO.LD38..HH.2018.06.17.04.31.57,S,holdout,ABSTAIN,INSUFFICIENT_EVIDENCE_FOR_SELECTION,3,True,True,0.858,0.952,INSUFFICIENT_EVIDENCE_FOR_SELECTION
XO.LT14..HH.2018.06.17.20.38.39,P,main,FUSE,AUTO_FUSE,3,True,True,0.762,0.921,FUSE_CONSENSUS_CLUSTER
XO.LT14..HH.2018.06.17.20.38.39,S,main,FUSE,AUTO_FUSE,2,True,True,0.762,0.921,FUSE_CONSENSUS_CLUSTER
XO.LT01..HH.2018.06.18.21.45.13,S,main,ABSTAIN,INSUFFICIENT_EVIDENCE_FOR_SELECTION,3,True,True,0.767,0.898,INSUFFICIENT_EVIDENCE_FOR_SELECTION
XO.LT12..HH.2018.06.18.21.44.44,P,main,FUSE,AUTO_FUSE,3,True,True,0.839,0.89,FUSE_CONSENSUS_CLUSTER
XO.LT12..HH.2018.06.18.21.44.44,S,main,FUSE,AUTO_FUSE,3,True,True,0.839,0.89,FUSE_CONSENSUS_CLUSTER
XO.LD40..HH.2018.06.18.21.44.45,P,main,ABSTAIN,INSUFFICIENT_EVIDENCE_FOR_SELECTION,3,True,True,0.85,0.941,INSUFFICIENT_EVIDENCE_FOR_SELECTION
XO.LD40..HH.2018.06.18.21.44.45,S,main,ABSTAIN,INSUFFICIENT_EVIDENCE_FOR_SELECTION,3,True,True,0.85,0.941,INSUFFICIENT_EVIDENCE_FOR_SELECTION
XO.LA32..HH.2018.06.18.22.15.30,S,main,FUSE,AUTO_FUSE,3,True,True,0.724,0.824,FUSE_CONSENSUS_CLUSTER
XO.LA39..HH.2018.06.19.19.12.37,P,main,FUSE,AUTO_FUSE,3,True,True,0.858,0.947,FUSE_CONSENSUS_CLUSTER
XO.LA39..HH.2018.06.19.19.12.37,S,main,FUSE,AUTO_FUSE,3,True,True,0.858,0.947,FUSE_CONSENSUS_CLUSTER
XO.LT15..HH.2018.06.19.20.20.15,P,main,FUSE,AUTO_FUSE,3,True,True,0.863,0.955,FUSE_CONSENSUS_CLUSTER
XO.LT15..HH.2018.06.19.20.20.15,S,main,FUSE,AUTO_FUSE,3,True,True,0.863,0.955,FUSE_CONSENSUS_CLUSTER
XO.LT10..HH.2018.06.19.20.20.27,P,holdout,FUSE,AUTO_FUSE,3,True,True,0.843,0.929,FUSE_CONSENSUS_CLUSTER
XO.LT10..HH.2018.06.19.20.20.27,S,holdout,FUSE,AUTO_FUSE,3,False,False,0.843,0.929,FUSE_CONSENSUS_CLUSTER
XO.LA34..HH.2018.06.19.20.20.37,S,main,ABSTAIN,CONSENSUS_WITHOUT_ADMISSIBLE_FUSION,3,True,True,0.601,0.859,MODEL_CONSENSUS|FUSION_CALIBRATED_CONFIDENCE_BELOW_FLOOR|FUSION_NOT_ALLOWED|CONSENSUS_WITHOUT_ADMISSIBLE_FUSION
XO.LA33..HH.2018.06.19.12.25.09,S,main,FUSE,AUTO_FUSE,3,True,True,0.835,0.909,FUSE_CONSENSUS_CLUSTER
XO.LA25..HH.2018.06.19.18.55.00,S,main,ABSTAIN,NO_DECISIVE_EVIDENCE_BETWEEN_MODELS,3,True,False,0.386,0.686,NO_DECISIVE_EVIDENCE_BETWEEN_MODELS
XO.LD40..HH.2018.06.19.19.45.46,S,main,ABSTAIN,INSUFFICIENT_EVIDENCE_FOR_SELECTION,3,True,False,0.482,0.743,INSUFFICIENT_EVIDENCE_FOR_SELECTION
XO.LA39..HH.2018.06.20.11.36.52,P,main,FUSE,AUTO_FUSE,3,True,True,0.847,0.935,FUSE_CONSENSUS_CLUSTER
XO.LA39..HH.2018.06.20.11.36.52,S,main,FUSE,AUTO_FUSE,3,True,False,0.847,0.935,FUSE_CONSENSUS_CLUSTER
XO.LT01..HH.2018.06.20.15.31.21,S,main,FUSE,AUTO_FUSE,3,True,True,0.843,0.857,FUSE_CONSENSUS_CLUSTER
XO.LT04..HH.2018.06.20.21.38.21,P,main,FUSE,AUTO_FUSE,3,True,True,0.854,0.949,FUSE_CONSENSUS_CLUSTER
XO.LT04..HH.2018.06.20.21.38.21,S,main,FUSE,AUTO_FUSE,3,False,False,0.854,0.949,FUSE_CONSENSUS_CLUSTER
XO.LD36..HH.2018.06.20.21.38.27,P,main,ABSTAIN,INSUFFICIENT_EVIDENCE_FOR_SELECTION,3,True,True,0.853,0.951,INSUFFICIENT_EVIDENCE_FOR_SELECTION
XO.LD36..HH.2018.06.20.21.38.27,S,main,ABSTAIN,INSUFFICIENT_EVIDENCE_FOR_SELECTION,3,True,True,0.853,0.951,INSUFFICIENT_EVIDENCE_FOR_SELECTION
XO.LD40..HH.2018.06.20.21.38.34,P,main,ABSTAIN,NO_DECISIVE_EVIDENCE_BETWEEN_MODELS,4,True,False,0.62,0.917,NO_DECISIVE_EVIDENCE_BETWEEN_MODELS
XO.LD40..HH.2018.06.20.21.38.34,S,main,ABSTAIN,INSUFFICIENT_EVIDENCE_FOR_SELECTION,3,False,False,0.839,0.917,INSUFFICIENT_EVIDENCE_FOR_SELECTION
XO.LT01..HH.2018.06.20.21.38.34,P,main,FUSE,AUTO_FUSE,3,True,True,0.814,0.872,FUSE_CONSENSUS_CLUSTER
XO.LD41..HH.2018.06.20.21.38.40,P,main,ABSTAIN,INSUFFICIENT_EVIDENCE_FOR_SELECTION,3,True,True,0.854,0.951,INSUFFICIENT_EVIDENCE_FOR_SELECTION
XO.LA39..HH.2018.06.20.21.38.44,P,main,FUSE,AUTO_FUSE,3,True,True,0.841,0.918,FUSE_CONSENSUS_CLUSTER
XO.LA39..HH.2018.06.20.21.38.44,S,main,FUSE,AUTO_FUSE,3,True,True,0.841,0.918,FUSE_CONSENSUS_CLUSTER
XO.LT17..HH.2018.06.20.23.01.47,P,main,ABSTAIN,NO_DECISIVE_EVIDENCE_BETWEEN_MODELS,2,True,False,0.308,0.63,NO_DECISIVE_EVIDENCE_BETWEEN_MODELS
XO.LT09..HH.2018.06.20.04.53.40,S,main,ABSTAIN,INSUFFICIENT_EVIDENCE_FOR_SELECTION,2,True,False,0.819,0.875,INSUFFICIENT_EVIDENCE_FOR_SELECTION
XO.LA33..HH.2018.06.20.04.54.02,S,main,FUSE,AUTO_FUSE,3,True,False,0.721,0.82,FUSE_CONSENSUS_CLUSTER
XO.LA21..HH.2018.06.20.05.24.43,P,main,FUSE,AUTO_FUSE,4,True,True,0.79,0.957,FUSE_CONSENSUS_CLUSTER
XO.LA21..HH.2018.06.20.05.24.43,S,main,ABSTAIN,NO_DECISIVE_EVIDENCE_BETWEEN_MODELS,3,True,False,0.842,0.957,NO_DECISIVE_EVIDENCE_BETWEEN_MODELS
XO.LT14..HH.2018.06.20.05.24.56,P,holdout,ABSTAIN,CONSENSUS_WITHOUT_ADMISSIBLE_FUSION,3,True,False,0.468,0.831,MODEL_CONSENSUS|FUSION_CALIBRATED_CONFIDENCE_BELOW_FLOOR|FUSION_NOT_ALLOWED|CONSENSUS_WITHOUT_ADMISSIBLE_FUSION
XO.LA39..HH.2018.06.20.10.34.37,S,main,FUSE,AUTO_FUSE,3,True,True,0.837,0.907,FUSE_CONSENSUS_CLUSTER
XO.LD40..HH.2018.06.20.10.34.49,S,main,ABSTAIN,INSUFFICIENT_EVIDENCE_FOR_SELECTION,3,True,True,0.844,0.896,INSUFFICIENT_EVIDENCE_FOR_SELECTION
XO.LT10..HH.2018.06.20.11.13.26,P,main,FUSE,AUTO_FUSE,3,True,True,0.834,0.861,FUSE_CONSENSUS_CLUSTER
XO.LT10..HH.2018.06.20.11.13.26,S,main,FUSE,AUTO_FUSE,3,True,True,0.834,0.861,FUSE_CONSENSUS_CLUSTER
XO.LD40..HH.2018.06.20.11.13.16,P,main,ABSTAIN,INSUFFICIENT_EVIDENCE_FOR_SELECTION,3,True,True,0.848,0.931,INSUFFICIENT_EVIDENCE_FOR_SELECTION
XO.LD40..HH.2018.06.20.11.13.16,S,main,ABSTAIN,INSUFFICIENT_EVIDENCE_FOR_SELECTION,3,False,False,0.848,0.931,INSUFFICIENT_EVIDENCE_FOR_SELECTION
XO.LA25..HH.2018.06.20.11.13.35,S,main,ABSTAIN,NO_ELIGIBLE_MODELS,3,False,False,0.355,0.813,NO_ELIGIBLE_MODELS
XO.LD40..HH.2018.06.20.10.19.47,S,main,ABSTAIN,INSUFFICIENT_EVIDENCE_FOR_SELECTION,3,True,True,0.772,0.819,INSUFFICIENT_EVIDENCE_FOR_SELECTION
XO.LT06..HH.2018.06.20.12.57.38,S,main,ABSTAIN,NO_DECISIVE_EVIDENCE_BETWEEN_MODELS,3,True,False,0.306,0.819,NO_DECISIVE_EVIDENCE_BETWEEN_MODELS
XO.LT04..HH.2018.06.20.16.18.30,S,main,FUSE,AUTO_FUSE,3,True,True,0.722,0.859,FUSE_CONSENSUS_CLUSTER
XO.LT09..HH.2018.06.20.20.00.10,P,holdout,FUSE,AUTO_FUSE,3,True,True,0.857,0.948,FUSE_CONSENSUS_CLUSTER
XO.LT09..HH.2018.06.20.20.00.10,S,holdout,FUSE,AUTO_FUSE,3,True,True,0.857,0.948,FUSE_CONSENSUS_CLUSTER
XO.LA39..HH.2018.06.21.11.26.32,P,main,FUSE,AUTO_FUSE,3,True,True,0.861,0.957,FUSE_CONSENSUS_CLUSTER
XO.LA39..HH.2018.06.21.11.26.32,S,main,FUSE,AUTO_FUSE,3,True,True,0.861,0.957,FUSE_CONSENSUS_CLUSTER
XO.LA26..HH.2018.06.21.02.35.46,P,main,FUSE,AUTO_FUSE,3,True,False,0.818,0.84,FUSE_CONSENSUS_CLUSTER
XO.LA26..HH.2018.06.21.02.35.46,S,main,FUSE,AUTO_FUSE,3,True,True,0.818,0.84,FUSE_CONSENSUS_CLUSTER
XO.LT10..HH.2018.06.21.02.35.55,P,main,FUSE,AUTO_FUSE,3,True,True,0.76,0.841,FUSE_CONSENSUS_CLUSTER
XO.LA29..HH.2018.06.21.02.36.18,S,main,ABSTAIN,CONSENSUS_WITHOUT_ADMISSIBLE_FUSION,3,True,True,0.476,0.833,MODEL_CONSENSUS|FUSION_CALIBRATED_CONFIDENCE_BELOW_FLOOR|FUSION_NOT_ALLOWED|CONSENSUS_WITHOUT_ADMISSIBLE_FUSION
XO.LA39..HH.2018.06.21.03.49.21,P,main,FUSE,AUTO_FUSE,4,True,True,0.597,0.952,FUSE_CONSENSUS_CLUSTER
XO.LA39..HH.2018.06.21.03.49.21,S,main,FUSE,AUTO_FUSE,3,True,True,0.858,0.952,FUSE_CONSENSUS_CLUSTER
XO.LD40..HH.2018.06.21.09.58.37,S,main,ABSTAIN,INSUFFICIENT_EVIDENCE_FOR_SELECTION,3,True,True,0.669,0.818,INSUFFICIENT_EVIDENCE_FOR_SELECTION
XO.LT04..HH.2018.06.22.06.57.04,P,main,FUSE,AUTO_FUSE,3,True,True,0.866,0.949,FUSE_CONSENSUS_CLUSTER
XO.LT04..HH.2018.06.22.06.57.04,S,main,FUSE,AUTO_FUSE,3,True,True,0.866,0.949,FUSE_CONSENSUS_CLUSTER
XO.LT12..HH.2018.06.22.21.22.21,P,main,FUSE,AUTO_FUSE,3,True,False,0.78,0.847,FUSE_CONSENSUS_CLUSTER
XO.LD41..HH.2018.06.22.03.32.52,S,holdout,ABSTAIN,INSUFFICIENT_EVIDENCE_FOR_SELECTION,3,True,True,0.714,0.836,INSUFFICIENT_EVIDENCE_FOR_SELECTION
XO.LD38..HH.2018.06.22.14.46.31,P,main,ABSTAIN,INSUFFICIENT_EVIDENCE_FOR_SELECTION,2,False,False,0.809,0.814,INSUFFICIENT_EVIDENCE_FOR_SELECTION
XO.LD38..HH.2018.06.22.14.46.31,S,main,ABSTAIN,INSUFFICIENT_EVIDENCE_FOR_SELECTION,3,True,False,0.538,0.814,INSUFFICIENT_EVIDENCE_FOR_SELECTION
XO.LT04..HH.2018.06.22.16.56.20,S,main,FUSE,AUTO_FUSE,3,True,True,0.838,0.887,FUSE_CONSENSUS_CLUSTER
XO.LA39..HH.2018.06.23.02.56.00,P,holdout,FUSE,AUTO_FUSE,3,True,True,0.839,0.934,FUSE_CONSENSUS_CLUSTER
XO.LA39..HH.2018.06.23.02.56.00,S,holdout,FUSE,AUTO_FUSE,3,True,True,0.839,0.934,FUSE_CONSENSUS_CLUSTER
XO.LD40..HH.2018.06.23.09.28.37,P,main,ABSTAIN,INSUFFICIENT_EVIDENCE_FOR_SELECTION,3,True,True,0.842,0.925,INSUFFICIENT_EVIDENCE_FOR_SELECTION
XO.LD40..HH.2018.06.23.09.28.37,S,main,ABSTAIN,INSUFFICIENT_EVIDENCE_FOR_SELECTION,3,True,True,0.842,0.925,INSUFFICIENT_EVIDENCE_FOR_SELECTION
XO.LA39..HH.2018.06.23.09.28.49,S,main,FUSE,AUTO_FUSE,3,True,True,0.829,0.907,FUSE_CONSENSUS_CLUSTER
XO.LT06..HH.2018.06.23.11.18.23,P,main,FUSE,AUTO_FUSE,3,True,True,0.786,0.872,FUSE_CONSENSUS_CLUSTER
XO.LT06..HH.2018.06.23.11.18.23,S,main,FUSE,AUTO_FUSE,3,True,True,0.786,0.872,FUSE_CONSENSUS_CLUSTER
XO.LT12..HH.2018.06.23.11.18.26,P,main,FUSE,AUTO_FUSE,3,True,True,0.82,0.841,FUSE_CONSENSUS_CLUSTER
XO.LT12..HH.2018.06.23.11.18.26,S,main,FUSE,AUTO_FUSE,3,True,True,0.82,0.841,FUSE_CONSENSUS_CLUSTER
XO.LT01..HH.2018.06.23.22.50.12,P,main,FUSE,AUTO_FUSE,3,True,False,0.777,0.841,FUSE_CONSENSUS_CLUSTER
XO.LT01..HH.2018.06.23.22.50.12,S,main,FUSE,AUTO_FUSE,3,True,True,0.777,0.841,FUSE_CONSENSUS_CLUSTER
XO.LA39..HH.2018.06.23.22.50.05,P,main,FUSE,AUTO_FUSE,4,True,True,0.795,0.943,FUSE_CONSENSUS_CLUSTER
XO.LA39..HH.2018.06.23.22.50.05,S,main,FUSE,AUTO_FUSE,4,True,True,0.795,0.943,FUSE_CONSENSUS_CLUSTER
XO.LD40..HH.2018.06.23.03.58.02,S,holdout,ABSTAIN,INSUFFICIENT_EVIDENCE_FOR_SELECTION,3,False,False,0.571,0.885,INSUFFICIENT_EVIDENCE_FOR_SELECTION
XO.LT01..HH.2018.06.23.03.58.04,S,holdout,FUSE,AUTO_FUSE,3,True,True,0.777,0.851,FUSE_CONSENSUS_CLUSTER
XO.LD40..HH.2018.06.23.09.03.32,S,holdout,ABSTAIN,INSUFFICIENT_EVIDENCE_FOR_SELECTION,3,True,True,0.735,0.807,INSUFFICIENT_EVIDENCE_FOR_SELECTION
XO.LD41..HH.2018.06.23.09.03.50,S,holdout,ABSTAIN,INSUFFICIENT_EVIDENCE_FOR_SELECTION,3,False,False,0.719,0.831,INSUFFICIENT_EVIDENCE_FOR_SELECTION
XO.LA39..HH.2018.06.23.10.49.45,S,holdout,ABSTAIN,CONSENSUS_WITHOUT_ADMISSIBLE_FUSION,3,True,True,0.604,0.888,MODEL_CONSENSUS|FUSION_CALIBRATED_CONFIDENCE_BELOW_FLOOR|FUSION_NOT_ALLOWED|CONSENSUS_WITHOUT_ADMISSIBLE_FUSION
XO.LD41..HH.2018.06.23.10.49.49,P,holdout,ABSTAIN,INSUFFICIENT_EVIDENCE_FOR_SELECTION,3,True,True,0.76,0.905,INSUFFICIENT_EVIDENCE_FOR_SELECTION
XO.LD41..HH.2018.06.23.11.26.22,P,holdout,ABSTAIN,INSUFFICIENT_EVIDENCE_FOR_SELECTION,3,True,False,0.707,0.835,INSUFFICIENT_EVIDENCE_FOR_SELECTION
XO.LT18..HH.2018.06.23.21.11.07,P,main,FUSE,AUTO_FUSE,3,True,True,0.851,0.926,FUSE_CONSENSUS_CLUSTER
XO.LD41..HH.2018.06.24.21.53.25,P,main,ABSTAIN,INSUFFICIENT_EVIDENCE_FOR_SELECTION,3,True,True,0.831,0.892,INSUFFICIENT_EVIDENCE_FOR_SELECTION
XO.LD41..HH.2018.06.24.21.53.25,S,main,ABSTAIN,INSUFFICIENT_EVIDENCE_FOR_SELECTION,3,True,False,0.831,0.892,INSUFFICIENT_EVIDENCE_FOR_SELECTION
XO.LD40..HH.2018.06.24.21.53.31,S,main,ABSTAIN,INSUFFICIENT_EVIDENCE_FOR_SELECTION,3,True,True,0.753,0.806,INSUFFICIENT_EVIDENCE_FOR_SELECTION
XO.LD40..HH.2018.06.24.03.05.14,S,main,ABSTAIN,INSUFFICIENT_EVIDENCE_FOR_SELECTION,3,True,False,0.66,0.776,INSUFFICIENT_EVIDENCE_FOR_SELECTION
XO.LD40..HH.2018.06.24.06.41.24,P,main,ABSTAIN,INSUFFICIENT_EVIDENCE_FOR_SELECTION,3,True,True,0.785,0.912,INSUFFICIENT_EVIDENCE_FOR_SELECTION
XO.LD40..HH.2018.06.24.06.41.24,S,main,ABSTAIN,INSUFFICIENT_EVIDENCE_FOR_SELECTION,3,True,True,0.785,0.912,INSUFFICIENT_EVIDENCE_FOR_SELECTION
XO.LD41..HH.2018.06.24.06.41.33,P,holdout,ABSTAIN,INSUFFICIENT_EVIDENCE_FOR_SELECTION,3,False,False,0.658,0.781,INSUFFICIENT_EVIDENCE_FOR_SELECTION
XO.LD41..HH.2018.06.24.06.41.33,S,holdout,ABSTAIN,INSUFFICIENT_EVIDENCE_FOR_SELECTION,3,True,True,0.658,0.781,INSUFFICIENT_EVIDENCE_FOR_SELECTION
XO.LT20..HH.2018.06.24.07.28.52,P,main,ABSTAIN,INSUFFICIENT_EVIDENCE_FOR_SELECTION,3,True,True,0.857,0.941,INSUFFICIENT_EVIDENCE_FOR_SELECTION
XO.LT20..HH.2018.06.24.07.28.52,S,main,ABSTAIN,INSUFFICIENT_EVIDENCE_FOR_SELECTION,3,True,True,0.857,0.941,INSUFFICIENT_EVIDENCE_FOR_SELECTION
XO.LD40..HH.2018.06.24.11.28.11,S,main,ABSTAIN,INSUFFICIENT_EVIDENCE_FOR_SELECTION,3,True,True,0.696,0.75,INSUFFICIENT_EVIDENCE_FOR_SELECTION
XO.LA39..HH.2018.06.24.13.18.58,P,main,FUSE,AUTO_FUSE,4,True,True,0.732,0.948,FUSE_CONSENSUS_CLUSTER
XO.LA39..HH.2018.06.24.13.18.58,S,main,FUSE,AUTO_FUSE,3,True,False,0.842,0.948,FUSE_CONSENSUS_CLUSTER
XO.LT14..HH.2018.06.24.20.52.29,P,holdout,FUSE,AUTO_FUSE,3,True,True,0.804,0.898,FUSE_CONSENSUS_CLUSTER
XO.LA39..HH.2018.06.25.06.46.14,S,main,FUSE,AUTO_FUSE,3,True,True,0.791,0.861,FUSE_CONSENSUS_CLUSTER
XO.LA39..HH.2018.06.25.13.30.18,P,main,FUSE,AUTO_FUSE,3,True,True,0.856,0.947,FUSE_CONSENSUS_CLUSTER
XO.LA39..HH.2018.06.25.13.30.18,S,main,FUSE,AUTO_FUSE,3,True,True,0.856,0.947,FUSE_CONSENSUS_CLUSTER
XO.LD41..HH.2018.06.25.15.05.48,P,main,ABSTAIN,INSUFFICIENT_EVIDENCE_FOR_SELECTION,3,True,True,0.839,0.937,INSUFFICIENT_EVIDENCE_FOR_SELECTION
XO.LT18..HH.2018.06.25.20.45.33,P,main,FUSE,AUTO_FUSE,3,True,True,0.831,0.94,FUSE_CONSENSUS_CLUSTER
XO.LT14..HH.2018.06.26.04.06.48,P,main,ABSTAIN,NO_DECISIVE_EVIDENCE_BETWEEN_MODELS,4,True,False,0.578,0.855,NO_DECISIVE_EVIDENCE_BETWEEN_MODELS
XO.LT01..HH.2018.06.26.04.07.06,S,main,ABSTAIN,NO_DECISIVE_EVIDENCE_BETWEEN_MODELS,3,True,False,0.538,0.825,NO_DECISIVE_EVIDENCE_BETWEEN_MODELS
XO.LD45..HH.2018.06.26.23.50.41,P,main,ABSTAIN,INSUFFICIENT_EVIDENCE_FOR_SELECTION,3,True,True,0.834,0.929,INSUFFICIENT_EVIDENCE_FOR_SELECTION
XO.LD45..HH.2018.06.27.00.26.02,P,main,ABSTAIN,INSUFFICIENT_EVIDENCE_FOR_SELECTION,3,True,True,0.847,0.945,INSUFFICIENT_EVIDENCE_FOR_SELECTION
XO.LD38..HH.2018.06.27.15.38.33,P,main,ABSTAIN,INSUFFICIENT_EVIDENCE_FOR_SELECTION,3,True,True,0.831,0.948,INSUFFICIENT_EVIDENCE_FOR_SELECTION
XO.LD38..HH.2018.06.27.15.38.33,S,main,ABSTAIN,INSUFFICIENT_EVIDENCE_FOR_SELECTION,3,True,True,0.831,0.948,INSUFFICIENT_EVIDENCE_FOR_SELECTION
XO.LD40..HH.2018.06.27.15.38.37,P,holdout,ABSTAIN,CONSENSUS_WITHOUT_ADMISSIBLE_FUSION,4,True,True,0.61,0.953,MODEL_CONSENSUS|FUSION_CALIBRATED_CONFIDENCE_BELOW_FLOOR|FUSION_NOT_ALLOWED|CONSENSUS_WITHOUT_ADMISSIBLE_FUSION
XO.LD40..HH.2018.06.27.15.38.37,S,holdout,ABSTAIN,INSUFFICIENT_EVIDENCE_FOR_SELECTION,3,True,True,0.849,0.953,INSUFFICIENT_EVIDENCE_FOR_SELECTION
XO.LD44..HH.2018.06.27.16.31.44,P,main,FUSE,AUTO_FUSE,4,True,True,0.779,0.955,FUSE_CONSENSUS_CLUSTER
XO.LD44..HH.2018.06.27.16.31.44,S,main,ABSTAIN,INSUFFICIENT_EVIDENCE_FOR_SELECTION,3,True,False,0.855,0.955,INSUFFICIENT_EVIDENCE_FOR_SELECTION
XO.LT13..HH.2018.06.27.16.31.58,P,main,FUSE,AUTO_FUSE,3,True,True,0.828,0.873,FUSE_CONSENSUS_CLUSTER
XO.LT14..HH.2018.06.27.16.32.06,P,main,FUSE,AUTO_FUSE,3,True,True,0.794,0.872,FUSE_CONSENSUS_CLUSTER
XO.LA39..HH.2018.06.27.21.35.03,P,main,ABSTAIN,CONSENSUS_WITHOUT_ADMISSIBLE_FUSION,4,True,True,0.585,0.953,MODEL_CONSENSUS|MODEL_OUTLIER_DETECTED|FUSION_CALIBRATED_CONFIDENCE_BELOW_FLOOR|FUSION_NOT_ALLOWED|CONSENSUS_WITHOUT_ADMISSIBLE_FUSION
XO.LA39..HH.2018.06.27.21.35.03,S,main,FUSE,AUTO_FUSE,3,True,True,0.855,0.953,FUSE_CONSENSUS_CLUSTER
XO.LD40..HH.2018.06.27.21.35.07,P,holdout,ABSTAIN,INSUFFICIENT_EVIDENCE_FOR_SELECTION,3,True,False,0.731,0.878,INSUFFICIENT_EVIDENCE_FOR_SELECTION
XO.LD40..HH.2018.06.27.21.35.07,S,holdout,ABSTAIN,INSUFFICIENT_EVIDENCE_FOR_SELECTION,3,True,True,0.731,0.878,INSUFFICIENT_EVIDENCE_FOR_SELECTION
XO.LD41..HH.2018.06.27.21.35.14,P,main,ABSTAIN,INSUFFICIENT_EVIDENCE_FOR_SELECTION,3,True,True,0.846,0.942,INSUFFICIENT_EVIDENCE_FOR_SELECTION
XO.LD41..HH.2018.06.27.21.35.14,S,main,ABSTAIN,INSUFFICIENT_EVIDENCE_FOR_SELECTION,3,True,False,0.846,0.942,INSUFFICIENT_EVIDENCE_FOR_SELECTION
XO.LA39..HH.2018.06.27.01.14.12,P,holdout,FUSE,AUTO_FUSE,3,True,True,0.851,0.946,FUSE_CONSENSUS_CLUSTER
XO.LA39..HH.2018.06.27.01.14.12,S,holdout,FUSE,AUTO_FUSE,3,True,False,0.851,0.946,FUSE_CONSENSUS_CLUSTER
XO.LT17..HH.2018.06.27.14.35.14,P,main,FUSE,AUTO_FUSE,3,True,True,0.777,0.85,FUSE_CONSENSUS_CLUSTER
XO.LT17..HH.2018.06.27.14.35.14,S,main,FUSE,AUTO_FUSE,3,True,True,0.777,0.85,FUSE_CONSENSUS_CLUSTER
XO.LT12..HH.2018.06.27.14.35.49,S,main,ABSTAIN,CONSENSUS_WITHOUT_ADMISSIBLE_FUSION,3,True,True,0.691,0.827,MODEL_CONSENSUS|MODEL_OUTLIER_DETECTED|FUSION_CALIBRATED_CONFIDENCE_BELOW_FLOOR|FUSION_NOT_ALLOWED|CONSENSUS_WITHOUT_ADMISSIBLE_FUSION
XO.LA39..HH.2018.06.27.15.03.47,P,main,FUSE,AUTO_FUSE,3,True,True,0.86,0.949,FUSE_CONSENSUS_CLUSTER
XO.LA39..HH.2018.06.27.15.03.47,S,main,FUSE,AUTO_FUSE,3,True,True,0.86,0.949,FUSE_CONSENSUS_CLUSTER
XO.LA39..HH.2018.06.27.18.15.52,P,main,FUSE,AUTO_FUSE,3,True,True,0.813,0.94,FUSE_CONSENSUS_CLUSTER
XO.LA39..HH.2018.06.27.18.15.52,S,main,FUSE,AUTO_FUSE,3,True,True,0.813,0.94,FUSE_CONSENSUS_CLUSTER
XO.LT01..HH.2018.06.27.18.42.22,S,main,FUSE,AUTO_FUSE,3,True,True,0.815,0.857,FUSE_CONSENSUS_CLUSTER
XO.LD40..HH.2018.06.27.19.46.48,S,main,ABSTAIN,INSUFFICIENT_EVIDENCE_FOR_SELECTION,3,True,True,0.824,0.852,INSUFFICIENT_EVIDENCE_FOR_SELECTION
XO.LT01..HH.2018.06.27.19.46.50,S,main,ABSTAIN,NO_DECISIVE_EVIDENCE_BETWEEN_MODELS,2,True,False,0.697,0.828,NO_DECISIVE_EVIDENCE_BETWEEN_MODELS
XO.LT10..HH.2018.06.27.21.27.30,P,main,FUSE,AUTO_FUSE,3,True,True,0.861,0.95,FUSE_CONSENSUS_CLUSTER
XO.LT10..HH.2018.06.27.21.27.30,S,main,FUSE,AUTO_FUSE,3,True,True,0.861,0.95,FUSE_CONSENSUS_CLUSTER
XO.LT16..HH.2018.06.27.21.27.36,P,main,ROUTE,AUTO_ROUTE,3,True,True,0.733,0.914,ONLY_SURVIVOR_PickBlue
XO.LT04..HH.2018.06.29.01.00.03,P,main,FUSE,AUTO_FUSE,3,True,False,0.748,0.85,FUSE_CONSENSUS_CLUSTER
XO.LD40..HH.2018.06.29.00.59.59,P,main,ABSTAIN,CONSENSUS_WITHOUT_ADMISSIBLE_FUSION,4,True,True,0.676,0.956,MODEL_CONSENSUS|FUSION_CALIBRATED_CONFIDENCE_BELOW_FLOOR|FUSION_NOT_ALLOWED|CONSENSUS_WITHOUT_ADMISSIBLE_FUSION
XO.LD40..HH.2018.06.29.00.59.59,S,main,ABSTAIN,INSUFFICIENT_EVIDENCE_FOR_SELECTION,3,True,False,0.859,0.956,INSUFFICIENT_EVIDENCE_FOR_SELECTION
XO.LT01..HH.2018.06.29.02.22.56,P,holdout,ABSTAIN,CONSENSUS_WITHOUT_ADMISSIBLE_FUSION,3,True,True,0.551,0.805,MODEL_CONSENSUS|FUSION_CALIBRATED_CONFIDENCE_BELOW_FLOOR|FUSION_NOT_ALLOWED|CONSENSUS_WITHOUT_ADMISSIBLE_FUSION
XO.LT01..HH.2018.06.29.02.22.56,S,holdout,ABSTAIN,CONSENSUS_WITHOUT_ADMISSIBLE_FUSION,3,True,False,0.551,0.805,MODEL_CONSENSUS|FUSION_CALIBRATED_CONFIDENCE_BELOW_FLOOR|FUSION_NOT_ALLOWED|CONSENSUS_WITHOUT_ADMISSIBLE_FUSION
XO.LT16..HH.2018.06.29.05.18.13,P,holdout,FUSE,AUTO_FUSE,3,True,True,0.817,0.932,FUSE_CONSENSUS_CLUSTER
XO.LA39..HH.2018.06.29.13.41.44,P,holdout,FUSE,AUTO_FUSE,3,True,True,0.842,0.922,FUSE_CONSENSUS_CLUSTER
XO.LA39..HH.2018.06.29.13.41.44,S,holdout,FUSE,AUTO_FUSE,3,True,False,0.842,0.922,FUSE_CONSENSUS_CLUSTER
XO.LT17..HH.2018.06.29.18.55.25,P,main,FUSE,AUTO_FUSE,3,True,True,0.864,0.959,FUSE_CONSENSUS_CLUSTER
XO.LT17..HH.2018.06.29.18.55.25,S,main,FUSE,AUTO_FUSE,3,True,True,0.864,0.959,FUSE_CONSENSUS_CLUSTER
XO.LT12..HH.2018.06.29.18.55.46,P,holdout,FUSE,AUTO_FUSE,3,True,True,0.741,0.846,FUSE_CONSENSUS_CLUSTER
XO.LD41..HH.2018.06.29.21.37.47,P,main,ABSTAIN,INSUFFICIENT_EVIDENCE_FOR_SELECTION,3,True,False,0.733,0.838,INSUFFICIENT_EVIDENCE_FOR_SELECTION
XO.LT01..HH.2018.06.30.03.05.03,P,holdout,FUSE,AUTO_FUSE,3,True,True,0.817,0.856,FUSE_CONSENSUS_CLUSTER
XO.LT01..HH.2018.06.30.03.05.03,S,holdout,FUSE,AUTO_FUSE,3,True,False,0.817,0.856,FUSE_CONSENSUS_CLUSTER
XO.LT04..HH.2018.06.30.22.09.27,S,main,FUSE,AUTO_FUSE,3,True,True,0.836,0.888,FUSE_CONSENSUS_CLUSTER
XO.LT12..HH.2018.06.30.03.41.12,P,main,FUSE,AUTO_FUSE,3,True,True,0.861,0.954,FUSE_CONSENSUS_CLUSTER
XO.LT12..HH.2018.06.30.03.41.12,S,main,FUSE,AUTO_FUSE,3,True,True,0.861,0.954,FUSE_CONSENSUS_CLUSTER
XO.LD36..HH.2018.06.30.03.41.20,P,holdout,ABSTAIN,INSUFFICIENT_EVIDENCE_FOR_SELECTION,3,True,True,0.86,0.939,INSUFFICIENT_EVIDENCE_FOR_SELECTION
XO.LD36..HH.2018.06.30.03.41.20,S,holdout,ABSTAIN,INSUFFICIENT_EVIDENCE_FOR_SELECTION,3,True,True,0.86,0.939,INSUFFICIENT_EVIDENCE_FOR_SELECTION
XO.LT06..HH.2018.06.30.03.41.20,P,main,FUSE,AUTO_FUSE,3,True,True,0.821,0.947,FUSE_CONSENSUS_CLUSTER
XO.LT20..HH.2018.06.30.11.21.06,P,holdout,ABSTAIN,INSUFFICIENT_EVIDENCE_FOR_SELECTION,3,True,True,0.861,0.953,INSUFFICIENT_EVIDENCE_FOR_SELECTION
XO.LT20..HH.2018.06.30.11.21.06,S,holdout,ABSTAIN,INSUFFICIENT_EVIDENCE_FOR_SELECTION,3,True,True,0.861,0.953,INSUFFICIENT_EVIDENCE_FOR_SELECTION
XO.LD38..HH.2018.06.15.22.30.17,S,main,ABSTAIN,INSUFFICIENT_EVIDENCE_FOR_SELECTION,3,True,True,0.85,0.929,INSUFFICIENT_EVIDENCE_FOR_SELECTION
XO.LT04..HH.2018.06.19.13.54.29,P,main,FUSE,AUTO_FUSE,3,True,False,0.771,0.873,FUSE_CONSENSUS_CLUSTER
XO.LT04..HH.2018.06.19.13.54.29,S,main,FUSE,AUTO_FUSE,3,True,True,0.771,0.873,FUSE_CONSENSUS_CLUSTER
XO.LD41..HH.2018.06.23.15.10.44,P,main,ABSTAIN,INSUFFICIENT_EVIDENCE_FOR_SELECTION,3,True,True,0.841,0.932,INSUFFICIENT_EVIDENCE_FOR_SELECTION
XO.LT17..HH.2018.06.24.21.03.43,S,main,FUSE,AUTO_FUSE,3,True,True,0.784,0.869,FUSE_CONSENSUS_CLUSTER
XO.LD40..HH.2018.06.26.19.40.45,P,holdout,ABSTAIN,INSUFFICIENT_EVIDENCE_FOR_SELECTION,3,True,True,0.767,0.874,INSUFFICIENT_EVIDENCE_FOR_SELECTION
XO.LD40..HH.2018.06.26.19.40.45,S,holdout,ABSTAIN,INSUFFICIENT_EVIDENCE_FOR_SELECTION,3,False,False,0.767,0.874,INSUFFICIENT_EVIDENCE_FOR_SELECTION
XO.LT09..HH.2018.06.27.22.25.46,P,main,FUSE,AUTO_FUSE,3,True,True,0.851,0.944,FUSE_CONSENSUS_CLUSTER
XO.LT09..HH.2018.06.27.22.25.46,S,main,FUSE,AUTO_FUSE,3,True,False,0.851,0.944,FUSE_CONSENSUS_CLUSTER
XO.LT01..HH.2018.06.27.22.26.10,S,holdout,ABSTAIN,NO_DECISIVE_EVIDENCE_BETWEEN_MODELS,3,True,False,0.573,0.899,NO_DECISIVE_EVIDENCE_BETWEEN_MODELS
XO.LD38..HH.2018.06.28.19.05.54,P,main,ABSTAIN,CONSENSUS_WITHOUT_ADMISSIBLE_FUSION,4,True,True,0.65,0.953,MODEL_CONSENSUS|FUSION_CALIBRATED_CONFIDENCE_BELOW_FLOOR|FUSION_NOT_ALLOWED|CONSENSUS_WITHOUT_ADMISSIBLE_FUSION
XO.LD38..HH.2018.06.28.19.05.54,S,main,ABSTAIN,INSUFFICIENT_EVIDENCE_FOR_SELECTION,3,True,True,0.853,0.953,INSUFFICIENT_EVIDENCE_FOR_SELECTION
XO.LA39..HH.2018.06.01.05.03.57,P,main,ABSTAIN,NO_DECISIVE_EVIDENCE_BETWEEN_MODELS,2,False,False,0.786,0.869,NO_DECISIVE_EVIDENCE_BETWEEN_MODELS
XO.LA39..HH.2018.06.01.05.03.57,S,main,FUSE,AUTO_FUSE,3,True,True,0.786,0.881,FUSE_CONSENSUS_CLUSTER
XO.LA39..HH.2018.06.01.17.07.48,S,main,FUSE,AUTO_FUSE,3,True,True,0.848,0.944,FUSE_CONSENSUS_CLUSTER
XO.LD40..HH.2018.06.02.04.57.00,S,main,ABSTAIN,INSUFFICIENT_EVIDENCE_FOR_SELECTION,3,True,True,0.652,0.814,INSUFFICIENT_EVIDENCE_FOR_SELECTION
XO.LD40..HH.2018.06.02.15.42.51,S,main,ABSTAIN,INSUFFICIENT_EVIDENCE_FOR_SELECTION,3,False,False,0.826,0.939,INSUFFICIENT_EVIDENCE_FOR_SELECTION
XO.LT06..HH.2018.06.03.22.39.34,S,main,ABSTAIN,CONSENSUS_WITHOUT_ADMISSIBLE_FUSION,3,True,True,0.578,0.863,MODEL_CONSENSUS|FUSION_CALIBRATED_CONFIDENCE_BELOW_FLOOR|FUSION_NOT_ALLOWED|CONSENSUS_WITHOUT_ADMISSIBLE_FUSION
XO.LT01..HH.2018.06.06.02.15.01,S,main,ABSTAIN,NO_DECISIVE_EVIDENCE_BETWEEN_MODELS,3,False,False,0.522,0.838,NO_DECISIVE_EVIDENCE_BETWEEN_MODELS
XO.LA33..HH.2018.06.07.09.25.10,P,main,FUSE,AUTO_FUSE,3,True,True,0.849,0.922,FUSE_CONSENSUS_CLUSTER
XO.LA33..HH.2018.06.07.09.25.10,S,main,FUSE,AUTO_FUSE,3,True,True,0.849,0.922,FUSE_CONSENSUS_CLUSTER
XO.LA39..HH.2018.06.08.06.22.04,P,main,FUSE,AUTO_FUSE,3,True,True,0.849,0.938,FUSE_CONSENSUS_CLUSTER
XO.LA39..HH.2018.06.08.06.22.04,S,main,FUSE,AUTO_FUSE,3,False,False,0.849,0.938,FUSE_CONSENSUS_CLUSTER
XO.LD40..HH.2018.06.10.05.24.39,S,holdout,ABSTAIN,INSUFFICIENT_EVIDENCE_FOR_SELECTION,3,True,True,0.334,0.737,INSUFFICIENT_EVIDENCE_FOR_SELECTION
XO.LT01..HH.2018.06.10.09.11.42,S,holdout,ABSTAIN,NO_DECISIVE_EVIDENCE_BETWEEN_MODELS,3,True,False,0.788,0.837,NO_DECISIVE_EVIDENCE_BETWEEN_MODELS
XO.LD40..HH.2018.06.05.03.55.20,S,main,ABSTAIN,INSUFFICIENT_EVIDENCE_FOR_SELECTION,3,True,True,0.821,0.893,INSUFFICIENT_EVIDENCE_FOR_SELECTION
XO.LA39..HH.2018.06.06.09.29.04,S,main,FUSE,AUTO_FUSE,3,True,True,0.771,0.85,FUSE_CONSENSUS_CLUSTER
XO.LA39..HH.2018.06.06.10.41.24,S,holdout,FUSE,AUTO_FUSE,3,True,False,0.733,0.861,FUSE_CONSENSUS_CLUSTER
XO.LD40..HH.2018.06.06.13.51.38,S,main,ABSTAIN,INSUFFICIENT_EVIDENCE_FOR_SELECTION,3,True,True,0.724,0.859,INSUFFICIENT_EVIDENCE_FOR_SELECTION
XO.LD40..HH.2018.06.06.13.54.37,S,main,ABSTAIN,INSUFFICIENT_EVIDENCE_FOR_SELECTION,3,True,True,0.715,0.779,INSUFFICIENT_EVIDENCE_FOR_SELECTION
XO.LA29..HH.2018.06.16.10.24.41,S,holdout,FUSE,AUTO_FUSE,3,True,True,0.713,0.895,FUSE_CONSENSUS_CLUSTER
XO.LT13..HH.2018.06.16.10.24.26,P,main,FUSE,AUTO_FUSE,3,True,True,0.856,0.947,FUSE_CONSENSUS_CLUSTER
XO.LT13..HH.2018.06.16.10.24.26,S,main,FUSE,AUTO_FUSE,3,True,False,0.856,0.947,FUSE_CONSENSUS_CLUSTER
XO.LD45..HH.2018.06.16.10.24.25,P,main,ABSTAIN,NO_DECISIVE_EVIDENCE_BETWEEN_MODELS,4,True,False,0.577,0.888,NO_DECISIVE_EVIDENCE_BETWEEN_MODELS
XO.LD45..HH.2018.06.16.10.24.25,S,main,ABSTAIN,INSUFFICIENT_EVIDENCE_FOR_SELECTION,3,True,True,0.833,0.888,INSUFFICIENT_EVIDENCE_FOR_SELECTION
XO.LA34..HH.2018.06.16.10.24.21,P,main,FUSE,AUTO_FUSE,3,True,True,0.854,0.953,FUSE_CONSENSUS_CLUSTER
XO.LA34..HH.2018.06.16.10.24.21,S,main,FUSE,AUTO_FUSE,3,True,True,0.854,0.953,FUSE_CONSENSUS_CLUSTER
XO.LT17..HH.2018.06.16.10.24.29,P,holdout,FUSE,AUTO_FUSE,2,True,True,0.832,0.857,FUSE_CONSENSUS_CLUSTER
XO.LD40..HH.2018.06.17.05.47.57,S,main,ABSTAIN,INSUFFICIENT_EVIDENCE_FOR_SELECTION,3,True,False,0.712,0.795,INSUFFICIENT_EVIDENCE_FOR_SELECTION
XO.LD40..HH.2018.06.19.16.54.03,S,main,ABSTAIN,INSUFFICIENT_EVIDENCE_FOR_SELECTION,3,True,False,0.769,0.807,INSUFFICIENT_EVIDENCE_FOR_SELECTION
XO.LT01..HH.2018.06.20.09.27.13,P,main,ABSTAIN,CONSENSUS_WITHOUT_ADMISSIBLE_FUSION,3,True,False,0.647,0.886,MODEL_CONSENSUS|FUSION_CALIBRATED_CONFIDENCE_BELOW_FLOOR|FUSION_NOT_ALLOWED|CONSENSUS_WITHOUT_ADMISSIBLE_FUSION
XO.LD40..HH.2018.06.20.12.34.19,S,main,ABSTAIN,INSUFFICIENT_EVIDENCE_FOR_SELECTION,3,True,True,0.385,0.811,INSUFFICIENT_EVIDENCE_FOR_SELECTION
XO.LT01..HH.2018.06.15.09.47.11,P,main,ABSTAIN,NO_DECISIVE_EVIDENCE_BETWEEN_MODELS,3,True,False,0.726,0.823,NO_DECISIVE_EVIDENCE_BETWEEN_MODELS
XO.LT01..HH.2018.06.15.09.47.11,S,main,FUSE,AUTO_FUSE,3,True,False,0.726,0.823,FUSE_CONSENSUS_CLUSTER
XO.LA39..HH.2018.06.15.09.47.18,P,main,ABSTAIN,CONSENSUS_WITHOUT_ADMISSIBLE_FUSION,4,True,True,0.65,0.948,MODEL_CONSENSUS|FUSION_CALIBRATED_CONFIDENCE_BELOW_FLOOR|FUSION_NOT_ALLOWED|CONSENSUS_WITHOUT_ADMISSIBLE_FUSION
XO.LA39..HH.2018.06.15.09.47.18,S,main,FUSE,AUTO_FUSE,3,True,False,0.852,0.948,FUSE_CONSENSUS_CLUSTER
XO.LD41..HH.2018.06.15.09.47.29,P,main,ABSTAIN,INSUFFICIENT_EVIDENCE_FOR_SELECTION,3,True,True,0.816,0.916,INSUFFICIENT_EVIDENCE_FOR_SELECTION
XO.LT07..HH.2018.06.21.04.29.40,P,main,FUSE,AUTO_FUSE,3,True,True,0.792,0.913,FUSE_CONSENSUS_CLUSTER
XO.LT07..HH.2018.06.21.04.29.40,S,main,FUSE,AUTO_FUSE,3,True,True,0.792,0.913,FUSE_CONSENSUS_CLUSTER
XO.LA34..HH.2018.06.22.16.31.13,P,main,FUSE,AUTO_FUSE,3,True,True,0.832,0.893,FUSE_CONSENSUS_CLUSTER
XO.LA34..HH.2018.06.22.16.31.13,S,main,FUSE,AUTO_FUSE,3,True,True,0.832,0.893,FUSE_CONSENSUS_CLUSTER
XO.LD44..HH.2018.06.22.16.31.39,S,main,ABSTAIN,INSUFFICIENT_EVIDENCE_FOR_SELECTION,3,True,True,0.837,0.926,INSUFFICIENT_EVIDENCE_FOR_SELECTION
XO.LD38..HH.2018.06.23.03.56.47,P,main,ABSTAIN,INSUFFICIENT_EVIDENCE_FOR_SELECTION,3,True,False,0.801,0.86,INSUFFICIENT_EVIDENCE_FOR_SELECTION
XO.LA39..HH.2018.06.23.08.23.45,P,main,FUSE,AUTO_FUSE,3,True,True,0.856,0.949,FUSE_CONSENSUS_CLUSTER
XO.LA39..HH.2018.06.23.08.23.45,S,main,FUSE,AUTO_FUSE,3,True,True,0.856,0.949,FUSE_CONSENSUS_CLUSTER
XO.LD41..HH.2018.06.24.13.36.09,P,holdout,ABSTAIN,INSUFFICIENT_EVIDENCE_FOR_SELECTION,2,True,False,0.423,0.747,INSUFFICIENT_EVIDENCE_FOR_SELECTION
XO.LA21..HH.2018.06.25.11.14.34,P,main,FUSE,AUTO_FUSE,3,True,True,0.848,0.955,FUSE_CONSENSUS_CLUSTER
XO.LA21..HH.2018.06.25.11.14.34,S,main,ABSTAIN,NO_DECISIVE_EVIDENCE_BETWEEN_MODELS,2,True,False,0.848,0.938,NO_DECISIVE_EVIDENCE_BETWEEN_MODELS
XO.LD40..HH.2018.06.25.11.14.59,S,main,ABSTAIN,INSUFFICIENT_EVIDENCE_FOR_SELECTION,3,True,True,0.822,0.882,INSUFFICIENT_EVIDENCE_FOR_SELECTION
XO.LT09..HH.2018.06.25.11.15.04,S,main,ABSTAIN,INSUFFICIENT_EVIDENCE_FOR_SELECTION,3,True,True,0.705,0.772,INSUFFICIENT_EVIDENCE_FOR_SELECTION
XO.LA21..HH.2018.06.27.13.14.06,P,main,FUSE,AUTO_FUSE,3,True,True,0.849,0.947,FUSE_CONSENSUS_CLUSTER
XO.LA21..HH.2018.06.27.13.14.06,S,main,ABSTAIN,NO_DECISIVE_EVIDENCE_BETWEEN_MODELS,3,True,False,0.849,0.947,NO_DECISIVE_EVIDENCE_BETWEEN_MODELS
XO.LD40..HH.2018.06.27.13.14.18,P,main,ABSTAIN,INSUFFICIENT_EVIDENCE_FOR_SELECTION,3,True,True,0.808,0.873,INSUFFICIENT_EVIDENCE_FOR_SELECTION
XO.LD41..HH.2018.06.28.02.12.16,P,holdout,ABSTAIN,INSUFFICIENT_EVIDENCE_FOR_SELECTION,3,True,True,0.835,0.941,INSUFFICIENT_EVIDENCE_FOR_SELECTION
XO.LD41..HH.2018.06.28.02.12.16,S,holdout,ABSTAIN,INSUFFICIENT_EVIDENCE_FOR_SELECTION,3,True,False,0.835,0.941,INSUFFICIENT_EVIDENCE_FOR_SELECTION
XO.LD38..HH.2018.06.28.02.12.16,S,main,ABSTAIN,INSUFFICIENT_EVIDENCE_FOR_SELECTION,3,True,False,0.82,0.929,INSUFFICIENT_EVIDENCE_FOR_SELECTION
XO.LT01..HH.2018.06.28.16.18.09,S,main,ABSTAIN,NO_DECISIVE_EVIDENCE_BETWEEN_MODELS,3,True,False,0.828,0.848,NO_DECISIVE_EVIDENCE_BETWEEN_MODELS
XO.LT06..HH.2018.06.28.23.10.28,P,main,ABSTAIN,NO_DECISIVE_EVIDENCE_BETWEEN_MODELS,3,True,False,0.833,0.923,NO_DECISIVE_EVIDENCE_BETWEEN_MODELS
XO.LT06..HH.2018.06.28.23.10.28,S,main,FUSE,AUTO_FUSE,3,True,True,0.833,0.923,FUSE_CONSENSUS_CLUSTER
XO.LD40..HH.2018.06.29.02.18.17,P,main,ABSTAIN,INSUFFICIENT_EVIDENCE_FOR_SELECTION,3,True,True,0.787,0.819,INSUFFICIENT_EVIDENCE_FOR_SELECTION
XO.LD40..HH.2018.06.29.02.18.17,S,main,ABSTAIN,INSUFFICIENT_EVIDENCE_FOR_SELECTION,3,True,False,0.787,0.819,INSUFFICIENT_EVIDENCE_FOR_SELECTION
XO.LT12..HH.2018.06.29.12.37.02,P,main,FUSE,AUTO_FUSE,3,True,True,0.853,0.927,FUSE_CONSENSUS_CLUSTER
XO.LT12..HH.2018.06.29.12.37.02,S,main,FUSE,AUTO_FUSE,3,True,True,0.853,0.927,FUSE_CONSENSUS_CLUSTER
XO.LT07..HH.2018.06.29.16.32.47,P,main,FUSE,AUTO_FUSE,3,True,False,0.744,0.903,FUSE_CONSENSUS_CLUSTER
XO.LT07..HH.2018.06.29.16.32.47,S,main,FUSE,AUTO_FUSE,3,True,False,0.744,0.903,FUSE_CONSENSUS_CLUSTER
XO.LD40..HH.2018.06.30.20.21.29,S,main,ABSTAIN,INSUFFICIENT_EVIDENCE_FOR_SELECTION,3,True,True,0.772,0.873,INSUFFICIENT_EVIDENCE_FOR_SELECTION
XO.LA39..HH.2018.07.01.04.04.30,P,main,ABSTAIN,CONSENSUS_WITHOUT_ADMISSIBLE_FUSION,4,True,True,0.699,0.957,MODEL_CONSENSUS|FUSION_CALIBRATED_CONFIDENCE_BELOW_FLOOR|FUSION_NOT_ALLOWED|CONSENSUS_WITHOUT_ADMISSIBLE_FUSION
XO.LA39..HH.2018.07.01.04.04.30,S,main,FUSE,AUTO_FUSE,3,True,True,0.851,0.957,FUSE_CONSENSUS_CLUSTER
XO.LA25..HH.2018.07.01.19.54.40,P,main,ABSTAIN,CONSENSUS_WITHOUT_ADMISSIBLE_FUSION,4,True,True,0.49,0.947,MODEL_CONSENSUS|FUSION_CALIBRATED_CONFIDENCE_BELOW_FLOOR|FUSION_NOT_ALLOWED|CONSENSUS_WITHOUT_ADMISSIBLE_FUSION
XO.LA25..HH.2018.07.01.19.54.40,S,main,ABSTAIN,NO_DECISIVE_EVIDENCE_BETWEEN_MODELS,2,True,False,0.49,0.89,NO_DECISIVE_EVIDENCE_BETWEEN_MODELS
XO.LT16..HH.2018.07.01.19.54.44,P,main,FUSE,AUTO_FUSE,3,True,True,0.828,0.946,FUSE_CONSENSUS_CLUSTER
XO.LA39..HH.2018.07.01.01.03.07,P,main,FUSE,AUTO_FUSE,3,True,True,0.861,0.954,FUSE_CONSENSUS_CLUSTER
XO.LA39..HH.2018.07.01.01.03.07,S,main,FUSE,AUTO_FUSE,3,True,True,0.861,0.954,FUSE_CONSENSUS_CLUSTER
XO.LA39..HH.2018.07.01.06.47.58,P,main,FUSE,AUTO_FUSE,3,True,True,0.862,0.952,FUSE_CONSENSUS_CLUSTER
XO.LA39..HH.2018.07.01.06.47.58,S,main,FUSE,AUTO_FUSE,3,True,True,0.862,0.952,FUSE_CONSENSUS_CLUSTER
XO.LT07..HH.2018.07.01.19.09.26,P,main,FUSE,AUTO_FUSE,3,True,True,0.836,0.918,FUSE_CONSENSUS_CLUSTER
XO.LT07..HH.2018.07.01.19.09.26,S,main,FUSE,AUTO_FUSE,3,True,True,0.836,0.918,FUSE_CONSENSUS_CLUSTER
XO.LT01..HH.2018.07.02.14.22.32,P,main,ABSTAIN,INSUFFICIENT_EVIDENCE_FOR_SELECTION,1,True,True,0.848,0.848,INSUFFICIENT_EVIDENCE_FOR_SELECTION
XO.LT01..HH.2018.07.02.14.22.32,S,main,ABSTAIN,NO_DECISIVE_EVIDENCE_BETWEEN_MODELS,3,True,False,0.736,0.855,NO_DECISIVE_EVIDENCE_BETWEEN_MODELS
XO.LD41..HH.2018.07.02.14.22.35,P,main,ABSTAIN,INSUFFICIENT_EVIDENCE_FOR_SELECTION,3,False,False,0.838,0.951,INSUFFICIENT_EVIDENCE_FOR_SELECTION
XO.LD41..HH.2018.07.02.14.22.35,S,main,ABSTAIN,INSUFFICIENT_EVIDENCE_FOR_SELECTION,3,True,False,0.838,0.951,INSUFFICIENT_EVIDENCE_FOR_SELECTION
XO.LD40..HH.2018.07.02.14.22.26,P,main,ABSTAIN,INSUFFICIENT_EVIDENCE_FOR_SELECTION,3,True,True,0.861,0.952,INSUFFICIENT_EVIDENCE_FOR_SELECTION
XO.LD40..HH.2018.07.02.14.22.26,S,main,ABSTAIN,INSUFFICIENT_EVIDENCE_FOR_SELECTION,3,True,False,0.861,0.952,INSUFFICIENT_EVIDENCE_FOR_SELECTION
XO.LT01..HH.2018.07.02.00.06.04,S,holdout,ABSTAIN,CONSENSUS_WITHOUT_ADMISSIBLE_FUSION,3,True,True,0.693,0.828,MODEL_CONSENSUS|FUSION_CALIBRATED_CONFIDENCE_BELOW_FLOOR|FUSION_NOT_ALLOWED|CONSENSUS_WITHOUT_ADMISSIBLE_FUSION
XO.LT17..HH.2018.07.02.03.50.52,P,main,FUSE,AUTO_FUSE,3,True,True,0.866,0.958,FUSE_CONSENSUS_CLUSTER
XO.LT17..HH.2018.07.02.03.50.52,S,main,FUSE,AUTO_FUSE,3,True,True,0.866,0.958,FUSE_CONSENSUS_CLUSTER
XO.LA39..HH.2018.07.03.01.45.18,P,main,ABSTAIN,CONSENSUS_WITHOUT_ADMISSIBLE_FUSION,4,True,True,0.654,0.949,MODEL_CONSENSUS|FUSION_CALIBRATED_CONFIDENCE_BELOW_FLOOR|FUSION_NOT_ALLOWED|CONSENSUS_WITHOUT_ADMISSIBLE_FUSION
XO.LA39..HH.2018.07.03.01.45.18,S,main,FUSE,AUTO_FUSE,3,True,True,0.847,0.949,FUSE_CONSENSUS_CLUSTER
XO.LT01..HH.2018.07.03.07.07.13,P,main,ABSTAIN,CONSENSUS_WITHOUT_ADMISSIBLE_FUSION,4,True,False,0.692,0.904,MODEL_CONSENSUS|MODEL_OUTLIER_DETECTED|FUSION_CALIBRATED_CONFIDENCE_BELOW_FLOOR|FUSION_NOT_ALLOWED|CONSENSUS_WITHOUT_ADMISSIBLE_FUSION
XO.LT10..HH.2018.07.03.07.06.51,P,main,FUSE,AUTO_FUSE,4,True,True,0.601,0.944,FUSE_CONSENSUS_CLUSTER
XO.LT12..HH.2018.07.03.07.06.57,P,main,FUSE,AUTO_FUSE,3,True,True,0.718,0.905,FUSE_CONSENSUS_CLUSTER
XO.LD36..HH.2018.07.03.07.07.02,P,main,ABSTAIN,CONSENSUS_WITHOUT_ADMISSIBLE_FUSION,4,True,True,0.641,0.872,MODEL_CONSENSUS|FUSION_CALIBRATED_CONFIDENCE_BELOW_FLOOR|FUSION_NOT_ALLOWED|CONSENSUS_WITHOUT_ADMISSIBLE_FUSION
XO.LT13..HH.2018.07.03.07.11.22,P,main,ABSTAIN,NO_DECISIVE_EVIDENCE_BETWEEN_MODELS,3,True,False,0.651,0.872,NO_DECISIVE_EVIDENCE_BETWEEN_MODELS
XO.LD40..HH.2018.07.03.07.23.47,P,main,ABSTAIN,INSUFFICIENT_EVIDENCE_FOR_SELECTION,3,True,True,0.841,0.953,INSUFFICIENT_EVIDENCE_FOR_SELECTION
XO.LD40..HH.2018.07.03.07.23.47,S,main,ABSTAIN,INSUFFICIENT_EVIDENCE_FOR_SELECTION,3,True,True,0.841,0.953,INSUFFICIENT_EVIDENCE_FOR_SELECTION
XO.LD36..HH.2018.07.03.08.46.32,P,main,ABSTAIN,INSUFFICIENT_EVIDENCE_FOR_SELECTION,0,False,False,,,INSUFFICIENT_EVIDENCE_FOR_SELECTION
XO.LT06..HH.2018.07.03.08.46.40,S,main,ABSTAIN,CONSENSUS_WITHOUT_ADMISSIBLE_FUSION,3,True,True,0.633,0.761,MODEL_CONSENSUS|FUSION_CALIBRATED_CONFIDENCE_BELOW_FLOOR|FUSION_NOT_ALLOWED|CONSENSUS_WITHOUT_ADMISSIBLE_FUSION
XO.LT04..HH.2018.07.03.09.05.05,P,holdout,ABSTAIN,CONSENSUS_WITHOUT_ADMISSIBLE_FUSION,2,True,False,0.674,0.724,MODEL_CONSENSUS|FUSION_CALIBRATED_CONFIDENCE_BELOW_FLOOR|FUSION_NOT_ALLOWED|CONSENSUS_WITHOUT_ADMISSIBLE_FUSION
XO.LT14..HH.2018.07.03.09.04.52,P,main,FUSE,AUTO_FUSE,4,True,True,0.647,0.831,FUSE_CONSENSUS_CLUSTER
XO.LT14..HH.2018.07.03.11.25.10,P,main,FUSE,AUTO_FUSE,3,True,True,0.746,0.9,FUSE_CONSENSUS_CLUSTER
XO.LT14..HH.2018.07.03.11.25.10,S,main,ABSTAIN,INSUFFICIENT_EVIDENCE_FOR_SELECTION,1,False,False,0.746,0.746,INSUFFICIENT_EVIDENCE_FOR_SELECTION
XO.LT13..HH.2018.07.03.11.53.32,P,main,FUSE,AUTO_FUSE,3,True,False,0.682,0.801,FUSE_CONSENSUS_CLUSTER
XO.LA21..HH.2018.07.03.19.18.22,P,main,FUSE,AUTO_FUSE,4,True,True,0.778,0.956,FUSE_CONSENSUS_CLUSTER
XO.LA21..HH.2018.07.03.19.18.22,S,main,FUSE,AUTO_FUSE,3,False,False,0.856,0.956,FUSE_CONSENSUS_CLUSTER
XO.LD36..HH.2018.07.03.19.18.32,P,main,ABSTAIN,CONSENSUS_WITHOUT_ADMISSIBLE_FUSION,4,True,True,0.627,0.956,MODEL_CONSENSUS|FUSION_CALIBRATED_CONFIDENCE_BELOW_FLOOR|FUSION_NOT_ALLOWED|CONSENSUS_WITHOUT_ADMISSIBLE_FUSION
XO.LD36..HH.2018.07.03.19.18.32,S,main,ABSTAIN,INSUFFICIENT_EVIDENCE_FOR_SELECTION,3,True,True,0.855,0.956,INSUFFICIENT_EVIDENCE_FOR_SELECTION
XO.LD38..HH.2018.07.03.19.18.32,P,main,ABSTAIN,CONSENSUS_WITHOUT_ADMISSIBLE_FUSION,4,True,True,0.629,0.946,MODEL_CONSENSUS|FUSION_CALIBRATED_CONFIDENCE_BELOW_FLOOR|FUSION_NOT_ALLOWED|CONSENSUS_WITHOUT_ADMISSIBLE_FUSION
XO.LD38..HH.2018.07.03.19.18.32,S,main,ABSTAIN,INSUFFICIENT_EVIDENCE_FOR_SELECTION,3,True,True,0.846,0.946,INSUFFICIENT_EVIDENCE_FOR_SELECTION
XO.LA32..HH.2018.07.03.19.18.46,P,main,FUSE,AUTO_FUSE,3,True,True,0.855,0.944,FUSE_CONSENSUS_CLUSTER
XO.LA32..HH.2018.07.03.19.18.46,S,main,FUSE,AUTO_FUSE,3,True,False,0.855,0.944,FUSE_CONSENSUS_CLUSTER
XO.LT12..HH.2018.07.03.19.18.46,P,main,FUSE,AUTO_FUSE,3,True,True,0.86,0.931,FUSE_CONSENSUS_CLUSTER
XO.LT12..HH.2018.07.03.19.18.46,S,main,FUSE,AUTO_FUSE,3,True,False,0.86,0.931,FUSE_CONSENSUS_CLUSTER
XO.LT14..HH.2018.07.03.19.18.51,P,main,FUSE,AUTO_FUSE,3,True,True,0.845,0.938,FUSE_CONSENSUS_CLUSTER
XO.LT14..HH.2018.07.03.19.18.51,S,main,ABSTAIN,INSUFFICIENT_EVIDENCE_FOR_SELECTION,1,True,True,0.845,0.845,INSUFFICIENT_EVIDENCE_FOR_SELECTION
XO.LT09..HH.2018.07.03.19.19.04,S,main,FUSE,AUTO_FUSE,2,True,True,0.849,0.946,FUSE_CONSENSUS_CLUSTER
XO.LT10..HH.2018.07.03.21.06.52,P,main,FUSE,AUTO_FUSE,3,True,True,0.829,0.92,FUSE_CONSENSUS_CLUSTER
XO.LT10..HH.2018.07.03.21.06.52,S,main,FUSE,AUTO_FUSE,3,True,True,0.829,0.92,FUSE_CONSENSUS_CLUSTER
XO.LT04..HH.2018.07.03.22.14.09,P,main,FUSE,AUTO_FUSE,3,True,True,0.862,0.932,FUSE_CONSENSUS_CLUSTER
XO.LT04..HH.2018.07.03.22.14.09,S,main,FUSE,AUTO_FUSE,3,True,True,0.862,0.932,FUSE_CONSENSUS_CLUSTER
XO.LT14..HH.2018.07.03.00.22.38,P,main,FUSE,AUTO_FUSE,3,True,False,0.795,0.87,FUSE_CONSENSUS_CLUSTER
XO.LT14..HH.2018.07.03.00.22.38,S,main,FUSE,AUTO_FUSE,3,True,True,0.795,0.87,FUSE_CONSENSUS_CLUSTER
XO.LT16..HH.2018.07.03.07.21.29,P,main,ABSTAIN,INSUFFICIENT_EVIDENCE_FOR_SELECTION,2,False,False,0.683,0.7,INSUFFICIENT_EVIDENCE_FOR_SELECTION
XO.LT14..HH.2018.07.03.10.14.00,P,holdout,FUSE,AUTO_FUSE,3,False,False,0.646,0.82,FUSE_CONSENSUS_CLUSTER
XO.LT07..HH.2018.07.03.13.10.52,P,holdout,FUSE,AUTO_FUSE,3,True,False,0.828,0.857,FUSE_CONSENSUS_CLUSTER
XO.LT07..HH.2018.07.03.13.10.52,S,holdout,FUSE,AUTO_FUSE,3,False,False,0.828,0.857,FUSE_CONSENSUS_CLUSTER
XO.LT10..HH.2018.07.03.13.11.01,P,holdout,FUSE,AUTO_FUSE,3,True,True,0.841,0.95,FUSE_CONSENSUS_CLUSTER
XO.LT10..HH.2018.07.03.13.11.01,S,holdout,FUSE,AUTO_FUSE,3,True,True,0.841,0.95,FUSE_CONSENSUS_CLUSTER
XO.LT14..HH.2018.07.03.13.11.01,P,main,FUSE,AUTO_FUSE,3,True,True,0.851,0.933,FUSE_CONSENSUS_CLUSTER
XO.LT14..HH.2018.07.03.13.11.01,S,main,FUSE,AUTO_FUSE,3,True,True,0.851,0.933,FUSE_CONSENSUS_CLUSTER
XO.LD36..HH.2018.07.03.13.11.07,P,main,ABSTAIN,CONSENSUS_WITHOUT_ADMISSIBLE_FUSION,4,True,True,0.616,0.927,MODEL_CONSENSUS|FUSION_CALIBRATED_CONFIDENCE_BELOW_FLOOR|FUSION_NOT_ALLOWED|CONSENSUS_WITHOUT_ADMISSIBLE_FUSION
XO.LD36..HH.2018.07.03.13.11.07,S,main,ABSTAIN,INSUFFICIENT_EVIDENCE_FOR_SELECTION,3,False,False,0.859,0.927,INSUFFICIENT_EVIDENCE_FOR_SELECTION
XO.LT01..HH.2018.07.03.13.11.44,S,holdout,FUSE,AUTO_FUSE,3,True,True,0.845,0.908,FUSE_CONSENSUS_CLUSTER
XO.LT10..HH.2018.07.03.13.15.39,S,main,ABSTAIN,CONSENSUS_WITHOUT_ADMISSIBLE_FUSION,3,True,True,0.613,0.775,MODEL_CONSENSUS|FUSION_CALIBRATED_CONFIDENCE_BELOW_FLOOR|FUSION_NOT_ALLOWED|CONSENSUS_WITHOUT_ADMISSIBLE_FUSION
XO.LT10..HH.2018.07.03.12.56.42,P,holdout,FUSE,AUTO_FUSE,3,True,False,0.731,0.789,FUSE_CONSENSUS_CLUSTER
XO.LT10..HH.2018.07.03.12.56.42,S,holdout,FUSE,AUTO_FUSE,3,True,True,0.731,0.789,FUSE_CONSENSUS_CLUSTER
XO.LA39..HH.2018.07.04.21.57.02,S,holdout,FUSE,AUTO_FUSE,3,True,True,0.78,0.841,FUSE_CONSENSUS_CLUSTER
XO.LT06..HH.2018.07.04.05.55.42,S,main,ROUTE,AUTO_ROUTE,2,True,False,0.634,0.903,ONLY_SURVIVOR_OBSTransformer
XO.LA39..HH.2018.07.04.19.05.46,P,holdout,FUSE,AUTO_FUSE,3,True,True,0.853,0.95,FUSE_CONSENSUS_CLUSTER
XO.LT20..HH.2018.07.05.04.59.34,S,main,ABSTAIN,INSUFFICIENT_EVIDENCE_FOR_SELECTION,3,True,True,0.73,0.853,INSUFFICIENT_EVIDENCE_FOR_SELECTION
XO.LT12..HH.2018.07.05.04.58.59,S,main,FUSE,AUTO_FUSE,3,True,False,0.755,0.824,FUSE_CONSENSUS_CLUSTER
XO.LT17..HH.2018.07.05.17.41.35,P,main,FUSE,AUTO_FUSE,3,True,False,0.852,0.942,FUSE_CONSENSUS_CLUSTER
XO.LT17..HH.2018.07.05.17.41.35,S,main,FUSE,AUTO_FUSE,3,True,True,0.852,0.942,FUSE_CONSENSUS_CLUSTER
XO.LD44..HH.2018.07.05.17.41.40,P,main,ABSTAIN,INSUFFICIENT_EVIDENCE_FOR_SELECTION,3,True,False,0.823,0.89,INSUFFICIENT_EVIDENCE_FOR_SELECTION
XO.LD44..HH.2018.07.05.17.41.40,S,main,ABSTAIN,INSUFFICIENT_EVIDENCE_FOR_SELECTION,3,True,True,0.823,0.89,INSUFFICIENT_EVIDENCE_FOR_SELECTION
XO.LA34..HH.2018.07.05.17.41.48,P,holdout,FUSE,AUTO_FUSE,3,True,True,0.844,0.894,FUSE_CONSENSUS_CLUSTER
XO.LD44..HH.2018.07.05.18.27.29,S,main,ABSTAIN,INSUFFICIENT_EVIDENCE_FOR_SELECTION,3,True,True,0.751,0.9,INSUFFICIENT_EVIDENCE_FOR_SELECTION
XO.LA33..HH.2018.07.05.18.27.50,S,main,FUSE,AUTO_FUSE,3,True,True,0.707,0.897,FUSE_CONSENSUS_CLUSTER
XO.LA39..HH.2018.07.05.22.25.01,S,main,FUSE,AUTO_FUSE,3,True,False,0.825,0.896,FUSE_CONSENSUS_CLUSTER
XO.LT04..HH.2018.07.06.02.16.13,P,main,FUSE,AUTO_FUSE,3,True,True,0.861,0.95,FUSE_CONSENSUS_CLUSTER
XO.LT12..HH.2018.07.06.22.30.18,P,main,FUSE,AUTO_FUSE,3,True,True,0.76,0.84,FUSE_CONSENSUS_CLUSTER
XO.LT12..HH.2018.07.06.22.30.18,S,main,FUSE,AUTO_FUSE,2,True,True,0.76,0.807,FUSE_CONSENSUS_CLUSTER
XO.LT18..HH.2018.07.06.19.37.10,P,main,FUSE,AUTO_FUSE,3,True,False,0.714,0.924,FUSE_CONSENSUS_CLUSTER
XO.LD40..HH.2018.07.06.21.48.29,S,holdout,ABSTAIN,INSUFFICIENT_EVIDENCE_FOR_SELECTION,3,True,False,0.642,0.771,INSUFFICIENT_EVIDENCE_FOR_SELECTION
XO.LA39..HH.2018.07.07.11.31.21,P,main,FUSE,AUTO_FUSE,3,True,True,0.861,0.952,FUSE_CONSENSUS_CLUSTER
XO.LA39..HH.2018.07.07.11.31.21,S,main,FUSE,AUTO_FUSE,3,True,True,0.861,0.952,FUSE_CONSENSUS_CLUSTER
XO.LT13..HH.2018.07.07.20.45.50,P,main,FUSE,AUTO_FUSE,3,True,True,0.747,0.905,FUSE_CONSENSUS_CLUSTER
XO.LT13..HH.2018.07.07.20.45.50,S,main,ABSTAIN,NO_DECISIVE_EVIDENCE_BETWEEN_MODELS,3,True,False,0.747,0.905,NO_DECISIVE_EVIDENCE_BETWEEN_MODELS
XO.LT18..HH.2018.07.07.20.45.37,P,main,FUSE,AUTO_FUSE,3,True,True,0.853,0.958,FUSE_CONSENSUS_CLUSTER
XO.LT18..HH.2018.07.07.20.45.37,S,main,FUSE,AUTO_FUSE,4,True,True,0.144,0.958,FUSE_CONSENSUS_CLUSTER
XO.LD40..HH.2018.07.08.11.02.55,P,main,ABSTAIN,INSUFFICIENT_EVIDENCE_FOR_SELECTION,3,True,True,0.857,0.952,INSUFFICIENT_EVIDENCE_FOR_SELECTION
XO.LD40..HH.2018.07.08.11.02.55,S,main,ABSTAIN,INSUFFICIENT_EVIDENCE_FOR_SELECTION,3,True,True,0.857,0.952,INSUFFICIENT_EVIDENCE_FOR_SELECTION
XO.LT04..HH.2018.07.08.03.13.53,P,main,ABSTAIN,NO_DECISIVE_EVIDENCE_BETWEEN_MODELS,2,True,False,0.79,0.866,NO_DECISIVE_EVIDENCE_BETWEEN_MODELS
XO.LD41..HH.2018.07.08.05.42.20,P,holdout,ABSTAIN,INSUFFICIENT_EVIDENCE_FOR_SELECTION,3,True,True,0.852,0.955,INSUFFICIENT_EVIDENCE_FOR_SELECTION
XO.LD41..HH.2018.07.08.05.42.20,S,holdout,ABSTAIN,INSUFFICIENT_EVIDENCE_FOR_SELECTION,3,True,False,0.852,0.955,INSUFFICIENT_EVIDENCE_FOR_SELECTION
XO.LA32..HH.2018.07.08.15.13.51,P,main,FUSE,AUTO_FUSE,4,True,True,0.722,0.956,FUSE_CONSENSUS_CLUSTER
XO.LA32..HH.2018.07.08.15.13.51,S,main,FUSE,AUTO_FUSE,3,True,True,0.861,0.956,FUSE_CONSENSUS_CLUSTER
XO.LA26..HH.2018.07.08.15.13.51,P,main,ABSTAIN,CONSENSUS_WITHOUT_ADMISSIBLE_FUSION,2,True,True,0.688,0.708,MODEL_CONSENSUS|FUSION_CALIBRATED_CONFIDENCE_BELOW_FLOOR|FUSION_NOT_ALLOWED|CONSENSUS_WITHOUT_ADMISSIBLE_FUSION
XO.LA21..HH.2018.07.08.15.13.59,P,holdout,FUSE,AUTO_FUSE,4,True,True,0.585,0.958,FUSE_CONSENSUS_CLUSTER
XO.LA21..HH.2018.07.08.15.13.59,S,holdout,ABSTAIN,NO_DECISIVE_EVIDENCE_BETWEEN_MODELS,3,True,False,0.854,0.958,NO_DECISIVE_EVIDENCE_BETWEEN_MODELS
XO.LD44..HH.2018.07.08.15.14.06,P,main,ABSTAIN,CONSENSUS_WITHOUT_ADMISSIBLE_FUSION,4,True,True,0.614,0.951,MODEL_CONSENSUS|FUSION_CALIBRATED_CONFIDENCE_BELOW_FLOOR|FUSION_NOT_ALLOWED|CONSENSUS_WITHOUT_ADMISSIBLE_FUSION
XO.LD44..HH.2018.07.08.15.14.06,S,main,ABSTAIN,INSUFFICIENT_EVIDENCE_FOR_SELECTION,3,True,True,0.86,0.951,INSUFFICIENT_EVIDENCE_FOR_SELECTION
XO.LA39..HH.2018.07.08.18.24.27,S,main,FUSE,AUTO_FUSE,3,True,True,0.841,0.894,FUSE_CONSENSUS_CLUSTER
XO.LT01..HH.2018.07.09.17.48.38,P,holdout,ABSTAIN,INSUFFICIENT_EVIDENCE_FOR_SELECTION,1,False,False,0.851,0.851,INSUFFICIENT_EVIDENCE_FOR_SELECTION
XO.LT01..HH.2018.07.09.17.48.38,S,holdout,FUSE,AUTO_FUSE,3,True,False,0.775,0.851,FUSE_CONSENSUS_CLUSTER
XO.LA39..HH.2018.07.09.17.48.29,P,holdout,ABSTAIN,CONSENSUS_WITHOUT_ADMISSIBLE_FUSION,4,True,True,0.69,0.953,MODEL_CONSENSUS|FUSION_CALIBRATED_CONFIDENCE_BELOW_FLOOR|FUSION_NOT_ALLOWED|CONSENSUS_WITHOUT_ADMISSIBLE_FUSION
XO.LA39..HH.2018.07.09.17.48.29,S,holdout,FUSE,AUTO_FUSE,3,True,True,0.848,0.953,FUSE_CONSENSUS_CLUSTER
XO.LT04..HH.2018.07.09.20.54.09,P,main,ABSTAIN,NO_DECISIVE_EVIDENCE_BETWEEN_MODELS,3,True,False,0.74,0.839,NO_DECISIVE_EVIDENCE_BETWEEN_MODELS
XO.LT01..HH.2018.07.10.23.35.34,S,main,FUSE,AUTO_FUSE,3,True,False,0.809,0.887,FUSE_CONSENSUS_CLUSTER
XO.LT01..HH.2018.07.10.16.43.25,S,main,FUSE,AUTO_FUSE,3,True,True,0.812,0.851,FUSE_CONSENSUS_CLUSTER
XO.LD40..HH.2018.07.10.18.19.05,S,main,ABSTAIN,INSUFFICIENT_EVIDENCE_FOR_SELECTION,3,True,True,0.434,0.887,INSUFFICIENT_EVIDENCE_FOR_SELECTION
XO.LA39..HH.2018.07.10.21.15.46,P,main,ABSTAIN,INSUFFICIENT_EVIDENCE_FOR_SELECTION,0,False,False,,,INSUFFICIENT_EVIDENCE_FOR_SELECTION
XO.LA39..HH.2018.07.10.21.15.46,S,main,ABSTAIN,CONSENSUS_WITHOUT_ADMISSIBLE_FUSION,3,True,False,0.609,0.751,MODEL_CONSENSUS|MODEL_OUTLIER_DETECTED|FUSION_CALIBRATED_CONFIDENCE_BELOW_FLOOR|FUSION_NOT_ALLOWED|CONSENSUS_WITHOUT_ADMISSIBLE_FUSION
XO.LD40..HH.2018.07.10.21.16.19,S,main,ABSTAIN,INSUFFICIENT_EVIDENCE_FOR_SELECTION,3,True,True,0.736,0.865,INSUFFICIENT_EVIDENCE_FOR_SELECTION
XO.LT14..HH.2018.07.11.10.03.31,P,main,ABSTAIN,NO_DECISIVE_EVIDENCE_BETWEEN_MODELS,3,True,False,0.685,0.858,NO_DECISIVE_EVIDENCE_BETWEEN_MODELS
XO.LT04..HH.2018.07.11.10.03.42,S,main,FUSE,AUTO_FUSE,3,True,True,0.786,0.852,FUSE_CONSENSUS_CLUSTER
XO.LT12..HH.2018.07.11.17.34.32,S,main,FUSE,AUTO_FUSE,3,True,True,0.851,0.921,FUSE_CONSENSUS_CLUSTER
XO.LD41..HH.2018.07.11.17.45.47,P,main,ABSTAIN,INSUFFICIENT_EVIDENCE_FOR_SELECTION,3,True,False,0.792,0.816,INSUFFICIENT_EVIDENCE_FOR_SELECTION
XO.LD41..HH.2018.07.11.17.45.47,S,main,ABSTAIN,INSUFFICIENT_EVIDENCE_FOR_SELECTION,3,True,False,0.792,0.816,INSUFFICIENT_EVIDENCE_FOR_SELECTION
XO.LT04..HH.2018.07.11.17.50.27,S,holdout,FUSE,AUTO_FUSE,3,True,False,0.732,0.783,FUSE_CONSENSUS_CLUSTER
XO.LT06..HH.2018.07.11.19.58.12,P,main,ABSTAIN,NO_DECISIVE_EVIDENCE_BETWEEN_MODELS,3,True,False,0.687,0.887,NO_DECISIVE_EVIDENCE_BETWEEN_MODELS
XO.LT20..HH.2018.07.11.07.48.46,S,main,ABSTAIN,INSUFFICIENT_EVIDENCE_FOR_SELECTION,3,True,True,0.625,0.849,INSUFFICIENT_EVIDENCE_FOR_SELECTION
XO.LD44..HH.2018.07.11.07.48.16,P,main,ABSTAIN,INSUFFICIENT_EVIDENCE_FOR_SELECTION,3,True,True,0.851,0.92,INSUFFICIENT_EVIDENCE_FOR_SELECTION
XO.LD44..HH.2018.07.11.07.48.16,S,main,ABSTAIN,INSUFFICIENT_EVIDENCE_FOR_SELECTION,3,True,False,0.851,0.92,INSUFFICIENT_EVIDENCE_FOR_SELECTION
XO.LD41..HH.2018.07.11.17.47.02,P,main,ABSTAIN,INSUFFICIENT_EVIDENCE_FOR_SELECTION,2,False,False,0.792,0.821,INSUFFICIENT_EVIDENCE_FOR_SELECTION
XO.LD41..HH.2018.07.11.17.47.02,S,main,ABSTAIN,INSUFFICIENT_EVIDENCE_FOR_SELECTION,3,True,True,0.784,0.821,INSUFFICIENT_EVIDENCE_FOR_SELECTION
XO.LD41..HH.2018.07.12.00.45.58,P,holdout,ABSTAIN,CONSENSUS_WITHOUT_ADMISSIBLE_FUSION,4,True,True,0.662,0.942,MODEL_CONSENSUS|FUSION_CALIBRATED_CONFIDENCE_BELOW_FLOOR|FUSION_NOT_ALLOWED|CONSENSUS_WITHOUT_ADMISSIBLE_FUSION
XO.LD41..HH.2018.07.12.00.45.58,S,holdout,ABSTAIN,INSUFFICIENT_EVIDENCE_FOR_SELECTION,3,False,False,0.84,0.942,INSUFFICIENT_EVIDENCE_FOR_SELECTION
XO.LT04..HH.2018.07.12.02.05.29,P,main,FUSE,AUTO_FUSE,3,True,True,0.822,0.932,FUSE_CONSENSUS_CLUSTER
XO.LT04..HH.2018.07.12.02.05.29,S,main,ABSTAIN,NO_DECISIVE_EVIDENCE_BETWEEN_MODELS,2,True,False,0.847,0.932,NO_DECISIVE_EVIDENCE_BETWEEN_MODELS
XO.LD38..HH.2018.07.12.02.05.23,S,main,ABSTAIN,INSUFFICIENT_EVIDENCE_FOR_SELECTION,3,True,True,0.842,0.936,INSUFFICIENT_EVIDENCE_FOR_SELECTION
XO.LT06..HH.2018.07.12.02.57.14,P,main,FUSE,AUTO_FUSE,4,True,True,0.774,0.957,FUSE_CONSENSUS_CLUSTER
XO.LT06..HH.2018.07.12.02.57.14,S,main,FUSE,AUTO_FUSE,3,True,True,0.855,0.957,FUSE_CONSENSUS_CLUSTER
XO.LT09..HH.2018.07.12.02.57.23,P,main,FUSE,AUTO_FUSE,3,True,True,0.856,0.955,FUSE_CONSENSUS_CLUSTER
XO.LD41..HH.2018.07.12.02.57.39,P,holdout,ABSTAIN,CONSENSUS_WITHOUT_ADMISSIBLE_FUSION,4,True,True,0.687,0.954,MODEL_CONSENSUS|FUSION_CALIBRATED_CONFIDENCE_BELOW_FLOOR|FUSION_NOT_ALLOWED|CONSENSUS_WITHOUT_ADMISSIBLE_FUSION
XO.LA34..HH.2018.07.12.02.57.39,P,holdout,FUSE,AUTO_FUSE,3,True,True,0.842,0.936,FUSE_CONSENSUS_CLUSTER
XO.LD41..HH.2018.07.12.08.20.27,P,main,ABSTAIN,INSUFFICIENT_EVIDENCE_FOR_SELECTION,3,True,True,0.841,0.948,INSUFFICIENT_EVIDENCE_FOR_SELECTION
XO.LD41..HH.2018.07.12.08.20.27,S,main,ABSTAIN,INSUFFICIENT_EVIDENCE_FOR_SELECTION,3,True,False,0.841,0.948,INSUFFICIENT_EVIDENCE_FOR_SELECTION
XO.LA39..HH.2018.07.12.08.20.45,S,main,ABSTAIN,CONSENSUS_WITHOUT_ADMISSIBLE_FUSION,3,True,True,0.656,0.76,MODEL_CONSENSUS|FUSION_CALIBRATED_CONFIDENCE_BELOW_FLOOR|FUSION_NOT_ALLOWED|CONSENSUS_WITHOUT_ADMISSIBLE_FUSION
XO.LT07..HH.2018.07.12.21.03.00,P,main,ABSTAIN,NO_DECISIVE_EVIDENCE_BETWEEN_MODELS,3,False,False,0.725,0.78,NO_DECISIVE_EVIDENCE_BETWEEN_MODELS
XO.LT12..HH.2018.07.12.21.03.12,P,main,FUSE,AUTO_FUSE,3,True,True,0.695,0.781,FUSE_CONSENSUS_CLUSTER
XO.LT12..HH.2018.07.12.21.03.12,S,main,ABSTAIN,CONSENSUS_WITHOUT_ADMISSIBLE_FUSION,2,True,True,0.695,0.777,MODEL_CONSENSUS|FUSION_CALIBRATED_CONFIDENCE_BELOW_FLOOR|FUSION_NOT_ALLOWED|CONSENSUS_WITHOUT_ADMISSIBLE_FUSION
XO.LT06..HH.2018.07.12.23.34.15,P,main,FUSE,AUTO_FUSE,4,True,True,0.598,0.955,FUSE_CONSENSUS_CLUSTER
XO.LT06..HH.2018.07.12.23.34.15,S,main,FUSE,AUTO_FUSE,4,True,True,0.598,0.955,FUSE_CONSENSUS_CLUSTER
XO.LD40..HH.2018.07.12.00.37.42,S,main,ABSTAIN,INSUFFICIENT_EVIDENCE_FOR_SELECTION,3,True,True,0.756,0.813,INSUFFICIENT_EVIDENCE_FOR_SELECTION
XO.LT01..HH.2018.07.12.00.47.49,S,main,ABSTAIN,CONSENSUS_WITHOUT_ADMISSIBLE_FUSION,3,True,True,0.58,0.795,MODEL_CONSENSUS|FUSION_CALIBRATED_CONFIDENCE_BELOW_FLOOR|FUSION_NOT_ALLOWED|CONSENSUS_WITHOUT_ADMISSIBLE_FUSION
XO.LD41..HH.2018.07.12.00.47.35,P,holdout,ABSTAIN,INSUFFICIENT_EVIDENCE_FOR_SELECTION,3,True,True,0.353,0.795,INSUFFICIENT_EVIDENCE_FOR_SELECTION
XO.LD41..HH.2018.07.12.00.47.35,S,holdout,ABSTAIN,INSUFFICIENT_EVIDENCE_FOR_SELECTION,3,True,True,0.353,0.795,INSUFFICIENT_EVIDENCE_FOR_SELECTION
XO.LA39..HH.2018.07.12.00.47.36,S,main,FUSE,AUTO_FUSE,3,True,True,0.759,0.824,FUSE_CONSENSUS_CLUSTER
XO.LD41..HH.2018.07.12.01.45.08,P,main,ABSTAIN,INSUFFICIENT_EVIDENCE_FOR_SELECTION,3,False,False,0.761,0.868,INSUFFICIENT_EVIDENCE_FOR_SELECTION
XO.LT01..HH.2018.07.12.06.43.21,S,main,ABSTAIN,CONSENSUS_WITHOUT_ADMISSIBLE_FUSION,3,True,False,0.533,0.7,MODEL_CONSENSUS|MODEL_OUTLIER_DETECTED|FUSION_CALIBRATED_CONFIDENCE_BELOW_FLOOR|FUSION_NOT_ALLOWED|CONSENSUS_WITHOUT_ADMISSIBLE_FUSION
XO.LD40..HH.2018.07.12.07.07.16,S,main,ABSTAIN,INSUFFICIENT_EVIDENCE_FOR_SELECTION,3,True,True,0.577,0.788,INSUFFICIENT_EVIDENCE_FOR_SELECTION
XO.LT04..HH.2018.07.12.08.32.02,S,main,FUSE,AUTO_FUSE,3,True,False,0.795,0.84,FUSE_CONSENSUS_CLUSTER
XO.LT01..HH.2018.07.12.09.38.55,S,main,ABSTAIN,NO_DECISIVE_EVIDENCE_BETWEEN_MODELS,3,False,False,0.713,0.921,NO_DECISIVE_EVIDENCE_BETWEEN_MODELS
XO.LT17..HH.2018.07.12.10.25.09,S,main,FUSE,AUTO_FUSE,3,True,True,0.821,0.858,FUSE_CONSENSUS_CLUSTER
XO.LA39..HH.2018.07.12.14.39.37,S,main,FUSE,AUTO_FUSE,3,True,True,0.825,0.86,FUSE_CONSENSUS_CLUSTER
XO.LA33..HH.2018.07.13.07.11.32,P,main,FUSE,AUTO_FUSE,3,True,True,0.852,0.946,FUSE_CONSENSUS_CLUSTER
XO.LA33..HH.2018.07.13.07.11.32,S,main,FUSE,AUTO_FUSE,3,True,False,0.852,0.946,FUSE_CONSENSUS_CLUSTER
XO.LT01..HH.2018.07.13.10.08.23,S,main,ABSTAIN,CONSENSUS_WITHOUT_ADMISSIBLE_FUSION,3,True,True,0.674,0.833,MODEL_CONSENSUS|FUSION_CALIBRATED_CONFIDENCE_BELOW_FLOOR|FUSION_NOT_ALLOWED|CONSENSUS_WITHOUT_ADMISSIBLE_FUSION
XO.LA39..HH.2018.07.13.21.32.30,P,main,ABSTAIN,CONSENSUS_WITHOUT_ADMISSIBLE_FUSION,4,True,True,0.671,0.953,MODEL_CONSENSUS|FUSION_CALIBRATED_CONFIDENCE_BELOW_FLOOR|FUSION_NOT_ALLOWED|CONSENSUS_WITHOUT_ADMISSIBLE_FUSION
XO.LA39..HH.2018.07.13.21.32.30,S,main,FUSE,AUTO_FUSE,3,True,True,0.843,0.953,FUSE_CONSENSUS_CLUSTER
XO.LD41..HH.2018.07.13.21.32.49,P,main,FUSE,AUTO_FUSE,4,True,True,0.846,0.955,FUSE_CONSENSUS_CLUSTER
XO.LD41..HH.2018.07.13.21.32.49,S,main,ABSTAIN,INSUFFICIENT_EVIDENCE_FOR_SELECTION,3,True,False,0.846,0.955,INSUFFICIENT_EVIDENCE_FOR_SELECTION
XO.LD41..HH.2018.07.13.22.30.43,P,main,ABSTAIN,CONSENSUS_WITHOUT_ADMISSIBLE_FUSION,4,True,True,0.587,0.945,MODEL_CONSENSUS|FUSION_CALIBRATED_CONFIDENCE_BELOW_FLOOR|FUSION_NOT_ALLOWED|CONSENSUS_WITHOUT_ADMISSIBLE_FUSION
XO.LD41..HH.2018.07.13.22.30.43,S,main,ABSTAIN,INSUFFICIENT_EVIDENCE_FOR_SELECTION,3,True,False,0.845,0.945,INSUFFICIENT_EVIDENCE_FOR_SELECTION
XO.WD46..HH.2018.07.13.22.30.13,P,main,ABSTAIN,INSUFFICIENT_EVIDENCE_FOR_SELECTION,1,False,False,0.475,0.475,INSUFFICIENT_EVIDENCE_FOR_SELECTION
XO.LA39..HH.2018.07.13.11.44.00,S,holdout,FUSE,AUTO_FUSE,3,True,False,0.819,0.871,FUSE_CONSENSUS_CLUSTER
XO.LD40..HH.2018.07.14.15.38.46,P,holdout,ABSTAIN,INSUFFICIENT_EVIDENCE_FOR_SELECTION,3,True,True,0.854,0.935,INSUFFICIENT_EVIDENCE_FOR_SELECTION
XO.LD40..HH.2018.07.14.15.38.46,S,holdout,ABSTAIN,INSUFFICIENT_EVIDENCE_FOR_SELECTION,3,True,True,0.854,0.935,INSUFFICIENT_EVIDENCE_FOR_SELECTION
XO.LA39..HH.2018.07.14.19.00.28,P,main,FUSE,AUTO_FUSE,3,True,True,0.85,0.929,FUSE_CONSENSUS_CLUSTER
XO.LA39..HH.2018.07.14.19.00.28,S,main,FUSE,AUTO_FUSE,3,True,True,0.85,0.929,FUSE_CONSENSUS_CLUSTER
XO.LD40..HH.2018.07.14.19.27.17,S,main,ABSTAIN,INSUFFICIENT_EVIDENCE_FOR_SELECTION,3,True,True,0.76,0.802,INSUFFICIENT_EVIDENCE_FOR_SELECTION
XO.LD41..HH.2018.07.14.19.27.36,S,main,ABSTAIN,INSUFFICIENT_EVIDENCE_FOR_SELECTION,3,True,True,0.703,0.807,INSUFFICIENT_EVIDENCE_FOR_SELECTION
XO.LA33..HH.2018.07.15.00.14.08,P,main,FUSE,AUTO_FUSE,4,True,True,0.723,0.955,FUSE_CONSENSUS_CLUSTER
XO.LA33..HH.2018.07.15.00.14.08,S,main,FUSE,AUTO_FUSE,3,True,True,0.862,0.955,FUSE_CONSENSUS_CLUSTER
XO.LA29..HH.2018.07.15.00.14.14,P,main,FUSE,AUTO_FUSE,3,True,True,0.858,0.912,FUSE_CONSENSUS_CLUSTER
XO.LA29..HH.2018.07.15.00.14.14,S,main,FUSE,AUTO_FUSE,3,True,True,0.858,0.912,FUSE_CONSENSUS_CLUSTER
XO.LT14..HH.2018.07.15.00.14.28,P,holdout,FUSE,AUTO_FUSE,3,True,True,0.843,0.897,FUSE_CONSENSUS_CLUSTER
XO.LT10..HH.2018.07.15.00.14.29,P,main,FUSE,AUTO_FUSE,3,True,True,0.789,0.84,FUSE_CONSENSUS_CLUSTER
XO.LT10..HH.2018.07.15.00.14.29,S,main,FUSE,AUTO_FUSE,3,True,True,0.789,0.84,FUSE_CONSENSUS_CLUSTER
XO.LA23..HH.2018.07.15.00.15.03,S,main,ABSTAIN,CONSENSUS_WITHOUT_ADMISSIBLE_FUSION,3,True,True,0.652,0.871,MODEL_CONSENSUS|FUSION_CALIBRATED_CONFIDENCE_BELOW_FLOOR|FUSION_NOT_ALLOWED|CONSENSUS_WITHOUT_ADMISSIBLE_FUSION
XO.LA34..HH.2018.07.15.01.52.47,P,main,FUSE,AUTO_FUSE,3,True,True,0.855,0.947,FUSE_CONSENSUS_CLUSTER
XO.LA34..HH.2018.07.15.01.52.47,S,main,FUSE,AUTO_FUSE,3,True,True,0.855,0.947,FUSE_CONSENSUS_CLUSTER
XO.LD36..HH.2018.07.15.01.53.00,P,main,ABSTAIN,INSUFFICIENT_EVIDENCE_FOR_SELECTION,3,True,True,0.852,0.91,INSUFFICIENT_EVIDENCE_FOR_SELECTION
XO.LD36..HH.2018.07.15.01.53.00,S,main,ABSTAIN,INSUFFICIENT_EVIDENCE_FOR_SELECTION,3,True,True,0.852,0.91,INSUFFICIENT_EVIDENCE_FOR_SELECTION
XO.LT04..HH.2018.07.16.00.19.34,S,holdout,FUSE,AUTO_FUSE,3,True,True,0.82,0.878,FUSE_CONSENSUS_CLUSTER
XO.WD49..HH.2018.07.16.08.15.57,P,holdout,ABSTAIN,NO_PREDICTIONS,0,False,False,,,
XO.LA39..HH.2018.07.16.22.51.24,P,main,ABSTAIN,CONSENSUS_WITHOUT_ADMISSIBLE_FUSION,4,True,True,0.661,0.95,MODEL_CONSENSUS|FUSION_CALIBRATED_CONFIDENCE_BELOW_FLOOR|FUSION_NOT_ALLOWED|CONSENSUS_WITHOUT_ADMISSIBLE_FUSION
XO.LA39..HH.2018.07.16.22.51.24,S,main,FUSE,AUTO_FUSE,3,True,True,0.836,0.95,FUSE_CONSENSUS_CLUSTER
XO.LT17..HH.2018.07.16.07.24.24,P,main,FUSE,AUTO_FUSE,3,True,True,0.864,0.958,FUSE_CONSENSUS_CLUSTER
XO.LT17..HH.2018.07.16.07.24.24,S,main,FUSE,AUTO_FUSE,3,True,True,0.864,0.958,FUSE_CONSENSUS_CLUSTER
XO.LT20..HH.2018.07.16.07.24.44,S,main,ABSTAIN,INSUFFICIENT_EVIDENCE_FOR_SELECTION,3,True,False,0.632,0.906,INSUFFICIENT_EVIDENCE_FOR_SELECTION
XO.LD40..HH.2018.07.16.11.35.05,S,main,ABSTAIN,INSUFFICIENT_EVIDENCE_FOR_SELECTION,3,True,False,0.765,0.809,INSUFFICIENT_EVIDENCE_FOR_SELECTION
XO.LT18..HH.2018.07.17.03.30.59,P,main,FUSE,AUTO_FUSE,3,True,True,0.851,0.953,FUSE_CONSENSUS_CLUSTER
XO.LT18..HH.2018.07.17.03.30.59,S,main,FUSE,AUTO_FUSE,2,True,True,0.851,0.924,FUSE_CONSENSUS_CLUSTER
XO.LT12..HH.2018.07.17.03.31.00,P,holdout,FUSE,AUTO_FUSE,3,True,True,0.85,0.947,FUSE_CONSENSUS_CLUSTER
XO.LT12..HH.2018.07.17.03.31.00,S,holdout,FUSE,AUTO_FUSE,3,True,False,0.85,0.947,FUSE_CONSENSUS_CLUSTER
XO.LA34..HH.2018.07.17.03.31.05,P,main,ABSTAIN,CONSENSUS_WITHOUT_ADMISSIBLE_FUSION,3,True,False,0.466,0.727,MODEL_CONSENSUS|MODEL_OUTLIER_DETECTED|FUSION_CALIBRATED_CONFIDENCE_BELOW_FLOOR|FUSION_NOT_ALLOWED|CONSENSUS_WITHOUT_ADMISSIBLE_FUSION
XO.LA34..HH.2018.07.17.03.31.05,S,main,FUSE,AUTO_FUSE,3,True,False,0.466,0.727,FUSE_CONSENSUS_CLUSTER
XO.LD36..HH.2018.07.17.03.31.15,P,main,ABSTAIN,INSUFFICIENT_EVIDENCE_FOR_SELECTION,3,True,True,0.851,0.946,INSUFFICIENT_EVIDENCE_FOR_SELECTION
XO.LD44..HH.2018.07.17.03.31.27,S,main,ABSTAIN,INSUFFICIENT_EVIDENCE_FOR_SELECTION,3,True,True,0.847,0.919,INSUFFICIENT_EVIDENCE_FOR_SELECTION
XO.WD49..HH.2018.07.17.02.33.12,P,main,ABSTAIN,INSUFFICIENT_EVIDENCE_FOR_SELECTION,3,True,False,0.725,0.821,INSUFFICIENT_EVIDENCE_FOR_SELECTION
XO.WD49..HH.2018.07.17.02.33.12,S,main,ABSTAIN,INSUFFICIENT_EVIDENCE_FOR_SELECTION,3,True,False,0.725,0.821,INSUFFICIENT_EVIDENCE_FOR_SELECTION
XO.LD41..HH.2018.07.17.02.33.20,P,main,ABSTAIN,INSUFFICIENT_EVIDENCE_FOR_SELECTION,3,True,False,0.543,0.829,INSUFFICIENT_EVIDENCE_FOR_SELECTION
XO.LT06..HH.2018.07.17.17.34.45,P,holdout,FUSE,AUTO_FUSE,3,True,True,0.858,0.933,FUSE_CONSENSUS_CLUSTER
XO.LT06..HH.2018.07.17.17.34.45,S,holdout,FUSE,AUTO_FUSE,3,True,True,0.858,0.933,FUSE_CONSENSUS_CLUSTER
XO.LA26..HH.2018.07.17.17.35.05,P,main,FUSE,AUTO_FUSE,3,True,False,0.745,0.839,FUSE_CONSENSUS_CLUSTER
XO.LT20..HH.2018.07.17.21.17.43,S,main,ABSTAIN,INSUFFICIENT_EVIDENCE_FOR_SELECTION,2,True,True,0.615,0.864,INSUFFICIENT_EVIDENCE_FOR_SELECTION
XO.LA34..HH.2018.07.18.11.56.27,P,main,FUSE,AUTO_FUSE,3,True,True,0.858,0.952,FUSE_CONSENSUS_CLUSTER
XO.WD52..HH.2018.07.18.19.05.35,P,main,ABSTAIN,INSUFFICIENT_EVIDENCE_FOR_SELECTION,0,False,False,,,INSUFFICIENT_EVIDENCE_FOR_SELECTION
XO.LA34..HH.2018.07.18.19.05.40,P,holdout,FUSE,AUTO_FUSE,4,True,True,0.84,0.95,FUSE_CONSENSUS_CLUSTER
XO.LA34..HH.2018.07.18.19.05.40,S,holdout,FUSE,AUTO_FUSE,3,True,True,0.84,0.95,FUSE_CONSENSUS_CLUSTER
XO.WD60..HH.2018.07.18.19.06.03,P,holdout,FUSE,AUTO_FUSE,4,True,False,0.715,0.952,FUSE_CONSENSUS_CLUSTER
XO.LT18..HH.2018.07.18.19.19.45,P,holdout,FUSE,AUTO_FUSE,4,True,True,0.656,0.953,FUSE_CONSENSUS_CLUSTER
XO.LT18..HH.2018.07.18.19.19.45,S,holdout,ABSTAIN,NO_DECISIVE_EVIDENCE_BETWEEN_MODELS,3,True,False,0.84,0.953,NO_DECISIVE_EVIDENCE_BETWEEN_MODELS
XO.LD44..HH.2018.07.18.19.19.52,P,main,ABSTAIN,CONSENSUS_WITHOUT_ADMISSIBLE_FUSION,4,True,True,0.599,0.945,MODEL_CONSENSUS|FUSION_CALIBRATED_CONFIDENCE_BELOW_FLOOR|FUSION_NOT_ALLOWED|CONSENSUS_WITHOUT_ADMISSIBLE_FUSION
XO.LD44..HH.2018.07.18.19.19.52,S,main,ABSTAIN,INSUFFICIENT_EVIDENCE_FOR_SELECTION,3,True,False,0.852,0.945,INSUFFICIENT_EVIDENCE_FOR_SELECTION
XO.LT20..HH.2018.07.18.19.23.10,P,main,ABSTAIN,INSUFFICIENT_EVIDENCE_FOR_SELECTION,3,True,True,0.84,0.955,INSUFFICIENT_EVIDENCE_FOR_SELECTION
XO.LT20..HH.2018.07.18.19.23.10,S,main,ABSTAIN,INSUFFICIENT_EVIDENCE_FOR_SELECTION,1,False,False,0.84,0.84,INSUFFICIENT_EVIDENCE_FOR_SELECTION
XO.LT18..HH.2018.07.18.01.55.25,S,main,ABSTAIN,NO_DECISIVE_EVIDENCE_BETWEEN_MODELS,3,True,True,0.74,0.883,NO_DECISIVE_EVIDENCE_BETWEEN_MODELS
XO.LA29..HH.2018.07.18.01.55.31,S,main,FUSE,AUTO_FUSE,3,True,True,0.817,0.911,FUSE_CONSENSUS_CLUSTER
XO.WD58..HH.2018.07.18.14.07.46,P,main,ABSTAIN,INSUFFICIENT_EVIDENCE_FOR_SELECTION,3,True,True,0.827,0.922,INSUFFICIENT_EVIDENCE_FOR_SELECTION
XO.LD40..HH.2018.07.18.18.47.37,S,main,ABSTAIN,INSUFFICIENT_EVIDENCE_FOR_SELECTION,3,True,True,0.809,0.848,INSUFFICIENT_EVIDENCE_FOR_SELECTION
XO.WS75..HH.2018.07.19.02.27.41,P,holdout,ABSTAIN,INSUFFICIENT_EVIDENCE_FOR_SELECTION,1,False,False,0.591,0.591,INSUFFICIENT_EVIDENCE_FOR_SELECTION
XO.LT13..HH.2018.07.19.02.27.56,P,main,FUSE,AUTO_FUSE,3,True,False,0.851,0.946,FUSE_CONSENSUS_CLUSTER
XO.LT16..HH.2018.07.19.02.27.59,P,main,ABSTAIN,NO_DECISIVE_EVIDENCE_BETWEEN_MODELS,3,True,False,0.741,0.821,NO_DECISIVE_EVIDENCE_BETWEEN_MODELS
XO.LT14..HH.2018.07.19.02.28.04,P,main,FUSE,AUTO_FUSE,3,True,True,0.808,0.829,FUSE_CONSENSUS_CLUSTER
XO.WD63..HH.2018.07.19.02.28.07,P,holdout,ABSTAIN,INSUFFICIENT_EVIDENCE_FOR_SELECTION,3,True,False,0.666,0.845,INSUFFICIENT_EVIDENCE_FOR_SELECTION
XO.WD60..HH.2018.07.19.02.28.15,P,main,ABSTAIN,CONSENSUS_WITHOUT_ADMISSIBLE_FUSION,4,True,False,0.672,0.938,MODEL_CONSENSUS|FUSION_CALIBRATED_CONFIDENCE_BELOW_FLOOR|FUSION_NOT_ALLOWED|CONSENSUS_WITHOUT_ADMISSIBLE_FUSION
XO.LD45..HH.2018.07.19.02.54.07,P,holdout,ABSTAIN,INSUFFICIENT_EVIDENCE_FOR_SELECTION,3,True,True,0.858,0.949,INSUFFICIENT_EVIDENCE_FOR_SELECTION
XO.LD45..HH.2018.07.19.02.54.07,S,holdout,ABSTAIN,INSUFFICIENT_EVIDENCE_FOR_SELECTION,3,True,False,0.858,0.949,INSUFFICIENT_EVIDENCE_FOR_SELECTION
XO.LT07..HH.2018.07.19.06.06.09,P,holdout,ABSTAIN,CONSENSUS_WITHOUT_ADMISSIBLE_FUSION,4,True,True,0.624,0.954,MODEL_CONSENSUS|FUSION_CALIBRATED_CONFIDENCE_BELOW_FLOOR|FUSION_NOT_ALLOWED|CONSENSUS_WITHOUT_ADMISSIBLE_FUSION
XO.LT07..HH.2018.07.19.06.06.09,S,holdout,FUSE,AUTO_FUSE,3,True,True,0.856,0.954,FUSE_CONSENSUS_CLUSTER
XO.LT07..HH.2018.07.19.10.36.01,P,holdout,FUSE,AUTO_FUSE,3,True,True,0.803,0.918,FUSE_CONSENSUS_CLUSTER
XO.LD36..HH.2018.07.19.10.36.09,P,main,ABSTAIN,INSUFFICIENT_EVIDENCE_FOR_SELECTION,3,False,False,0.646,0.873,INSUFFICIENT_EVIDENCE_FOR_SELECTION
XO.LA34..HH.2018.07.19.14.32.56,P,main,ABSTAIN,CONSENSUS_WITHOUT_ADMISSIBLE_FUSION,4,True,True,0.69,0.956,MODEL_CONSENSUS|FUSION_CALIBRATED_CONFIDENCE_BELOW_FLOOR|FUSION_NOT_ALLOWED|CONSENSUS_WITHOUT_ADMISSIBLE_FUSION
XO.LA34..HH.2018.07.19.14.32.56,S,main,FUSE,AUTO_FUSE,3,True,True,0.846,0.956,FUSE_CONSENSUS_CLUSTER
XO.WD59..HH.2018.07.19.14.33.19,P,main,ABSTAIN,INSUFFICIENT_EVIDENCE_FOR_SELECTION,3,True,True,0.842,0.946,INSUFFICIENT_EVIDENCE_FOR_SELECTION
XO.WD59..HH.2018.07.19.14.33.19,S,main,ABSTAIN,INSUFFICIENT_EVIDENCE_FOR_SELECTION,3,True,False,0.842,0.946,INSUFFICIENT_EVIDENCE_FOR_SELECTION
XO.WD60..HH.2018.07.19.14.33.19,P,holdout,ABSTAIN,CONSENSUS_WITHOUT_ADMISSIBLE_FUSION,4,False,False,0.672,0.951,MODEL_CONSENSUS|FUSION_CALIBRATED_CONFIDENCE_BELOW_FLOOR|FUSION_NOT_ALLOWED|CONSENSUS_WITHOUT_ADMISSIBLE_FUSION
XO.WD60..HH.2018.07.19.14.33.19,S,holdout,ABSTAIN,INSUFFICIENT_EVIDENCE_FOR_SELECTION,3,True,False,0.85,0.951,INSUFFICIENT_EVIDENCE_FOR_SELECTION
XO.LA32..HH.2018.07.19.14.33.03,P,main,ABSTAIN,CONSENSUS_WITHOUT_ADMISSIBLE_FUSION,4,True,True,0.632,0.952,MODEL_CONSENSUS|FUSION_CALIBRATED_CONFIDENCE_BELOW_FLOOR|FUSION_NOT_ALLOWED|CONSENSUS_WITHOUT_ADMISSIBLE_FUSION
XO.LA32..HH.2018.07.19.14.33.03,S,main,FUSE,AUTO_FUSE,3,True,False,0.851,0.952,FUSE_CONSENSUS_CLUSTER
XO.LA30..HH.2018.07.19.14.33.30,S,main,FUSE,AUTO_FUSE,2,True,True,0.734,0.879,FUSE_CONSENSUS_CLUSTER
XO.LT20..HH.2018.07.19.14.32.44,P,main,FUSE,AUTO_FUSE,4,True,True,0.754,0.954,FUSE_CONSENSUS_CLUSTER
XO.LT20..HH.2018.07.19.14.32.44,S,main,ABSTAIN,INSUFFICIENT_EVIDENCE_FOR_SELECTION,3,True,False,0.754,0.943,INSUFFICIENT_EVIDENCE_FOR_SELECTION
XO.LD44..HH.2018.07.19.14.32.49,P,main,FUSE,AUTO_FUSE,4,True,True,0.723,0.956,FUSE_CONSENSUS_CLUSTER
XO.LD44..HH.2018.07.19.14.32.49,S,main,ABSTAIN,INSUFFICIENT_EVIDENCE_FOR_SELECTION,3,True,True,0.86,0.956,INSUFFICIENT_EVIDENCE_FOR_SELECTION
XO.WD60..HH.2018.07.19.15.04.49,S,main,ABSTAIN,INSUFFICIENT_EVIDENCE_FOR_SELECTION,3,True,True,0.806,0.926,INSUFFICIENT_EVIDENCE_FOR_SELECTION
XO.LT20..HH.2018.07.19.21.15.38,P,main,ABSTAIN,INSUFFICIENT_EVIDENCE_FOR_SELECTION,3,True,True,0.831,0.952,INSUFFICIENT_EVIDENCE_FOR_SELECTION
XO.LT20..HH.2018.07.19.21.15.38,S,main,ABSTAIN,INSUFFICIENT_EVIDENCE_FOR_SELECTION,3,True,True,0.831,0.952,INSUFFICIENT_EVIDENCE_FOR_SELECTION
XO.LT13..HH.2018.07.19.21.15.53,P,main,FUSE,AUTO_FUSE,3,True,True,0.837,0.941,FUSE_CONSENSUS_CLUSTER
XO.LA28..HH.2018.07.19.21.16.06,P,main,FUSE,AUTO_FUSE,3,True,True,0.846,0.949,FUSE_CONSENSUS_CLUSTER
XO.LA28..HH.2018.07.19.21.16.06,S,main,ABSTAIN,NO_DECISIVE_EVIDENCE_BETWEEN_MODELS,3,True,False,0.846,0.949,NO_DECISIVE_EVIDENCE_BETWEEN_MODELS
XO.WD49..HH.2018.07.19.03.27.23,P,main,ABSTAIN,INSUFFICIENT_EVIDENCE_FOR_SELECTION,3,True,False,0.812,0.956,INSUFFICIENT_EVIDENCE_FOR_SELECTION
XO.WD49..HH.2018.07.19.03.27.23,S,main,ABSTAIN,INSUFFICIENT_EVIDENCE_FOR_SELECTION,3,True,True,0.812,0.956,INSUFFICIENT_EVIDENCE_FOR_SELECTION
XO.LD41..HH.2018.07.19.09.30.03,P,main,ABSTAIN,INSUFFICIENT_EVIDENCE_FOR_SELECTION,3,True,True,0.817,0.927,INSUFFICIENT_EVIDENCE_FOR_SELECTION
XO.WD46..HH.2018.07.19.12.43.41,P,main,ABSTAIN,INSUFFICIENT_EVIDENCE_FOR_SELECTION,2,False,False,0.302,0.65,INSUFFICIENT_EVIDENCE_FOR_SELECTION
XO.LA39..HH.2018.07.19.12.43.50,P,main,FUSE,AUTO_FUSE,3,True,True,0.844,0.924,FUSE_CONSENSUS_CLUSTER
XO.LA39..HH.2018.07.19.12.43.50,S,main,FUSE,AUTO_FUSE,3,True,True,0.844,0.924,FUSE_CONSENSUS_CLUSTER
XO.LT17..HH.2018.07.19.14.15.51,P,main,FUSE,AUTO_FUSE,3,True,False,0.772,0.878,FUSE_CONSENSUS_CLUSTER
XO.LT17..HH.2018.07.19.14.15.51,S,main,FUSE,AUTO_FUSE,3,True,False,0.772,0.878,FUSE_CONSENSUS_CLUSTER
XO.LD44..HH.2018.07.19.14.15.56,P,main,FUSE,AUTO_FUSE,4,True,True,0.731,0.949,FUSE_CONSENSUS_CLUSTER
XO.LD44..HH.2018.07.19.14.15.56,S,main,ABSTAIN,INSUFFICIENT_EVIDENCE_FOR_SELECTION,3,True,True,0.848,0.949,INSUFFICIENT_EVIDENCE_FOR_SELECTION
XO.WD62..HH.2018.07.19.14.16.15,P,main,FUSE,AUTO_FUSE,4,True,True,0.766,0.946,FUSE_CONSENSUS_CLUSTER
XO.WD62..HH.2018.07.19.14.16.15,S,main,ABSTAIN,NO_DECISIVE_EVIDENCE_BETWEEN_MODELS,4,True,False,0.766,0.946,NO_DECISIVE_EVIDENCE_BETWEEN_MODELS
XO.WD64..HH.2018.07.19.14.16.20,P,main,ABSTAIN,NO_DECISIVE_EVIDENCE_BETWEEN_MODELS,4,True,True,0.78,0.95,NO_DECISIVE_EVIDENCE_BETWEEN_MODELS
XO.WD64..HH.2018.07.19.14.16.20,S,main,ABSTAIN,INSUFFICIENT_EVIDENCE_FOR_SELECTION,3,True,False,0.846,0.95,INSUFFICIENT_EVIDENCE_FOR_SELECTION
XO.LA25..HH.2018.07.19.14.16.25,P,main,ABSTAIN,CONSENSUS_WITHOUT_ADMISSIBLE_FUSION,3,True,True,0.667,0.945,MODEL_CONSENSUS|FUSION_CALIBRATED_CONFIDENCE_BELOW_FLOOR|FUSION_NOT_ALLOWED|CONSENSUS_WITHOUT_ADMISSIBLE_FUSION
XO.LA25..HH.2018.07.19.14.16.25,S,main,ABSTAIN,NO_DECISIVE_EVIDENCE_BETWEEN_MODELS,2,True,False,0.667,0.923,NO_DECISIVE_EVIDENCE_BETWEEN_MODELS
XO.LT20..HH.2018.07.19.14.25.14,P,main,ABSTAIN,NO_DECISIVE_EVIDENCE_BETWEEN_MODELS,4,True,False,0.765,0.932,NO_DECISIVE_EVIDENCE_BETWEEN_MODELS
XO.LT20..HH.2018.07.19.14.25.14,S,main,ABSTAIN,INSUFFICIENT_EVIDENCE_FOR_SELECTION,3,True,False,0.807,0.932,INSUFFICIENT_EVIDENCE_FOR_SELECTION
XO.LT18..HH.2018.07.19.14.25.08,P,main,FUSE,AUTO_FUSE,2,True,True,0.848,0.9,FUSE_CONSENSUS_CLUSTER
XO.LA28..HH.2018.07.19.14.45.01,P,holdout,FUSE,AUTO_FUSE,3,True,True,0.842,0.936,FUSE_CONSENSUS_CLUSTER
XO.LA28..HH.2018.07.19.14.45.01,S,holdout,ABSTAIN,NO_DECISIVE_EVIDENCE_BETWEEN_MODELS,3,True,False,0.842,0.936,NO_DECISIVE_EVIDENCE_BETWEEN_MODELS
XO.LD36..HH.2018.07.19.14.45.43,S,main,ABSTAIN,INSUFFICIENT_EVIDENCE_FOR_SELECTION,3,True,True,0.762,0.828,INSUFFICIENT_EVIDENCE_FOR_SELECTION
XO.WS75..HH.2018.07.19.15.24.20,P,holdout,ABSTAIN,INSUFFICIENT_EVIDENCE_FOR_SELECTION,1,False,False,0.592,0.592,INSUFFICIENT_EVIDENCE_FOR_SELECTION
XO.LT12..HH.2018.07.19.15.43.52,P,main,FUSE,AUTO_FUSE,3,True,True,0.863,0.945,FUSE_CONSENSUS_CLUSTER
XO.LT12..HH.2018.07.19.15.43.52,S,main,FUSE,AUTO_FUSE,3,True,True,0.863,0.945,FUSE_CONSENSUS_CLUSTER
XO.LT17..HH.2018.07.19.16.46.04,P,main,FUSE,AUTO_FUSE,3,True,False,0.856,0.925,FUSE_CONSENSUS_CLUSTER
XO.LT17..HH.2018.07.19.16.46.04,S,main,FUSE,AUTO_FUSE,3,True,True,0.856,0.925,FUSE_CONSENSUS_CLUSTER
XO.LD40..HH.2018.07.19.17.25.06,S,main,ABSTAIN,INSUFFICIENT_EVIDENCE_FOR_SELECTION,3,True,True,0.698,0.831,INSUFFICIENT_EVIDENCE_FOR_SELECTION
XO.LA39..HH.2018.07.20.10.42.20,P,main,FUSE,AUTO_FUSE,3,True,True,0.853,0.954,FUSE_CONSENSUS_CLUSTER
XO.LA39..HH.2018.07.20.10.42.20,S,main,FUSE,AUTO_FUSE,3,True,False,0.853,0.954,FUSE_CONSENSUS_CLUSTER
XO.LT18..HH.2018.07.20.16.23.18,P,main,FUSE,AUTO_FUSE,3,True,True,0.842,0.952,FUSE_CONSENSUS_CLUSTER
XO.LT18..HH.2018.07.20.16.23.18,S,main,FUSE,AUTO_FUSE,4,True,True,0.074,0.952,FUSE_CONSENSUS_CLUSTER
XO.LT17..HH.2018.07.20.16.23.20,P,main,FUSE,AUTO_FUSE,3,True,False,0.84,0.945,FUSE_CONSENSUS_CLUSTER
XO.LT20..HH.2018.07.20.16.23.14,P,main,ABSTAIN,CONSENSUS_WITHOUT_ADMISSIBLE_FUSION,4,True,True,0.653,0.954,MODEL_CONSENSUS|FUSION_CALIBRATED_CONFIDENCE_BELOW_FLOOR|FUSION_NOT_ALLOWED|CONSENSUS_WITHOUT_ADMISSIBLE_FUSION
XO.LT20..HH.2018.07.20.16.23.14,S,main,ABSTAIN,CONSENSUS_WITHOUT_ADMISSIBLE_FUSION,4,True,True,0.653,0.954,MODEL_CONSENSUS|FUSION_CALIBRATED_CONFIDENCE_BELOW_FLOOR|FUSION_NOT_ALLOWED|CONSENSUS_WITHOUT_ADMISSIBLE_FUSION
XO.WD68..HH.2018.07.20.16.23.27,P,main,ABSTAIN,INSUFFICIENT_EVIDENCE_FOR_SELECTION,3,True,True,0.849,0.953,INSUFFICIENT_EVIDENCE_FOR_SELECTION
XO.LA29..HH.2018.07.20.16.23.42,P,main,FUSE,AUTO_FUSE,3,True,True,0.861,0.95,FUSE_CONSENSUS_CLUSTER
XO.LT12..HH.2018.07.20.16.23.42,P,main,FUSE,AUTO_FUSE,3,True,True,0.863,0.937,FUSE_CONSENSUS_CLUSTER
XO.LT12..HH.2018.07.20.16.23.42,S,main,FUSE,AUTO_FUSE,3,True,True,0.863,0.937,FUSE_CONSENSUS_CLUSTER
XO.WD62..HH.2018.07.20.18.01.13,P,main,ABSTAIN,INSUFFICIENT_EVIDENCE_FOR_SELECTION,3,True,True,0.851,0.951,INSUFFICIENT_EVIDENCE_FOR_SELECTION
XO.LT10..HH.2018.07.20.18.01.18,P,holdout,FUSE,AUTO_FUSE,3,True,True,0.837,0.892,FUSE_CONSENSUS_CLUSTER
XO.WD47..HH.2018.07.20.20.46.07,P,main,ABSTAIN,INSUFFICIENT_EVIDENCE_FOR_SELECTION,1,False,False,0.778,0.778,INSUFFICIENT_EVIDENCE_FOR_SELECTION
XO.LT07..HH.2018.07.20.06.33.44,P,holdout,ABSTAIN,NO_DECISIVE_EVIDENCE_BETWEEN_MODELS,3,True,False,0.718,0.814,NO_DECISIVE_EVIDENCE_BETWEEN_MODELS
XO.LT20..HH.2018.07.20.10.59.43,S,holdout,ABSTAIN,INSUFFICIENT_EVIDENCE_FOR_SELECTION,3,True,True,0.754,0.814,INSUFFICIENT_EVIDENCE_FOR_SELECTION
XO.LA39..HH.2018.07.20.16.07.41,P,main,FUSE,AUTO_FUSE,3,False,False,0.799,0.9,FUSE_CONSENSUS_CLUSTER
XO.LA39..HH.2018.07.20.16.07.41,S,main,FUSE,AUTO_FUSE,3,True,True,0.799,0.9,FUSE_CONSENSUS_CLUSTER
XO.LD45..HH.2018.07.21.07.58.08,P,main,FUSE,AUTO_FUSE,4,True,True,0.811,0.95,FUSE_CONSENSUS_CLUSTER
XO.LD45..HH.2018.07.21.07.58.08,S,main,ABSTAIN,INSUFFICIENT_EVIDENCE_FOR_SELECTION,3,True,True,0.853,0.95,INSUFFICIENT_EVIDENCE_FOR_SELECTION
XO.WD67..HH.2018.07.21.07.58.28,P,holdout,ABSTAIN,CONSENSUS_WITHOUT_ADMISSIBLE_FUSION,4,True,True,0.631,0.953,MODEL_CONSENSUS|FUSION_CALIBRATED_CONFIDENCE_BELOW_FLOOR|FUSION_NOT_ALLOWED|CONSENSUS_WITHOUT_ADMISSIBLE_FUSION
XO.WD61..HH.2018.07.21.07.58.32,P,holdout,ABSTAIN,INSUFFICIENT_EVIDENCE_FOR_SELECTION,0,False,False,,,INSUFFICIENT_EVIDENCE_FOR_SELECTION
XO.WD63..HH.2018.07.21.07.58.32,P,main,ABSTAIN,NO_DECISIVE_EVIDENCE_BETWEEN_MODELS,4,True,False,0.572,0.91,NO_DECISIVE_EVIDENCE_BETWEEN_MODELS
XO.LT18..HH.2018.07.21.08.02.29,P,main,FUSE,AUTO_FUSE,3,True,True,0.848,0.958,FUSE_CONSENSUS_CLUSTER
XO.LT18..HH.2018.07.21.08.02.29,S,main,FUSE,AUTO_FUSE,3,True,True,0.848,0.958,FUSE_CONSENSUS_CLUSTER
XO.LD45..HH.2018.07.21.08.02.34,P,main,ABSTAIN,INSUFFICIENT_EVIDENCE_FOR_SELECTION,3,True,True,0.843,0.921,INSUFFICIENT_EVIDENCE_FOR_SELECTION
XO.LD45..HH.2018.07.21.08.02.34,S,main,ABSTAIN,INSUFFICIENT_EVIDENCE_FOR_SELECTION,2,False,False,0.843,0.882,INSUFFICIENT_EVIDENCE_FOR_SELECTION
XO.LT13..HH.2018.07.21.08.02.47,P,main,FUSE,AUTO_FUSE,3,True,False,0.797,0.887,FUSE_CONSENSUS_CLUSTER
XO.LT12..HH.2018.07.21.08.02.53,P,main,FUSE,AUTO_FUSE,3,True,True,0.855,0.942,FUSE_CONSENSUS_CLUSTER
XO.LT18..HH.2018.07.21.08.14.41,P,main,FUSE,AUTO_FUSE,4,True,True,0.768,0.957,FUSE_CONSENSUS_CLUSTER
XO.LT18..HH.2018.07.21.08.14.41,S,main,ABSTAIN,NO_DECISIVE_EVIDENCE_BETWEEN_MODELS,3,True,True,0.844,0.957,NO_DECISIVE_EVIDENCE_BETWEEN_MODELS
XO.LD44..HH.2018.07.21.08.14.48,P,holdout,FUSE,AUTO_FUSE,4,True,True,0.802,0.956,FUSE_CONSENSUS_CLUSTER
XO.LA32..HH.2018.07.21.08.15.01,P,holdout,ABSTAIN,INSUFFICIENT_EVIDENCE_FOR_SELECTION,1,True,True,0.601,0.601,INSUFFICIENT_EVIDENCE_FOR_SELECTION
XO.LA32..HH.2018.07.21.08.15.01,S,holdout,ABSTAIN,NO_DECISIVE_EVIDENCE_BETWEEN_MODELS,3,True,False,0.457,0.7,NO_DECISIVE_EVIDENCE_BETWEEN_MODELS
XO.WD67..HH.2018.07.21.08.15.06,P,main,ABSTAIN,INSUFFICIENT_EVIDENCE_FOR_SELECTION,3,True,True,0.801,0.944,INSUFFICIENT_EVIDENCE_FOR_SELECTION
XO.LT10..HH.2018.07.21.08.15.11,P,main,FUSE,AUTO_FUSE,3,True,True,0.712,0.828,FUSE_CONSENSUS_CLUSTER
XO.LT10..HH.2018.07.21.08.15.11,S,main,FUSE,AUTO_FUSE,3,True,True,0.712,0.828,FUSE_CONSENSUS_CLUSTER
XO.LT17..HH.2018.07.21.08.28.08,P,main,FUSE,AUTO_FUSE,3,True,True,0.862,0.952,FUSE_CONSENSUS_CLUSTER
XO.LT17..HH.2018.07.21.08.28.08,S,main,FUSE,AUTO_FUSE,3,True,True,0.862,0.952,FUSE_CONSENSUS_CLUSTER
XO.WD68..HH.2018.07.21.08.28.22,P,main,ABSTAIN,INSUFFICIENT_EVIDENCE_FOR_SELECTION,3,True,True,0.847,0.946,INSUFFICIENT_EVIDENCE_FOR_SELECTION
XO.LT18..HH.2018.07.21.10.05.24,P,main,FUSE,AUTO_FUSE,3,True,True,0.854,0.956,FUSE_CONSENSUS_CLUSTER
XO.LT18..HH.2018.07.21.10.05.24,S,main,ABSTAIN,NO_DECISIVE_EVIDENCE_BETWEEN_MODELS,3,True,False,0.854,0.956,NO_DECISIVE_EVIDENCE_BETWEEN_MODELS
XO.LT20..HH.2018.07.21.10.05.27,P,main,ABSTAIN,INSUFFICIENT_EVIDENCE_FOR_SELECTION,3,True,False,0.644,0.93,INSUFFICIENT_EVIDENCE_FOR_SELECTION
XO.LT20..HH.2018.07.21.10.05.27,S,main,ABSTAIN,INSUFFICIENT_EVIDENCE_FOR_SELECTION,3,True,True,0.644,0.93,INSUFFICIENT_EVIDENCE_FOR_SELECTION
XO.WD69..HH.2018.07.21.10.05.28,P,main,ABSTAIN,INSUFFICIENT_EVIDENCE_FOR_SELECTION,3,True,True,0.823,0.947,INSUFFICIENT_EVIDENCE_FOR_SELECTION
XO.WD65..HH.2018.07.21.10.05.43,P,main,ABSTAIN,INSUFFICIENT_EVIDENCE_FOR_SELECTION,3,True,True,0.853,0.952,INSUFFICIENT_EVIDENCE_FOR_SELECTION
XO.WD59..HH.2018.07.21.10.09.31,P,main,ABSTAIN,NO_DECISIVE_EVIDENCE_BETWEEN_MODELS,4,True,False,0.595,0.938,NO_DECISIVE_EVIDENCE_BETWEEN_MODELS
XO.LD45..HH.2018.07.21.11.48.06,P,main,ABSTAIN,CONSENSUS_WITHOUT_ADMISSIBLE_FUSION,4,True,True,0.637,0.953,MODEL_CONSENSUS|FUSION_CALIBRATED_CONFIDENCE_BELOW_FLOOR|FUSION_NOT_ALLOWED|CONSENSUS_WITHOUT_ADMISSIBLE_FUSION
XO.LT13..HH.2018.07.21.11.48.19,P,main,FUSE,AUTO_FUSE,3,True,True,0.789,0.904,FUSE_CONSENSUS_CLUSTER
XO.LT16..HH.2018.07.21.11.48.22,P,main,FUSE,AUTO_FUSE,3,True,True,0.703,0.893,FUSE_CONSENSUS_CLUSTER
XO.LT01..HH.2018.07.21.06.55.54,S,main,ABSTAIN,CONSENSUS_WITHOUT_ADMISSIBLE_FUSION,3,True,False,0.698,0.854,MODEL_CONSENSUS|MODEL_OUTLIER_DETECTED|FUSION_CALIBRATED_CONFIDENCE_BELOW_FLOOR|FUSION_NOT_ALLOWED|CONSENSUS_WITHOUT_ADMISSIBLE_FUSION
XO.LD40..HH.2018.07.21.07.49.29,P,main,ABSTAIN,INSUFFICIENT_EVIDENCE_FOR_SELECTION,3,True,True,0.754,0.83,INSUFFICIENT_EVIDENCE_FOR_SELECTION
XO.LD40..HH.2018.07.21.07.49.29,S,main,ABSTAIN,INSUFFICIENT_EVIDENCE_FOR_SELECTION,3,True,False,0.754,0.83,INSUFFICIENT_EVIDENCE_FOR_SELECTION
XO.LT20..HH.2018.07.21.08.21.14,P,holdout,ABSTAIN,INSUFFICIENT_EVIDENCE_FOR_SELECTION,3,True,True,0.814,0.922,INSUFFICIENT_EVIDENCE_FOR_SELECTION
XO.LT20..HH.2018.07.21.08.21.14,S,holdout,ABSTAIN,INSUFFICIENT_EVIDENCE_FOR_SELECTION,3,True,False,0.814,0.922,INSUFFICIENT_EVIDENCE_FOR_SELECTION
XO.LT18..HH.2018.07.21.09.52.12,P,main,FUSE,AUTO_FUSE,3,True,True,0.835,0.947,FUSE_CONSENSUS_CLUSTER
XO.LT18..HH.2018.07.21.09.52.12,S,main,ABSTAIN,NO_DECISIVE_EVIDENCE_BETWEEN_MODELS,2,True,False,0.835,0.859,NO_DECISIVE_EVIDENCE_BETWEEN_MODELS
XO.LD44..HH.2018.07.21.09.52.29,S,main,ABSTAIN,INSUFFICIENT_EVIDENCE_FOR_SELECTION,3,True,True,0.852,0.909,INSUFFICIENT_EVIDENCE_FOR_SELECTION
XO.LA34..HH.2018.07.21.09.52.42,S,main,ABSTAIN,CONSENSUS_WITHOUT_ADMISSIBLE_FUSION,3,True,True,0.587,0.835,MODEL_CONSENSUS|FUSION_CALIBRATED_CONFIDENCE_BELOW_FLOOR|FUSION_NOT_ALLOWED|CONSENSUS_WITHOUT_ADMISSIBLE_FUSION
XO.LT04..HH.2018.07.21.16.10.26,S,main,ABSTAIN,CONSENSUS_WITHOUT_ADMISSIBLE_FUSION,3,True,True,0.66,0.74,MODEL_CONSENSUS|FUSION_CALIBRATED_CONFIDENCE_BELOW_FLOOR|FUSION_NOT_ALLOWED|CONSENSUS_WITHOUT_ADMISSIBLE_FUSION
XO.WD49..HH.2018.07.21.22.57.32,P,main,ABSTAIN,INSUFFICIENT_EVIDENCE_FOR_SELECTION,3,True,False,0.801,0.945,INSUFFICIENT_EVIDENCE_FOR_SELECTION
XO.LT01..HH.2018.07.21.22.57.52,S,main,ABSTAIN,NO_DECISIVE_EVIDENCE_BETWEEN_MODELS,3,True,False,0.748,0.833,NO_DECISIVE_EVIDENCE_BETWEEN_MODELS
XO.WS75..HH.2018.07.22.00.28.35,S,main,ABSTAIN,INSUFFICIENT_EVIDENCE_FOR_SELECTION,3,True,True,0.849,0.936,INSUFFICIENT_EVIDENCE_FOR_SELECTION
XO.LT17..HH.2018.07.22.00.27.59,P,main,FUSE,AUTO_FUSE,3,True,False,0.818,0.887,FUSE_CONSENSUS_CLUSTER
XO.LT17..HH.2018.07.22.00.27.59,S,main,FUSE,AUTO_FUSE,3,True,True,0.818,0.887,FUSE_CONSENSUS_CLUSTER
XO.LT12..HH.2018.07.22.00.27.48,P,holdout,FUSE,AUTO_FUSE,3,True,True,0.858,0.953,FUSE_CONSENSUS_CLUSTER
XO.WD62..HH.2018.07.22.00.28.09,P,main,ABSTAIN,INSUFFICIENT_EVIDENCE_FOR_SELECTION,3,True,True,0.858,0.952,INSUFFICIENT_EVIDENCE_FOR_SELECTION
XO.WD58..HH.2018.07.22.00.28.10,P,main,ABSTAIN,INSUFFICIENT_EVIDENCE_FOR_SELECTION,3,True,True,0.856,0.954,INSUFFICIENT_EVIDENCE_FOR_SELECTION
XO.LT04..HH.2018.07.22.16.21.10,P,main,ABSTAIN,CONSENSUS_WITHOUT_ADMISSIBLE_FUSION,4,True,True,0.608,0.954,MODEL_CONSENSUS|FUSION_CALIBRATED_CONFIDENCE_BELOW_FLOOR|FUSION_NOT_ALLOWED|CONSENSUS_WITHOUT_ADMISSIBLE_FUSION
XO.LT04..HH.2018.07.22.16.21.10,S,main,FUSE,AUTO_FUSE,3,True,True,0.86,0.954,FUSE_CONSENSUS_CLUSTER
XO.WS75..HH.2018.07.22.16.21.18,P,main,ABSTAIN,INSUFFICIENT_EVIDENCE_FOR_SELECTION,3,True,True,0.855,0.949,INSUFFICIENT_EVIDENCE_FOR_SELECTION
XO.WS75..HH.2018.07.22.16.21.18,S,main,ABSTAIN,INSUFFICIENT_EVIDENCE_FOR_SELECTION,3,True,False,0.855,0.949,INSUFFICIENT_EVIDENCE_FOR_SELECTION
XO.LD41..HH.2018.07.22.16.21.19,P,main,ABSTAIN,INSUFFICIENT_EVIDENCE_FOR_SELECTION,3,True,True,0.858,0.955,INSUFFICIENT_EVIDENCE_FOR_SELECTION
XO.LT20..HH.2018.07.22.16.21.20,P,main,ABSTAIN,INSUFFICIENT_EVIDENCE_FOR_SELECTION,3,True,True,0.729,0.93,INSUFFICIENT_EVIDENCE_FOR_SELECTION
XO.LT20..HH.2018.07.22.17.12.47,P,main,ABSTAIN,INSUFFICIENT_EVIDENCE_FOR_SELECTION,3,True,True,0.829,0.952,INSUFFICIENT_EVIDENCE_FOR_SELECTION
XO.LT20..HH.2018.07.22.17.12.47,S,main,ABSTAIN,INSUFFICIENT_EVIDENCE_FOR_SELECTION,3,True,True,0.829,0.952,INSUFFICIENT_EVIDENCE_FOR_SELECTION
XO.WD68..HH.2018.07.22.17.12.59,P,main,ABSTAIN,CONSENSUS_WITHOUT_ADMISSIBLE_FUSION,4,True,True,0.581,0.956,MODEL_CONSENSUS|FUSION_CALIBRATED_CONFIDENCE_BELOW_FLOOR|FUSION_NOT_ALLOWED|CONSENSUS_WITHOUT_ADMISSIBLE_FUSION
XO.WD68..HH.2018.07.22.17.12.59,S,main,ABSTAIN,INSUFFICIENT_EVIDENCE_FOR_SELECTION,3,True,True,0.852,0.956,INSUFFICIENT_EVIDENCE_FOR_SELECTION
XO.LA30..HH.2018.07.22.17.13.08,P,main,ABSTAIN,CONSENSUS_WITHOUT_ADMISSIBLE_FUSION,3,True,True,0.586,0.925,MODEL_CONSENSUS|FUSION_CALIBRATED_CONFIDENCE_BELOW_FLOOR|FUSION_NOT_ALLOWED|CONSENSUS_WITHOUT_ADMISSIBLE_FUSION
XO.LA30..HH.2018.07.22.17.13.08,S,main,ABSTAIN,NO_DECISIVE_EVIDENCE_BETWEEN_MODELS,3,False,False,0.586,0.925,NO_DECISIVE_EVIDENCE_BETWEEN_MODELS
XO.LD36..HH.2018.07.22.17.13.23,P,main,ABSTAIN,INSUFFICIENT_EVIDENCE_FOR_SELECTION,3,True,False,0.613,0.941,INSUFFICIENT_EVIDENCE_FOR_SELECTION
XO.LT12..HH.2018.07.23.11.32.01,P,main,FUSE,AUTO_FUSE,3,True,True,0.854,0.95,FUSE_CONSENSUS_CLUSTER
XO.WD61..HH.2018.07.23.11.32.03,P,main,ABSTAIN,INSUFFICIENT_EVIDENCE_FOR_SELECTION,3,True,True,0.857,0.951,INSUFFICIENT_EVIDENCE_FOR_SELECTION
XO.LA21..HH.2018.07.23.11.32.04,P,holdout,FUSE,AUTO_FUSE,3,True,True,0.817,0.94,FUSE_CONSENSUS_CLUSTER
XO.LT18..HH.2018.07.23.14.43.47,P,main,FUSE,AUTO_FUSE,3,True,True,0.837,0.931,FUSE_CONSENSUS_CLUSTER
XO.LT20..HH.2018.07.23.14.47.03,P,main,ABSTAIN,INSUFFICIENT_EVIDENCE_FOR_SELECTION,3,True,True,0.778,0.885,INSUFFICIENT_EVIDENCE_FOR_SELECTION
XO.LT20..HH.2018.07.23.14.47.03,S,main,ABSTAIN,INSUFFICIENT_EVIDENCE_FOR_SELECTION,3,True,True,0.778,0.885,INSUFFICIENT_EVIDENCE_FOR_SELECTION
XO.LT15..HH.2018.07.24.04.12.07,P,main,ABSTAIN,CONSENSUS_WITHOUT_ADMISSIBLE_FUSION,4,True,False,0.685,0.952,MODEL_CONSENSUS|MODEL_OUTLIER_DETECTED|FUSION_CALIBRATED_CONFIDENCE_BELOW_FLOOR|FUSION_NOT_ALLOWED|CONSENSUS_WITHOUT_ADMISSIBLE_FUSION
XO.LT15..HH.2018.07.24.04.12.07,S,main,FUSE,AUTO_FUSE,4,True,False,0.685,0.952,FUSE_CONSENSUS_CLUSTER
XO.LT17..HH.2018.07.24.04.12.25,P,main,FUSE,AUTO_FUSE,3,True,False,0.723,0.932,FUSE_CONSENSUS_CLUSTER
XO.WS75..HH.2018.07.24.04.12.27,P,main,ABSTAIN,CONSENSUS_WITHOUT_ADMISSIBLE_FUSION,4,True,True,0.618,0.949,MODEL_CONSENSUS|FUSION_CALIBRATED_CONFIDENCE_BELOW_FLOOR|FUSION_NOT_ALLOWED|CONSENSUS_WITHOUT_ADMISSIBLE_FUSION
XO.WD63..HH.2018.07.24.04.12.34,P,holdout,ABSTAIN,NO_DECISIVE_EVIDENCE_BETWEEN_MODELS,4,False,False,0.593,0.913,NO_DECISIVE_EVIDENCE_BETWEEN_MODELS
XO.LT09..HH.2018.07.24.04.16.32,P,main,FUSE,AUTO_FUSE,4,True,True,0.706,0.951,FUSE_CONSENSUS_CLUSTER
XO.LT09..HH.2018.07.24.04.16.32,S,main,FUSE,AUTO_FUSE,4,True,True,0.706,0.951,FUSE_CONSENSUS_CLUSTER
XO.LT15..HH.2018.07.24.04.16.32,P,main,FUSE,AUTO_FUSE,3,True,True,0.852,0.955,FUSE_CONSENSUS_CLUSTER
XO.LT15..HH.2018.07.24.04.16.32,S,main,FUSE,AUTO_FUSE,3,True,True,0.852,0.955,FUSE_CONSENSUS_CLUSTER
XO.LT10..HH.2018.07.24.04.16.34,P,main,FUSE,AUTO_FUSE,4,True,True,0.835,0.953,FUSE_CONSENSUS_CLUSTER
XO.LT10..HH.2018.07.24.04.16.34,S,main,FUSE,AUTO_FUSE,3,True,True,0.847,0.953,FUSE_CONSENSUS_CLUSTER
XO.LD45..HH.2018.07.24.04.16.50,P,holdout,ABSTAIN,INSUFFICIENT_EVIDENCE_FOR_SELECTION,3,True,True,0.818,0.898,INSUFFICIENT_EVIDENCE_FOR_SELECTION
XO.LD45..HH.2018.07.24.04.16.50,S,holdout,ABSTAIN,INSUFFICIENT_EVIDENCE_FOR_SELECTION,3,True,False,0.818,0.898,INSUFFICIENT_EVIDENCE_FOR_SELECTION
XO.LD44..HH.2018.07.24.04.16.51,P,main,ABSTAIN,INSUFFICIENT_EVIDENCE_FOR_SELECTION,3,True,True,0.819,0.887,INSUFFICIENT_EVIDENCE_FOR_SELECTION
XO.LD44..HH.2018.07.24.04.16.51,S,main,ABSTAIN,INSUFFICIENT_EVIDENCE_FOR_SELECTION,3,True,False,0.819,0.887,INSUFFICIENT_EVIDENCE_FOR_SELECTION
XO.WD58..HH.2018.07.24.04.16.52,P,main,ABSTAIN,CONSENSUS_WITHOUT_ADMISSIBLE_FUSION,4,True,True,0.651,0.954,MODEL_CONSENSUS|FUSION_CALIBRATED_CONFIDENCE_BELOW_FLOOR|FUSION_NOT_ALLOWED|CONSENSUS_WITHOUT_ADMISSIBLE_FUSION
XO.WD58..HH.2018.07.24.04.16.52,S,main,ABSTAIN,INSUFFICIENT_EVIDENCE_FOR_SELECTION,3,True,True,0.851,0.954,INSUFFICIENT_EVIDENCE_FOR_SELECTION
XO.WD53..HH.2018.07.24.04.17.03,P,main,ABSTAIN,NO_DECISIVE_EVIDENCE_BETWEEN_MODELS,4,True,True,0.604,0.949,NO_DECISIVE_EVIDENCE_BETWEEN_MODELS
XO.LA25..HH.2018.07.24.14.29.30,P,main,ABSTAIN,NO_DECISIVE_EVIDENCE_BETWEEN_MODELS,3,True,False,0.461,0.913,NO_DECISIVE_EVIDENCE_BETWEEN_MODELS
XO.LA25..HH.2018.07.24.14.29.30,S,main,ABSTAIN,NO_DECISIVE_EVIDENCE_BETWEEN_MODELS,2,True,False,0.461,0.882,NO_DECISIVE_EVIDENCE_BETWEEN_MODELS
XO.WD62..HH.2018.07.24.14.29.24,P,holdout,FUSE,AUTO_FUSE,4,True,True,0.7,0.951,FUSE_CONSENSUS_CLUSTER
XO.WD62..HH.2018.07.24.14.29.24,S,holdout,ABSTAIN,INSUFFICIENT_EVIDENCE_FOR_SELECTION,3,True,False,0.854,0.951,INSUFFICIENT_EVIDENCE_FOR_SELECTION
XO.WD69..HH.2018.07.24.14.29.03,P,main,ABSTAIN,INSUFFICIENT_EVIDENCE_FOR_SELECTION,3,True,True,0.851,0.95,INSUFFICIENT_EVIDENCE_FOR_SELECTION
XO.WD69..HH.2018.07.24.14.29.03,S,main,ABSTAIN,INSUFFICIENT_EVIDENCE_FOR_SELECTION,3,True,False,0.851,0.95,INSUFFICIENT_EVIDENCE_FOR_SELECTION
XO.LA33..HH.2018.07.24.15.50.41,P,main,FUSE,AUTO_FUSE,3,True,True,0.854,0.953,FUSE_CONSENSUS_CLUSTER
XO.LA30..HH.2018.07.24.15.50.43,P,main,ABSTAIN,CONSENSUS_WITHOUT_ADMISSIBLE_FUSION,3,True,True,0.586,0.919,MODEL_CONSENSUS|FUSION_CALIBRATED_CONFIDENCE_BELOW_FLOOR|FUSION_NOT_ALLOWED|CONSENSUS_WITHOUT_ADMISSIBLE_FUSION
XO.LT14..HH.2018.07.24.15.50.44,P,main,FUSE,AUTO_FUSE,3,True,False,0.815,0.912,FUSE_CONSENSUS_CLUSTER
XO.LT15..HH.2018.07.24.15.50.47,S,main,FUSE,AUTO_FUSE,3,True,False,0.783,0.854,FUSE_CONSENSUS_CLUSTER
XO.WD68..HH.2018.07.24.15.50.55,P,main,ABSTAIN,INSUFFICIENT_EVIDENCE_FOR_SELECTION,3,True,True,0.798,0.89,INSUFFICIENT_EVIDENCE_FOR_SELECTION
XO.WD68..HH.2018.07.24.15.50.55,S,main,ABSTAIN,INSUFFICIENT_EVIDENCE_FOR_SELECTION,3,True,False,0.798,0.89,INSUFFICIENT_EVIDENCE_FOR_SELECTION
XO.WD63..HH.2018.07.24.15.50.59,P,main,ABSTAIN,INSUFFICIENT_EVIDENCE_FOR_SELECTION,3,True,True,0.776,0.863,INSUFFICIENT_EVIDENCE_FOR_SELECTION
XO.WD63..HH.2018.07.24.15.50.59,S,main,ABSTAIN,INSUFFICIENT_EVIDENCE_FOR_SELECTION,3,True,False,0.776,0.863,INSUFFICIENT_EVIDENCE_FOR_SELECTION
XO.WD67..HH.2018.07.24.15.51.05,P,main,ABSTAIN,INSUFFICIENT_EVIDENCE_FOR_SELECTION,3,True,False,0.835,0.889,INSUFFICIENT_EVIDENCE_FOR_SELECTION
XO.WD67..HH.2018.07.24.15.51.05,S,main,ABSTAIN,INSUFFICIENT_EVIDENCE_FOR_SELECTION,3,True,False,0.835,0.889,INSUFFICIENT_EVIDENCE_FOR_SELECTION
XO.WD64..HH.2018.07.24.15.51.38,S,main,ABSTAIN,INSUFFICIENT_EVIDENCE_FOR_SELECTION,3,True,True,0.725,0.829,INSUFFICIENT_EVIDENCE_FOR_SELECTION
XO.WD55..HH.2018.07.24.04.19.19,S,holdout,ABSTAIN,INSUFFICIENT_EVIDENCE_FOR_SELECTION,3,True,True,0.751,0.831,INSUFFICIENT_EVIDENCE_FOR_SELECTION
XO.LT12..HH.2018.07.24.04.18.21,P,main,FUSE,AUTO_FUSE,4,True,True,0.832,0.957,FUSE_CONSENSUS_CLUSTER
XO.LT12..HH.2018.07.24.04.18.21,S,main,FUSE,AUTO_FUSE,4,True,True,0.832,0.957,FUSE_CONSENSUS_CLUSTER
XO.LT14..HH.2018.07.24.04.18.28,P,main,FUSE,AUTO_FUSE,3,True,True,0.807,0.945,FUSE_CONSENSUS_CLUSTER
XO.LA33..HH.2018.07.24.04.18.32,P,main,FUSE,AUTO_FUSE,3,True,True,0.843,0.939,FUSE_CONSENSUS_CLUSTER
XO.LA33..HH.2018.07.24.04.18.32,S,main,FUSE,AUTO_FUSE,3,True,True,0.843,0.939,FUSE_CONSENSUS_CLUSTER
XO.LT13..HH.2018.07.24.04.13.05,P,main,FUSE,AUTO_FUSE,3,True,True,0.85,0.942,FUSE_CONSENSUS_CLUSTER
XO.LT13..HH.2018.07.24.04.13.05,S,main,FUSE,AUTO_FUSE,3,False,False,0.85,0.942,FUSE_CONSENSUS_CLUSTER
XO.LT16..HH.2018.07.24.04.13.08,P,main,ABSTAIN,INSUFFICIENT_EVIDENCE_FOR_SELECTION,1,False,False,0.283,0.283,INSUFFICIENT_EVIDENCE_FOR_SELECTION
XO.WD46..HH.2018.07.24.20.21.13,P,main,ABSTAIN,INSUFFICIENT_EVIDENCE_FOR_SELECTION,1,False,False,0.712,0.712,INSUFFICIENT_EVIDENCE_FOR_SELECTION
XO.WD56..HH.2018.07.24.20.21.44,P,holdout,ABSTAIN,INSUFFICIENT_EVIDENCE_FOR_SELECTION,3,True,True,0.79,0.848,INSUFFICIENT_EVIDENCE_FOR_SELECTION
XO.WS74..HH.2018.07.25.04.07.49,P,main,ABSTAIN,INSUFFICIENT_EVIDENCE_FOR_SELECTION,3,True,True,0.682,0.838,INSUFFICIENT_EVIDENCE_FOR_SELECTION
XO.WD68..HH.2018.07.25.04.07.52,P,main,ABSTAIN,INSUFFICIENT_EVIDENCE_FOR_SELECTION,3,True,True,0.852,0.942,INSUFFICIENT_EVIDENCE_FOR_SELECTION
XO.LA28..HH.2018.07.25.21.38.27,P,main,ABSTAIN,NO_DECISIVE_EVIDENCE_BETWEEN_MODELS,4,True,False,0.605,0.936,NO_DECISIVE_EVIDENCE_BETWEEN_MODELS
XO.LA28..HH.2018.07.25.21.38.27,S,main,ABSTAIN,NO_DECISIVE_EVIDENCE_BETWEEN_MODELS,3,True,False,0.705,0.936,NO_DECISIVE_EVIDENCE_BETWEEN_MODELS
XO.WD66..HH.2018.07.25.21.37.52,P,main,ABSTAIN,CONSENSUS_WITHOUT_ADMISSIBLE_FUSION,4,True,True,0.685,0.956,MODEL_CONSENSUS|FUSION_CALIBRATED_CONFIDENCE_BELOW_FLOOR|FUSION_NOT_ALLOWED|CONSENSUS_WITHOUT_ADMISSIBLE_FUSION
XO.LD44..HH.2018.07.25.21.37.59,P,holdout,FUSE,AUTO_FUSE,4,True,True,0.816,0.953,FUSE_CONSENSUS_CLUSTER
XO.LD44..HH.2018.07.25.21.37.59,S,holdout,ABSTAIN,INSUFFICIENT_EVIDENCE_FOR_SELECTION,3,True,True,0.848,0.953,INSUFFICIENT_EVIDENCE_FOR_SELECTION
XO.LT20..HH.2018.07.25.21.38.17,P,holdout,ABSTAIN,INSUFFICIENT_EVIDENCE_FOR_SELECTION,3,False,False,0.67,0.785,INSUFFICIENT_EVIDENCE_FOR_SELECTION
XO.LA25..HH.2018.07.25.21.38.31,P,main,ABSTAIN,CONSENSUS_WITHOUT_ADMISSIBLE_FUSION,3,True,True,0.414,0.939,MODEL_CONSENSUS|FUSION_CALIBRATED_CONFIDENCE_BELOW_FLOOR|FUSION_NOT_ALLOWED|CONSENSUS_WITHOUT_ADMISSIBLE_FUSION
XO.LT16..HH.2018.07.25.04.14.41,P,main,FUSE,AUTO_FUSE,3,True,True,0.852,0.919,FUSE_CONSENSUS_CLUSTER
XO.LT16..HH.2018.07.25.04.14.41,S,main,FUSE,AUTO_FUSE,3,True,True,0.852,0.919,FUSE_CONSENSUS_CLUSTER
XO.WD66..HH.2018.07.25.18.33.52,P,holdout,FUSE,AUTO_FUSE,4,True,True,0.714,0.956,FUSE_CONSENSUS_CLUSTER
XO.LD44..HH.2018.07.25.18.33.58,P,holdout,FUSE,AUTO_FUSE,4,True,True,0.748,0.951,FUSE_CONSENSUS_CLUSTER
XO.LD44..HH.2018.07.25.18.33.58,S,holdout,ABSTAIN,INSUFFICIENT_EVIDENCE_FOR_SELECTION,3,True,True,0.854,0.951,INSUFFICIENT_EVIDENCE_FOR_SELECTION
XO.WD68..HH.2018.07.25.18.33.58,P,main,ABSTAIN,CONSENSUS_WITHOUT_ADMISSIBLE_FUSION,4,True,True,0.585,0.955,MODEL_CONSENSUS|FUSION_CALIBRATED_CONFIDENCE_BELOW_FLOOR|FUSION_NOT_ALLOWED|CONSENSUS_WITHOUT_ADMISSIBLE_FUSION
XO.WD68..HH.2018.07.25.18.33.58,S,main,ABSTAIN,INSUFFICIENT_EVIDENCE_FOR_SELECTION,3,True,True,0.846,0.955,INSUFFICIENT_EVIDENCE_FOR_SELECTION
XO.WD52..HH.2018.07.25.18.34.03,P,holdout,ABSTAIN,INSUFFICIENT_EVIDENCE_FOR_SELECTION,3,True,True,0.849,0.949,INSUFFICIENT_EVIDENCE_FOR_SELECTION
XO.WD52..HH.2018.07.25.18.34.03,S,holdout,ABSTAIN,INSUFFICIENT_EVIDENCE_FOR_SELECTION,3,True,False,0.849,0.949,INSUFFICIENT_EVIDENCE_FOR_SELECTION
XO.LA21..HH.2018.07.25.18.34.32,P,main,FUSE,AUTO_FUSE,4,True,True,0.643,0.944,FUSE_CONSENSUS_CLUSTER
XO.LD40..HH.2018.07.26.10.55.02,P,main,ABSTAIN,INSUFFICIENT_EVIDENCE_FOR_SELECTION,3,False,False,0.835,0.899,INSUFFICIENT_EVIDENCE_FOR_SELECTION
XO.LD40..HH.2018.07.26.10.55.02,S,main,ABSTAIN,INSUFFICIENT_EVIDENCE_FOR_SELECTION,3,True,True,0.835,0.899,INSUFFICIENT_EVIDENCE_FOR_SELECTION
XO.WD70..HH.2018.07.26.10.54.53,P,main,ABSTAIN,INSUFFICIENT_EVIDENCE_FOR_SELECTION,3,True,True,0.844,0.955,INSUFFICIENT_EVIDENCE_FOR_SELECTION
XO.LA29..HH.2018.07.26.11.38.26,S,holdout,ABSTAIN,CONSENSUS_WITHOUT_ADMISSIBLE_FUSION,3,True,True,0.681,0.83,MODEL_CONSENSUS|FUSION_CALIBRATED_CONFIDENCE_BELOW_FLOOR|FUSION_NOT_ALLOWED|CONSENSUS_WITHOUT_ADMISSIBLE_FUSION
XO.LA29..HH.2018.07.26.08.11.03,P,main,FUSE,AUTO_FUSE,2,False,False,0.836,0.892,FUSE_CONSENSUS_CLUSTER
XO.LA29..HH.2018.07.26.08.11.03,S,main,FUSE,AUTO_FUSE,3,True,True,0.836,0.924,FUSE_CONSENSUS_CLUSTER
XO.LA26..HH.2018.07.26.08.11.23,S,main,ABSTAIN,CONSENSUS_WITHOUT_ADMISSIBLE_FUSION,3,True,True,0.7,0.806,MODEL_CONSENSUS|FUSION_CALIBRATED_CONFIDENCE_BELOW_FLOOR|FUSION_NOT_ALLOWED|CONSENSUS_WITHOUT_ADMISSIBLE_FUSION
XO.WD50..HH.2018.07.26.15.26.07,P,main,ABSTAIN,INSUFFICIENT_EVIDENCE_FOR_SELECTION,3,True,True,0.776,0.946,INSUFFICIENT_EVIDENCE_FOR_SELECTION
XO.WD50..HH.2018.07.26.15.26.07,S,main,ABSTAIN,INSUFFICIENT_EVIDENCE_FOR_SELECTION,3,True,True,0.776,0.946,INSUFFICIENT_EVIDENCE_FOR_SELECTION
XO.LD38..HH.2018.07.26.15.26.05,P,main,ABSTAIN,INSUFFICIENT_EVIDENCE_FOR_SELECTION,3,True,True,0.862,0.931,INSUFFICIENT_EVIDENCE_FOR_SELECTION
XO.LD38..HH.2018.07.26.15.26.05,S,main,ABSTAIN,INSUFFICIENT_EVIDENCE_FOR_SELECTION,3,True,False,0.862,0.931,INSUFFICIENT_EVIDENCE_FOR_SELECTION
XO.LA25..HH.2018.07.27.17.13.11,P,holdout,ABSTAIN,INSUFFICIENT_EVIDENCE_FOR_SELECTION,2,True,True,0.842,0.922,INSUFFICIENT_EVIDENCE_FOR_SELECTION
XO.LA25..HH.2018.07.27.17.13.11,S,holdout,ABSTAIN,INSUFFICIENT_EVIDENCE_FOR_SELECTION,2,True,True,0.842,0.922,INSUFFICIENT_EVIDENCE_FOR_SELECTION
XO.WD51..HH.2018.07.27.17.13.32,S,main,ABSTAIN,INSUFFICIENT_EVIDENCE_FOR_SELECTION,3,True,True,0.408,0.84,INSUFFICIENT_EVIDENCE_FOR_SELECTION
XO.LA23..HH.2018.07.27.17.13.42,S,main,ABSTAIN,NO_DECISIVE_EVIDENCE_BETWEEN_MODELS,3,True,False,0.469,0.842,NO_DECISIVE_EVIDENCE_BETWEEN_MODELS
XO.LA39..HH.2018.07.27.22.32.01,P,main,FUSE,AUTO_FUSE,3,True,True,0.857,0.954,FUSE_CONSENSUS_CLUSTER
XO.LA39..HH.2018.07.27.22.32.01,S,main,FUSE,AUTO_FUSE,3,True,True,0.857,0.954,FUSE_CONSENSUS_CLUSTER
XO.WD56..HH.2018.07.27.22.32.10,P,holdout,ABSTAIN,INSUFFICIENT_EVIDENCE_FOR_SELECTION,0,False,False,,,INSUFFICIENT_EVIDENCE_FOR_SELECTION
XO.WD46..HH.2018.07.27.00.53.08,P,main,ABSTAIN,INSUFFICIENT_EVIDENCE_FOR_SELECTION,1,False,False,0.698,0.698,INSUFFICIENT_EVIDENCE_FOR_SELECTION
XO.WD70..HH.2018.07.27.00.53.16,P,holdout,ABSTAIN,INSUFFICIENT_EVIDENCE_FOR_SELECTION,3,True,True,0.836,0.952,INSUFFICIENT_EVIDENCE_FOR_SELECTION
XO.WD70..HH.2018.07.27.00.53.16,S,holdout,ABSTAIN,INSUFFICIENT_EVIDENCE_FOR_SELECTION,3,True,False,0.836,0.952,INSUFFICIENT_EVIDENCE_FOR_SELECTION
XO.WD54..HH.2018.07.27.00.53.02,P,main,ABSTAIN,CONSENSUS_WITHOUT_ADMISSIBLE_FUSION,4,True,True,0.698,0.956,MODEL_CONSENSUS|FUSION_CALIBRATED_CONFIDENCE_BELOW_FLOOR|FUSION_NOT_ALLOWED|CONSENSUS_WITHOUT_ADMISSIBLE_FUSION
XO.WD54..HH.2018.07.27.00.53.02,S,main,ABSTAIN,CONSENSUS_WITHOUT_ADMISSIBLE_FUSION,4,True,True,0.698,0.956,MODEL_CONSENSUS|FUSION_CALIBRATED_CONFIDENCE_BELOW_FLOOR|FUSION_NOT_ALLOWED|CONSENSUS_WITHOUT_ADMISSIBLE_FUSION
XO.WS72..HH.2018.07.27.12.47.55,P,holdout,ABSTAIN,INSUFFICIENT_EVIDENCE_FOR_SELECTION,3,True,False,0.787,0.874,INSUFFICIENT_EVIDENCE_FOR_SELECTION
XO.WD50..HH.2018.07.27.13.49.07,P,main,ABSTAIN,INSUFFICIENT_EVIDENCE_FOR_SELECTION,3,True,True,0.84,0.948,INSUFFICIENT_EVIDENCE_FOR_SELECTION
XO.WD50..HH.2018.07.27.13.49.07,S,main,ABSTAIN,INSUFFICIENT_EVIDENCE_FOR_SELECTION,3,True,True,0.84,0.948,INSUFFICIENT_EVIDENCE_FOR_SELECTION
XO.WD70..HH.2018.07.27.14.45.35,P,main,ABSTAIN,INSUFFICIENT_EVIDENCE_FOR_SELECTION,3,True,True,0.837,0.936,INSUFFICIENT_EVIDENCE_FOR_SELECTION
XO.WD70..HH.2018.07.27.14.45.35,S,main,ABSTAIN,INSUFFICIENT_EVIDENCE_FOR_SELECTION,3,True,False,0.837,0.936,INSUFFICIENT_EVIDENCE_FOR_SELECTION
XO.WS72..HH.2018.07.27.14.45.38,P,main,ABSTAIN,INSUFFICIENT_EVIDENCE_FOR_SELECTION,3,True,True,0.801,0.922,INSUFFICIENT_EVIDENCE_FOR_SELECTION
XO.WS72..HH.2018.07.27.14.45.38,S,main,ABSTAIN,INSUFFICIENT_EVIDENCE_FOR_SELECTION,3,True,True,0.801,0.922,INSUFFICIENT_EVIDENCE_FOR_SELECTION
XO.LT07..HH.2018.07.27.17.42.34,S,main,ABSTAIN,INSUFFICIENT_EVIDENCE_FOR_SELECTION,3,True,True,0.739,0.821,INSUFFICIENT_EVIDENCE_FOR_SELECTION
XO.LT20..HH.2018.07.27.20.02.37,P,main,ABSTAIN,NO_DECISIVE_EVIDENCE_BETWEEN_MODELS,4,True,False,0.648,0.93,NO_DECISIVE_EVIDENCE_BETWEEN_MODELS
XO.LT20..HH.2018.07.27.20.02.37,S,main,ABSTAIN,INSUFFICIENT_EVIDENCE_FOR_SELECTION,3,True,True,0.837,0.93,INSUFFICIENT_EVIDENCE_FOR_SELECTION
XO.LD45..HH.2018.07.28.12.21.53,P,holdout,FUSE,AUTO_FUSE,4,True,True,0.731,0.953,FUSE_CONSENSUS_CLUSTER
XO.LT13..HH.2018.07.28.12.21.57,P,main,FUSE,AUTO_FUSE,3,True,False,0.831,0.943,FUSE_CONSENSUS_CLUSTER
XO.LT13..HH.2018.07.28.12.21.57,S,main,FUSE,AUTO_FUSE,3,True,True,0.831,0.943,FUSE_CONSENSUS_CLUSTER
XO.LA33..HH.2018.07.28.12.21.59,P,holdout,ABSTAIN,CONSENSUS_WITHOUT_ADMISSIBLE_FUSION,4,True,True,0.584,0.955,MODEL_CONSENSUS|FUSION_CALIBRATED_CONFIDENCE_BELOW_FLOOR|FUSION_NOT_ALLOWED|CONSENSUS_WITHOUT_ADMISSIBLE_FUSION
XO.LA33..HH.2018.07.28.12.21.59,S,holdout,FUSE,AUTO_FUSE,3,True,True,0.857,0.955,FUSE_CONSENSUS_CLUSTER
XO.WD50..HH.2018.07.28.03.44.40,P,holdout,ABSTAIN,INSUFFICIENT_EVIDENCE_FOR_SELECTION,3,True,True,0.84,0.947,INSUFFICIENT_EVIDENCE_FOR_SELECTION
XO.WD50..HH.2018.07.28.03.44.40,S,holdout,ABSTAIN,INSUFFICIENT_EVIDENCE_FOR_SELECTION,3,True,True,0.84,0.947,INSUFFICIENT_EVIDENCE_FOR_SELECTION
XO.WS72..HH.2018.07.28.03.44.35,P,main,ABSTAIN,INSUFFICIENT_EVIDENCE_FOR_SELECTION,3,True,True,0.848,0.956,INSUFFICIENT_EVIDENCE_FOR_SELECTION
XO.WS72..HH.2018.07.28.03.44.35,S,main,ABSTAIN,INSUFFICIENT_EVIDENCE_FOR_SELECTION,3,True,False,0.848,0.956,INSUFFICIENT_EVIDENCE_FOR_SELECTION
XO.LT20..HH.2018.07.28.05.28.40,P,holdout,ROUTE,AUTO_ROUTE,3,True,False,0.782,0.915,ONLY_SURVIVOR_PhaseNet
XO.WD70..HH.2018.07.28.06.04.54,P,main,ABSTAIN,INSUFFICIENT_EVIDENCE_FOR_SELECTION,3,False,False,0.835,0.894,INSUFFICIENT_EVIDENCE_FOR_SELECTION
XO.WD54..HH.2018.07.28.06.04.55,S,main,ABSTAIN,INSUFFICIENT_EVIDENCE_FOR_SELECTION,3,True,True,0.835,0.948,INSUFFICIENT_EVIDENCE_FOR_SELECTION
XO.LA39..HH.2018.07.28.06.14.22,P,main,ABSTAIN,CONSENSUS_WITHOUT_ADMISSIBLE_FUSION,4,True,True,0.58,0.955,MODEL_CONSENSUS|FUSION_CALIBRATED_CONFIDENCE_BELOW_FLOOR|FUSION_NOT_ALLOWED|CONSENSUS_WITHOUT_ADMISSIBLE_FUSION
XO.LA39..HH.2018.07.28.06.14.22,S,main,FUSE,AUTO_FUSE,3,True,False,0.854,0.955,FUSE_CONSENSUS_CLUSTER
XO.LT06..HH.2018.07.29.12.23.19,P,main,FUSE,AUTO_FUSE,4,True,False,0.721,0.954,FUSE_CONSENSUS_CLUSTER
XO.LT06..HH.2018.07.29.12.23.19,S,main,FUSE,AUTO_FUSE,3,True,True,0.85,0.954,FUSE_CONSENSUS_CLUSTER
XO.WS71..HH.2018.07.29.12.23.26,P,main,FUSE,AUTO_FUSE,4,True,True,0.769,0.956,FUSE_CONSENSUS_CLUSTER
XO.WS71..HH.2018.07.29.12.23.26,S,main,ABSTAIN,INSUFFICIENT_EVIDENCE_FOR_SELECTION,3,True,True,0.852,0.956,INSUFFICIENT_EVIDENCE_FOR_SELECTION
XO.LT14..HH.2018.07.29.12.23.33,P,holdout,FUSE,AUTO_FUSE,3,True,True,0.854,0.948,FUSE_CONSENSUS_CLUSTER
XO.LT12..HH.2018.07.29.12.23.36,P,main,FUSE,AUTO_FUSE,3,True,True,0.86,0.954,FUSE_CONSENSUS_CLUSTER
XO.WD54..HH.2018.07.29.12.16.32,P,holdout,ABSTAIN,NO_DECISIVE_EVIDENCE_BETWEEN_MODELS,4,True,False,0.699,0.955,NO_DECISIVE_EVIDENCE_BETWEEN_MODELS
XO.WD54..HH.2018.07.29.12.16.32,S,holdout,ABSTAIN,INSUFFICIENT_EVIDENCE_FOR_SELECTION,3,True,True,0.858,0.955,INSUFFICIENT_EVIDENCE_FOR_SELECTION
XO.LT07..HH.2018.07.30.11.33.29,P,main,ABSTAIN,CONSENSUS_WITHOUT_ADMISSIBLE_FUSION,4,True,True,0.594,0.957,MODEL_CONSENSUS|FUSION_CALIBRATED_CONFIDENCE_BELOW_FLOOR|FUSION_NOT_ALLOWED|CONSENSUS_WITHOUT_ADMISSIBLE_FUSION
XO.LT07..HH.2018.07.30.11.33.29,S,main,FUSE,AUTO_FUSE,3,True,True,0.854,0.957,FUSE_CONSENSUS_CLUSTER
XO.LA30..HH.2018.07.30.11.33.47,P,main,FUSE,AUTO_FUSE,3,True,True,0.844,0.944,FUSE_CONSENSUS_CLUSTER
XO.LA32..HH.2018.07.30.11.33.50,P,main,FUSE,AUTO_FUSE,3,True,True,0.862,0.952,FUSE_CONSENSUS_CLUSTER
XO.LA32..HH.2018.07.30.11.33.50,S,main,FUSE,AUTO_FUSE,3,True,False,0.862,0.952,FUSE_CONSENSUS_CLUSTER
XO.WD58..HH.2018.07.30.11.33.55,P,holdout,ABSTAIN,INSUFFICIENT_EVIDENCE_FOR_SELECTION,3,True,True,0.858,0.955,INSUFFICIENT_EVIDENCE_FOR_SELECTION
XO.WD58..HH.2018.07.30.11.33.55,S,holdout,ABSTAIN,INSUFFICIENT_EVIDENCE_FOR_SELECTION,3,True,True,0.858,0.955,INSUFFICIENT_EVIDENCE_FOR_SELECTION
XO.LT15..HH.2018.07.30.11.34.05,S,holdout,FUSE,AUTO_FUSE,3,True,True,0.816,0.855,FUSE_CONSENSUS_CLUSTER
XO.WS75..HH.2018.07.30.11.34.05,P,main,ABSTAIN,INSUFFICIENT_EVIDENCE_FOR_SELECTION,3,True,True,0.855,0.942,INSUFFICIENT_EVIDENCE_FOR_SELECTION
XO.WS75..HH.2018.07.30.11.34.05,S,main,ABSTAIN,INSUFFICIENT_EVIDENCE_FOR_SELECTION,3,True,False,0.855,0.942,INSUFFICIENT_EVIDENCE_FOR_SELECTION
XO.WS72..HH.2018.07.30.23.50.10,P,main,ABSTAIN,INSUFFICIENT_EVIDENCE_FOR_SELECTION,3,True,True,0.836,0.955,INSUFFICIENT_EVIDENCE_FOR_SELECTION
XO.WS72..HH.2018.07.30.23.50.10,S,main,ABSTAIN,INSUFFICIENT_EVIDENCE_FOR_SELECTION,3,True,False,0.836,0.955,INSUFFICIENT_EVIDENCE_FOR_SELECTION
XO.WS71..HH.2018.07.30.23.50.19,P,main,ABSTAIN,INSUFFICIENT_EVIDENCE_FOR_SELECTION,2,True,False,0.823,0.86,INSUFFICIENT_EVIDENCE_FOR_SELECTION
XO.LD41..HH.2018.07.30.23.50.28,P,main,ABSTAIN,INSUFFICIENT_EVIDENCE_FOR_SELECTION,3,True,True,0.841,0.949,INSUFFICIENT_EVIDENCE_FOR_SELECTION
XO.WD53..HH.2018.07.30.12.27.58,P,main,ABSTAIN,INSUFFICIENT_EVIDENCE_FOR_SELECTION,3,True,True,0.685,0.922,INSUFFICIENT_EVIDENCE_FOR_SELECTION
XO.WS71..HH.2018.07.30.12.28.04,S,main,ROUTE,AUTO_ROUTE,3,False,False,0.409,0.837,ONLY_SURVIVOR_PhaseNet
XO.LT01..HH.2018.07.31.12.25.28,P,holdout,FUSE,AUTO_FUSE,2,False,False,0.794,0.846,FUSE_CONSENSUS_CLUSTER
XO.LD38..HH.2018.07.31.12.25.39,S,main,ABSTAIN,INSUFFICIENT_EVIDENCE_FOR_SELECTION,3,True,True,0.838,0.938,INSUFFICIENT_EVIDENCE_FOR_SELECTION
XO.WD57..HH.2018.07.31.12.25.44,P,main,ABSTAIN,INSUFFICIENT_EVIDENCE_FOR_SELECTION,3,True,True,0.785,0.921,INSUFFICIENT_EVIDENCE_FOR_SELECTION
XO.WD46..HH.2018.07.31.12.44.00,P,main,ABSTAIN,NO_PREDICTIONS,0,False,False,,,
XO.WS72..HH.2018.07.31.12.44.12,P,main,ABSTAIN,INSUFFICIENT_EVIDENCE_FOR_SELECTION,3,True,True,0.845,0.953,INSUFFICIENT_EVIDENCE_FOR_SELECTION
XO.WS72..HH.2018.07.31.12.44.12,S,main,ABSTAIN,INSUFFICIENT_EVIDENCE_FOR_SELECTION,3,True,False,0.845,0.953,INSUFFICIENT_EVIDENCE_FOR_SELECTION
XO.LA39..HH.2018.07.31.06.49.44,P,main,ABSTAIN,CONSENSUS_WITHOUT_ADMISSIBLE_FUSION,4,True,True,0.699,0.955,MODEL_CONSENSUS|FUSION_CALIBRATED_CONFIDENCE_BELOW_FLOOR|FUSION_NOT_ALLOWED|CONSENSUS_WITHOUT_ADMISSIBLE_FUSION
XO.LA39..HH.2018.07.31.06.49.44,S,main,FUSE,AUTO_FUSE,3,True,True,0.851,0.955,FUSE_CONSENSUS_CLUSTER
XO.WD57..HH.2018.07.31.06.59.56,P,main,ABSTAIN,INSUFFICIENT_EVIDENCE_FOR_SELECTION,3,True,True,0.708,0.887,INSUFFICIENT_EVIDENCE_FOR_SELECTION
XO.WD57..HH.2018.07.31.06.59.56,S,main,ABSTAIN,INSUFFICIENT_EVIDENCE_FOR_SELECTION,3,True,False,0.708,0.887,INSUFFICIENT_EVIDENCE_FOR_SELECTION
XO.WD70..HH.2018.07.31.06.59.30,P,holdout,ABSTAIN,INSUFFICIENT_EVIDENCE_FOR_SELECTION,3,True,True,0.824,0.924,INSUFFICIENT_EVIDENCE_FOR_SELECTION
XO.WD70..HH.2018.07.31.06.59.30,S,holdout,ABSTAIN,INSUFFICIENT_EVIDENCE_FOR_SELECTION,3,True,False,0.824,0.924,INSUFFICIENT_EVIDENCE_FOR_SELECTION
XO.WD48..HH.2018.07.31.06.59.34,P,main,ABSTAIN,CONSENSUS_WITHOUT_ADMISSIBLE_FUSION,4,True,True,0.612,0.931,MODEL_CONSENSUS|FUSION_CALIBRATED_CONFIDENCE_BELOW_FLOOR|FUSION_NOT_ALLOWED|CONSENSUS_WITHOUT_ADMISSIBLE_FUSION
XO.WD48..HH.2018.07.31.06.59.34,S,main,ABSTAIN,INSUFFICIENT_EVIDENCE_FOR_SELECTION,3,True,True,0.76,0.931,INSUFFICIENT_EVIDENCE_FOR_SELECTION
XO.WD49..HH.2018.07.31.06.59.43,P,main,ABSTAIN,INSUFFICIENT_EVIDENCE_FOR_SELECTION,3,True,False,0.784,0.945,INSUFFICIENT_EVIDENCE_FOR_SELECTION
XO.LA39..HH.2018.07.31.07.01.07,S,holdout,ABSTAIN,CONSENSUS_WITHOUT_ADMISSIBLE_FUSION,3,True,True,0.689,0.837,MODEL_CONSENSUS|FUSION_CALIBRATED_CONFIDENCE_BELOW_FLOOR|FUSION_NOT_ALLOWED|CONSENSUS_WITHOUT_ADMISSIBLE_FUSION
XO.WS71..HH.2018.07.31.07.01.27,S,main,ABSTAIN,INSUFFICIENT_EVIDENCE_FOR_SELECTION,3,True,True,0.478,0.813,INSUFFICIENT_EVIDENCE_FOR_SELECTION
XO.WD70..HH.2018.07.31.07.03.13,S,main,ABSTAIN,INSUFFICIENT_EVIDENCE_FOR_SELECTION,3,True,False,0.398,0.694,INSUFFICIENT_EVIDENCE_FOR_SELECTION
XO.WD49..HH.2018.07.31.09.40.21,P,main,ABSTAIN,INSUFFICIENT_EVIDENCE_FOR_SELECTION,3,True,False,0.792,0.943,INSUFFICIENT_EVIDENCE_FOR_SELECTION
XO.WD46..HH.2018.07.31.09.59.37,P,main,ABSTAIN,INSUFFICIENT_EVIDENCE_FOR_SELECTION,0,False,False,,,INSUFFICIENT_EVIDENCE_FOR_SELECTION
XO.WD48..HH.2018.07.31.09.59.54,P,main,ABSTAIN,INSUFFICIENT_EVIDENCE_FOR_SELECTION,3,True,False,0.847,0.9,INSUFFICIENT_EVIDENCE_FOR_SELECTION
XO.WD48..HH.2018.07.31.09.59.54,S,main,ABSTAIN,INSUFFICIENT_EVIDENCE_FOR_SELECTION,3,True,False,0.847,0.9,INSUFFICIENT_EVIDENCE_FOR_SELECTION
XO.WD57..HH.2018.07.31.10.03.11,P,main,ABSTAIN,INSUFFICIENT_EVIDENCE_FOR_SELECTION,3,True,True,0.695,0.873,INSUFFICIENT_EVIDENCE_FOR_SELECTION
XO.LA39..HH.2018.07.31.11.43.28,S,main,FUSE,AUTO_FUSE,3,True,True,0.853,0.9,FUSE_CONSENSUS_CLUSTER
XO.WD51..HH.2018.07.31.11.50.35,P,main,ABSTAIN,INSUFFICIENT_EVIDENCE_FOR_SELECTION,3,True,True,0.812,0.928,INSUFFICIENT_EVIDENCE_FOR_SELECTION
XO.WD51..HH.2018.07.31.11.50.35,S,main,ABSTAIN,INSUFFICIENT_EVIDENCE_FOR_SELECTION,3,True,False,0.812,0.928,INSUFFICIENT_EVIDENCE_FOR_SELECTION
XO.WS72..HH.2018.07.31.12.34.17,S,holdout,ABSTAIN,INSUFFICIENT_EVIDENCE_FOR_SELECTION,3,True,False,0.726,0.767,INSUFFICIENT_EVIDENCE_FOR_SELECTION
XO.WS71..HH.2018.07.31.12.34.35,S,main,ABSTAIN,INSUFFICIENT_EVIDENCE_FOR_SELECTION,3,True,False,0.704,0.838,INSUFFICIENT_EVIDENCE_FOR_SELECTION
XO.WD48..HH.2018.07.31.13.23.26,P,main,ABSTAIN,CONSENSUS_WITHOUT_ADMISSIBLE_FUSION,4,True,True,0.581,0.952,MODEL_CONSENSUS|FUSION_CALIBRATED_CONFIDENCE_BELOW_FLOOR|FUSION_NOT_ALLOWED|CONSENSUS_WITHOUT_ADMISSIBLE_FUSION
XO.WD48..HH.2018.07.31.13.23.26,S,main,ABSTAIN,INSUFFICIENT_EVIDENCE_FOR_SELECTION,3,True,False,0.85,0.952,INSUFFICIENT_EVIDENCE_FOR_SELECTION
XO.LD41..HH.2018.07.31.13.24.04,S,main,ABSTAIN,INSUFFICIENT_EVIDENCE_FOR_SELECTION,3,True,True,0.728,0.832,INSUFFICIENT_EVIDENCE_FOR_SELECTION
XO.WS72..HH.2018.07.31.13.48.03,S,main,ABSTAIN,INSUFFICIENT_EVIDENCE_FOR_SELECTION,3,True,False,0.771,0.91,INSUFFICIENT_EVIDENCE_FOR_SELECTION
XO.LA39..HH.2018.07.31.13.47.46,P,main,FUSE,AUTO_FUSE,3,True,True,0.851,0.949,FUSE_CONSENSUS_CLUSTER
XO.LA39..HH.2018.07.31.13.47.46,S,main,FUSE,AUTO_FUSE,3,True,True,0.851,0.949,FUSE_CONSENSUS_CLUSTER
XO.LT07..HH.2018.07.31.14.34.07,P,main,FUSE,AUTO_FUSE,3,True,True,0.863,0.955,FUSE_CONSENSUS_CLUSTER
XO.LT07..HH.2018.07.31.14.34.07,S,main,FUSE,AUTO_FUSE,3,True,True,0.863,0.955,FUSE_CONSENSUS_CLUSTER
XO.LT12..HH.2018.07.31.14.34.22,P,main,FUSE,AUTO_FUSE,3,True,True,0.86,0.947,FUSE_CONSENSUS_CLUSTER
XO.LT12..HH.2018.07.31.14.34.22,S,main,FUSE,AUTO_FUSE,3,True,True,0.86,0.947,FUSE_CONSENSUS_CLUSTER
XO.WD57..HH.2018.07.31.14.34.27,P,holdout,ABSTAIN,INSUFFICIENT_EVIDENCE_FOR_SELECTION,3,True,True,0.856,0.956,INSUFFICIENT_EVIDENCE_FOR_SELECTION
XO.WD57..HH.2018.07.31.14.34.27,S,holdout,ABSTAIN,INSUFFICIENT_EVIDENCE_FOR_SELECTION,3,True,False,0.856,0.956,INSUFFICIENT_EVIDENCE_FOR_SELECTION
XO.WS72..HH.2018.07.31.14.34.33,P,main,ABSTAIN,INSUFFICIENT_EVIDENCE_FOR_SELECTION,3,True,True,0.835,0.953,INSUFFICIENT_EVIDENCE_FOR_SELECTION
XO.WS72..HH.2018.07.31.14.34.33,S,main,ABSTAIN,INSUFFICIENT_EVIDENCE_FOR_SELECTION,3,True,True,0.835,0.953,INSUFFICIENT_EVIDENCE_FOR_SELECTION
XO.LA33..HH.2018.07.31.14.34.33,P,main,ABSTAIN,CONSENSUS_WITHOUT_ADMISSIBLE_FUSION,4,True,True,0.622,0.942,MODEL_CONSENSUS|FUSION_CALIBRATED_CONFIDENCE_BELOW_FLOOR|FUSION_NOT_ALLOWED|CONSENSUS_WITHOUT_ADMISSIBLE_FUSION
XO.LA39..HH.2018.07.31.14.32.05,P,main,FUSE,AUTO_FUSE,3,True,True,0.723,0.893,FUSE_CONSENSUS_CLUSTER
XO.LA39..HH.2018.07.31.14.32.05,S,main,FUSE,AUTO_FUSE,3,True,True,0.723,0.893,FUSE_CONSENSUS_CLUSTER
XO.WD51..HH.2018.07.31.17.09.43,P,main,ABSTAIN,INSUFFICIENT_EVIDENCE_FOR_SELECTION,3,True,True,0.851,0.95,INSUFFICIENT_EVIDENCE_FOR_SELECTION
XO.WD51..HH.2018.07.31.17.09.43,S,main,ABSTAIN,INSUFFICIENT_EVIDENCE_FOR_SELECTION,3,True,True,0.851,0.95,INSUFFICIENT_EVIDENCE_FOR_SELECTION
XO.WD70..HH.2018.07.31.17.09.31,P,main,ABSTAIN,INSUFFICIENT_EVIDENCE_FOR_SELECTION,3,True,True,0.824,0.931,INSUFFICIENT_EVIDENCE_FOR_SELECTION
XO.WD70..HH.2018.07.31.17.09.31,S,main,ABSTAIN,INSUFFICIENT_EVIDENCE_FOR_SELECTION,3,True,False,0.824,0.931,INSUFFICIENT_EVIDENCE_FOR_SELECTION
XO.WD49..HH.2018.07.31.17.09.48,P,main,ABSTAIN,INSUFFICIENT_EVIDENCE_FOR_SELECTION,3,True,True,0.802,0.846,INSUFFICIENT_EVIDENCE_FOR_SELECTION
XO.WD48..HH.2018.07.31.23.43.46,S,main,ABSTAIN,INSUFFICIENT_EVIDENCE_FOR_SELECTION,3,True,True,0.69,0.889,INSUFFICIENT_EVIDENCE_FOR_SELECTION
XO.LD40..HH.2018.07.01.15.44.41,P,holdout,ABSTAIN,INSUFFICIENT_EVIDENCE_FOR_SELECTION,3,False,False,0.762,0.869,INSUFFICIENT_EVIDENCE_FOR_SELECTION
XO.LD40..HH.2018.07.01.15.44.41,S,holdout,ABSTAIN,INSUFFICIENT_EVIDENCE_FOR_SELECTION,3,True,False,0.762,0.869,INSUFFICIENT_EVIDENCE_FOR_SELECTION
XO.LA39..HH.2018.07.01.15.44.48,S,main,FUSE,AUTO_FUSE,3,True,True,0.805,0.835,FUSE_CONSENSUS_CLUSTER
XO.LA39..HH.2018.07.02.10.27.32,P,main,ABSTAIN,NO_DECISIVE_EVIDENCE_BETWEEN_MODELS,3,True,False,0.786,0.888,NO_DECISIVE_EVIDENCE_BETWEEN_MODELS
XO.LA39..HH.2018.07.02.10.27.32,S,main,FUSE,AUTO_FUSE,3,True,True,0.786,0.888,FUSE_CONSENSUS_CLUSTER
XO.LD45..HH.2018.07.07.12.17.44,P,main,ABSTAIN,INSUFFICIENT_EVIDENCE_FOR_SELECTION,3,True,True,0.862,0.956,INSUFFICIENT_EVIDENCE_FOR_SELECTION
XO.LD45..HH.2018.07.07.12.17.44,S,main,ABSTAIN,INSUFFICIENT_EVIDENCE_FOR_SELECTION,3,True,True,0.862,0.956,INSUFFICIENT_EVIDENCE_FOR_SELECTION
XO.LT16..HH.2018.07.07.12.17.52,P,main,FUSE,AUTO_FUSE,3,True,True,0.834,0.952,FUSE_CONSENSUS_CLUSTER
XO.LA34..HH.2018.07.07.12.17.52,P,main,ABSTAIN,CONSENSUS_WITHOUT_ADMISSIBLE_FUSION,4,True,True,0.684,0.955,MODEL_CONSENSUS|FUSION_CALIBRATED_CONFIDENCE_BELOW_FLOOR|FUSION_NOT_ALLOWED|CONSENSUS_WITHOUT_ADMISSIBLE_FUSION
XO.LA34..HH.2018.07.07.12.17.52,S,main,FUSE,AUTO_FUSE,3,True,True,0.865,0.955,FUSE_CONSENSUS_CLUSTER
XO.LA33..HH.2018.07.07.12.17.55,P,main,ABSTAIN,CONSENSUS_WITHOUT_ADMISSIBLE_FUSION,4,True,True,0.645,0.955,MODEL_CONSENSUS|FUSION_CALIBRATED_CONFIDENCE_BELOW_FLOOR|FUSION_NOT_ALLOWED|CONSENSUS_WITHOUT_ADMISSIBLE_FUSION
XO.LA28..HH.2018.07.07.12.18.05,P,main,FUSE,AUTO_FUSE,3,True,True,0.851,0.946,FUSE_CONSENSUS_CLUSTER
XO.LA39..HH.2018.07.12.06.51.24,P,main,FUSE,AUTO_FUSE,3,True,True,0.814,0.924,FUSE_CONSENSUS_CLUSTER
XO.LA39..HH.2018.07.12.06.51.24,S,main,FUSE,AUTO_FUSE,3,True,True,0.814,0.924,FUSE_CONSENSUS_CLUSTER
XO.LT01..HH.2018.07.12.06.51.58,S,holdout,FUSE,AUTO_FUSE,3,True,False,0.776,0.824,FUSE_CONSENSUS_CLUSTER
XO.LD40..HH.2018.07.13.11.58.35,S,main,ABSTAIN,INSUFFICIENT_EVIDENCE_FOR_SELECTION,3,True,True,0.809,0.924,INSUFFICIENT_EVIDENCE_FOR_SELECTION
XO.LT01..HH.2018.07.15.22.56.46,S,main,ABSTAIN,CONSENSUS_WITHOUT_ADMISSIBLE_FUSION,3,False,False,0.669,0.851,MODEL_CONSENSUS|MODEL_OUTLIER_DETECTED|FUSION_CALIBRATED_CONFIDENCE_BELOW_FLOOR|FUSION_NOT_ALLOWED|CONSENSUS_WITHOUT_ADMISSIBLE_FUSION
XO.LA39..HH.2018.07.21.22.22.28,S,main,FUSE,AUTO_FUSE,3,True,True,0.845,0.923,FUSE_CONSENSUS_CLUSTER
XO.WS72..HH.2018.07.25.11.33.25,P,holdout,ABSTAIN,INSUFFICIENT_EVIDENCE_FOR_SELECTION,3,True,True,0.848,0.952,INSUFFICIENT_EVIDENCE_FOR_SELECTION
XO.WS72..HH.2018.07.25.11.33.25,S,holdout,ABSTAIN,INSUFFICIENT_EVIDENCE_FOR_SELECTION,3,True,True,0.848,0.952,INSUFFICIENT_EVIDENCE_FOR_SELECTION
XO.WD48..HH.2018.07.25.11.33.25,P,main,ABSTAIN,INSUFFICIENT_EVIDENCE_FOR_SELECTION,3,True,True,0.837,0.95,INSUFFICIENT_EVIDENCE_FOR_SELECTION
XO.WD48..HH.2018.07.25.11.33.25,S,main,ABSTAIN,INSUFFICIENT_EVIDENCE_FOR_SELECTION,3,True,False,0.837,0.95,INSUFFICIENT_EVIDENCE_FOR_SELECTION
XO.WD51..HH.2018.07.25.11.33.33,P,main,ABSTAIN,INSUFFICIENT_EVIDENCE_FOR_SELECTION,3,True,True,0.859,0.954,INSUFFICIENT_EVIDENCE_FOR_SELECTION
XO.WD51..HH.2018.07.25.11.33.33,S,main,ABSTAIN,INSUFFICIENT_EVIDENCE_FOR_SELECTION,3,True,True,0.859,0.954,INSUFFICIENT_EVIDENCE_FOR_SELECTION
XO.WD49..HH.2018.07.25.11.33.38,P,holdout,ABSTAIN,INSUFFICIENT_EVIDENCE_FOR_SELECTION,3,True,False,0.824,0.932,INSUFFICIENT_EVIDENCE_FOR_SELECTION
XO.LD38..HH.2018.07.25.11.33.48,S,main,ABSTAIN,INSUFFICIENT_EVIDENCE_FOR_SELECTION,3,True,True,0.813,0.86,INSUFFICIENT_EVIDENCE_FOR_SELECTION
XO.LT01..HH.2018.07.25.11.33.54,S,main,FUSE,AUTO_FUSE,3,True,True,0.803,0.838,FUSE_CONSENSUS_CLUSTER
XO.LA33..HH.2018.07.26.07.31.37,P,holdout,FUSE,AUTO_FUSE,3,True,True,0.862,0.926,FUSE_CONSENSUS_CLUSTER
XO.LA33..HH.2018.07.26.07.31.37,S,holdout,FUSE,AUTO_FUSE,3,True,True,0.862,0.926,FUSE_CONSENSUS_CLUSTER
XO.LT13..HH.2018.07.26.07.31.29,P,main,FUSE,AUTO_FUSE,3,True,True,0.862,0.956,FUSE_CONSENSUS_CLUSTER
XO.LT13..HH.2018.07.26.07.31.29,S,main,FUSE,AUTO_FUSE,3,True,False,0.862,0.956,FUSE_CONSENSUS_CLUSTER
XO.WS74..HH.2018.07.26.07.31.39,P,main,ABSTAIN,INSUFFICIENT_EVIDENCE_FOR_SELECTION,3,True,True,0.846,0.93,INSUFFICIENT_EVIDENCE_FOR_SELECTION
XO.LT04..HH.2018.07.01.20.57.50,P,main,ABSTAIN,NO_DECISIVE_EVIDENCE_BETWEEN_MODELS,2,True,False,0.638,0.781,NO_DECISIVE_EVIDENCE_BETWEEN_MODELS
XO.LD40..HH.2018.07.01.21.11.45,S,main,ABSTAIN,INSUFFICIENT_EVIDENCE_FOR_SELECTION,3,False,False,0.681,0.854,INSUFFICIENT_EVIDENCE_FOR_SELECTION
XO.LA21..HH.2018.07.02.10.35.26,P,main,FUSE,AUTO_FUSE,3,False,False,0.849,0.913,FUSE_CONSENSUS_CLUSTER
XO.LA21..HH.2018.07.02.10.35.26,S,main,ABSTAIN,NO_DECISIVE_EVIDENCE_BETWEEN_MODELS,3,True,False,0.849,0.913,NO_DECISIVE_EVIDENCE_BETWEEN_MODELS
XO.LA26..HH.2018.07.02.10.35.32,P,main,FUSE,AUTO_FUSE,3,True,True,0.778,0.901,FUSE_CONSENSUS_CLUSTER
XO.LT07..HH.2018.07.02.10.35.41,P,main,ABSTAIN,INSUFFICIENT_EVIDENCE_FOR_SELECTION,1,False,False,0.861,0.861,INSUFFICIENT_EVIDENCE_FOR_SELECTION
XO.LT13..HH.2018.07.03.07.10.15,P,main,ABSTAIN,CONSENSUS_WITHOUT_ADMISSIBLE_FUSION,3,False,False,0.688,0.851,MODEL_CONSENSUS|MODEL_OUTLIER_DETECTED|FUSION_CALIBRATED_CONFIDENCE_BELOW_FLOOR|FUSION_NOT_ALLOWED|CONSENSUS_WITHOUT_ADMISSIBLE_FUSION
XO.LT01..HH.2018.07.04.17.33.43,S,main,FUSE,AUTO_FUSE,3,True,False,0.592,0.873,FUSE_CONSENSUS_CLUSTER
XO.LT07..HH.2018.07.05.00.42.23,P,holdout,FUSE,AUTO_FUSE,3,False,False,0.728,0.819,FUSE_CONSENSUS_CLUSTER
XO.LA39..HH.2018.07.05.00.42.49,S,main,ABSTAIN,NO_DECISIVE_EVIDENCE_BETWEEN_MODELS,3,True,False,0.576,0.892,NO_DECISIVE_EVIDENCE_BETWEEN_MODELS
XO.LA29..HH.2018.07.05.19.54.01,S,holdout,FUSE,AUTO_FUSE,3,False,False,0.734,0.765,FUSE_CONSENSUS_CLUSTER
XO.LT10..HH.2018.07.06.20.10.30,P,main,FUSE,AUTO_FUSE,3,True,True,0.866,0.951,FUSE_CONSENSUS_CLUSTER
XO.LT10..HH.2018.07.06.20.10.30,S,main,FUSE,AUTO_FUSE,3,True,True,0.866,0.951,FUSE_CONSENSUS_CLUSTER
XO.LT06..HH.2018.07.06.20.10.34,S,main,ABSTAIN,CONSENSUS_WITHOUT_ADMISSIBLE_FUSION,3,True,True,0.68,0.945,MODEL_CONSENSUS|FUSION_CALIBRATED_CONFIDENCE_BELOW_FLOOR|FUSION_NOT_ALLOWED|CONSENSUS_WITHOUT_ADMISSIBLE_FUSION
XO.LT04..HH.2018.07.07.07.33.12,P,main,FUSE,AUTO_FUSE,3,True,False,0.858,0.899,FUSE_CONSENSUS_CLUSTER
XO.LT04..HH.2018.07.07.07.33.12,S,main,FUSE,AUTO_FUSE,3,True,True,0.858,0.899,FUSE_CONSENSUS_CLUSTER
XO.LD45..HH.2018.07.10.18.47.50,P,main,ABSTAIN,INSUFFICIENT_EVIDENCE_FOR_SELECTION,3,True,True,0.834,0.916,INSUFFICIENT_EVIDENCE_FOR_SELECTION
XO.LA33..HH.2018.07.10.18.48.03,P,holdout,FUSE,AUTO_FUSE,3,True,False,0.81,0.893,FUSE_CONSENSUS_CLUSTER
XO.LT16..HH.2018.07.11.19.47.18,P,holdout,FUSE,AUTO_FUSE,3,True,True,0.847,0.925,FUSE_CONSENSUS_CLUSTER
XO.LT20..HH.2018.07.11.07.07.38,S,main,ABSTAIN,INSUFFICIENT_EVIDENCE_FOR_SELECTION,3,True,True,0.775,0.892,INSUFFICIENT_EVIDENCE_FOR_SELECTION
XO.LT12..HH.2018.07.11.07.07.41,S,main,FUSE,AUTO_FUSE,3,True,True,0.856,0.916,FUSE_CONSENSUS_CLUSTER
XO.LD45..HH.2018.07.11.07.07.50,S,main,ABSTAIN,INSUFFICIENT_EVIDENCE_FOR_SELECTION,3,True,True,0.844,0.916,INSUFFICIENT_EVIDENCE_FOR_SELECTION
XO.LA32..HH.2018.07.11.07.07.52,S,main,FUSE,AUTO_FUSE,3,True,True,0.817,0.897,FUSE_CONSENSUS_CLUSTER
XO.LT16..HH.2018.07.12.04.09.09,P,main,FUSE,AUTO_FUSE,3,True,True,0.838,0.926,FUSE_CONSENSUS_CLUSTER
XO.LT16..HH.2018.07.12.04.09.09,S,main,FUSE,AUTO_FUSE,3,True,True,0.838,0.926,FUSE_CONSENSUS_CLUSTER
XO.LD40..HH.2018.07.15.02.04.38,S,main,ROUTE,AUTO_ROUTE,3,True,True,0.733,0.825,ONLY_SURVIVOR_PhaseNet
XO.LA39..HH.2018.07.20.18.44.31,P,main,FUSE,AUTO_FUSE,3,True,True,0.855,0.952,FUSE_CONSENSUS_CLUSTER
XO.LA39..HH.2018.07.20.18.44.31,S,main,FUSE,AUTO_FUSE,3,True,False,0.855,0.952,FUSE_CONSENSUS_CLUSTER
XO.WD46..HH.2018.07.14.19.25.48,P,main,ABSTAIN,INSUFFICIENT_EVIDENCE_FOR_SELECTION,0,False,False,,,INSUFFICIENT_EVIDENCE_FOR_SELECTION
XO.LA39..HH.2018.07.18.02.49.23,P,main,FUSE,AUTO_FUSE,3,True,False,0.761,0.904,FUSE_CONSENSUS_CLUSTER
XO.LA39..HH.2018.07.18.02.49.23,S,main,FUSE,AUTO_FUSE,3,True,True,0.761,0.904,FUSE_CONSENSUS_CLUSTER
XO.LT13..HH.2018.07.18.13.01.43,P,main,FUSE,AUTO_FUSE,2,True,True,0.725,0.894,FUSE_CONSENSUS_CLUSTER
XO.LT13..HH.2018.07.21.00.02.15,P,holdout,FUSE,AUTO_FUSE,3,True,True,0.803,0.933,FUSE_CONSENSUS_CLUSTER
XO.LT13..HH.2018.07.21.00.02.15,S,holdout,FUSE,AUTO_FUSE,3,True,False,0.803,0.933,FUSE_CONSENSUS_CLUSTER
XO.WD69..HH.2018.07.21.15.15.02,P,main,ABSTAIN,INSUFFICIENT_EVIDENCE_FOR_SELECTION,3,True,True,0.859,0.949,INSUFFICIENT_EVIDENCE_FOR_SELECTION
XO.WD69..HH.2018.07.21.15.15.02,S,main,ABSTAIN,INSUFFICIENT_EVIDENCE_FOR_SELECTION,3,True,True,0.859,0.949,INSUFFICIENT_EVIDENCE_FOR_SELECTION
XO.LT17..HH.2018.07.21.15.15.02,P,main,FUSE,AUTO_FUSE,2,True,True,0.85,0.888,FUSE_CONSENSUS_CLUSTER
XO.WS75..HH.2018.07.21.15.15.13,S,main,ABSTAIN,INSUFFICIENT_EVIDENCE_FOR_SELECTION,3,True,True,0.676,0.874,INSUFFICIENT_EVIDENCE_FOR_SELECTION
XO.WS75..HH.2018.07.22.02.53.35,P,main,ABSTAIN,INSUFFICIENT_EVIDENCE_FOR_SELECTION,3,True,True,0.859,0.892,INSUFFICIENT_EVIDENCE_FOR_SELECTION
XO.LT01..HH.2018.07.22.22.51.51,S,main,FUSE,AUTO_FUSE,3,True,True,0.81,0.875,FUSE_CONSENSUS_CLUSTER
XO.LA39..HH.2018.07.22.22.51.22,P,main,FUSE,AUTO_FUSE,3,True,True,0.86,0.953,FUSE_CONSENSUS_CLUSTER
XO.LA39..HH.2018.07.22.22.51.22,S,main,FUSE,AUTO_FUSE,3,True,True,0.86,0.953,FUSE_CONSENSUS_CLUSTER
XO.WD67..HH.2018.07.24.19.14.03,P,main,ABSTAIN,INSUFFICIENT_EVIDENCE_FOR_SELECTION,3,True,True,0.857,0.951,INSUFFICIENT_EVIDENCE_FOR_SELECTION
XO.WD67..HH.2018.07.24.19.14.03,S,main,ABSTAIN,INSUFFICIENT_EVIDENCE_FOR_SELECTION,3,True,True,0.857,0.951,INSUFFICIENT_EVIDENCE_FOR_SELECTION
XO.WD53..HH.2018.07.25.00.59.51,P,main,ABSTAIN,INSUFFICIENT_EVIDENCE_FOR_SELECTION,3,True,True,0.844,0.947,INSUFFICIENT_EVIDENCE_FOR_SELECTION
XO.WD57..HH.2018.07.25.00.59.51,P,main,ABSTAIN,INSUFFICIENT_EVIDENCE_FOR_SELECTION,3,True,False,0.429,0.788,INSUFFICIENT_EVIDENCE_FOR_SELECTION
XO.LT15..HH.2018.07.25.03.30.53,P,main,FUSE,AUTO_FUSE,3,True,False,0.861,0.918,FUSE_CONSENSUS_CLUSTER
XO.LT15..HH.2018.07.25.03.30.53,S,main,FUSE,AUTO_FUSE,3,True,True,0.861,0.918,FUSE_CONSENSUS_CLUSTER
XO.LT14..HH.2018.07.25.03.31.03,P,main,ABSTAIN,NO_DECISIVE_EVIDENCE_BETWEEN_MODELS,2,True,False,0.732,0.79,NO_DECISIVE_EVIDENCE_BETWEEN_MODELS
XO.WD54..HH.2018.07.25.08.22.55,P,main,ABSTAIN,NO_PREDICTIONS,0,False,False,,,
XO.LD44..HH.2018.07.25.17.26.25,P,holdout,ABSTAIN,INSUFFICIENT_EVIDENCE_FOR_SELECTION,3,True,True,0.862,0.951,INSUFFICIENT_EVIDENCE_FOR_SELECTION
XO.LD44..HH.2018.07.25.17.26.25,S,holdout,ABSTAIN,INSUFFICIENT_EVIDENCE_FOR_SELECTION,3,True,True,0.862,0.951,INSUFFICIENT_EVIDENCE_FOR_SELECTION
XO.WD69..HH.2018.07.25.22.03.55,P,holdout,ABSTAIN,INSUFFICIENT_EVIDENCE_FOR_SELECTION,3,True,True,0.845,0.944,INSUFFICIENT_EVIDENCE_FOR_SELECTION
XO.WD69..HH.2018.07.25.22.03.55,S,holdout,ABSTAIN,INSUFFICIENT_EVIDENCE_FOR_SELECTION,2,True,True,0.845,0.944,INSUFFICIENT_EVIDENCE_FOR_SELECTION
XO.WS74..HH.2018.07.25.22.03.59,P,main,ABSTAIN,INSUFFICIENT_EVIDENCE_FOR_SELECTION,3,False,False,0.692,0.839,INSUFFICIENT_EVIDENCE_FOR_SELECTION
XO.WD68..HH.2018.07.25.22.04.06,P,main,ABSTAIN,INSUFFICIENT_EVIDENCE_FOR_SELECTION,3,True,True,0.824,0.862,INSUFFICIENT_EVIDENCE_FOR_SELECTION
XO.WD68..HH.2018.07.25.22.04.06,S,main,ABSTAIN,INSUFFICIENT_EVIDENCE_FOR_SELECTION,3,True,False,0.824,0.862,INSUFFICIENT_EVIDENCE_FOR_SELECTION
XO.LA33..HH.2018.07.25.22.04.29,S,main,FUSE,AUTO_FUSE,3,True,True,0.81,0.862,FUSE_CONSENSUS_CLUSTER
XO.LD36..HH.2018.07.25.06.12.34,P,main,ABSTAIN,INSUFFICIENT_EVIDENCE_FOR_SELECTION,3,True,True,0.855,0.908,INSUFFICIENT_EVIDENCE_FOR_SELECTION
XO.LD36..HH.2018.07.25.06.12.34,S,main,ABSTAIN,INSUFFICIENT_EVIDENCE_FOR_SELECTION,3,True,True,0.855,0.908,INSUFFICIENT_EVIDENCE_FOR_SELECTION
XO.LA28..HH.2018.07.25.06.12.35,P,holdout,FUSE,AUTO_FUSE,3,True,True,0.832,0.951,FUSE_CONSENSUS_CLUSTER
XO.WD56..HH.2018.07.25.06.12.38,P,main,ABSTAIN,INSUFFICIENT_EVIDENCE_FOR_SELECTION,3,True,True,0.835,0.947,INSUFFICIENT_EVIDENCE_FOR_SELECTION
XO.LA23..HH.2018.07.25.06.12.38,P,main,ABSTAIN,CONSENSUS_WITHOUT_ADMISSIBLE_FUSION,3,False,False,0.473,0.858,MODEL_CONSENSUS|MODEL_OUTLIER_DETECTED|FUSION_CALIBRATED_CONFIDENCE_BELOW_FLOOR|FUSION_NOT_ALLOWED|CONSENSUS_WITHOUT_ADMISSIBLE_FUSION
XO.LT16..HH.2018.07.25.06.13.01,S,main,ABSTAIN,NO_DECISIVE_EVIDENCE_BETWEEN_MODELS,3,False,False,0.798,0.883,NO_DECISIVE_EVIDENCE_BETWEEN_MODELS
XO.WD61..HH.2018.07.25.14.10.24,P,main,ABSTAIN,INSUFFICIENT_EVIDENCE_FOR_SELECTION,3,True,True,0.844,0.927,INSUFFICIENT_EVIDENCE_FOR_SELECTION
XO.LT01..HH.2018.07.26.13.34.31,S,main,FUSE,AUTO_FUSE,3,True,True,0.775,0.789,FUSE_CONSENSUS_CLUSTER
XO.LA39..HH.2018.07.26.17.39.25,P,main,FUSE,AUTO_FUSE,3,True,True,0.831,0.907,FUSE_CONSENSUS_CLUSTER
XO.LA39..HH.2018.07.26.17.39.25,S,main,FUSE,AUTO_FUSE,3,True,True,0.831,0.907,FUSE_CONSENSUS_CLUSTER
XO.LD40..HH.2018.07.26.17.39.51,S,main,ABSTAIN,INSUFFICIENT_EVIDENCE_FOR_SELECTION,3,True,True,0.801,0.897,INSUFFICIENT_EVIDENCE_FOR_SELECTION
XO.LA33..HH.2018.07.26.19.18.07,S,holdout,FUSE,AUTO_FUSE,3,True,True,0.842,0.923,FUSE_CONSENSUS_CLUSTER
XO.WD64..HH.2018.07.26.19.17.55,P,main,ABSTAIN,INSUFFICIENT_EVIDENCE_FOR_SELECTION,2,True,True,0.836,0.876,INSUFFICIENT_EVIDENCE_FOR_SELECTION
XO.WS74..HH.2018.07.26.19.18.04,S,main,ABSTAIN,INSUFFICIENT_EVIDENCE_FOR_SELECTION,3,True,True,0.833,0.879,INSUFFICIENT_EVIDENCE_FOR_SELECTION
XO.WD70..HH.2018.07.26.21.48.46,P,holdout,ABSTAIN,INSUFFICIENT_EVIDENCE_FOR_SELECTION,3,True,True,0.832,0.95,INSUFFICIENT_EVIDENCE_FOR_SELECTION
XO.WD70..HH.2018.07.26.21.48.46,S,holdout,ABSTAIN,INSUFFICIENT_EVIDENCE_FOR_SELECTION,3,True,False,0.832,0.95,INSUFFICIENT_EVIDENCE_FOR_SELECTION
XO.WS72..HH.2018.07.26.21.48.50,P,main,ABSTAIN,INSUFFICIENT_EVIDENCE_FOR_SELECTION,3,True,True,0.842,0.95,INSUFFICIENT_EVIDENCE_FOR_SELECTION
XO.WS72..HH.2018.07.26.21.48.50,S,main,ABSTAIN,INSUFFICIENT_EVIDENCE_FOR_SELECTION,3,True,False,0.842,0.95,INSUFFICIENT_EVIDENCE_FOR_SELECTION
XO.WD49..HH.2018.07.26.21.49.02,P,holdout,ABSTAIN,INSUFFICIENT_EVIDENCE_FOR_SELECTION,3,True,True,0.782,0.937,INSUFFICIENT_EVIDENCE_FOR_SELECTION
XO.WD49..HH.2018.07.26.21.49.02,S,holdout,ABSTAIN,INSUFFICIENT_EVIDENCE_FOR_SELECTION,3,True,False,0.782,0.937,INSUFFICIENT_EVIDENCE_FOR_SELECTION
XO.WS72..HH.2018.07.26.07.31.27,P,holdout,ABSTAIN,INSUFFICIENT_EVIDENCE_FOR_SELECTION,3,True,True,0.851,0.949,INSUFFICIENT_EVIDENCE_FOR_SELECTION
XO.WS72..HH.2018.07.26.07.31.27,S,holdout,ABSTAIN,INSUFFICIENT_EVIDENCE_FOR_SELECTION,3,False,False,0.851,0.949,INSUFFICIENT_EVIDENCE_FOR_SELECTION
XO.LD45..HH.2018.07.27.05.54.23,P,main,ABSTAIN,INSUFFICIENT_EVIDENCE_FOR_SELECTION,3,True,True,0.809,0.856,INSUFFICIENT_EVIDENCE_FOR_SELECTION
XO.WD69..HH.2018.07.27.17.19.03,P,main,ABSTAIN,INSUFFICIENT_EVIDENCE_FOR_SELECTION,3,True,False,0.71,0.843,INSUFFICIENT_EVIDENCE_FOR_SELECTION
XO.LD41..HH.2018.07.27.17.27.32,P,main,ABSTAIN,INSUFFICIENT_EVIDENCE_FOR_SELECTION,3,True,True,0.789,0.924,INSUFFICIENT_EVIDENCE_FOR_SELECTION
XO.LD41..HH.2018.07.27.17.27.32,S,main,ABSTAIN,INSUFFICIENT_EVIDENCE_FOR_SELECTION,3,True,True,0.789,0.924,INSUFFICIENT_EVIDENCE_FOR_SELECTION
XO.LD36..HH.2018.07.27.17.28.15,S,main,ABSTAIN,INSUFFICIENT_EVIDENCE_FOR_SELECTION,3,True,True,0.694,0.851,INSUFFICIENT_EVIDENCE_FOR_SELECTION
XO.LD38..HH.2018.07.27.21.41.18,P,holdout,ABSTAIN,INSUFFICIENT_EVIDENCE_FOR_SELECTION,3,True,False,0.768,0.944,INSUFFICIENT_EVIDENCE_FOR_SELECTION
XO.WS72..HH.2018.07.27.21.41.16,P,main,ABSTAIN,INSUFFICIENT_EVIDENCE_FOR_SELECTION,3,True,True,0.852,0.956,INSUFFICIENT_EVIDENCE_FOR_SELECTION
XO.WS72..HH.2018.07.27.21.41.16,S,main,ABSTAIN,INSUFFICIENT_EVIDENCE_FOR_SELECTION,3,True,True,0.852,0.956,INSUFFICIENT_EVIDENCE_FOR_SELECTION
XO.WD54..HH.2018.07.28.05.17.43,P,main,ABSTAIN,INSUFFICIENT_EVIDENCE_FOR_SELECTION,3,True,True,0.865,0.955,INSUFFICIENT_EVIDENCE_FOR_SELECTION
XO.WD54..HH.2018.07.28.05.17.43,S,main,ABSTAIN,INSUFFICIENT_EVIDENCE_FOR_SELECTION,3,True,True,0.865,0.955,INSUFFICIENT_EVIDENCE_FOR_SELECTION
XO.LD40..HH.2018.07.28.07.51.26,S,main,ABSTAIN,INSUFFICIENT_EVIDENCE_FOR_SELECTION,3,True,True,0.83,0.865,INSUFFICIENT_EVIDENCE_FOR_SELECTION
XO.WD50..HH.2018.07.28.15.41.40,P,main,ABSTAIN,INSUFFICIENT_EVIDENCE_FOR_SELECTION,3,False,False,0.798,0.923,INSUFFICIENT_EVIDENCE_FOR_SELECTION
XO.WD50..HH.2018.07.28.15.41.40,S,main,ABSTAIN,INSUFFICIENT_EVIDENCE_FOR_SELECTION,3,True,False,0.798,0.923,INSUFFICIENT_EVIDENCE_FOR_SELECTION
XO.WS72..HH.2018.07.29.05.06.35,P,main,ABSTAIN,NO_DECISIVE_EVIDENCE_BETWEEN_MODELS,4,True,False,0.593,0.951,NO_DECISIVE_EVIDENCE_BETWEEN_MODELS
XO.WS72..HH.2018.07.29.05.06.35,S,main,ABSTAIN,INSUFFICIENT_EVIDENCE_FOR_SELECTION,3,True,True,0.853,0.951,INSUFFICIENT_EVIDENCE_FOR_SELECTION
XO.WD54..HH.2018.07.29.05.06.27,P,main,ABSTAIN,INSUFFICIENT_EVIDENCE_FOR_SELECTION,3,True,True,0.852,0.938,INSUFFICIENT_EVIDENCE_FOR_SELECTION
XO.WD54..HH.2018.07.29.05.06.27,S,main,ABSTAIN,INSUFFICIENT_EVIDENCE_FOR_SELECTION,3,True,False,0.852,0.938,INSUFFICIENT_EVIDENCE_FOR_SELECTION
XO.LD38..HH.2018.07.29.06.15.18,P,main,ABSTAIN,INSUFFICIENT_EVIDENCE_FOR_SELECTION,3,True,True,0.846,0.948,INSUFFICIENT_EVIDENCE_FOR_SELECTION
XO.LD38..HH.2018.07.29.06.15.18,S,main,ABSTAIN,INSUFFICIENT_EVIDENCE_FOR_SELECTION,3,True,True,0.846,0.948,INSUFFICIENT_EVIDENCE_FOR_SELECTION
XO.LT14..HH.2018.07.29.08.44.57,P,holdout,FUSE,AUTO_FUSE,3,True,True,0.826,0.914,FUSE_CONSENSUS_CLUSTER
XO.LA32..HH.2018.07.29.08.44.57,P,main,FUSE,AUTO_FUSE,4,True,False,0.584,0.888,FUSE_CONSENSUS_CLUSTER
XO.LT16..HH.2018.07.29.08.44.57,P,main,FUSE,AUTO_FUSE,3,True,True,0.836,0.914,FUSE_CONSENSUS_CLUSTER
XO.LT15..HH.2018.07.29.08.44.59,S,main,FUSE,AUTO_FUSE,3,True,True,0.839,0.898,FUSE_CONSENSUS_CLUSTER
XO.LA29..HH.2018.07.29.08.45.00,P,main,ABSTAIN,NO_DECISIVE_EVIDENCE_BETWEEN_MODELS,2,True,True,0.724,0.852,NO_DECISIVE_EVIDENCE_BETWEEN_MODELS
XO.LA29..HH.2018.07.29.08.45.00,S,main,FUSE,AUTO_FUSE,3,True,True,0.724,0.852,FUSE_CONSENSUS_CLUSTER
XO.WD46..HH.2018.07.29.10.43.22,P,main,ABSTAIN,NO_PREDICTIONS,0,False,False,,,
XO.WD50..HH.2018.07.29.10.43.41,P,main,ABSTAIN,INSUFFICIENT_EVIDENCE_FOR_SELECTION,2,True,False,0.836,0.881,INSUFFICIENT_EVIDENCE_FOR_SELECTION
XO.WD50..HH.2018.07.29.10.43.41,S,main,ABSTAIN,INSUFFICIENT_EVIDENCE_FOR_SELECTION,3,True,True,0.836,0.912,INSUFFICIENT_EVIDENCE_FOR_SELECTION
XO.WD49..HH.2018.07.29.10.43.46,P,holdout,ABSTAIN,INSUFFICIENT_EVIDENCE_FOR_SELECTION,3,True,True,0.784,0.831,INSUFFICIENT_EVIDENCE_FOR_SELECTION
XO.WD49..HH.2018.07.29.10.43.46,S,holdout,ABSTAIN,INSUFFICIENT_EVIDENCE_FOR_SELECTION,3,True,False,0.784,0.831,INSUFFICIENT_EVIDENCE_FOR_SELECTION
XO.LT06..HH.2018.07.29.10.49.58,P,main,FUSE,AUTO_FUSE,3,True,True,0.86,0.95,FUSE_CONSENSUS_CLUSTER
XO.LT06..HH.2018.07.29.10.49.58,S,main,FUSE,AUTO_FUSE,3,True,True,0.86,0.95,FUSE_CONSENSUS_CLUSTER
XO.WD51..HH.2018.07.29.10.50.19,P,main,ABSTAIN,INSUFFICIENT_EVIDENCE_FOR_SELECTION,3,True,True,0.856,0.945,INSUFFICIENT_EVIDENCE_FOR_SELECTION
XO.LT17..HH.2018.07.29.14.28.17,P,main,FUSE,AUTO_FUSE,3,True,True,0.861,0.918,FUSE_CONSENSUS_CLUSTER
XO.LT17..HH.2018.07.29.14.28.17,S,main,FUSE,AUTO_FUSE,3,True,True,0.861,0.918,FUSE_CONSENSUS_CLUSTER
XO.LA39..HH.2018.07.31.05.39.22,P,main,FUSE,AUTO_FUSE,3,True,True,0.843,0.938,FUSE_CONSENSUS_CLUSTER
XO.LA39..HH.2018.07.31.05.39.22,S,main,FUSE,AUTO_FUSE,3,True,True,0.843,0.938,FUSE_CONSENSUS_CLUSTER
XO.WD50..HH.2018.07.31.05.39.24,P,main,ABSTAIN,INSUFFICIENT_EVIDENCE_FOR_SELECTION,3,True,False,0.787,0.905,INSUFFICIENT_EVIDENCE_FOR_SELECTION
XO.WD50..HH.2018.07.31.05.39.24,S,main,ABSTAIN,INSUFFICIENT_EVIDENCE_FOR_SELECTION,3,True,False,0.787,0.905,INSUFFICIENT_EVIDENCE_FOR_SELECTION
XO.LD40..HH.2018.07.31.16.56.54,S,holdout,ABSTAIN,INSUFFICIENT_EVIDENCE_FOR_SELECTION,3,True,True,0.697,0.865,INSUFFICIENT_EVIDENCE_FOR_SELECTION
XO.WD69..HH.2018.07.31.19.21.34,P,main,ABSTAIN,INSUFFICIENT_EVIDENCE_FOR_SELECTION,3,True,True,0.862,0.955,INSUFFICIENT_EVIDENCE_FOR_SELECTION
XO.WD69..HH.2018.07.31.19.21.34,S,main,ABSTAIN,INSUFFICIENT_EVIDENCE_FOR_SELECTION,3,True,True,0.862,0.955,INSUFFICIENT_EVIDENCE_FOR_SELECTION
XO.LD44..HH.2018.07.31.19.21.36,P,main,ABSTAIN,INSUFFICIENT_EVIDENCE_FOR_SELECTION,3,True,True,0.841,0.924,INSUFFICIENT_EVIDENCE_FOR_SELECTION
XO.LD44..HH.2018.07.31.19.21.36,S,main,ABSTAIN,INSUFFICIENT_EVIDENCE_FOR_SELECTION,3,True,True,0.841,0.924,INSUFFICIENT_EVIDENCE_FOR_SELECTION
XO.LT01..HH.2018.07.31.23.15.16,S,main,FUSE,AUTO_FUSE,3,True,False,0.624,0.831,FUSE_CONSENSUS_CLUSTER
XO.LA39..HH.2018.07.31.13.47.53,P,holdout,FUSE,AUTO_FUSE,3,False,False,0.854,0.953,FUSE_CONSENSUS_CLUSTER
